OBJECTID,ACCIDENTNUM,ACCIDENTDATE,LOCATION,ACCIDENT_LOCATION,IMPACT_LOCATION,ENVIRONMENT_CONDITION,LIGHT,COLLISION_TYPE,TRAFFICCOLLISIONSID
380,12-107280,20120509,FRANKLIN ST S @ KINGSWAY DR,03-At intersection,01-Within intersection,01-Clear,01-Daylight,INTERSECTION,
381,12-122248,20120525,FRANKLIN ST S @ KINGSWAY DR,03-At intersection,01-Within intersection,01-Clear,01-Daylight,INTERSECTION,
382,12-103290,20120503,BORDEN AVE N @ KING ST E / BORDEN AVE S,02-Intersection related,03-Left turn lane,01-Clear,01-Daylight,INTERSECTION,
383,12-106594,20120508,STIRLING AVE S @ MILL ST,03-At intersection,01-Within intersection,01-Clear,01-Daylight,INTERSECTION,
384,12-241983,20121012,UPPER CANADA DR @ DOON VILLAGE RD,01-Non intersection,02-Thru lane,01-Clear,01-Daylight,INTERSECTION,
385,12-220779,20120918,KING ST W @ GAUKEL ST,03-At intersection,99-Other,02-Rain,07-Dark,INTERSECTION,
386,12-257648,20121031,HOMER WATSON BLVD @ STIRLING AVE S,01-Non intersection,02-Thru lane,02-Rain,"08-Dark, artificial",INTERSECTION,
387,12-250389,20121022,HERITAGE DR @ LORRAINE AVE,02-Intersection related,04-Right turn lane,01-Clear,01-Daylight,INTERSECTION,
388,12-074903,20120331,QUEEN ST S @ JOSEPH ST,02-Intersection related,02-Thru lane,01-Clear,"02-Daylight, artificial",INTERSECTION,
389,12-295872,20121210,KING ST W @ YOUNG ST,01-Non intersection,09-Right shoulder,01-Clear,07-Dark,INTERSECTION,
390,12-283131,20121202,EBY ST S @ EBY ST N / KING ST E,04-At/near private drive,09-Right shoulder,01-Clear,07-Dark,INTERSECTION,
391,12-283932,20121204,QUEEN ST S @ JOSEPH ST,02-Intersection related,01-Within intersection,01-Clear,"08-Dark, artificial",INTERSECTION,
392,12-289624,20121212,RIVER RD E @ LORRAINE AVE,02-Intersection related,02-Thru lane,01-Clear,01-Daylight,INTERSECTION,
393,12-300145,20121228,QUEENS BLVD @ BELMONT AVE W / BELMONT AVE E,02-Intersection related,02-Thru lane,01-Clear,01-Daylight,INTERSECTION,
394,12-267498,20121112,CONESTOGA COLLEGE BLVD @ HOMER WATSON BLVD,04-At/near private drive,02-Thru lane,02-Rain,01-Daylight,INTERSECTION,
395,12-019768,20120125,MILL ST @ OTTAWA ST S,02-Intersection related,02-Thru lane,01-Clear,01-Daylight,INTERSECTION,
396,12-023060,20120129,GATEWAY PARK DR @ TU LANE ST,04-At/near private drive,11-Not on roadway - right side,01-Clear,01-Daylight,INTERSECTION,
397,12-286523,20121206,ERINBROOK DR @ RIDGEWAY CRES,04-At/near private drive,09-Right shoulder,01-Clear,07-Dark,INTERSECTION,
398,12-222210,20120919,PEBBLECREEK DR @ COUNTRY CLAIR ST,01-Non intersection,02-Thru lane,01-Clear,"08-Dark, artificial",INTERSECTION,
399,12-223197,20120920,FOURTH AVE @ KINGSWAY DR,02-Intersection related,01-Within intersection,01-Clear,"08-Dark, artificial",INTERSECTION,
400,12-236978,20121006,CEDAR ST N @ DUKE ST E,04-At/near private drive,02-Thru lane,01-Clear,01-Daylight,INTERSECTION,
401,12-021117,20120127,WILSON AVE @ FAIRWAY RD S,01-Non intersection,02-Thru lane,03-Snow,01-Daylight,INTERSECTION,
402,12-021115,20120127,DOON VALLEY DR @ CONESTOGA COLLEGE BLVD,02-Intersection related,02-Thru lane,03-Snow,01-Daylight,INTERSECTION,
403,12-022566,20120128,WABANAKI DR @ WILSON AVE,03-At intersection,02-Thru lane,06-Strong wind,"08-Dark, artificial",INTERSECTION,
404,12-023939,20120128,STRASBURG RD @ HURON RD,03-At intersection,02-Thru lane,03-Snow,05-Dusk,INTERSECTION,
405,12-017940,20120121,BLOCK LINE RD @ STRASBURG RD,03-At intersection,02-Thru lane,01-Clear,01-Daylight,INTERSECTION,
406,12-156666,20120705,KINZIE AVE @ RIVER RD E,03-At intersection,01-Within intersection,01-Clear,01-Daylight,INTERSECTION,
407,12-195710,20120820,BELMONT AVE W @ KARN ST,02-Intersection related,02-Thru lane,01-Clear,"08-Dark, artificial",INTERSECTION,
408,12-001152,20120102,KING ST W @ FRANCIS ST S / FRANCIS ST N,02-Intersection related,02-Thru lane,03-Snow,05-Dusk,INTERSECTION,
409,12-009559,20120113,KING ST W @ FRANCIS ST S / FRANCIS ST N,02-Intersection related,11-Not on roadway - right side,02-Rain,01-Daylight,INTERSECTION,
410,12-005041,20120107,RIVER RD E @ LORRAINE AVE,03-At intersection,01-Within intersection,01-Clear,"06-Dusk, artificial",INTERSECTION,
411,12-006662,20120109,WILSON AVE @ KINGSWAY DR,03-At intersection,01-Within intersection,01-Clear,05-Dusk,INTERSECTION,
412,12-058952,20120313,WILSON AVE @ KINGSWAY DR,03-At intersection,04-Right turn lane,01-Clear,01-Daylight,INTERSECTION,
413,12-058548,20120313,RIVER RD E @ KRUG ST,03-At intersection,02-Thru lane,01-Clear,01-Daylight,INTERSECTION,
414,12-208526,20120904,FIRST AVE @ ECKERT ST,01-Non intersection,02-Thru lane,02-Rain,01-Daylight,INTERSECTION,
415,12-195011,20120820,SYDNEY ST S @ BEDFORD RD,03-At intersection,01-Within intersection,01-Clear,01-Daylight,INTERSECTION,
416,12-263171,20121107,STRASBURG RD @ HURON RD,03-At intersection,01-Within intersection,01-Clear,01-Daylight,INTERSECTION,
417,12-258328,20121029,OLD COUNTRY DR @ STRASBURG RD,03-At intersection,02-Thru lane,02-Rain,01-Daylight,INTERSECTION,
418,12-083555,20120411,KENNETH AVE @ FRANKLIN ST N,03-At intersection,02-Thru lane,01-Clear,01-Daylight,INTERSECTION,
419,12-299933,20121228,FIRST AVE @ KINGSWAY DR / SECOND AVE,01-Non intersection,11-Not on roadway - right side,01-Clear,01-Daylight,INTERSECTION,
420,12-273232,20121120,DUKE ST W @ BREITHAUPT ST,03-At intersection,01-Within intersection,01-Clear,01-Daylight,INTERSECTION,
421,12-294724,20121219,WESTHEIGHTS DR @ BLACKWELL DR,03-At intersection,01-Within intersection,01-Clear,01-Daylight,INTERSECTION,
422,12-114447,20120517,KING ST E @ DANE ST,02-Intersection related,02-Thru lane,01-Clear,01-Daylight,INTERSECTION,
423,12-110095,20120512,FOURTH AVE @ KINGSWAY DR,02-Intersection related,01-Within intersection,01-Clear,01-Daylight,INTERSECTION,
424,12-122356,20120526,BORDEN AVE N @ KING ST E / BORDEN AVE S,01-Non intersection,02-Thru lane,01-Clear,01-Daylight,INTERSECTION,
425,12-096449,20120426,MADISON AVE N @ KING ST E / MADISON AVE S,04-At/near private drive,02-Thru lane,01-Clear,01-Daylight,INTERSECTION,
426,12-254278,20121027,OTTAWA ST N @ RIVER RD E,01-Non intersection,09-Right shoulder,02-Rain,01-Daylight,INTERSECTION,
427,12-261249,20121105,BELMONT AVE W @ CLAREMONT AVE,02-Intersection related,02-Thru lane,01-Clear,01-Daylight,INTERSECTION,
428,12-250697,20121023,EAST AVE @ SHERBOURNE AVE,03-At intersection,01-Within intersection,02-Rain,03-Dawn,INTERSECTION,
429,12-075963,20120402,RIVER RD E @ ISLINGTON AVE,03-At intersection,01-Within intersection,01-Clear,01-Daylight,INTERSECTION,
430,12-258385,20121030,SAMUEL ST @ CHAPEL ST,04-At/near private drive,09-Right shoulder,02-Rain,01-Daylight,INTERSECTION,
431,12-266903,20121111,WELLINGTON ST N @ ST LEGER ST,04-At/near private drive,02-Thru lane,01-Clear,01-Daylight,INTERSECTION,
432,12-276936,20121125,GATEWAY PARK DR @ TU LANE ST,04-At/near private drive,02-Thru lane,03-Snow,01-Daylight,INTERSECTION,
433,12-263195,20121107,MORGAN AVE @ PEPPERWOOD CRES,04-At/near private drive,02-Thru lane,01-Clear,05-Dusk,INTERSECTION,
434,12-266427,20121111,CHARLES ST W @ GAUKEL ST,04-At/near private drive,02-Thru lane,01-Clear,"08-Dark, artificial",INTERSECTION,
435,12-031074,20120208,HURON RD @ MILL PARK DR / WILSON AVE,01-Non intersection,11-Not on roadway - right side,01-Clear,01-Daylight,INTERSECTION,
436,12-032318,20120209,KING ST E @ DANE ST,03-At intersection,02-Thru lane,01-Clear,01-Daylight,INTERSECTION,
437,12-276159,20121124,KRUG ST @ RIVER RD E,02-Intersection related,11-Not on roadway - right side,01-Clear,01-Daylight,INTERSECTION,
438,12-250648,20121023,KARN ST @ WEICHEL ST,03-At intersection,11-Not on roadway - right side,02-Rain,"08-Dark, artificial",INTERSECTION,
439,12-251183,20121023,EBY ST S @ EBY ST N / KING ST E,01-Non intersection,02-Thru lane,02-Rain,07-Dark,INTERSECTION,
440,12-023589,20120130,TRILLIUM DR @ STRASBURG RD,02-Intersection related,02-Thru lane,01-Clear,01-Daylight,INTERSECTION,
441,12-024700,20120131,ST LEGER ST @ BREITHAUPT ST,03-At intersection,01-Within intersection,01-Clear,01-Daylight,INTERSECTION,
442,12-027860,20120203,BLOCK LINE RD @ STRASBURG RD,02-Intersection related,03-Left turn lane,01-Clear,"08-Dark, artificial",INTERSECTION,
443,12-023256,20120129,OTTAWA ST N @ RIVER RD E,04-At/near private drive,02-Thru lane,03-Snow,07-Dark,INTERSECTION,
444,12-001077,20120102,DOON SOUTH DR @ WINDRUSH TRAIL,01-Non intersection,02-Thru lane,03-Snow,01-Daylight,INTERSECTION,
445,12-264704,20121109,DUKE ST W @ BREITHAUPT ST,03-At intersection,01-Within intersection,01-Clear,05-Dusk,INTERSECTION,
446,12-058862,20120313,GATEWAY PARK DR @ TU LANE ST,03-At intersection,01-Within intersection,01-Clear,01-Daylight,INTERSECTION,
447,12-259803,20121102,THE COUNTRY WAY @ SPRING HILL PL,04-At/near private drive,09-Right shoulder,01-Clear,07-Dark,INTERSECTION,
448,12-294794,20121219,KING ST E @ ONWARD AVE,02-Intersection related,02-Thru lane,01-Clear,05-Dusk,INTERSECTION,
449,12-288611,20121211,KING ST E @ PANDORA AVE N / PANDORA AVE S,03-At intersection,01-Within intersection,03-Snow,01-Daylight,INTERSECTION,
450,12-292417,20121216,MADISON AVE N @ KING ST E / MADISON AVE S,03-At intersection,01-Within intersection,02-Rain,01-Daylight,INTERSECTION,
451,12-179758,20120801,SPADINA RD E @ QUEENS BLVD / SPADINA RD W,01-Non intersection,02-Thru lane,01-Clear,01-Daylight,INTERSECTION,
452,12-019495,20120125,KING ST E @ CAMERON ST S / CAMERON ST N,01-Non intersection,02-Thru lane,01-Clear,01-Daylight,INTERSECTION,
453,12-253639,20121026,UPPER CANADA DR @ DOON VILLAGE RD,01-Non intersection,09-Right shoulder,02-Rain,01-Daylight,INTERSECTION,
454,12-085536,20120413,GLEN RD @ PLEASANT AVE,02-Intersection related,01-Within intersection,01-Clear,01-Daylight,INTERSECTION,
455,12-236115,20121005,CEDAR ST N @ KING ST E / CEDAR ST S,02-Intersection related,02-Thru lane,01-Clear,01-Daylight,INTERSECTION,
456,12-296767,20121221,BELMONT AVE W @ CLAREMONT AVE,03-At intersection,01-Within intersection,04-Freezing Rain,"08-Dark, artificial",INTERSECTION,
457,12-155932,20120704,SYDNEY ST S @ BEDFORD RD,03-At intersection,01-Within intersection,01-Clear,01-Daylight,INTERSECTION,
458,12-233693,20121002,WINSLOW DR @ HIGHLAND RD E,02-Intersection related,02-Thru lane,01-Clear,01-Daylight,INTERSECTION,
459,12-247851,20121019,FRANKLIN ST S @ KINGSWAY DR,03-At intersection,01-Within intersection,01-Clear,01-Daylight,INTERSECTION,
460,12-248023,20121019,WILSON AVE @ KINGSWAY DR,02-Intersection related,,02-Rain,07-Dark,INTERSECTION,
461,12-234490,20121003,BORDEN AVE N @ KING ST E / BORDEN AVE S,02-Intersection related,02-Thru lane,"07-Fog, mist, smoke, dust",01-Daylight,INTERSECTION,
462,12-053975,20120307,BORDEN AVE N @ KING ST E / BORDEN AVE S,03-At intersection,01-Within intersection,01-Clear,01-Daylight,INTERSECTION,
463,12-237852,20121007,COUNTRY HILL DR @ OLD COUNTRY DR,01-Non intersection,11-Not on roadway - right side,01-Clear,01-Daylight,INTERSECTION,
464,12-284777,20121205,CEDAR ST N @ KING ST E / CEDAR ST S,03-At intersection,01-Within intersection,01-Clear,"08-Dark, artificial",INTERSECTION,
465,12-299506,20121227,CHARLES ST E @ PRESTON ST,03-At intersection,01-Within intersection,01-Clear,01-Daylight,INTERSECTION,
466,12-289721,20121212,STIRLING AVE S @ MILL ST,03-At intersection,01-Within intersection,,07-Dark,INTERSECTION,
467,12-302194,20121231,WABANAKI DR @ WILSON AVE,03-At intersection,01-Within intersection,01-Clear,01-Daylight,INTERSECTION,
468,12-286717,20121208,MONTCALM DR @ BISHOP CRT,01-Non intersection,02-Thru lane,01-Clear,01-Daylight,INTERSECTION,
469,12-290131,20121213,STIRLING AVE S @ HIGHLAND RD E,02-Intersection related,01-Within intersection,01-Clear,01-Daylight,INTERSECTION,
470,12-001792,20120103,WELLINGTON ST N @ ST LEGER ST,02-Intersection related,02-Thru lane,99-Other,01-Daylight,INTERSECTION,
471,12-004061,20120104,GLASGOW ST @ BELMONT AVE W,01-Non intersection,02-Thru lane,01-Clear,01-Daylight,INTERSECTION,
472,12-010039,20120113,BLOCK LINE RD @ STRASBURG RD,04-At/near private drive,02-Thru lane,01-Clear,01-Daylight,INTERSECTION,
473,12-030948,20120207,FOUR SEASONS CRT @ COUNTRY HILL DR,01-Non intersection,02-Thru lane,01-Clear,"08-Dark, artificial",INTERSECTION,
474,12-280889,20121130,CEDAR ST N @ DUKE ST E,02-Intersection related,02-Thru lane,02-Rain,01-Daylight,INTERSECTION,
475,12-301265,20121230,GLASGOW ST @ BELMONT AVE W,03-At intersection,01-Within intersection,01-Clear,01-Daylight,INTERSECTION,
476,12-185013,20120808,HOMER WATSON BLVD @ HOFFMAN ST,02-Intersection related,01-Within intersection,01-Clear,01-Daylight,INTERSECTION,
477,12-190810,20120815,BELMONT AVE W @ GAGE AVE,03-At intersection,02-Thru lane,01-Clear,01-Daylight,INTERSECTION,
478,12-165950,20120716,QUEENS BLVD @ BELMONT AVE W / BELMONT AVE E,03-At intersection,01-Within intersection,01-Clear,01-Daylight,INTERSECTION,
479,12-250704,20121022,GRAND RIVER BLVD @ UNDERHILL CRES,04-At/near private drive,09-Right shoulder,01-Clear,01-Daylight,INTERSECTION,
480,12-168091,20120719,WILSON AVE @ KINGSWAY DR,03-At intersection,02-Thru lane,01-Clear,01-Daylight,INTERSECTION,
481,12-156422,20120704,BLOCK LINE RD @ STRASBURG RD,03-At intersection,01-Within intersection,01-Clear,01-Daylight,INTERSECTION,
482,12-159892,20120706,HOMER WATSON BLVD @ STIRLING AVE S,02-Intersection related,02-Thru lane,01-Clear,01-Daylight,INTERSECTION,
483,12-029587,20120128,STRASBURG RD @ HURON RD,03-At intersection,02-Thru lane,01-Clear,01-Daylight,INTERSECTION,
484,12-023592,20120130,KRUG ST @ RIVER RD E,02-Intersection related,05-Right turn channel,01-Clear,01-Daylight,INTERSECTION,
485,12-021441,20120127,TRILLIUM DR @ HURON RD,02-Intersection related,02-Thru lane,01-Clear,01-Daylight,INTERSECTION,
486,12-024530,20120131,RIVER RD E @ HOLBORN DR,03-At intersection,01-Within intersection,01-Clear,01-Daylight,INTERSECTION,
487,12-294598,20121218,BELMONT AVE W @ GAGE AVE,02-Intersection related,02-Thru lane,01-Clear,07-Dark,INTERSECTION,
488,12-213676,20120910,WESTHEIGHTS DR @ DRIFTWOOD DR,01-Non intersection,02-Thru lane,01-Clear,01-Daylight,INTERSECTION,
489,12-300093,20121227,VANIER DR @ BONIFACE AVE,04-At/near private drive,02-Thru lane,01-Clear,"08-Dark, artificial",INTERSECTION,
490,12-072416,20120328,SHIRK PL @ WOOLWICH ST,02-Intersection related,11-Not on roadway - right side,01-Clear,"08-Dark, artificial",INTERSECTION,
491,12-044720,20120225,SCOTT ST @ DUKE ST E,04-At/near private drive,02-Thru lane,03-Snow,03-Dawn,INTERSECTION,
492,12-067591,20120321,KING ST W @ YOUNG ST,02-Intersection related,02-Thru lane,01-Clear,01-Daylight,INTERSECTION,
493,12-205165,20120831,STIRLING AVE S @ MILL ST,03-At intersection,01-Within intersection,01-Clear,01-Daylight,INTERSECTION,
494,12-203362,20120829,STIRLING AVE S @ KING ST E / STIRLING AVE N,04-At/near private drive,02-Thru lane,01-Clear,01-Daylight,INTERSECTION,
495,12-217368,20120914,SYDNEY ST S @ BEDFORD RD,03-At intersection,01-Within intersection,02-Rain,01-Daylight,INTERSECTION,
496,12-226425,20120924,LAWRENCE AVE @ HIGHLAND RD W,01-Non intersection,11-Not on roadway - right side,01-Clear,01-Daylight,INTERSECTION,
497,12-017379,20120122,RIVER RD E @ LORRAINE AVE,03-At intersection,01-Within intersection,01-Clear,05-Dusk,INTERSECTION,
498,12-049800,20120302,CEDAR ST N @ KING ST E / CEDAR ST S,03-At intersection,02-Thru lane,02-Rain,"08-Dark, artificial",INTERSECTION,
499,12-013111,20120117,KING ST W @ WATER ST N / WATER ST S,02-Intersection related,02-Thru lane,02-Rain,01-Daylight,INTERSECTION,
500,12-074657,20120331,BORDEN AVE S @ CHARLES ST E,04-At/near private drive,02-Thru lane,01-Clear,01-Daylight,INTERSECTION,
501,12-196116,20120818,HEIMAN ST @ HIGHLAND RD E,02-Intersection related,02-Thru lane,01-Clear,01-Daylight,INTERSECTION,
502,12-263258,20121107,BELMONT AVE W @ GAGE AVE,03-At intersection,01-Within intersection,01-Clear,01-Daylight,INTERSECTION,
503,12-258915,20121102,KING ST W @ ONTARIO ST S / ONTARIO ST N,02-Intersection related,02-Thru lane,01-Clear,01-Daylight,INTERSECTION,
504,12-221836,20120919,QUEEN ST S @ JOSEPH ST,03-At intersection,01-Within intersection,01-Clear,01-Daylight,INTERSECTION,
505,12-099581,20120428,CEDAR ST N @ KING ST E / CEDAR ST S,02-Intersection related,03-Left turn lane,01-Clear,01-Daylight,INTERSECTION,
506,12-096403,20120426,WILSON AVE @ KINGSWAY DR,03-At intersection,03-Left turn lane,01-Clear,01-Daylight,INTERSECTION,
507,12-096406,20120426,KING ST W @ WATER ST N / WATER ST S,03-At intersection,01-Within intersection,06-Strong wind,01-Daylight,INTERSECTION,
508,12-092246,20120421,HEIMAN ST @ HIGHLAND RD E,02-Intersection related,02-Thru lane,01-Clear,01-Daylight,INTERSECTION,
509,12-221857,20120919,KING ST W @ FRANCIS ST S / FRANCIS ST N,03-At intersection,01-Within intersection,01-Clear,01-Daylight,INTERSECTION,
510,12-252452,20121025,FOUR SEASONS CRT @ COUNTRY HILL DR,04-At/near private drive,11-Not on roadway - right side,01-Clear,01-Daylight,INTERSECTION,
511,12-033659,20120210,BELMONT AVE W @ HIGHLAND RD W,04-At/near private drive,04-Right turn lane,03-Snow,"08-Dark, artificial",INTERSECTION,
512,12-285176,20121205,FRANKLIN ST N @ TRAFALGAR AVE,10-Parking lot,12-Off highway,01-Clear,01-Daylight,INTERSECTION,
513,12-268503,20121031,RIVER RD E @ LORRAINE AVE,03-At intersection,04-Right turn lane,02-Rain,07-Dark,INTERSECTION,
514,12-237910,20121007,UNION BLVD @ PARK ST,03-At intersection,01-Within intersection,02-Rain,01-Daylight,INTERSECTION,
515,12-257653,20121031,HOMER WATSON BLVD @ MANITOU DR / DOON VILLAGE RD,04-At/near private drive,02-Thru lane,02-Rain,01-Daylight,INTERSECTION,
516,12-278236,20121126,QUEENS BLVD @ BELMONT AVE W / BELMONT AVE E,04-At/near private drive,02-Thru lane,01-Clear,05-Dusk,INTERSECTION,
517,12-263063,20121107,OTTAWA ST N @ KING ST E / OTTAWA ST S,04-At/near private drive,03-Left turn lane,01-Clear,01-Daylight,INTERSECTION,
518,12-288616,20121211,RIVER RD E @ HICKSON DR,02-Intersection related,02-Thru lane,03-Snow,01-Daylight,INTERSECTION,
519,12-283555,20121204,RIVER RD E @ LORRAINE AVE,03-At intersection,01-Within intersection,02-Rain,01-Daylight,INTERSECTION,
520,12-286542,20121207,RIVER RD E @ HOLBORN DR,03-At intersection,01-Within intersection,01-Clear,"08-Dark, artificial",INTERSECTION,
521,12-300063,20121228,RIVER RD E @ HOLBORN DR,03-At intersection,01-Within intersection,01-Clear,01-Daylight,INTERSECTION,
522,12-024511,20120131,DOON VALLEY DR @ CONESTOGA COLLEGE BLVD,04-At/near private drive,02-Thru lane,01-Clear,01-Daylight,INTERSECTION,
523,12-014777,20120119,MORGAN AVE @ PEPPERWOOD CRES,01-Non intersection,02-Thru lane,03-Snow,01-Daylight,INTERSECTION,
524,12-160910,20120710,BORDEN AVE N @ KING ST E / BORDEN AVE S,02-Intersection related,02-Thru lane,01-Clear,01-Daylight,INTERSECTION,
525,12-281022,20121130,CHANDLER DR @ STRASBURG RD,03-At intersection,02-Thru lane,03-Snow,01-Daylight,INTERSECTION,
526,12-023610,20120130,ST LEGER ST @ UNION ST,02-Intersection related,10-Not on roadway - left side,01-Clear,01-Daylight,INTERSECTION,
527,12-167576,20120716,KING ST E @ ONWARD AVE,04-At/near private drive,02-Thru lane,01-Clear,01-Daylight,INTERSECTION,
528,12-163889,20120713,KING ST W @ WATER ST N / WATER ST S,04-At/near private drive,02-Thru lane,01-Clear,"08-Dark, artificial",INTERSECTION,
529,12-280931,20121130,ZELLER DR @ SUSAN CRES / JANET CRT,01-Non intersection,02-Thru lane,03-Snow,"06-Dusk, artificial",INTERSECTION,
530,12-272255,20121119,OLD MILL RD @ DOON VALLEY DR,03-At intersection,01-Within intersection,"07-Fog, mist, smoke, dust",01-Daylight,INTERSECTION,
531,12-021149,20120127,STRASBURG RD @ HURON RD,02-Intersection related,01-Within intersection,03-Snow,01-Daylight,INTERSECTION,
532,12-001667,20120102,CENTURY HILL DR @ COUNTRY HILL DR,04-At/near private drive,09-Right shoulder,03-Snow,01-Daylight,INTERSECTION,
533,12-022521,20120128,STRASBURG RD @ HURON RD,03-At intersection,01-Within intersection,03-Snow,07-Dark,INTERSECTION,
534,12-102428,20120503,KING ST W @ YOUNG ST,02-Intersection related,02-Thru lane,01-Clear,01-Daylight,INTERSECTION,
535,12-127255,20120531,CEDAR ST N @ KING ST E / CEDAR ST S,01-Non intersection,02-Thru lane,01-Clear,01-Daylight,INTERSECTION,
536,12-114219,20120517,KING ST E @ SCOTT ST,01-Non intersection,02-Thru lane,01-Clear,01-Daylight,INTERSECTION,
537,12-257458,20121031,OLD ZELLER DR @ PEBBLECREEK DR,02-Intersection related,02-Thru lane,02-Rain,01-Daylight,INTERSECTION,
538,12-294526,20121219,STIRLING AVE N @ EAST AVE,03-At intersection,01-Within intersection,01-Clear,01-Daylight,INTERSECTION,
539,12-294666,20121219,BELMONT AVE W @ ROCK AVE,03-At intersection,01-Within intersection,01-Clear,01-Daylight,INTERSECTION,
540,12-127554,20120601,ROYAL ORCHARD DR @ TOYNBEE CRES,04-At/near private drive,02-Thru lane,02-Rain,01-Daylight,INTERSECTION,
541,12-158293,20120707,STIRLING AVE N @ EAST AVE,03-At intersection,01-Within intersection,01-Clear,01-Daylight,INTERSECTION,
542,12-160533,20120709,WELLINGTON ST N @ SHIRLEY AVE / RIVERBEND DR,03-At intersection,01-Within intersection,01-Clear,01-Daylight,INTERSECTION,
543,12-154992,20120703,BELMONT AVE W @ HIGHLAND RD W,04-At/near private drive,02-Thru lane,01-Clear,01-Daylight,INTERSECTION,
544,12-280833,20121130,DEVON ST @ JUBILEE DR / PARK ST,02-Intersection related,01-Within intersection,03-Snow,01-Daylight,INTERSECTION,
545,12-232591,20121001,WELLINGTON ST N @ SHIRLEY AVE / RIVERBEND DR,01-Non intersection,02-Thru lane,01-Clear,01-Daylight,INTERSECTION,
546,12-064519,20120319,WEST AVE @ VICTORIA ST S / STRANGE ST,04-At/near private drive,02-Thru lane,01-Clear,01-Daylight,INTERSECTION,
547,12-111763,20120514,FRANKLIN ST S @ KINGSWAY DR,03-At intersection,01-Within intersection,01-Clear,01-Daylight,INTERSECTION,
548,12-114380,20120517,FRANKLIN ST S @ KINGSWAY DR,03-At intersection,01-Within intersection,01-Clear,01-Daylight,INTERSECTION,
549,12-109063,20120512,KING ST W @ FRANCIS ST S / FRANCIS ST N,02-Intersection related,01-Within intersection,01-Clear,01-Daylight,INTERSECTION,
550,12-103309,20120504,TRILLIUM DR @ HURON RD,03-At intersection,01-Within intersection,01-Clear,01-Daylight,INTERSECTION,
551,12-129780,20120602,WATER ST N @ DUKE ST W,01-Non intersection,09-Right shoulder,01-Clear,01-Daylight,INTERSECTION,
552,11-010597,20110115,RIVER RD E @ HOLBORN DR,03-At intersection,01-Within intersection,03-Snow,01-Daylight,INTERSECTION,
553,11-056882,20110312,WILDERNESS DR @ MOUNTAIN MINT CRES / PINE MARTIN CRES,03-At intersection,01-Within intersection,01-Clear,01-Daylight,INTERSECTION,
554,12-123948,20120524,FISCHER HALLMAN RD @ QUEENS BLVD,04-At/near private drive,02-Thru lane,01-Clear,07-Dark,INTERSECTION,
555,11-055855,20110305,WESTHEIGHTS DR @ DRIFTWOOD DR,03-At intersection,04-Right turn lane,03-Snow,07-Dark,INTERSECTION,
556,11-041057,20110222,WELLINGTON ST N @ ST LEGER ST,03-At intersection,02-Thru lane,01-Clear,03-Dawn,INTERSECTION,
557,12-102990,20120503,WOODHAVEN RD @ WILSON AVE,03-At intersection,02-Thru lane,01-Clear,01-Daylight,INTERSECTION,
558,12-116155,20120519,FERGUS AVE @ FALESY AVE,04-At/near private drive,99-Other,01-Clear,01-Daylight,INTERSECTION,
559,12-108074,20120510,SPORTSWORLD DR @ GATEWAY PARK DR / HELDMANN RD,04-At/near private drive,02-Thru lane,01-Clear,01-Daylight,INTERSECTION,
560,12-148802,20120626,OLD COUNTRY DR @ STRASBURG RD,03-At intersection,01-Within intersection,01-Clear,01-Daylight,INTERSECTION,
561,12-155843,20120704,FIFTH AVE @ KINGSWAY DR,02-Intersection related,01-Within intersection,01-Clear,01-Daylight,INTERSECTION,
562,12-150908,20120628,KING ST E @ QUEEN ST N,01-Non intersection,02-Thru lane,01-Clear,01-Daylight,INTERSECTION,
563,12-129877,20120601,DOON VILLAGE RD @ MILLWOOD CRES,04-At/near private drive,03-Left turn lane,01-Clear,01-Daylight,INTERSECTION,
564,12-090634,20120419,GUELPH ST @ ST LEGER ST,03-At intersection,01-Within intersection,01-Clear,01-Daylight,INTERSECTION,
565,12-139227,20120615,ST CLAIR AVE @ STIRLING AVE S,04-At/near private drive,02-Thru lane,01-Clear,01-Daylight,INTERSECTION,
566,12-135142,20120610,HIGHLAND RD E @ SPADINA RD E,04-At/near private drive,02-Thru lane,01-Clear,01-Daylight,INTERSECTION,
567,12-059423,20120313,WENTWORTH AVE @ WEST LANSDOWNE,04-At/near private drive,09-Right shoulder,01-Clear,05-Dusk,INTERSECTION,