OBJECTID,ACCIDENTNUM,ACCIDENTDATE,LOCATION,ACCIDENT_LOCATION,IMPACT_LOCATION,ENVIRONMENT_CONDITION,LIGHT,COLLISION_TYPE,TRAFFICCOLLISIONSID
568,12-146024,20120623,WESTHEIGHTS DR @ WINDING WAY,02-Intersection related,02-Thru lane,01-Clear,01-Daylight,INTERSECTION,
569,11-015490,20110121,SPORTSWORLD DR @ GATEWAY PARK DR / HELDMANN RD,01-Non intersection,02-Thru lane,01-Clear,01-Daylight,INTERSECTION,
570,11-012314,20110117,LOUISA ST @ AHRENS ST W,03-At intersection,01-Within intersection,01-Clear,01-Daylight,INTERSECTION,
571,11-060535,20110315,SCOTT ST @ DUKE ST E,01-Non intersection,02-Thru lane,02-Rain,05-Dusk,INTERSECTION,
572,12-095977,20120425,DOON VALLEY DR @ CONESTOGA COLLEGE BLVD,04-At/near private drive,02-Thru lane,01-Clear,"08-Dark, artificial",INTERSECTION,
573,12-091045,20120420,OTTERBEIN RD @ MISTY ST / BRANDY CRES,01-Non intersection,02-Thru lane,01-Clear,07-Dark,INTERSECTION,
574,11-041040,20110222,CARWOOD AVE @ DIXON ST,02-Intersection related,02-Thru lane,01-Clear,01-Daylight,INTERSECTION,
575,11-065305,20110323,STIRLING AVE S @ KING ST E / STIRLING AVE N,02-Intersection related,02-Thru lane,03-Snow,01-Daylight,INTERSECTION,
576,11-050117,20110305,KING ST W @ ONTARIO ST S / ONTARIO ST N,03-At intersection,01-Within intersection,02-Rain,01-Daylight,INTERSECTION,
577,11-054309,20110311,QUEENS BLVD @ ELM RIDGE DR,03-At intersection,01-Within intersection,02-Rain,01-Daylight,INTERSECTION,
578,12-100493,20120430,EBY ST S @ EBY ST N / KING ST E,01-Non intersection,02-Thru lane,02-Rain,01-Daylight,INTERSECTION,
579,12-103381,20120504,KING ST W @ GAUKEL ST,03-At intersection,02-Thru lane,01-Clear,01-Daylight,INTERSECTION,
580,11-004590,20110106,WELLINGTON ST N @ SHIRLEY AVE / RIVERBEND DR,01-Non intersection,02-Thru lane,03-Snow,05-Dusk,INTERSECTION,
581,11-006220,20110109,QUEENS BLVD @ HIGHLAND RD W / HIGHLAND RD E / QUEEN ST S,04-At/near private drive,02-Thru lane,01-Clear,01-Daylight,INTERSECTION,
582,11-147495,20110630,WELLINGTON ST N @ ST LEGER ST,02-Intersection related,02-Thru lane,01-Clear,01-Daylight,INTERSECTION,
583,11-088350,20110420,BELMONT AVE W @ GAGE AVE,03-At intersection,01-Within intersection,01-Clear,01-Daylight,INTERSECTION,
584,11-084977,20110416,BLOCK LINE RD @ KINGSWOOD DR,02-Intersection related,02-Thru lane,02-Rain,01-Daylight,INTERSECTION,
585,11-080912,20110411,CHANDLER DR @ STRASBURG RD,01-Non intersection,11-Not on roadway - right side,01-Clear,01-Daylight,INTERSECTION,
586,11-002070,20110103,BANKSIDE DR @ OPRINGTON DR,02-Intersection related,,03-Snow,"08-Dark, artificial",INTERSECTION,
587,11-010553,20110115,EIGHTH AVE @ GREENFIELD AVE,03-At intersection,01-Within intersection,03-Snow,01-Daylight,INTERSECTION,
588,11-054194,20110310,OTTAWA ST N @ KING ST E / OTTAWA ST S,01-Non intersection,02-Thru lane,02-Rain,01-Daylight,INTERSECTION,
589,11-096446,20110430,WESTHEIGHTS DR @ WINDING WAY,04-At/near private drive,02-Thru lane,01-Clear,01-Daylight,INTERSECTION,
590,11-093535,20110427,BELMONT AVE W @ ADELAIDE ST,01-Non intersection,02-Thru lane,01-Clear,01-Daylight,INTERSECTION,
591,11-092751,20110426,LOUISA ST @ MOORE AVE,03-At intersection,11-Not on roadway - right side,01-Clear,01-Daylight,INTERSECTION,
592,11-133618,20110613,TRAYNOR AVE @ BELWOOD CRES,04-At/near private drive,09-Right shoulder,01-Clear,07-Dark,INTERSECTION,
593,11-041102,20110222,OLD COUNTRY DR @ STRASBURG RD,03-At intersection,02-Thru lane,01-Clear,01-Daylight,INTERSECTION,
594,11-090406,20110423,MANCHESTER RD @ RIVER RD E,02-Intersection related,02-Thru lane,01-Clear,01-Daylight,INTERSECTION,
595,11-084248,20110415,KING ST W @ ONTARIO ST S / ONTARIO ST N,01-Non intersection,02-Thru lane,01-Clear,01-Daylight,INTERSECTION,
596,11-059197,20110316,QUEENS BLVD @ BELMONT AVE W / BELMONT AVE E,02-Intersection related,01-Within intersection,02-Rain,01-Daylight,INTERSECTION,
597,11-059956,20110317,WILSON AVE @ KINGSWAY DR,02-Intersection related,02-Thru lane,01-Clear,01-Daylight,INTERSECTION,
598,11-054976,20110311,QUEEN ST N @ LANCASTER ST W / LANCASTER ST E,03-At intersection,01-Within intersection,03-Snow,01-Daylight,INTERSECTION,
599,11-027440,20110205,HOMER WATSON BLVD @ HOFFMAN ST,02-Intersection related,02-Thru lane,01-Clear,01-Daylight,INTERSECTION,
600,11-106212,20110512,AUTUMN RIDGE TRAIL @ WOODCREST CRT,03-At intersection,01-Within intersection,01-Clear,01-Daylight,INTERSECTION,
601,11-035825,20110214,MILL ST @ OTTAWA ST S,03-At intersection,02-Thru lane,01-Clear,01-Daylight,INTERSECTION,
602,11-085906,20110417,SIMEON ST @ BINGEMAN ST,03-At intersection,01-Within intersection,03-Snow,01-Daylight,INTERSECTION,
603,11-035007,20110214,HIGHLAND RD E @ SPADINA RD E,04-At/near private drive,03-Left turn lane,01-Clear,05-Dusk,INTERSECTION,
604,11-046044,20110228,FRANKLIN ST S @ KINGSWAY DR,03-At intersection,01-Within intersection,01-Clear,01-Daylight,INTERSECTION,
605,11-006523,20110110,MARL MEADOW DR @ MARL MEADOW CRES,01-Non intersection,02-Thru lane,01-Clear,01-Daylight,INTERSECTION,
606,11-152250,20110706,MORGAN AVE @ GREENDALE CRES,01-Non intersection,09-Right shoulder,01-Clear,07-Dark,INTERSECTION,
607,11-145392,20110627,DOON MILLS DR @ APPLE RIDGE DR,02-Intersection related,01-Within intersection,01-Clear,01-Daylight,INTERSECTION,
608,11-026084,20110203,RIVER RD E @ FREDERICK ST,02-Intersection related,02-Thru lane,01-Clear,01-Daylight,INTERSECTION,
609,11-030675,20110209,HOMER WATSON BLVD @ MANITOU DR / DOON VILLAGE RD,04-At/near private drive,02-Thru lane,01-Clear,01-Daylight,INTERSECTION,
610,11-029025,20110207,UNION BLVD @ BELMONT AVE W,03-At intersection,01-Within intersection,03-Snow,01-Daylight,INTERSECTION,
611,11-029783,20110208,BELMONT AVE W @ GAGE AVE,03-At intersection,01-Within intersection,01-Clear,01-Daylight,INTERSECTION,
612,11-025088,20110202,BLOCK LINE RD @ STRASBURG RD,03-At intersection,01-Within intersection,03-Snow,01-Daylight,INTERSECTION,
613,11-065444,20110323,HOMER WATSON BLVD @ STIRLING AVE S,01-Non intersection,10-Not on roadway - left side,03-Snow,01-Daylight,INTERSECTION,
614,11-040354,20110221,STAUFFER DR @ REIDEL DR,03-At intersection,11-Not on roadway - right side,03-Snow,01-Daylight,INTERSECTION,
615,11-034111,20110213,WOODHAVEN RD @ GREENFIELD AVE,03-At intersection,01-Within intersection,01-Clear,"08-Dark, artificial",INTERSECTION,
616,11-037880,20110218,DUKE ST E @ FREDERICK ST,01-Non intersection,02-Thru lane,01-Clear,01-Daylight,INTERSECTION,
617,10-003051,20100105,MT HOPE ST @ PARK ST,02-Intersection related,02-Thru lane,,01-Daylight,INTERSECTION,
618,10-244546,20101115,CHURCH ST @ BENTON ST,01-Non intersection,,01-Clear,01-Daylight,INTERSECTION,
619,11-280286,20111205,BLOCK LINE RD @ KINGSWOOD DR,02-Intersection related,02-Thru lane,02-Rain,07-Dark,INTERSECTION,
620,12-266734,20121111,UPPER CANADA DR @ DOON VILLAGE RD,02-Intersection related,02-Thru lane,01-Clear,01-Daylight,INTERSECTION,
621,12-155056,20120703,SYDNEY ST S @ BEDFORD RD,03-At intersection,01-Within intersection,01-Clear,01-Daylight,INTERSECTION,
622,12-116986,20120520,BLOCK LINE RD @ STRASBURG RD,02-Intersection related,02-Thru lane,01-Clear,01-Daylight,INTERSECTION,
623,12-099697,20120429,WESTHEIGHTS DR @ DRIFTWOOD DR,04-At/near private drive,02-Thru lane,01-Clear,01-Daylight,INTERSECTION,
624,12-092403,20120421,WESTHEIGHTS DR @ BLACKWELL DR,03-At intersection,02-Thru lane,01-Clear,01-Daylight,INTERSECTION,
625,12-144024,20120621,OVERLEA CRES @ OVERLEA DR,01-Non intersection,02-Thru lane,01-Clear,01-Daylight,INTERSECTION,
626,12-143495,20120620,OLD COUNTRY DR @ STRASBURG RD,01-Non intersection,02-Thru lane,01-Clear,01-Daylight,INTERSECTION,
627,12-138900,20120615,FIRST AVE @ ECKERT ST,01-Non intersection,99-Other,01-Clear,"08-Dark, artificial",INTERSECTION,
628,12-281575,20121130,SHELLEY DR @ VANIER DR,02-Intersection related,02-Thru lane,99-Other,01-Daylight,INTERSECTION,
629,12-296751,20121222,ARDELT AVE @ HANSON AVE,01-Non intersection,10-Not on roadway - left side,01-Clear,01-Daylight,INTERSECTION,
630,12-294183,20121218,BELMONT AVE W @ ROCK AVE,03-At intersection,01-Within intersection,01-Clear,"08-Dark, artificial",INTERSECTION,
631,12-142769,20120619,WILSON AVE @ FAIRWAY RD S,04-At/near private drive,04-Right turn lane,01-Clear,01-Daylight,INTERSECTION,
632,12-128035,20120602,FARRIER DR @ DUNLOP PL,01-Non intersection,02-Thru lane,02-Rain,03-Dawn,INTERSECTION,
633,12-105175,20120506,KING ST E @ QUEEN ST N,03-At intersection,02-Thru lane,01-Clear,01-Daylight,INTERSECTION,
634,12-117940,20120519,BORDEN AVE N @ KING ST E / BORDEN AVE S,02-Intersection related,02-Thru lane,01-Clear,01-Daylight,INTERSECTION,
635,12-123137,20120527,BLOCK LINE RD @ STRASBURG RD,03-At intersection,02-Thru lane,01-Clear,01-Daylight,INTERSECTION,
636,12-124990,20120416,BORDEN AVE N @ KING ST E / BORDEN AVE S,02-Intersection related,02-Thru lane,06-Strong wind,01-Daylight,INTERSECTION,
637,12-261456,20121101,ONTARIO ST N @ DUKE ST W,01-Non intersection,11-Not on roadway - right side,02-Rain,01-Daylight,INTERSECTION,
638,12-152306,20120629,RIVER RD E @ LORRAINE AVE,02-Intersection related,02-Thru lane,01-Clear,01-Daylight,INTERSECTION,
639,12-130705,20120605,QUEEN ST N @ DUKE ST E / DUKE ST W,03-At intersection,02-Thru lane,01-Clear,01-Daylight,INTERSECTION,
640,12-142349,20120119,QUEENS BLVD @ BELMONT AVE W / BELMONT AVE E,03-At intersection,01-Within intersection,01-Clear,01-Daylight,INTERSECTION,
641,12-148749,20120617,STIRLING AVE S @ HIGHLAND RD E,03-At intersection,01-Within intersection,01-Clear,01-Daylight,INTERSECTION,
642,12-109184,20120511,MAX BECKER DR @ BRIDLEWREATH ST,02-Intersection related,01-Within intersection,01-Clear,01-Daylight,INTERSECTION,
643,12-127459,20120531,DOON VILLAGE RD @ BECHTEL DR,03-At intersection,02-Thru lane,01-Clear,01-Daylight,INTERSECTION,
644,12-283672,20121204,KRUG ST @ RIVER RD E,03-At intersection,04-Right turn lane,02-Rain,01-Daylight,INTERSECTION,
645,12-283180,20121130,DEVON ST @ JUBILEE DR / PARK ST,02-Intersection related,02-Thru lane,03-Snow,01-Daylight,INTERSECTION,
646,12-285237,20121206,LYDIA ST @ CHAPEL ST,03-At intersection,01-Within intersection,01-Clear,01-Daylight,INTERSECTION,
647,12-105664,20120507,TRILLIUM DR @ HURON RD,02-Intersection related,01-Within intersection,01-Clear,01-Daylight,INTERSECTION,
648,11-017024,20110122,DOON MILLS DR @ TILT DR,02-Intersection related,02-Thru lane,01-Clear,07-Dark,INTERSECTION,
649,11-041480,20110222,ACTIVA AVE @ MAX BECKER DR,04-At/near private drive,02-Thru lane,01-Clear,01-Daylight,INTERSECTION,
650,11-090768,20110423,BRIARMEADOW DR @ BRIARMEADOW CRES,03-At intersection,02-Thru lane,01-Clear,01-Daylight,INTERSECTION,
651,11-083607,20110414,GREY FOX DR @ WILDERNESS DR / WATERCRESS CRT,04-At/near private drive,02-Thru lane,01-Clear,"02-Daylight, artificial",INTERSECTION,
652,11-010653,20110114,WELLINGTON ST N @ SPRING VALLEY RD,03-At intersection,01-Within intersection,01-Clear,01-Daylight,INTERSECTION,
653,11-019392,20110121,QUEENS BLVD @ REX DR,01-Non intersection,02-Thru lane,01-Clear,01-Daylight,INTERSECTION,
654,11-026194,20110203,STIRLING AVE S @ KING ST E / STIRLING AVE N,03-At intersection,01-Within intersection,99-Other,01-Daylight,INTERSECTION,
655,11-055193,20110311,KINZIE AVE @ RIVER RD E,03-At intersection,02-Thru lane,03-Snow,01-Daylight,INTERSECTION,
656,11-003378,20110105,CLARK AVE @ BROADMOOR AVE,04-At/near private drive,02-Thru lane,01-Clear,01-Daylight,INTERSECTION,
657,11-017777,20110124,CHARLES ST E @ SYDNEY ST S,03-At intersection,01-Within intersection,01-Clear,01-Daylight,INTERSECTION,
658,11-013621,20110119,PIONEER DR @ DOON VILLAGE RD,02-Intersection related,02-Thru lane,01-Clear,01-Daylight,INTERSECTION,
659,11-032438,20110209,FREDERICK ST @ PEQUEGNAT AVE,,,,01-Daylight,INTERSECTION,
660,11-025822,20110202,TRILLIUM DR @ STRASBURG RD,03-At intersection,02-Thru lane,01-Clear,01-Daylight,INTERSECTION,
661,11-044994,20110227,MAX BECKER DR @ COMMONWEALTH ST,04-At/near private drive,12-Off highway,03-Snow,"08-Dark, artificial",INTERSECTION,
662,11-057382,20110314,LOUISA ST @ MOORE AVE,03-At intersection,01-Within intersection,01-Clear,01-Daylight,INTERSECTION,
663,11-051575,20110307,MANCHESTER RD @ RIVER RD E,03-At intersection,02-Thru lane,01-Clear,01-Daylight,INTERSECTION,
664,11-009677,20110113,GLASGOW ST @ PARK ST,04-At/near private drive,02-Thru lane,01-Clear,"08-Dark, artificial",INTERSECTION,
665,11-231271,20111005,WESTHEIGHTS DR @ DRIFTWOOD DR,03-At intersection,01-Within intersection,01-Clear,01-Daylight,INTERSECTION,
666,11-113917,20110522,BLACKWELL DR @ HIGH ACRES CRES,99-Other,12-Off highway,01-Clear,07-Dark,INTERSECTION,
667,11-117225,20110526,HURON RD @ WOODBINE AVE,02-Intersection related,03-Left turn lane,01-Clear,01-Daylight,INTERSECTION,
668,11-033173,20110212,GUELPH ST @ ST VINCENT ST / ARNOLD ST,04-At/near private drive,02-Thru lane,01-Clear,01-Daylight,INTERSECTION,
669,11-041019,20110222,STIRLING AVE S @ KING ST E / STIRLING AVE N,03-At intersection,01-Within intersection,01-Clear,01-Daylight,INTERSECTION,
670,11-044755,20110226,NATCHEZ RD @ ROTHSAY AVE,03-At intersection,01-Within intersection,03-Snow,"08-Dark, artificial",INTERSECTION,
671,11-015655,20110121,KING ST W @ ONTARIO ST S / ONTARIO ST N,01-Non intersection,02-Thru lane,03-Snow,05-Dusk,INTERSECTION,
672,11-017058,20110123,WILHELM ST @ AHRENS ST W,03-At intersection,01-Within intersection,01-Clear,01-Daylight,INTERSECTION,
673,11-018403,20110125,HOMER WATSON BLVD @ STIRLING AVE S,01-Non intersection,02-Thru lane,"07-Fog, mist, smoke, dust","04-Dawn, artificial",INTERSECTION,
674,11-022466,20110130,QUEENS BLVD @ EAGEN DR,01-Non intersection,11-Not on roadway - right side,01-Clear,"08-Dark, artificial",INTERSECTION,
675,11-019020,20110125,WABANAKI DR @ WILSON AVE,03-At intersection,01-Within intersection,01-Clear,05-Dusk,INTERSECTION,
676,11-115729,20110524,GREEN VALLEY DR @ ARROWHEAD CRES,01-Non intersection,02-Thru lane,01-Clear,01-Daylight,INTERSECTION,
677,11-096127,20110430,KING ST E @ PANDORA AVE N / PANDORA AVE S,02-Intersection related,02-Thru lane,01-Clear,01-Daylight,INTERSECTION,
678,11-038057,20110218,KING ST W @ GAUKEL ST,03-At intersection,01-Within intersection,01-Clear,01-Daylight,INTERSECTION,
679,11-066367,20110324,STIRLING AVE S @ KING ST E / STIRLING AVE N,03-At intersection,01-Within intersection,01-Clear,"08-Dark, artificial",INTERSECTION,
680,11-055301,20110311,STIRLING AVE S @ MILL ST,03-At intersection,01-Within intersection,02-Rain,01-Daylight,INTERSECTION,
681,11-065129,20110323,STIRLING AVE S @ MILL ST,02-Intersection related,03-Left turn lane,03-Snow,01-Daylight,INTERSECTION,
682,11-014068,20110119,HIGHLAND RD E @ HOFFMAN ST,02-Intersection related,02-Thru lane,01-Clear,"08-Dark, artificial",INTERSECTION,
683,11-055568,20110311,CONNAUGHT ST @ NINTH AVE,03-At intersection,01-Within intersection,01-Clear,"08-Dark, artificial",INTERSECTION,
684,11-043603,20110225,LAWRENCE AVE @ HIGHLAND RD W,04-At/near private drive,02-Thru lane,01-Clear,01-Daylight,INTERSECTION,
685,11-093692,20110427,MILL PARK DR @ GREEN VALLEY DR,01-Non intersection,02-Thru lane,02-Rain,01-Daylight,INTERSECTION,
686,11-107616,20110514,CEDAR ST N @ KING ST E / CEDAR ST S,04-At/near private drive,01-Within intersection,02-Rain,01-Daylight,INTERSECTION,
687,11-034864,20110214,SPORTSWORLD DR @ GATEWAY PARK DR / HELDMANN RD,04-At/near private drive,02-Thru lane,01-Clear,01-Daylight,INTERSECTION,
688,11-059576,20110316,UNION BLVD @ PARK ST,02-Intersection related,02-Thru lane,01-Clear,01-Daylight,INTERSECTION,
689,11-017875,20110123,KING ST E @ DANE ST,04-At/near private drive,02-Thru lane,01-Clear,01-Daylight,INTERSECTION,
690,11-018058,20110124,BREITHAUPT ST @ MOORE AVE,01-Non intersection,02-Thru lane,03-Snow,07-Dark,INTERSECTION,
691,11-017948,20110124,CARWOOD AVE @ COURTLAND AVE E,04-At/near private drive,02-Thru lane,03-Snow,01-Daylight,INTERSECTION,
692,11-051541,20110307,COUNTRY HILL DR @ BLOCK LINE RD,02-Intersection related,04-Right turn lane,01-Clear,01-Daylight,INTERSECTION,
693,11-044467,20110226,STIRLING AVE S @ HIGHLAND RD E,03-At intersection,01-Within intersection,01-Clear,01-Daylight,INTERSECTION,
694,11-023524,20110131,SHERWOOD AVE @ SUFFOLK AVE,04-At/near private drive,99-Other,01-Clear,01-Daylight,INTERSECTION,
695,11-149432,20110702,MARGARET AVE @ UNION ST,03-At intersection,01-Within intersection,01-Clear,01-Daylight,INTERSECTION,
696,11-099395,20110504,HOLLINGER CRES @ BRIDGE ST E,04-At/near private drive,09-Right shoulder,01-Clear,01-Daylight,INTERSECTION,
697,11-255188,20111102,MISTY ST @ MISTY CRES,01-Non intersection,09-Right shoulder,01-Clear,01-Daylight,INTERSECTION,
698,11-015488,20110121,HIGHLAND RD E @ MAUSSER AVE,04-At/near private drive,02-Thru lane,01-Clear,01-Daylight,INTERSECTION,
699,11-239536,20111014,OTTAWA ST N @ KING ST E / OTTAWA ST S,04-At/near private drive,02-Thru lane,02-Rain,99-Other,INTERSECTION,
700,11-043816,20110225,RIVER RD E @ HOLBORN DR,02-Intersection related,02-Thru lane,01-Clear,01-Daylight,INTERSECTION,
701,11-247729,20111025,ACTIVA AVE @ BRIDLEWREATH ST,04-At/near private drive,09-Right shoulder,01-Clear,01-Daylight,INTERSECTION,
702,11-198502,20110829,SCOTT ST @ DUKE ST E,05-At railway crossing,02-Thru lane,01-Clear,01-Daylight,INTERSECTION,
703,11-219520,20110921,CONESTOGA COLLEGE BLVD @ HOMER WATSON BLVD,01-Non intersection,02-Thru lane,01-Clear,01-Daylight,INTERSECTION,
704,11-101569,20110507,BELMONT AVE W @ CLAREMONT AVE,01-Non intersection,02-Thru lane,01-Clear,01-Daylight,INTERSECTION,
705,11-073545,20110402,KING ST W @ GAUKEL ST,03-At intersection,01-Within intersection,01-Clear,01-Daylight,INTERSECTION,
706,11-086369,20110418,KING ST E @ QUEEN ST N,02-Intersection related,02-Thru lane,01-Clear,01-Daylight,INTERSECTION,
707,11-096187,20110430,RIVER RD E @ LORRAINE AVE,03-At intersection,01-Within intersection,01-Clear,01-Daylight,INTERSECTION,
708,11-185798,20110814,WESTFOREST TRAIL @ HIDDEN CREEK DR,02-Intersection related,01-Within intersection,01-Clear,01-Daylight,INTERSECTION,
709,11-053341,20110309,BELMONT AVE W @ ROCK AVE,04-At/near private drive,01-Within intersection,01-Clear,01-Daylight,INTERSECTION,
710,11-034816,20110214,WOODSIDE AVE @ QUEEN ST S,01-Non intersection,02-Thru lane,01-Clear,01-Daylight,INTERSECTION,
711,11-051117,20110306,WABANAKI DR @ WILSON AVE,02-Intersection related,04-Right turn lane,01-Clear,01-Daylight,INTERSECTION,
712,11-058294,20110305,DUKE ST E @ EBY ST N,01-Non intersection,02-Thru lane,01-Clear,01-Daylight,INTERSECTION,
713,11-298566,20111230,KING ST W @ FRANCIS ST S / FRANCIS ST N,03-At intersection,01-Within intersection,02-Rain,"08-Dark, artificial",INTERSECTION,
714,11-297619,20111227,HERITAGE DR @ LORRAINE AVE,03-At intersection,02-Thru lane,03-Snow,"08-Dark, artificial",INTERSECTION,
715,11-292162,20111217,TALBOT ST @ BELMONT AVE W,04-At/near private drive,02-Thru lane,01-Clear,01-Daylight,INTERSECTION,
716,11-043559,20110225,TRILLIUM DR @ STRASBURG RD,02-Intersection related,02-Thru lane,01-Clear,01-Daylight,INTERSECTION,
717,11-013217,20110118,WOOLWICH ST @ SUNBRIDGE CRES,01-Non intersection,02-Thru lane,01-Clear,07-Dark,INTERSECTION,
718,11-038921,20110219,HOMER WATSON BLVD @ MANITOU DR / DOON VILLAGE RD,10-Parking lot,,06-Strong wind,01-Daylight,INTERSECTION,
719,11-025737,20110203,OLD MILL RD @ DOON VALLEY DR,04-At/near private drive,12-Off highway,03-Snow,01-Daylight,INTERSECTION,
720,11-032081,20110211,QUEEN ST N @ DUKE ST E / DUKE ST W,02-Intersection related,02-Thru lane,01-Clear,01-Daylight,INTERSECTION,
721,11-071121,20110329,ACTIVA AVE @ DAVID BERGEY DR,02-Intersection related,02-Thru lane,01-Clear,"02-Daylight, artificial",INTERSECTION,
722,11-065903,20110323,RENNIE DR @ ANTHONY PL,02-Intersection related,09-Right shoulder,03-Snow,07-Dark,INTERSECTION,
723,11-069255,20110328,SIMEON ST @ KRUG ST,03-At intersection,01-Within intersection,01-Clear,01-Daylight,INTERSECTION,
724,11-067011,20110325,DUKE ST W @ COLLEGE ST,03-At intersection,01-Within intersection,01-Clear,01-Daylight,INTERSECTION,
725,11-066288,20110324,OTTAWA ST N @ RIVER RD E,04-At/near private drive,02-Thru lane,01-Clear,01-Daylight,INTERSECTION,
726,11-013841,20110119,PARK ST @ CHERRY ST,06-Underpass or tunnel,02-Thru lane,01-Clear,01-Daylight,INTERSECTION,
727,11-037247,20110216,UNION BLVD @ DUNBAR RD,03-At intersection,01-Within intersection,01-Clear,01-Daylight,INTERSECTION,
728,11-037981,20110217,WILSON AVE @ FAIRWAY RD S,04-At/near private drive,02-Thru lane,01-Clear,01-Daylight,INTERSECTION,
729,11-196734,20110827,SPORTSWORLD DR @ GATEWAY PARK DR / HELDMANN RD,01-Non intersection,02-Thru lane,01-Clear,01-Daylight,INTERSECTION,
730,11-025433,20110202,STIRLING AVE S @ LORNE AVE / LORNE CRES,01-Non intersection,02-Thru lane,03-Snow,01-Daylight,INTERSECTION,
731,11-030571,20110209,CARWOOD CRES @ CARWOOD AVE,04-At/near private drive,02-Thru lane,01-Clear,01-Daylight,INTERSECTION,
732,11-056228,20110312,RIVER RD E @ LORRAINE AVE,02-Intersection related,02-Thru lane,01-Clear,01-Daylight,INTERSECTION,
733,11-124193,20110603,GREENBROOK DR @ VILLAGE RD / FOREST HILL DR,03-At intersection,02-Thru lane,01-Clear,01-Daylight,INTERSECTION,
734,11-012017,20110117,STIRLING AVE S @ KING ST E / STIRLING AVE N,02-Intersection related,02-Thru lane,01-Clear,01-Daylight,INTERSECTION,
735,11-076758,20110405,QUEEN ST S @ ST GEORGE ST,03-At intersection,02-Thru lane,01-Clear,01-Daylight,INTERSECTION,
736,11-285798,20111209,ACTIVA AVE @ ISAIAH DR,03-At intersection,02-Thru lane,01-Clear,01-Daylight,INTERSECTION,
737,11-289798,20111217,WESTHEIGHTS DR @ MCGARRY DR,01-Non intersection,11-Not on roadway - right side,03-Snow,"08-Dark, artificial",INTERSECTION,
738,11-013101,20110118,MT HOPE ST @ PARK ST,01-Non intersection,02-Thru lane,02-Rain,01-Daylight,INTERSECTION,
739,11-030887,20110208,KING ST E @ FREDERICK ST / BENTON ST,01-Non intersection,09-Right shoulder,01-Clear,"08-Dark, artificial",INTERSECTION,
740,11-029339,20110207,PARK ST @ VICTORIA ST S,01-Non intersection,02-Thru lane,01-Clear,01-Daylight,INTERSECTION,
741,11-026175,20110203,BELMONT AVE W @ VICTORIA ST S,04-At/near private drive,02-Thru lane,01-Clear,01-Daylight,INTERSECTION,
742,11-006246,20110109,KENSINGTON AVE @ CHELSEA RD,04-At/near private drive,10-Not on roadway - left side,01-Clear,01-Daylight,INTERSECTION,
743,11-004705,20110106,UNION BLVD @ PARK ST,02-Intersection related,02-Thru lane,01-Clear,07-Dark,INTERSECTION,
744,11-015553,20110121,STRASBURG RD @ HURON RD,02-Intersection related,02-Thru lane,01-Clear,01-Daylight,INTERSECTION,
745,11-038485,20110218,ONTARIO ST S @ JOSEPH ST,03-At intersection,01-Within intersection,01-Clear,07-Dark,INTERSECTION,
746,11-078481,20110408,CONESTOGA COLLEGE BLVD @ HOMER WATSON BLVD,04-At/near private drive,02-Thru lane,01-Clear,01-Daylight,INTERSECTION,
747,11-079138,20110408,OTTAWA ST N @ RIVER RD E,04-At/near private drive,02-Thru lane,01-Clear,05-Dusk,INTERSECTION,
748,11-021278,20110128,DONNENWERTH DR @ PERIWINKLE ST,01-Non intersection,02-Thru lane,01-Clear,01-Daylight,INTERSECTION,
749,11-116307,20110525,CHARLES ST E @ SYDNEY ST S,03-At intersection,01-Within intersection,01-Clear,01-Daylight,INTERSECTION,
750,11-051111,20110306,DOON SOUTH DR @ WINDRUSH TRAIL,03-At intersection,01-Within intersection,01-Clear,01-Daylight,INTERSECTION,
751,11-051135,20110306,MCGARRY DR @ ELM RIDGE DR,02-Intersection related,02-Thru lane,01-Clear,01-Daylight,INTERSECTION,
752,11-051155,20110306,STIRLING AVE S @ MILL ST,02-Intersection related,11-Not on roadway - right side,01-Clear,01-Daylight,INTERSECTION,
753,11-069106,20110325,QUEENS BLVD @ BLUERIDGE AVE,03-At intersection,02-Thru lane,01-Clear,01-Daylight,INTERSECTION,
754,11-084076,20110415,KING ST E @ QUEEN ST N,01-Non intersection,11-Not on roadway - right side,01-Clear,01-Daylight,INTERSECTION,
755,11-234840,20111009,KELLY DR @ QUEENS BLVD,01-Non intersection,02-Thru lane,01-Clear,01-Daylight,INTERSECTION,
756,11-014914,20110120,KING ST E @ QUEEN ST N,03-At intersection,02-Thru lane,03-Snow,07-Dark,INTERSECTION,
757,11-061564,20110318,WINDERMERE CRT @ ROLLING MEADOWS DR,04-At/near private drive,02-Thru lane,01-Clear,07-Dark,INTERSECTION,