OBJECTID,ACCIDENTNUM,ACCIDENTDATE,LOCATION,ACCIDENT_LOCATION,IMPACT_LOCATION,ENVIRONMENT_CONDITION,LIGHT,COLLISION_TYPE,TRAFFICCOLLISIONSID
758,11-110732,20110518,BLOCK LINE RD @ STRASBURG RD,03-At intersection,03-Left turn lane,01-Clear,01-Daylight,INTERSECTION,
759,11-112528,20110520,UNION BLVD @ PARK ST,03-At intersection,01-Within intersection,01-Clear,01-Daylight,INTERSECTION,
760,11-065496,20110323,WABANAKI DR @ WILSON AVE,03-At intersection,01-Within intersection,03-Snow,01-Daylight,INTERSECTION,
761,11-122765,20110601,KING ST W @ WATER ST N / WATER ST S,02-Intersection related,02-Thru lane,01-Clear,01-Daylight,INTERSECTION,
762,11-140052,20110621,WILSON AVE @ TRAYNOR AVE,03-At intersection,01-Within intersection,01-Clear,01-Daylight,INTERSECTION,
763,11-134890,20110615,KINZIE AVE @ RIVER RD E,03-At intersection,01-Within intersection,01-Clear,01-Daylight,INTERSECTION,
764,11-238531,20111014,KING ST E @ PANDORA AVE N / PANDORA AVE S,03-At intersection,01-Within intersection,02-Rain,01-Daylight,INTERSECTION,
765,11-224463,20110928,FIRST AVE @ ECKERT ST,04-At/near private drive,11-Not on roadway - right side,01-Clear,07-Dark,INTERSECTION,
766,11-218156,20110920,STIRLING AVE S @ GREENBROOK DR,03-At intersection,02-Thru lane,01-Clear,"08-Dark, artificial",INTERSECTION,
767,11-116260,20110525,RIVER RD E @ LORRAINE AVE,02-Intersection related,02-Thru lane,01-Clear,01-Daylight,INTERSECTION,
768,11-100148,20110505,QUEENS BLVD @ BELMONT AVE W / BELMONT AVE E,02-Intersection related,01-Within intersection,01-Clear,01-Daylight,INTERSECTION,
769,11-073116,20110401,STIRLING AVE N @ EAST AVE,01-Non intersection,02-Thru lane,01-Clear,"08-Dark, artificial",INTERSECTION,
770,11-080816,20110411,BELMONT AVE W @ GAGE AVE,01-Non intersection,02-Thru lane,01-Clear,01-Daylight,INTERSECTION,
771,11-003099,20110105,KING ST E @ CAMERON ST S / CAMERON ST N,03-At intersection,01-Within intersection,01-Clear,01-Daylight,INTERSECTION,
772,11-004045,20110106,WELLINGTON ST N @ SPRING VALLEY RD,01-Non intersection,09-Right shoulder,03-Snow,07-Dark,INTERSECTION,
773,11-109241,20110516,FRANKLIN ST S @ KINGSWAY DR,03-At intersection,04-Right turn lane,01-Clear,01-Daylight,INTERSECTION,
774,11-118083,20110527,BELMONT AVE W @ GAGE AVE,03-At intersection,01-Within intersection,01-Clear,01-Daylight,INTERSECTION,
775,11-093087,20110426,GLASGOW ST @ BELMONT AVE W,01-Non intersection,02-Thru lane,01-Clear,01-Daylight,INTERSECTION,
776,11-043106,20110224,CHERRY ST @ STRANGE ST,03-At intersection,01-Within intersection,01-Clear,01-Daylight,INTERSECTION,
777,11-087890,20110419,ALPINE RD @ FLINT DR,01-Non intersection,02-Thru lane,02-Rain,07-Dark,INTERSECTION,
778,11-067742,20110325,BORDEN AVE N @ KING ST E / BORDEN AVE S,02-Intersection related,01-Within intersection,01-Clear,01-Daylight,INTERSECTION,
779,11-220677,20110923,CONNAUGHT ST @ EIGHTH AVE,03-At intersection,01-Within intersection,"07-Fog, mist, smoke, dust",05-Dusk,INTERSECTION,
780,11-223076,20110922,SPORTSWORLD DR @ GATEWAY PARK DR / HELDMANN RD,04-At/near private drive,02-Thru lane,01-Clear,01-Daylight,INTERSECTION,
781,11-184916,20110813,BLOCK LINE RD @ STRASBURG RD,02-Intersection related,02-Thru lane,01-Clear,01-Daylight,INTERSECTION,
782,11-092090,20110425,DAIMLER DR @ OLD CHICOPEE DR,01-Non intersection,02-Thru lane,01-Clear,01-Daylight,INTERSECTION,
783,11-151824,20110705,MANCHESTER RD @ RIVER RD E,03-At intersection,01-Within intersection,,01-Daylight,INTERSECTION,
784,11-126285,20110605,ACTIVA AVE @ HENHOEFFER CRES,01-Non intersection,02-Thru lane,01-Clear,01-Daylight,INTERSECTION,
785,11-083173,20110414,UNION BLVD @ BELMONT AVE W,04-At/near private drive,02-Thru lane,01-Clear,01-Daylight,INTERSECTION,
786,11-037097,20110217,CONFEDERATION DR @ TUPPER CRES,04-At/near private drive,02-Thru lane,01-Clear,01-Daylight,INTERSECTION,
787,11-030857,20110209,CHARLES ST E @ SYDNEY ST S,03-At intersection,11-Not on roadway - right side,01-Clear,07-Dark,INTERSECTION,
788,11-036508,20110216,KING ST W @ ONTARIO ST S / ONTARIO ST N,03-At intersection,02-Thru lane,01-Clear,01-Daylight,INTERSECTION,
789,11-020425,20110127,BLOCK LINE RD @ KINGSWOOD DR,01-Non intersection,02-Thru lane,03-Snow,01-Daylight,INTERSECTION,
790,11-153503,20110707,WESTHEIGHTS DR @ ROLLING MEADOWS DR,04-At/near private drive,02-Thru lane,01-Clear,01-Daylight,INTERSECTION,
791,11-155559,20110709,HURON RD @ MILL PARK DR / WILSON AVE,03-At intersection,11-Not on roadway - right side,01-Clear,"08-Dark, artificial",INTERSECTION,
792,11-294939,20111224,BELMONT AVE W @ CLAREMONT AVE,03-At intersection,01-Within intersection,01-Clear,01-Daylight,INTERSECTION,
793,11-039007,20110218,BUSH CLOVER CRES @ ACTIVA AVE,04-At/near private drive,02-Thru lane,01-Clear,01-Daylight,INTERSECTION,
794,11-055982,20110311,SPORTSWORLD DR @ GATEWAY PARK DR / HELDMANN RD,04-At/near private drive,02-Thru lane,01-Clear,01-Daylight,INTERSECTION,
795,11-025117,20110202,WELLINGTON ST N @ MARGARET AVE,03-At intersection,01-Within intersection,03-Snow,01-Daylight,INTERSECTION,
796,11-033125,20110212,COUNTRY HILL DR @ BLOCK LINE RD,03-At intersection,03-Left turn lane,01-Clear,01-Daylight,INTERSECTION,
797,11-033129,20110212,COMMONWEALTH CRES @ ISABELLA ST,04-At/near private drive,02-Thru lane,03-Snow,01-Daylight,INTERSECTION,
798,11-028585,20110206,WILSON AVE @ WEBSTER RD,01-Non intersection,11-Not on roadway - right side,03-Snow,"06-Dusk, artificial",INTERSECTION,
799,11-050069,20110304,HOMER WATSON BLVD @ HOFFMAN ST,02-Intersection related,02-Thru lane,02-Rain,07-Dark,INTERSECTION,
800,11-070459,20110329,KINZIE AVE @ THALER AVE,03-At intersection,01-Within intersection,01-Clear,01-Daylight,INTERSECTION,
801,11-294297,20111223,HEIMAN ST @ HIGHLAND RD E,03-At intersection,01-Within intersection,01-Clear,01-Daylight,INTERSECTION,
802,11-292914,20111221,WESTHEIGHTS DR @ ROLLING MEADOWS DR,03-At intersection,01-Within intersection,01-Clear,01-Daylight,INTERSECTION,
803,11-199147,20110825,MOWAT BLVD @ CHANDLER DR,04-At/near private drive,09-Right shoulder,01-Clear,07-Dark,INTERSECTION,
804,11-056254,20110312,WILSON AVE @ FAIRWAY RD S,04-At/near private drive,02-Thru lane,01-Clear,07-Dark,INTERSECTION,
805,11-100758,20110506,BLOCK LINE RD @ KINGSWOOD DR,03-At intersection,01-Within intersection,01-Clear,01-Daylight,INTERSECTION,
806,11-103394,20110509,RIVER RD E @ FREDERICK ST,02-Intersection related,02-Thru lane,01-Clear,01-Daylight,INTERSECTION,
807,11-056483,20110313,LAWRENCE AVE @ KARN ST,02-Intersection related,11-Not on roadway - right side,03-Snow,07-Dark,INTERSECTION,
808,11-062664,20110220,MONTCALM DR @ INDIAN RD,01-Non intersection,02-Thru lane,01-Clear,07-Dark,INTERSECTION,
809,11-112223,20110517,LAURENTIAN DR @ BLOCK LINE RD,03-At intersection,01-Within intersection,02-Rain,01-Daylight,INTERSECTION,
810,11-144395,20110626,MAX BECKER DR @ COMMONWEALTH ST,02-Intersection related,02-Thru lane,01-Clear,01-Daylight,INTERSECTION,
811,11-130402,20110610,BELMONT AVE W @ HIGHLAND RD W,04-At/near private drive,02-Thru lane,01-Clear,01-Daylight,INTERSECTION,
812,11-192543,20110820,DONNENWERTH DR @ PERIWINKLE ST,04-At/near private drive,02-Thru lane,02-Rain,07-Dark,INTERSECTION,
813,11-189252,20110818,GLASGOW ST @ BELMONT AVE W,02-Intersection related,02-Thru lane,02-Rain,01-Daylight,INTERSECTION,
814,11-219332,20110922,STIRLING AVE S @ HIGHLAND RD E,02-Intersection related,02-Thru lane,01-Clear,01-Daylight,INTERSECTION,
815,11-214127,20110916,OTTAWA ST S @ STRASBURG RD,01-Non intersection,02-Thru lane,01-Clear,01-Daylight,INTERSECTION,
816,11-224269,20110927,OLD CHICOPEE DR @ EDENBRIDGE DR,01-Non intersection,02-Thru lane,01-Clear,01-Daylight,INTERSECTION,
817,11-004750,20110107,GREEN VALLEY DR @ ARROWHEAD CRES,01-Non intersection,02-Thru lane,01-Clear,01-Daylight,INTERSECTION,
818,11-101046,20110506,ONTARIO ST N @ DUKE ST W,02-Intersection related,02-Thru lane,02-Rain,01-Daylight,INTERSECTION,
819,11-111554,20110517,EAST AVE @ KRUG ST,03-At intersection,04-Right turn lane,02-Rain,01-Daylight,INTERSECTION,
820,11-108202,20110515,COUNTRY HILL DR @ BLOCK LINE RD,03-At intersection,01-Within intersection,02-Rain,07-Dark,INTERSECTION,
821,11-097765,20110502,RIVER RD E @ FREDERICK ST,04-At/near private drive,02-Thru lane,01-Clear,01-Daylight,INTERSECTION,
822,11-080718,20110411,BATTLER RD @ HURON RD,03-At intersection,01-Within intersection,01-Clear,01-Daylight,INTERSECTION,
823,11-125147,20110604,FERGUS AVE @ WEBER ST E,04-At/near private drive,02-Thru lane,01-Clear,01-Daylight,INTERSECTION,
824,11-248773,20111026,KINGSWAY DR @ GREENFIELD AVE,04-At/near private drive,02-Thru lane,02-Rain,07-Dark,INTERSECTION,
825,11-256203,20111104,GUELPH ST @ ST VINCENT ST / ARNOLD ST,04-At/near private drive,09-Right shoulder,01-Clear,01-Daylight,INTERSECTION,
826,11-258355,20111105,KRUG ST @ CAMBRIDGE AVE,04-At/near private drive,09-Right shoulder,01-Clear,"08-Dark, artificial",INTERSECTION,
827,11-289311,20111216,QUEENS BLVD @ HIGHLAND RD W / HIGHLAND RD E / QUEEN ST S,04-At/near private drive,02-Thru lane,03-Snow,"08-Dark, artificial",INTERSECTION,
828,11-288514,20111215,BLOCK LINE RD @ KINGSWOOD DR,03-At intersection,01-Within intersection,02-Rain,01-Daylight,INTERSECTION,
829,11-065500,20110323,KING ST W @ WATER ST N / WATER ST S,03-At intersection,01-Within intersection,03-Snow,01-Daylight,INTERSECTION,
830,11-003482,20110104,SPADINA RD E @ QUEENS BLVD / SPADINA RD W,01-Non intersection,02-Thru lane,03-Snow,"08-Dark, artificial",INTERSECTION,
831,11-004789,20110107,FERGUS AVE @ FALESY AVE,01-Non intersection,02-Thru lane,01-Clear,01-Daylight,INTERSECTION,
832,11-095234,20110428,ARDELT AVE @ HANSON AVE,04-At/near private drive,09-Right shoulder,01-Clear,01-Daylight,INTERSECTION,
833,11-141693,20110623,PARK ST @ GREEN ST,01-Non intersection,02-Thru lane,01-Clear,01-Daylight,INTERSECTION,
834,11-002643,20110104,MCGARRY DR @ ELM RIDGE DR,04-At/near private drive,02-Thru lane,03-Snow,"08-Dark, artificial",INTERSECTION,
835,11-031364,20110210,RIVERBEND DR @ BRIDGEPORT RD,01-Non intersection,02-Thru lane,01-Clear,01-Daylight,INTERSECTION,
836,11-029878,20110208,AHRENS ST W @ WELLINGTON ST N,02-Intersection related,01-Within intersection,01-Clear,01-Daylight,INTERSECTION,
837,11-028781,20110207,PARK ST @ AGNES ST,01-Non intersection,02-Thru lane,03-Snow,01-Daylight,INTERSECTION,
838,11-214225,20110916,MAX BECKER DR @ COMMONWEALTH ST,03-At intersection,01-Within intersection,01-Clear,01-Daylight,INTERSECTION,
839,11-219406,20110922,MARGARET AVE @ UNION ST,03-At intersection,01-Within intersection,01-Clear,01-Daylight,INTERSECTION,
840,11-035310,20110215,MORGAN AVE @ GREENDALE CRES,03-At intersection,01-Within intersection,01-Clear,01-Daylight,INTERSECTION,
841,11-100280,20110505,HOMER WATSON BLVD @ HOFFMAN ST,01-Non intersection,02-Thru lane,01-Clear,01-Daylight,INTERSECTION,
842,11-105675,20110512,HEIMAN ST @ HIGHLAND RD E,01-Non intersection,02-Thru lane,01-Clear,01-Daylight,INTERSECTION,
843,11-107245,20110323,WILSON AVE @ TRAYNOR AVE,03-At intersection,01-Within intersection,01-Clear,01-Daylight,INTERSECTION,
844,11-065862,20110324,DUKE ST W @ FRANCIS ST N,02-Intersection related,11-Not on roadway - right side,01-Clear,01-Daylight,INTERSECTION,
845,11-107469,20110514,RIVER RD E @ KRUG ST,01-Non intersection,11-Not on roadway - right side,01-Clear,07-Dark,INTERSECTION,
846,11-075952,20110405,DUMFRIES AVE @ KRUG ST,02-Intersection related,02-Thru lane,01-Clear,01-Daylight,INTERSECTION,
847,11-076784,20110406,FRANKLIN ST N @ WEBER ST E,04-At/near private drive,03-Left turn lane,01-Clear,01-Daylight,INTERSECTION,
848,11-072764,20110401,GLASGOW ST @ BELMONT AVE W,01-Non intersection,02-Thru lane,01-Clear,01-Daylight,INTERSECTION,
849,11-076680,20110406,OTTAWA ST S @ STRASBURG RD,04-At/near private drive,02-Thru lane,01-Clear,01-Daylight,INTERSECTION,
850,11-172218,20110729,WOODHAVEN RD @ WILSON AVE,03-At intersection,01-Within intersection,01-Clear,01-Daylight,INTERSECTION,
851,11-178967,20110806,DUKE ST E @ EBY ST N,01-Non intersection,02-Thru lane,01-Clear,01-Daylight,INTERSECTION,
852,11-176241,20110803,ACTIVA AVE @ HACKBERRY ST / GREY FOX DR,01-Non intersection,02-Thru lane,01-Clear,01-Daylight,INTERSECTION,
853,11-159103,20110714,WILSON AVE @ WEBSTER RD,01-Non intersection,10-Not on roadway - left side,01-Clear,01-Daylight,INTERSECTION,
854,11-190134,20110819,BLOCK LINE RD @ STRASBURG RD,03-At intersection,01-Within intersection,01-Clear,01-Daylight,INTERSECTION,
855,11-051017,20110306,DOON VILLAGE RD @ MILLWOOD CRES,02-Intersection related,02-Thru lane,01-Clear,01-Daylight,INTERSECTION,
856,11-099034,20110504,SPADINA RD E @ QUEENS BLVD / SPADINA RD W,03-At intersection,01-Within intersection,01-Clear,01-Daylight,INTERSECTION,
857,11-100261,20110505,RIVER RD E @ HICKSON DR,01-Non intersection,02-Thru lane,01-Clear,01-Daylight,INTERSECTION,
858,11-100290,20110505,YOUNG ST @ ROY ST,03-At intersection,01-Within intersection,01-Clear,01-Daylight,INTERSECTION,
859,11-086896,20110418,CHERRY ST @ STRANGE ST,02-Intersection related,02-Thru lane,01-Clear,07-Dark,INTERSECTION,
860,11-141150,20110622,WESTHEIGHTS DR @ WESTVIEW CRES,01-Non intersection,02-Thru lane,01-Clear,01-Daylight,INTERSECTION,
861,11-141873,20110623,DEVONGLEN DR @ CENTURY HILL DR,03-At intersection,01-Within intersection,01-Clear,01-Daylight,INTERSECTION,
862,11-282949,20111208,WATER ST N @ DUKE ST W,03-At intersection,01-Within intersection,01-Clear,01-Daylight,INTERSECTION,
863,11-278231,20111202,QUEEN ST S @ JOSEPH ST,02-Intersection related,02-Thru lane,01-Clear,01-Daylight,INTERSECTION,
864,11-216687,20110917,DUKE ST E @ EBY ST N,04-At/near private drive,02-Thru lane,01-Clear,01-Daylight,INTERSECTION,
865,11-217145,20110913,MT HOPE ST @ PARK ST,03-At intersection,01-Within intersection,01-Clear,01-Daylight,INTERSECTION,
866,11-007112,20110110,HEIMAN ST @ HIGHLAND RD E,03-At intersection,01-Within intersection,01-Clear,"08-Dark, artificial",INTERSECTION,
867,11-004540,20110107,SHANLEY ST @ WATERLOO ST,03-At intersection,01-Within intersection,01-Clear,01-Daylight,INTERSECTION,
868,11-007502,20110111,SPADINA RD E @ QUEENS BLVD / SPADINA RD W,01-Non intersection,02-Thru lane,01-Clear,01-Daylight,INTERSECTION,
869,11-004791,20110107,CHARLES ST E @ SYDNEY ST S,03-At intersection,02-Thru lane,01-Clear,01-Daylight,INTERSECTION,
870,11-086614,20110418,WATER ST N @ DUKE ST W,03-At intersection,03-Left turn lane,01-Clear,01-Daylight,INTERSECTION,
871,11-109719,20110517,HOLBORN DR @ OLD CHICOPEE DR,03-At intersection,01-Within intersection,01-Clear,01-Daylight,INTERSECTION,
872,11-110058,20110517,RIVER RD E @ HALLIWELL DR,03-At intersection,03-Left turn lane,02-Rain,01-Daylight,INTERSECTION,
873,11-109252,20110516,MADISON AVE N @ KING ST E / MADISON AVE S,02-Intersection related,11-Not on roadway - right side,01-Clear,01-Daylight,INTERSECTION,
874,11-086774,20110418,KING ST E @ FREDERICK ST / BENTON ST,01-Non intersection,02-Thru lane,01-Clear,01-Daylight,INTERSECTION,
875,11-128736,20110606,QUEEN ST S @ MILL ST,01-Non intersection,02-Thru lane,01-Clear,01-Daylight,INTERSECTION,
876,11-142759,20110624,BELMONT AVE W @ ROCK AVE,03-At intersection,01-Within intersection,01-Clear,01-Daylight,INTERSECTION,
877,11-148734,20110629,OLD CHICOPEE DR @ CONWAY DR,04-At/near private drive,02-Thru lane,01-Clear,01-Daylight,INTERSECTION,
878,11-148449,20110701,OTTAWA ST N @ RIVER RD E,04-At/near private drive,02-Thru lane,01-Clear,01-Daylight,INTERSECTION,
879,11-029616,20110208,SCHNEIDER AVE @ DAVID ST,01-Non intersection,02-Thru lane,01-Clear,01-Daylight,INTERSECTION,
880,11-140829,20110622,WATER ST N @ DUKE ST W,03-At intersection,01-Within intersection,01-Clear,01-Daylight,INTERSECTION,
881,11-009325,20110113,STIRLING AVE S @ HIGHLAND RD E,02-Intersection related,02-Thru lane,01-Clear,07-Dark,INTERSECTION,
882,11-001496,20111231,HEIMAN ST @ LORNE AVE / HUGO CRES,04-At/near private drive,09-Right shoulder,01-Clear,01-Daylight,INTERSECTION,
883,11-025373,20110202,FORWELL RD @ CENTENNIAL RD,03-At intersection,01-Within intersection,01-Clear,01-Daylight,INTERSECTION,
884,11-130374,20110610,WILSON AVE @ FAIRWAY RD S,04-At/near private drive,02-Thru lane,01-Clear,01-Daylight,INTERSECTION,
885,11-296362,20111222,LORRAINE AVE @ MONTCALM DR,02-Intersection related,02-Thru lane,01-Clear,01-Daylight,INTERSECTION,
886,11-119104,20110528,WILSON AVE @ FAIRWAY RD S,04-At/near private drive,02-Thru lane,01-Clear,01-Daylight,INTERSECTION,
887,11-126554,20110606,WESTHEIGHTS DR @ WINDING WAY,04-At/near private drive,02-Thru lane,01-Clear,01-Daylight,INTERSECTION,
888,11-025201,20110201,STIRLING AVE S @ KING ST E / STIRLING AVE N,03-At intersection,02-Thru lane,01-Clear,01-Daylight,INTERSECTION,
889,11-035503,20110215,QUEEN ST N @ DUKE ST E / DUKE ST W,02-Intersection related,02-Thru lane,01-Clear,01-Daylight,INTERSECTION,
890,11-037921,20110218,DOON VILLAGE RD @ BECHTEL DR,03-At intersection,01-Within intersection,01-Clear,01-Daylight,INTERSECTION,
891,11-078941,20110409,SYDNEY ST S @ BEDFORD RD,03-At intersection,01-Within intersection,01-Clear,01-Daylight,INTERSECTION,
892,11-140428,20110621,BORDEN AVE N @ KING ST E / BORDEN AVE S,02-Intersection related,02-Thru lane,01-Clear,01-Daylight,INTERSECTION,
893,11-163033,20110718,WELLINGTON ST N @ SHIRLEY AVE / RIVERBEND DR,03-At intersection,01-Within intersection,01-Clear,01-Daylight,INTERSECTION,
894,11-154887,20110709,KING ST E @ ONWARD AVE,,,,,INTERSECTION,
895,11-026083,20110203,COMMONWEALTH CRES @ ISABELLA ST,03-At intersection,02-Thru lane,01-Clear,01-Daylight,INTERSECTION,
896,11-019694,20110126,RIVER RD E @ KRUG ST,02-Intersection related,02-Thru lane,01-Clear,01-Daylight,INTERSECTION,
897,11-035423,20110215,HOMER WATSON BLVD @ OTTAWA ST S,01-Non intersection,02-Thru lane,01-Clear,01-Daylight,INTERSECTION,
898,11-028810,20110207,BLOCK LINE RD @ STRASBURG RD,02-Intersection related,02-Thru lane,03-Snow,01-Daylight,INTERSECTION,
899,11-035394,20110215,EBY ST S @ EBY ST N / KING ST E,01-Non intersection,02-Thru lane,01-Clear,01-Daylight,INTERSECTION,
900,11-035818,20110215,HOMER WATSON BLVD @ OTTAWA ST S,01-Non intersection,02-Thru lane,01-Clear,01-Daylight,INTERSECTION,
901,11-045259,20110226,SHIRK PL @ WOOLWICH ST,01-Non intersection,02-Thru lane,03-Snow,"08-Dark, artificial",INTERSECTION,
902,11-002754,20110104,BLOCK LINE RD @ STRASBURG RD,03-At intersection,01-Within intersection,03-Snow,"08-Dark, artificial",INTERSECTION,
903,11-002711,20110104,PIONEER DR @ UPPER CANADA DR,01-Non intersection,08-Left shoulder,03-Snow,07-Dark,INTERSECTION,
904,11-000355,20110101,BLOCK LINE RD @ KINGSWOOD DR,03-At intersection,01-Within intersection,02-Rain,01-Daylight,INTERSECTION,
905,11-142404,20110624,DUMFRIES AVE @ CHAPEL ST,01-Non intersection,11-Not on roadway - right side,02-Rain,01-Daylight,INTERSECTION,
906,11-026168,20110203,VANIER DR @ SIEBERT AVE,03-At intersection,01-Within intersection,01-Clear,"06-Dusk, artificial",INTERSECTION,
907,11-006078,20110109,CEDAR ST N @ KING ST E / CEDAR ST S,03-At intersection,01-Within intersection,01-Clear,01-Daylight,INTERSECTION,
908,11-085830,20110417,STIRLING AVE S @ KING ST E / STIRLING AVE N,03-At intersection,01-Within intersection,01-Clear,01-Daylight,INTERSECTION,
909,11-081751,20110412,KRUG ST @ RIVER RD E,03-At intersection,01-Within intersection,01-Clear,01-Daylight,INTERSECTION,
910,11-108968,20110516,WELLINGTON ST N @ ST LEGER ST,01-Non intersection,02-Thru lane,02-Rain,01-Daylight,INTERSECTION,
911,11-065874,20110324,KING ST E @ FREDERICK ST / BENTON ST,01-Non intersection,02-Thru lane,01-Clear,01-Daylight,INTERSECTION,
912,11-129377,20110609,LANCASTER ST E @ IRVIN ST / BRUBACHER ST,01-Non intersection,02-Thru lane,01-Clear,01-Daylight,INTERSECTION,
913,11-136522,20110617,CEDAR ST N @ KING ST E / CEDAR ST S,04-At/near private drive,02-Thru lane,01-Clear,01-Daylight,INTERSECTION,
914,11-108321,20110515,QUEEN ST N @ DUKE ST E / DUKE ST W,03-At intersection,01-Within intersection,02-Rain,01-Daylight,INTERSECTION,
915,11-089426,20110421,HOMER WATSON BLVD @ STIRLING AVE S,99-Other,11-Not on roadway - right side,01-Clear,"08-Dark, artificial",INTERSECTION,
916,11-138335,20110619,SHIRLEY AVE @ BINGEMANS CENTRE DR,04-At/near private drive,11-Not on roadway - right side,01-Clear,01-Daylight,INTERSECTION,
917,11-294313,20111223,WILSON AVE @ KINGSWAY DR,04-At/near private drive,02-Thru lane,01-Clear,01-Daylight,INTERSECTION,
918,11-262506,20111111,QUEENS BLVD @ BELMONT AVE W / BELMONT AVE E,03-At intersection,03-Left turn lane,01-Clear,07-Dark,INTERSECTION,
919,11-201912,20110911,ELM RIDGE DR @ HILLBROOK CRES,04-At/near private drive,02-Thru lane,01-Clear,"08-Dark, artificial",INTERSECTION,
920,10-117927,20100607,ACTIVA AVE @ HACKBERRY ST / GREY FOX DR,02-Intersection related,02-Thru lane,01-Clear,01-Daylight,INTERSECTION,
921,10-109401,20100528,BELMONT AVE W @ GAGE AVE,03-At intersection,01-Within intersection,01-Clear,01-Daylight,INTERSECTION,
922,10-114631,20100604,QUEEN ST N @ LANCASTER ST W / LANCASTER ST E,03-At intersection,01-Within intersection,01-Clear,01-Daylight,INTERSECTION,
923,10-117148,20100607,HOMER WATSON BLVD @ STIRLING AVE S,02-Intersection related,03-Left turn lane,01-Clear,01-Daylight,INTERSECTION,
924,11-282841,20111208,CEDAR ST S @ CHURCH ST,03-At intersection,01-Within intersection,01-Clear,01-Daylight,INTERSECTION,
925,11-279783,20111204,BELMONT AVE W @ HIGHLAND RD W,04-At/near private drive,02-Thru lane,02-Rain,01-Daylight,INTERSECTION,
926,11-282902,20111208,WELLINGTON ST N @ SHIRLEY AVE / RIVERBEND DR,03-At intersection,02-Thru lane,01-Clear,01-Daylight,INTERSECTION,
927,11-009767,20110112,WESTMEADOW DR @ BANKSIDE DR / WESTFOREST TRAIL,04-At/near private drive,99-Other,03-Snow,01-Daylight,INTERSECTION,
928,11-293459,20111222,FIFTH AVE @ KINGSWAY DR,03-At intersection,02-Thru lane,01-Clear,01-Daylight,INTERSECTION,
929,10-246435,20101117,NATCHEZ RD @ CARSON DR,01-Non intersection,02-Thru lane,01-Clear,05-Dusk,INTERSECTION,
930,10-245662,20101116,MADISON AVE N @ KING ST E / MADISON AVE S,03-At intersection,01-Within intersection,02-Rain,"08-Dark, artificial",INTERSECTION,
931,10-219312,20101014,ONTARIO ST N @ DUKE ST W,01-Non intersection,02-Thru lane,01-Clear,01-Daylight,INTERSECTION,
932,10-118532,20100608,NORTH DR @ QUEENS BLVD,01-Non intersection,02-Thru lane,01-Clear,01-Daylight,INTERSECTION,
933,11-289333,20111216,DOON VILLAGE RD @ BECHTEL DR,03-At intersection,01-Within intersection,02-Rain,07-Dark,INTERSECTION,
934,11-276747,20111130,RIVER RD E @ FREDERICK ST,03-At intersection,01-Within intersection,01-Clear,03-Dawn,INTERSECTION,
935,11-280634,20111205,BELMONT AVE W @ ROCK AVE,02-Intersection related,03-Left turn lane,02-Rain,01-Daylight,INTERSECTION,
936,11-283414,20111209,DOON SOUTH DR @ WINDRUSH TRAIL,03-At intersection,02-Thru lane,03-Snow,01-Daylight,INTERSECTION,
937,11-243746,20111019,CEDARWOODS CRES @ KINGSWAY DR,01-Non intersection,02-Thru lane,01-Clear,01-Daylight,INTERSECTION,
938,11-247165,20111024,VICTORIA ST S @ HAZELGLEN DR,04-At/near private drive,02-Thru lane,01-Clear,"08-Dark, artificial",INTERSECTION,
939,11-218555,20110920,HOLBORN DR @ OLD CHICOPEE DR,01-Non intersection,02-Thru lane,02-Rain,01-Daylight,INTERSECTION,
940,11-226944,20110930,KING ST E @ SCOTT ST,01-Non intersection,02-Thru lane,02-Rain,01-Daylight,INTERSECTION,
941,11-231061,20111004,SPADINA RD E @ WENTWORTH AVE,01-Non intersection,02-Thru lane,01-Clear,01-Daylight,INTERSECTION,
942,10-020193,20100129,BLOCK LINE RD @ STRASBURG RD,02-Intersection related,02-Thru lane,01-Clear,01-Daylight,INTERSECTION,
943,10-004413,20100108,SHIRLEY AVE @ BINGEMANS CENTRE DR,04-At/near private drive,12-Off highway,03-Snow,01-Daylight,INTERSECTION,
944,11-266139,20111117,NINTH AVE @ GREENFIELD AVE,02-Intersection related,10-Not on roadway - left side,01-Clear,"08-Dark, artificial",INTERSECTION,
945,11-249486,20111027,BLOCK LINE RD @ STRASBURG RD,04-At/near private drive,02-Thru lane,01-Clear,01-Daylight,INTERSECTION,
946,11-241359,20111016,KING ST E @ CAMERON ST S / CAMERON ST N,03-At intersection,01-Within intersection,01-Clear,01-Daylight,INTERSECTION,
947,10-251464,20101124,WILSON AVE @ FAIRWAY RD S,04-At/near private drive,02-Thru lane,01-Clear,01-Daylight,INTERSECTION,