OBJECTID,ACCIDENTNUM,ACCIDENTDATE,LOCATION,ACCIDENT_LOCATION,IMPACT_LOCATION,ENVIRONMENT_CONDITION,LIGHT,COLLISION_TYPE,TRAFFICCOLLISIONSID
948,10-251287,20101124,HEIMAN ST @ LORNE AVE / HUGO CRES,03-At intersection,02-Thru lane,01-Clear,01-Daylight,INTERSECTION,
949,10-250820,20101123,BELMONT AVE W @ HIGHLAND RD W,04-At/near private drive,02-Thru lane,01-Clear,01-Daylight,INTERSECTION,
950,10-251118,20101124,FOREST GLEN CRES @ FORESTWOOD DR,01-Non intersection,02-Thru lane,01-Clear,01-Daylight,INTERSECTION,
951,11-275839,20111129,HOMER WATSON BLVD @ HOFFMAN ST,03-At intersection,02-Thru lane,02-Rain,01-Daylight,INTERSECTION,
952,11-267425,20111118,FRANKLIN ST S @ KINGSWAY DR,03-At intersection,01-Within intersection,01-Clear,01-Daylight,INTERSECTION,
953,11-275213,20111127,HOMER WATSON BLVD @ HOFFMAN ST,02-Intersection related,02-Thru lane,02-Rain,01-Daylight,INTERSECTION,
954,11-275869,20111129,UNION BLVD @ PARK ST,02-Intersection related,02-Thru lane,02-Rain,01-Daylight,INTERSECTION,
955,11-246932,20111024,STIRLING AVE S @ HIGHLAND RD E,03-At intersection,02-Thru lane,01-Clear,01-Daylight,INTERSECTION,
956,11-246888,20111024,BELMONT AVE W @ GAGE AVE,03-At intersection,01-Within intersection,01-Clear,01-Daylight,INTERSECTION,
957,11-237878,20111012,CEDAR ST N @ DUKE ST E,03-At intersection,01-Within intersection,01-Clear,01-Daylight,INTERSECTION,
958,11-236113,20111008,FOREST GLEN CRES @ FORESTWOOD DR,04-At/near private drive,09-Right shoulder,01-Clear,01-Daylight,INTERSECTION,
959,11-297793,20111229,KINGSWAY DR @ GREENFIELD AVE,04-At/near private drive,11-Not on roadway - right side,05-Drifting Snow,01-Daylight,INTERSECTION,
960,11-292811,20111221,HOMER WATSON BLVD @ MANITOU DR / DOON VILLAGE RD,04-At/near private drive,02-Thru lane,01-Clear,01-Daylight,INTERSECTION,
961,11-225183,20110928,LORRAINE AVE @ CARSON DR,03-At intersection,01-Within intersection,02-Rain,05-Dusk,INTERSECTION,
962,10-008179,20100113,WESTHEIGHTS DR @ ROLLING MEADOWS DR,02-Intersection related,01-Within intersection,01-Clear,"08-Dark, artificial",INTERSECTION,
963,10-008048,20100113,STRASBURG RD @ HURON RD,04-At/near private drive,02-Thru lane,01-Clear,01-Daylight,INTERSECTION,
964,10-001801,20100103,COMMONWEALTH ST @ COMMONWEALTH CRES,02-Intersection related,11-Not on roadway - right side,03-Snow,03-Dawn,INTERSECTION,
965,11-276059,20111129,CEDARWOODS CRES @ KINGSWAY DR,03-At intersection,01-Within intersection,02-Rain,01-Daylight,INTERSECTION,
966,11-285277,20111211,BELMONT AVE W @ METZLOFF DR,01-Non intersection,11-Not on roadway - right side,01-Clear,"08-Dark, artificial",INTERSECTION,
967,11-286478,20111213,WABANAKI DR @ WILSON AVE,03-At intersection,04-Right turn lane,01-Clear,01-Daylight,INTERSECTION,
968,11-233861,20111008,WILLIAMSBURG RD @ DINISON CRES,02-Intersection related,02-Thru lane,01-Clear,01-Daylight,INTERSECTION,
969,11-267455,20111118,RIVER RD E @ HOLBORN DR,03-At intersection,01-Within intersection,01-Clear,"06-Dusk, artificial",INTERSECTION,
970,11-272947,20111125,CHURCH ST @ EBY ST S,02-Intersection related,02-Thru lane,01-Clear,01-Daylight,INTERSECTION,
971,11-272241,20111124,QUEENS BLVD @ BELMONT AVE W / BELMONT AVE E,01-Non intersection,02-Thru lane,01-Clear,"08-Dark, artificial",INTERSECTION,
972,12-047862,20111123,SAMUEL ST @ STIRLING AVE N,01-Non intersection,02-Thru lane,01-Clear,01-Daylight,INTERSECTION,
973,11-014726,20110120,JUBILEE DR @ DAVID ST / COURTLAND AVE W,01-Non intersection,02-Thru lane,01-Clear,01-Daylight,INTERSECTION,
974,11-237593,20111013,QUEEN ST S @ ST GEORGE ST,03-At intersection,02-Thru lane,02-Rain,01-Daylight,INTERSECTION,
975,11-235653,20111010,KING ST W @ YOUNG ST,02-Intersection related,02-Thru lane,01-Clear,01-Daylight,INTERSECTION,
976,11-237834,20111013,FIFTH AVE @ KINGSWAY DR,03-At intersection,01-Within intersection,01-Clear,01-Daylight,INTERSECTION,
977,11-291338,20111217,SPORTSWORLD DR @ GATEWAY PARK DR / HELDMANN RD,04-At/near private drive,02-Thru lane,01-Clear,01-Daylight,INTERSECTION,
978,11-292756,20111221,WILSON AVE @ WEBSTER RD,03-At intersection,02-Thru lane,01-Clear,01-Daylight,INTERSECTION,
979,11-209006,20110909,DOON MILLS DR @ DOON SOUTH DR,03-At intersection,02-Thru lane,01-Clear,01-Daylight,INTERSECTION,
980,11-284333,20111209,LYDIA ST @ KRUG ST,01-Non intersection,02-Thru lane,01-Clear,"08-Dark, artificial",INTERSECTION,
981,11-285764,20111212,PARK ST @ GREEN ST,03-At intersection,02-Thru lane,01-Clear,01-Daylight,INTERSECTION,
982,11-282721,20111208,STIRLING AVE S @ PLEASANT AVE,02-Intersection related,02-Thru lane,01-Clear,01-Daylight,INTERSECTION,
983,11-105906,20110512,WELLINGTON ST N @ SHIRLEY AVE / RIVERBEND DR,99-Other,12-Off highway,01-Clear,01-Daylight,INTERSECTION,
984,11-156912,20110708,WELLINGTON ST N @ SHIRLEY AVE / RIVERBEND DR,04-At/near private drive,09-Right shoulder,01-Clear,01-Daylight,INTERSECTION,
985,11-297038,20111228,BELMONT AVE W @ HIGHLAND RD W,04-At/near private drive,02-Thru lane,01-Clear,01-Daylight,INTERSECTION,
986,10-002825,20100105,PIONEER DR @ DOON VILLAGE RD,02-Intersection related,02-Thru lane,01-Clear,01-Daylight,INTERSECTION,
987,11-239645,20111015,WILSON AVE @ WEBSTER RD,01-Non intersection,09-Right shoulder,02-Rain,01-Daylight,INTERSECTION,
988,11-244218,20111021,SCHNEIDER AVE @ DAVID ST,02-Intersection related,02-Thru lane,01-Clear,01-Daylight,INTERSECTION,
989,11-235661,20111001,CHARLES ST E @ SYDNEY ST S,01-Non intersection,02-Thru lane,01-Clear,01-Daylight,INTERSECTION,
990,11-202681,20110903,ST LEGER ST @ UNION ST,03-At intersection,01-Within intersection,01-Clear,01-Daylight,INTERSECTION,
991,11-190626,20110819,RIVER RD E @ EPHRAIM ST,03-At intersection,02-Thru lane,01-Clear,01-Daylight,INTERSECTION,
992,11-176268,20110802,WATERLOO ST @ GUELPH ST,03-At intersection,01-Within intersection,01-Clear,01-Daylight,INTERSECTION,
993,11-262135,20111111,KING ST W @ FRANCIS ST S / FRANCIS ST N,01-Non intersection,02-Thru lane,01-Clear,07-Dark,INTERSECTION,
994,11-180163,20110807,TRAYNOR AVE @ BALFOUR CRES,01-Non intersection,11-Not on roadway - right side,01-Clear,"08-Dark, artificial",INTERSECTION,
995,11-133734,20110614,LANCASTER ST E @ IRVIN ST / BRUBACHER ST,03-At intersection,01-Within intersection,01-Clear,01-Daylight,INTERSECTION,
996,11-176502,20110803,SHIRLEY AVE @ BINGEMANS CENTRE DR,04-At/near private drive,02-Thru lane,02-Rain,01-Daylight,INTERSECTION,
997,11-155615,20110710,HURON RD @ MILL PARK DR / WILSON AVE,01-Non intersection,11-Not on roadway - right side,01-Clear,07-Dark,INTERSECTION,
998,11-292775,20111220,QUEENS BLVD @ ELM RIDGE DR,02-Intersection related,02-Thru lane,01-Clear,01-Daylight,INTERSECTION,
999,11-135350,20110615,QUEEN ST N @ MARGARET AVE / OTTO ST,03-At intersection,02-Thru lane,01-Clear,01-Daylight,INTERSECTION,
1000,11-247855,20111001,LORRAINE AVE @ MONTCALM DR,03-At intersection,01-Within intersection,01-Clear,01-Daylight,INTERSECTION,
1001,11-275990,20111128,PARK ST @ AGNES ST,02-Intersection related,02-Thru lane,01-Clear,01-Daylight,INTERSECTION,
1002,11-169098,20110724,BELMONT AVE W @ ADELAIDE ST,04-At/near private drive,09-Right shoulder,01-Clear,01-Daylight,INTERSECTION,
1003,11-262844,20111112,UNION BLVD @ PARK ST,03-At intersection,01-Within intersection,01-Clear,"08-Dark, artificial",INTERSECTION,
1004,11-262462,20111112,EAST AVE @ KRUG ST,03-At intersection,01-Within intersection,01-Clear,01-Daylight,INTERSECTION,
1005,11-254617,20111102,GUELPH ST @ MARGARET AVE,03-At intersection,02-Thru lane,01-Clear,01-Daylight,INTERSECTION,
1006,11-187262,20110816,SIMEON ST @ KRUG ST,03-At intersection,01-Within intersection,01-Clear,01-Daylight,INTERSECTION,
1007,11-215340,20110917,KING ST E @ CAMERON ST S / CAMERON ST N,01-Non intersection,11-Not on roadway - right side,01-Clear,01-Daylight,INTERSECTION,
1008,11-157687,20110712,PIONEER DR @ HOMER WATSON BLVD,04-At/near private drive,02-Thru lane,01-Clear,01-Daylight,INTERSECTION,
1009,11-158460,20110713,WILDERNESS DR @ BUSH CLOVER CRES / ACTIVA AVE,03-At intersection,01-Within intersection,01-Clear,01-Daylight,INTERSECTION,
1010,11-204893,20110905,QUEEN ST S @ JOSEPH ST,03-At intersection,01-Within intersection,"07-Fog, mist, smoke, dust","08-Dark, artificial",INTERSECTION,
1011,11-251016,20111029,CHARLES ST E @ PRESTON ST,03-At intersection,01-Within intersection,01-Clear,01-Daylight,INTERSECTION,
1012,11-181620,20110809,RIVER RD E @ ROSEMOUNT DR,03-At intersection,01-Within intersection,01-Clear,01-Daylight,INTERSECTION,
1013,11-198610,20110829,GLASGOW ST @ INWOOD DR,02-Intersection related,10-Not on roadway - left side,01-Clear,05-Dusk,INTERSECTION,
1014,11-169819,20110726,BREITHAUPT ST @ MARGARET AVE,03-At intersection,01-Within intersection,01-Clear,01-Daylight,INTERSECTION,
1015,11-206482,20110907,KINGSWAY DR @ GREENFIELD AVE,03-At intersection,01-Within intersection,,05-Dusk,INTERSECTION,
1016,11-218012,20110920,PIONEER DR @ BECHTEL DR,03-At intersection,01-Within intersection,01-Clear,01-Daylight,INTERSECTION,
1017,11-211117,20110912,RIVER RD E @ BRADLEY DR,02-Intersection related,01-Within intersection,01-Clear,01-Daylight,INTERSECTION,
1018,11-176639,20110803,CEDAR ST N @ KING ST E / CEDAR ST S,01-Non intersection,02-Thru lane,02-Rain,05-Dusk,INTERSECTION,
1019,11-208288,20110909,STIRLING AVE S @ MILL ST,02-Intersection related,02-Thru lane,01-Clear,01-Daylight,INTERSECTION,
1020,11-236861,20111012,ROSS AVE @ FRANKLIN ST N,01-Non intersection,02-Thru lane,01-Clear,01-Daylight,INTERSECTION,
1021,11-237194,20111012,BLOCK LINE RD @ STRASBURG RD,03-At intersection,01-Within intersection,02-Rain,01-Daylight,INTERSECTION,
1022,11-232043,20111006,ONTARIO ST N @ DUKE ST W,01-Non intersection,09-Right shoulder,01-Clear,01-Daylight,INTERSECTION,
1023,11-243738,20111020,COUNTRY HILL DR @ MARTINGLEN CRES,01-Non intersection,10-Not on roadway - left side,02-Rain,01-Daylight,INTERSECTION,
1024,11-205193,20110906,WEST AVE @ VICTORIA ST S / STRANGE ST,04-At/near private drive,02-Thru lane,01-Clear,01-Daylight,INTERSECTION,
1025,11-195473,20110826,FORWELL RD @ CENTENNIAL RD,02-Intersection related,11-Not on roadway - right side,01-Clear,"08-Dark, artificial",INTERSECTION,
1026,11-162803,20110718,KING ST E @ QUEEN ST N,01-Non intersection,02-Thru lane,01-Clear,01-Daylight,INTERSECTION,
1027,11-172003,20110729,DUKE ST W @ COLLEGE ST,01-Non intersection,09-Right shoulder,01-Clear,01-Daylight,INTERSECTION,
1028,11-269819,20111119,STRASBURG RD @ HURON RD,03-At intersection,01-Within intersection,01-Clear,07-Dark,INTERSECTION,
1029,11-246151,20111023,STIRLING AVE S @ PLEASANT AVE,04-At/near private drive,02-Thru lane,01-Clear,01-Daylight,INTERSECTION,
1030,11-241192,20111017,MT HOPE ST @ PARK ST,03-At intersection,01-Within intersection,01-Clear,01-Daylight,INTERSECTION,
1031,11-168886,20110725,WABANAKI DR @ WILSON AVE,02-Intersection related,01-Within intersection,01-Clear,01-Daylight,INTERSECTION,
1032,11-167186,20110723,HIGHBROOK ST @ HIGHBROOK CRES,02-Intersection related,02-Thru lane,,,INTERSECTION,
1033,11-225131,20110928,HOMER WATSON BLVD @ HOFFMAN ST,03-At intersection,01-Within intersection,01-Clear,01-Daylight,INTERSECTION,
1034,11-171434,20110728,ST LEGER ST @ BREITHAUPT ST,03-At intersection,01-Within intersection,01-Clear,01-Daylight,INTERSECTION,
1035,11-135529,20110616,WILSON AVE @ FAIRWAY RD S,04-At/near private drive,02-Thru lane,01-Clear,01-Daylight,INTERSECTION,
1036,11-133755,20110614,GLASGOW ST @ BELMONT AVE W,04-At/near private drive,02-Thru lane,01-Clear,01-Daylight,INTERSECTION,
1037,11-154154,20110704,COURTLAND AVE E @ HAYWARD AVE,04-At/near private drive,02-Thru lane,01-Clear,01-Daylight,INTERSECTION,
1038,11-236901,20111012,QUEEN ST S @ JOSEPH ST,03-At intersection,01-Within intersection,01-Clear,01-Daylight,INTERSECTION,
1039,11-267699,20111118,KING ST E @ DANE ST,03-At intersection,01-Within intersection,01-Clear,07-Dark,INTERSECTION,
1040,11-229353,20111003,GLASGOW ST @ PARK ST,02-Intersection related,02-Thru lane,02-Rain,01-Daylight,INTERSECTION,
1041,11-231828,20111006,KING ST E @ QUEEN ST N,03-At intersection,11-Not on roadway - right side,01-Clear,01-Daylight,INTERSECTION,
1042,11-261092,20111110,GLEN RD @ PLEASANT AVE,03-At intersection,01-Within intersection,01-Clear,"02-Daylight, artificial",INTERSECTION,
1043,11-153393,20110707,KING ST E @ QUEEN ST N,03-At intersection,01-Within intersection,01-Clear,01-Daylight,INTERSECTION,
1044,11-155930,20110710,KING ST W @ ONTARIO ST S / ONTARIO ST N,03-At intersection,01-Within intersection,01-Clear,01-Daylight,INTERSECTION,
1045,11-155431,20110709,COUNTRY HILL DR @ BLOCK LINE RD,01-Non intersection,02-Thru lane,01-Clear,01-Daylight,INTERSECTION,
1046,11-153313,20110707,BELMONT AVE W @ GAGE AVE,04-At/near private drive,01-Within intersection,01-Clear,01-Daylight,INTERSECTION,
1047,11-252563,20111031,WELLINGTON ST N @ MARGARET AVE,01-Non intersection,02-Thru lane,01-Clear,01-Daylight,INTERSECTION,
1048,11-246935,20111021,LAWRENCE AVE @ HIGHLAND RD W,04-At/near private drive,02-Thru lane,01-Clear,07-Dark,INTERSECTION,
1049,11-254278,20111101,WABANAKI DR @ WILSON AVE,03-At intersection,01-Within intersection,01-Clear,01-Daylight,INTERSECTION,
1050,11-266580,20111117,STIRLING AVE S @ PLEASANT AVE,02-Intersection related,02-Thru lane,01-Clear,01-Daylight,INTERSECTION,
1051,11-198469,20110829,LAWRENCE AVE @ HIGHLAND RD W,04-At/near private drive,02-Thru lane,01-Clear,01-Daylight,INTERSECTION,
1052,11-196510,20110826,YORK ST @ MT HOPE ST,04-At/near private drive,02-Thru lane,01-Clear,"08-Dark, artificial",INTERSECTION,
1053,11-193937,20110823,RIVER RD E @ HALLIWELL DR,02-Intersection related,02-Thru lane,01-Clear,01-Daylight,INTERSECTION,
1054,11-257772,20111106,BELMONT AVE W @ VICTORIA ST S,01-Non intersection,02-Thru lane,01-Clear,01-Daylight,INTERSECTION,
1055,11-244805,20111021,KING ST E @ SCOTT ST,02-Intersection related,02-Thru lane,01-Clear,"08-Dark, artificial",INTERSECTION,
1056,11-261097,20111110,MAUSSER AVE @ STIRLING AVE S,02-Intersection related,02-Thru lane,01-Clear,01-Daylight,INTERSECTION,
1057,11-259292,20111108,TRILLIUM DR @ WASHBURN DR,01-Non intersection,11-Not on roadway - right side,01-Clear,01-Daylight,INTERSECTION,
1058,11-151222,20110704,BINGEMAN ST @ SAMUEL ST,02-Intersection related,01-Within intersection,01-Clear,01-Daylight,INTERSECTION,
1059,11-142599,20110624,STRASBURG RD @ MCINTYRE DR,02-Intersection related,03-Left turn lane,01-Clear,01-Daylight,INTERSECTION,
1060,11-231129,20111005,KING ST E @ SCOTT ST,02-Intersection related,02-Thru lane,01-Clear,01-Daylight,INTERSECTION,
1061,11-230437,20111004,KING ST W @ WATER ST N / WATER ST S,03-At intersection,11-Not on roadway - right side,01-Clear,01-Daylight,INTERSECTION,
1062,11-294177,20111222,BELMONT AVE W @ GAGE AVE,01-Non intersection,02-Thru lane,01-Clear,05-Dusk,INTERSECTION,
1063,11-297019,20111227,PIONEER DR @ UPPER CANADA DR,02-Intersection related,10-Not on roadway - left side,03-Snow,"08-Dark, artificial",INTERSECTION,
1064,11-259845,20111108,WELLINGTON ST N @ SHIRLEY AVE / RIVERBEND DR,03-At intersection,02-Thru lane,01-Clear,01-Daylight,INTERSECTION,
1065,11-290058,20111217,KINGSWAY DR @ GREENFIELD AVE,02-Intersection related,02-Thru lane,01-Clear,01-Daylight,INTERSECTION,
1066,11-291388,20111219,WILSON AVE @ FAIRWAY RD S,04-At/near private drive,03-Left turn lane,01-Clear,01-Daylight,INTERSECTION,
1067,11-207789,20110909,KING ST E @ QUEEN ST N,01-Non intersection,02-Thru lane,01-Clear,01-Daylight,INTERSECTION,
1068,11-203164,20110903,BELMONT AVE W @ GAGE AVE,03-At intersection,01-Within intersection,01-Clear,"08-Dark, artificial",INTERSECTION,
1069,11-206930,20110907,FRANKLIN ST S @ KINGSWAY DR,03-At intersection,02-Thru lane,01-Clear,01-Daylight,INTERSECTION,
1070,11-170929,20110727,STIRLING AVE S @ HIGHLAND RD E,03-At intersection,01-Within intersection,01-Clear,"06-Dusk, artificial",INTERSECTION,
1071,11-230546,20111004,BLOCK LINE RD @ STRASBURG RD,03-At intersection,01-Within intersection,01-Clear,01-Daylight,INTERSECTION,
1072,11-234648,20111009,STIRLING AVE S @ KING ST E / STIRLING AVE N,02-Intersection related,02-Thru lane,01-Clear,01-Daylight,INTERSECTION,
1073,11-272111,20111122,HALIFAX DR @ CONFEDERATION DR,04-At/near private drive,09-Right shoulder,01-Clear,01-Daylight,INTERSECTION,
1074,11-261599,20111111,BENESFORT DR @ BENESFORT CRES,04-At/near private drive,02-Thru lane,01-Clear,01-Daylight,INTERSECTION,
1075,11-276105,20111129,WATER ST S @ JOSEPH ST,03-At intersection,01-Within intersection,02-Rain,"08-Dark, artificial",INTERSECTION,
1076,11-283791,20111209,COURTLAND AVE E @ SIEBERT AVE,01-Non intersection,10-Not on roadway - left side,03-Snow,"08-Dark, artificial",INTERSECTION,
1077,11-283713,20111209,DUKE ST W @ BREITHAUPT ST,04-At/near private drive,02-Thru lane,01-Clear,01-Daylight,INTERSECTION,
1078,11-211507,20110913,OLD CARRIAGE CRT @ OLD CARRIAGE DR,01-Non intersection,02-Thru lane,01-Clear,01-Daylight,INTERSECTION,
1079,11-297784,20111229,KING ST E @ PANDORA AVE N / PANDORA AVE S,01-Non intersection,02-Thru lane,03-Snow,01-Daylight,INTERSECTION,
1080,11-170479,20110727,HIGHLAND RD E @ SPADINA RD E,02-Intersection related,02-Thru lane,01-Clear,01-Daylight,INTERSECTION,
1081,11-169608,20110726,STIRLING AVE S @ MILL ST,03-At intersection,11-Not on roadway - right side,01-Clear,01-Daylight,INTERSECTION,
1082,11-158802,20110713,RIVER RD E @ LORRAINE AVE,03-At intersection,01-Within intersection,01-Clear,01-Daylight,INTERSECTION,
1083,11-252628,20111031,CEDAR ST N @ KING ST E / CEDAR ST S,03-At intersection,01-Within intersection,01-Clear,01-Daylight,INTERSECTION,
1084,11-268926,20111119,QUEENSTON DR @ KINGSTON CRES,04-At/near private drive,01-Within intersection,01-Clear,"08-Dark, artificial",INTERSECTION,
1085,11-266826,20111117,KINGSWOOD DR @ GRACEFIELD CRES,04-At/near private drive,09-Right shoulder,01-Clear,07-Dark,INTERSECTION,
1086,11-242673,20111019,ONTARIO ST S @ JOSEPH ST,01-Non intersection,02-Thru lane,02-Rain,01-Daylight,INTERSECTION,
1087,11-252775,20111031,GRAVEL RIDGE TRAIL @ ISAIAH DR,01-Non intersection,02-Thru lane,01-Clear,01-Daylight,INTERSECTION,
1088,11-236471,20110927,WILSON AVE @ FAIRWAY RD S,01-Non intersection,02-Thru lane,01-Clear,"08-Dark, artificial",INTERSECTION,
1089,11-054638,20110310,MILL ST @ OTTAWA ST S,02-Intersection related,02-Thru lane,02-Rain,01-Daylight,INTERSECTION,
1090,11-163511,20110718,WABANAKI DR @ WILSON AVE,02-Intersection related,02-Thru lane,01-Clear,01-Daylight,INTERSECTION,
1091,11-247910,20111025,RIVER RD E @ LORRAINE AVE,02-Intersection related,02-Thru lane,02-Rain,"06-Dusk, artificial",INTERSECTION,
1092,11-229372,20111002,KING ST E @ FREDERICK ST / BENTON ST,01-Non intersection,02-Thru lane,02-Rain,01-Daylight,INTERSECTION,
1093,11-275846,20111125,MELROSE AVE @ KRUG ST,04-At/near private drive,09-Right shoulder,01-Clear,07-Dark,INTERSECTION,
1094,11-261036,20111105,HIGHLAND RD E @ SPADINA RD E,04-At/near private drive,02-Thru lane,01-Clear,01-Daylight,INTERSECTION,
1095,11-154656,20110708,WABANAKI DR @ WILSON AVE,03-At intersection,01-Within intersection,01-Clear,"08-Dark, artificial",INTERSECTION,
1096,11-149283,20110702,MT HOPE ST @ PARK ST,03-At intersection,01-Within intersection,01-Clear,01-Daylight,INTERSECTION,
1097,11-251008,20111028,COUNTRY HILL DR @ CEDARHILL CRES,02-Intersection related,02-Thru lane,01-Clear,01-Daylight,INTERSECTION,
1098,11-194156,20110824,NINTH AVE @ KINGSWAY DR,01-Non intersection,09-Right shoulder,01-Clear,01-Daylight,INTERSECTION,
1099,11-194760,20110825,GOLDEN MEADOW DR @ HIGHVIEW DR,03-At intersection,02-Thru lane,01-Clear,01-Daylight,INTERSECTION,
1100,11-189137,20110817,KING ST W @ ONTARIO ST S / ONTARIO ST N,01-Non intersection,02-Thru lane,01-Clear,01-Daylight,INTERSECTION,
1101,11-245555,20111022,ACTIVA AVE @ HACKBERRY ST / GREY FOX DR,01-Non intersection,02-Thru lane,01-Clear,"08-Dark, artificial",INTERSECTION,
1102,11-246660,20111024,MADISON AVE N @ KING ST E / MADISON AVE S,04-At/near private drive,02-Thru lane,02-Rain,07-Dark,INTERSECTION,
1103,11-267077,20111117,UNION BLVD @ YORK ST,03-At intersection,01-Within intersection,01-Clear,07-Dark,INTERSECTION,
1104,11-199326,20110830,BORDEN AVE N @ KING ST E / BORDEN AVE S,02-Intersection related,02-Thru lane,01-Clear,01-Daylight,INTERSECTION,
1105,11-296481,20111227,TRILLIUM DR @ HURON RD,01-Non intersection,11-Not on roadway - right side,03-Snow,01-Daylight,INTERSECTION,
1106,11-155196,20110709,PIONEER DR @ UPPER CANADA DR,04-At/near private drive,02-Thru lane,01-Clear,01-Daylight,INTERSECTION,
1107,11-227966,20111001,GLASGOW ST @ PARK ST,03-At intersection,01-Within intersection,01-Clear,01-Daylight,INTERSECTION,
1108,11-236998,20111012,BORDEN AVE N @ KING ST E / BORDEN AVE S,03-At intersection,,02-Rain,01-Daylight,INTERSECTION,
1109,11-232816,20111007,WILLIAMSBURG RD @ LITTLEFIELD CRES,04-At/near private drive,02-Thru lane,01-Clear,01-Daylight,INTERSECTION,
1110,11-275497,20111128,GLASGOW ST @ INWOOD DR,01-Non intersection,02-Thru lane,02-Rain,"08-Dark, artificial",INTERSECTION,
1111,11-277054,20111130,RIVER RD E @ BRADLEY DR,01-Non intersection,02-Thru lane,01-Clear,07-Dark,INTERSECTION,
1112,11-190083,20110819,QUEEN ST S @ JOSEPH ST,02-Intersection related,02-Thru lane,01-Clear,01-Daylight,INTERSECTION,
1113,11-262449,20111111,FRANKLIN ST S @ KINGSWAY DR,01-Non intersection,02-Thru lane,01-Clear,05-Dusk,INTERSECTION,
1114,11-283385,20111209,TRILLIUM DR @ SHOEMAKER ST,02-Intersection related,02-Thru lane,03-Snow,01-Daylight,INTERSECTION,
1115,11-274126,20111126,DUKE ST W @ LOUISA ST,99-Other,11-Not on roadway - right side,01-Clear,"08-Dark, artificial",INTERSECTION,
1116,11-275020,20111128,VANIER DR @ SIEBERT AVE,02-Intersection related,02-Thru lane,01-Clear,01-Daylight,INTERSECTION,
1117,11-297644,20111229,FISCHER HALLMAN RD @ QUEENS BLVD,04-At/near private drive,02-Thru lane,01-Clear,01-Daylight,INTERSECTION,
1118,11-288417,20111215,HOMER WATSON BLVD @ MANITOU DR / DOON VILLAGE RD,01-Non intersection,02-Thru lane,02-Rain,01-Daylight,INTERSECTION,
1119,11-298852,20111231,MARGARET AVE @ UNION ST,01-Non intersection,10-Not on roadway - left side,"07-Fog, mist, smoke, dust",01-Daylight,INTERSECTION,
1120,11-161211,20110716,QUEEN ST N @ DUKE ST E / DUKE ST W,03-At intersection,01-Within intersection,01-Clear,01-Daylight,INTERSECTION,
1121,11-239010,20111014,STIRLING AVE N @ EAST AVE,04-At/near private drive,02-Thru lane,02-Rain,"08-Dark, artificial",INTERSECTION,
1122,11-268123,20111118,HURON RD @ NEWCASTLE DR / PARKVALE DR,99-Other,02-Thru lane,01-Clear,07-Dark,INTERSECTION,
1123,11-196470,20110826,MARGARET AVE @ UNION ST,01-Non intersection,01-Within intersection,01-Clear,01-Daylight,INTERSECTION,
1124,11-273560,20111125,PIONEER DR @ BLACK WALNUT DR,01-Non intersection,02-Thru lane,01-Clear,"08-Dark, artificial",INTERSECTION,
1125,11-190363,20110829,KING ST W @ COLLEGE ST,01-Non intersection,11-Not on roadway - right side,01-Clear,"08-Dark, artificial",INTERSECTION,
1126,11-280791,20111205,KINZIE AVE @ RIVER RD E,03-At intersection,01-Within intersection,02-Rain,"08-Dark, artificial",INTERSECTION,
1127,11-281566,20111205,WILSON AVE @ KINGSWAY DR,02-Intersection related,02-Thru lane,01-Clear,"08-Dark, artificial",INTERSECTION,
1128,11-279571,20111204,KING ST W @ GAUKEL ST,02-Intersection related,02-Thru lane,01-Clear,"08-Dark, artificial",INTERSECTION,
1129,11-291524,20111217,SCOTT ST @ DUKE ST E,01-Non intersection,02-Thru lane,01-Clear,01-Daylight,INTERSECTION,
1130,11-286919,20111213,RIVER RD E @ OLD CHICOPEE DR,03-At intersection,01-Within intersection,01-Clear,"08-Dark, artificial",INTERSECTION,
1131,11-151039,20110704,STIRLING AVE S @ MILL ST,03-At intersection,01-Within intersection,01-Clear,01-Daylight,INTERSECTION,
1132,11-247782,20111025,KING ST E @ QUEEN ST N,01-Non intersection,02-Thru lane,02-Rain,01-Daylight,INTERSECTION,
1133,11-215214,20110917,EAST AVE @ KRUG ST,03-At intersection,01-Within intersection,01-Clear,01-Daylight,INTERSECTION,
1134,11-093550,20110427,PLEASANT AVE @ QUEENS BLVD,04-At/near private drive,02-Thru lane,01-Clear,01-Daylight,INTERSECTION,
1135,11-258304,20111107,DOON VILLAGE RD @ BECHTEL DR,03-At intersection,01-Within intersection,01-Clear,01-Daylight,INTERSECTION,