OBJECTID,ACCIDENTNUM,ACCIDENTDATE,LOCATION,ACCIDENT_LOCATION,IMPACT_LOCATION,ENVIRONMENT_CONDITION,LIGHT,COLLISION_TYPE,TRAFFICCOLLISIONSID
1513,10-104467,20100522,BELMONT AVE W @ CLAREMONT AVE,03-At intersection,01-Within intersection,02-Rain,01-Daylight,INTERSECTION,
1514,10-106745,20100525,CHARLES ST E @ STIRLING AVE S,01-Non intersection,02-Thru lane,01-Clear,01-Daylight,INTERSECTION,
1515,10-100226,20100514,GLASGOW ST @ PARK ST,01-Non intersection,02-Thru lane,01-Clear,01-Daylight,INTERSECTION,
1516,10-164374,20100806,KRUG ST @ ETON DR,04-At/near private drive,02-Thru lane,01-Clear,05-Dusk,INTERSECTION,
1517,10-166654,20100809,DOON VILLAGE RD @ MILLWOOD CRES,01-Non intersection,10-Not on roadway - left side,02-Rain,01-Daylight,INTERSECTION,
1518,10-160096,20100801,CARWOOD AVE @ DIXON ST,01-Non intersection,11-Not on roadway - right side,01-Clear,01-Daylight,INTERSECTION,
1519,10-156717,20100728,KRUG ST @ ETON DR,01-Non intersection,11-Not on roadway - right side,01-Clear,"04-Dawn, artificial",INTERSECTION,
1520,10-090410,20100504,MANCHESTER RD @ RIVER RD E,02-Intersection related,02-Thru lane,01-Clear,01-Daylight,INTERSECTION,
1521,10-004132,20100107,RIVER RD E @ LORRAINE AVE,02-Intersection related,02-Thru lane,01-Clear,05-Dusk,INTERSECTION,
1522,10-002789,20100105,CEDAR ST N @ KING ST E / CEDAR ST S,03-At intersection,01-Within intersection,01-Clear,05-Dusk,INTERSECTION,
1523,10-003834,20100104,RIVER RD E @ HOLBORN DR,02-Intersection related,02-Thru lane,01-Clear,05-Dusk,INTERSECTION,
1524,10-010355,20100116,PIONEER DR @ DOON VILLAGE RD,03-At intersection,01-Within intersection,01-Clear,05-Dusk,INTERSECTION,
1525,10-132580,20100625,FREDERICK ST @ AVON RD,01-Non intersection,02-Thru lane,01-Clear,01-Daylight,INTERSECTION,
1526,10-098145,20100514,KING ST E @ FREDERICK ST / BENTON ST,01-Non intersection,11-Not on roadway - right side,01-Clear,01-Daylight,INTERSECTION,
1527,10-135084,20100629,HIGHLAND RD E @ HOFFMAN ST,01-Non intersection,02-Thru lane,01-Clear,01-Daylight,INTERSECTION,
1528,10-126268,20100618,WATER ST S @ JOSEPH ST,04-At/near private drive,02-Thru lane,01-Clear,01-Daylight,INTERSECTION,
1529,10-202102,20100922,OLD MILL RD @ DOON VALLEY DR,03-At intersection,01-Within intersection,01-Clear,01-Daylight,INTERSECTION,
1530,10-253072,20101126,RIVER RD E @ RENNIE DR,01-Non intersection,02-Thru lane,01-Clear,"08-Dark, artificial",INTERSECTION,
1531,10-253469,20101127,OTTAWA ST N @ RIVER RD E,01-Non intersection,02-Thru lane,03-Snow,01-Daylight,INTERSECTION,
1532,10-247809,20101119,JOSEPH ST @ GAUKEL ST,02-Intersection related,01-Within intersection,01-Clear,01-Daylight,INTERSECTION,
1533,10-201724,20100921,BELMONT AVE W @ CLAREMONT AVE,04-At/near private drive,02-Thru lane,01-Clear,01-Daylight,INTERSECTION,
1534,10-018063,20100126,BANKSIDE DR @ BENESFORT DR,04-At/near private drive,02-Thru lane,01-Clear,01-Daylight,INTERSECTION,
1535,10-014813,20100122,FOURTH AVE @ KINGSWAY DR,03-At intersection,01-Within intersection,01-Clear,01-Daylight,INTERSECTION,
1536,10-014611,20100122,WATER ST S @ JOSEPH ST,01-Non intersection,02-Thru lane,01-Clear,01-Daylight,INTERSECTION,
1537,10-027146,20100208,WESTHEIGHTS DR @ DRIFTWOOD DR,04-At/near private drive,02-Thru lane,01-Clear,01-Daylight,INTERSECTION,
1538,10-091537,20100505,OTTAWA ST N @ RIVER RD E,04-At/near private drive,02-Thru lane,02-Rain,01-Daylight,INTERSECTION,
1539,10-135148,20100630,WESTFOREST TRAIL @ HIDDEN CREEK DR,01-Non intersection,02-Thru lane,01-Clear,01-Daylight,INTERSECTION,
1540,10-137427,20100703,FIRST AVE @ KINGSWAY DR / SECOND AVE,01-Non intersection,11-Not on roadway - right side,01-Clear,01-Daylight,INTERSECTION,
1541,10-028586,20100201,HURON RD @ MILL PARK DR / WILSON AVE,01-Non intersection,02-Thru lane,01-Clear,07-Dark,INTERSECTION,
1542,10-268688,20101218,RIVER RD E @ LORRAINE AVE,03-At intersection,01-Within intersection,01-Clear,01-Daylight,INTERSECTION,
1543,10-276139,20101229,RIVER RD E @ HOLBORN DR,03-At intersection,02-Thru lane,01-Clear,01-Daylight,INTERSECTION,
1544,10-266595,20101215,YOUNG ST @ DUKE ST W,03-At intersection,01-Within intersection,03-Snow,01-Daylight,INTERSECTION,
1545,10-108536,20100527,RIVER RD E @ RENNIE DR,03-At intersection,02-Thru lane,01-Clear,01-Daylight,INTERSECTION,
1546,10-230584,20101025,WORDSWORTH PL @ LORRAINE AVE,04-At/near private drive,99-Other,01-Clear,01-Daylight,INTERSECTION,
1547,10-025092,20100205,WILSON AVE @ KINGSWAY DR,02-Intersection related,02-Thru lane,01-Clear,01-Daylight,INTERSECTION,
1548,10-205327,20100925,DEKAY ST @ BRIAR AVE,04-At/near private drive,02-Thru lane,01-Clear,"08-Dark, artificial",INTERSECTION,
1549,10-213718,20101003,CEDARWOODS CRES @ KINGSWAY DR,04-At/near private drive,02-Thru lane,01-Clear,01-Daylight,INTERSECTION,
1550,10-038984,20100224,BRAUN ST @ SHANLEY ST,02-Intersection related,11-Not on roadway - right side,01-Clear,"02-Daylight, artificial",INTERSECTION,
1551,10-032784,20100216,KING ST W @ WATER ST N / WATER ST S,01-Non intersection,02-Thru lane,03-Snow,01-Daylight,INTERSECTION,
1552,10-007266,20100112,BORDEN AVE N @ KING ST E / BORDEN AVE S,01-Non intersection,09-Right shoulder,01-Clear,01-Daylight,INTERSECTION,
1553,10-005675,20100110,BATTLER RD @ HURON RD,02-Intersection related,99-Other,01-Clear,"08-Dark, artificial",INTERSECTION,
1554,10-211677,20101004,RIVER RD E @ LORRAINE AVE,02-Intersection related,02-Thru lane,01-Clear,01-Daylight,INTERSECTION,
1555,10-027619,20100206,SHANLEY ST @ MOORE AVE,04-At/near private drive,02-Thru lane,01-Clear,01-Daylight,INTERSECTION,
1556,10-027358,20100208,MORGAN AVE @ GREENDALE CRES,04-At/near private drive,99-Other,01-Clear,01-Daylight,INTERSECTION,
1557,10-249830,20101122,KING ST E @ PANDORA AVE N / PANDORA AVE S,01-Non intersection,03-Left turn lane,01-Clear,01-Daylight,INTERSECTION,
1558,10-236699,20101104,BLOCK LINE RD @ KINGSWOOD DR,04-At/near private drive,02-Thru lane,01-Clear,01-Daylight,INTERSECTION,
1559,09-018398,20090129,CARWOOD AVE @ DIXON ST,04-At/near private drive,02-Thru lane,01-Clear,01-Daylight,INTERSECTION,
1560,09-017882,20090128,KINZIE AVE @ RIVER RD E,03-At intersection,01-Within intersection,03-Snow,01-Daylight,INTERSECTION,
1561,09-017785,20090126,MCGARRY DR @ MEADOWBROOK DR,03-At intersection,02-Thru lane,01-Clear,01-Daylight,INTERSECTION,
1562,10-227997,20101025,CHARLES ST E @ SYDNEY ST S,03-At intersection,02-Thru lane,01-Clear,01-Daylight,INTERSECTION,
1563,10-235681,20101103,PAULANDER DR @ LAWRENCE AVE,03-At intersection,02-Thru lane,02-Rain,07-Dark,INTERSECTION,
1564,10-276821,20101231,LOUISA ST @ MOORE AVE,03-At intersection,01-Within intersection,01-Clear,01-Daylight,INTERSECTION,
1565,10-257887,20101203,VANIER DR @ SIEBERT AVE,01-Non intersection,02-Thru lane,01-Clear,01-Daylight,INTERSECTION,
1566,10-260302,20101206,VILLAGE RD @ STONYBROOK DR,01-Non intersection,11-Not on roadway - right side,01-Clear,07-Dark,INTERSECTION,
1567,10-254392,20101128,BLOCK LINE RD @ STRASBURG RD,03-At intersection,01-Within intersection,01-Clear,05-Dusk,INTERSECTION,
1568,10-251926,20101124,STIRLING AVE S @ KING ST E / STIRLING AVE N,03-At intersection,01-Within intersection,01-Clear,01-Daylight,INTERSECTION,
1569,10-255792,20101130,BLOCK LINE RD @ STRASBURG RD,03-At intersection,01-Within intersection,02-Rain,"08-Dark, artificial",INTERSECTION,
1570,10-248198,20101120,UNION ST @ EDWIN ST,02-Intersection related,10-Not on roadway - left side,01-Clear,"08-Dark, artificial",INTERSECTION,
1571,10-268883,20101218,YOUNG ST @ DUKE ST W,04-At/near private drive,02-Thru lane,01-Clear,01-Daylight,INTERSECTION,
1572,10-237535,20101106,HOMER WATSON BLVD @ STIRLING AVE S,03-At intersection,12-Off highway,01-Clear,"08-Dark, artificial",INTERSECTION,
1573,10-020009,20100129,KING ST E @ FREDERICK ST / BENTON ST,01-Non intersection,02-Thru lane,01-Clear,01-Daylight,INTERSECTION,
1574,10-025010,20100205,FOURTH AVE @ KINGSWAY DR,02-Intersection related,02-Thru lane,01-Clear,01-Daylight,INTERSECTION,
1575,09-017231,20090127,MARGARET AVE @ UNION ST,04-At/near private drive,02-Thru lane,01-Clear,01-Daylight,INTERSECTION,
1576,10-256783,20101202,CHARLES ST E @ PRESTON ST,03-At intersection,01-Within intersection,01-Clear,01-Daylight,INTERSECTION,
1577,10-062539,20100327,JADESTONE CRT @ BURNT EMBER CRT / OLDFIELD DR,02-Intersection related,02-Thru lane,01-Clear,"08-Dark, artificial",INTERSECTION,
1578,10-249473,20101121,OVERLEA DR @ CECILE DR,03-At intersection,02-Thru lane,01-Clear,07-Dark,INTERSECTION,
1579,10-269392,20101218,UNION BLVD @ AVONDALE AVE,03-At intersection,01-Within intersection,01-Clear,01-Daylight,INTERSECTION,
1580,10-265378,20101213,VANIER DR @ WALTON AVE,03-At intersection,02-Thru lane,01-Clear,"08-Dark, artificial",INTERSECTION,
1581,10-046680,20100307,ONTARIO ST N @ DUKE ST W,02-Intersection related,01-Within intersection,01-Clear,01-Daylight,INTERSECTION,
1582,10-070413,20100408,COURTLAND AVE E @ MILL ST,01-Non intersection,09-Right shoulder,02-Rain,"08-Dark, artificial",INTERSECTION,
1583,10-027123,20100208,CARWOOD AVE @ DIXON ST,01-Non intersection,02-Thru lane,01-Clear,01-Daylight,INTERSECTION,
1584,10-030797,20100213,ACTIVA AVE @ ISAIAH DR,02-Intersection related,01-Within intersection,01-Clear,01-Daylight,INTERSECTION,
1585,10-026204,20100206,SAMUEL ST @ CHAPEL ST,01-Non intersection,09-Right shoulder,01-Clear,07-Dark,INTERSECTION,
1586,10-111348,20100528,BRYBECK CRES @ WESTMOUNT RD W / CHOPIN DR,04-At/near private drive,02-Thru lane,01-Clear,01-Daylight,INTERSECTION,
1587,10-217720,20101012,BRYBECK CRES @ WESTMOUNT RD W / CHOPIN DR,01-Non intersection,11-Not on roadway - right side,01-Clear,01-Daylight,INTERSECTION,
1588,10-069374,20100406,LOUISA ST @ MOORE AVE,03-At intersection,01-Within intersection,01-Clear,01-Daylight,INTERSECTION,
1589,09-006500,20090111,CHERRY ST @ STRANGE ST,03-At intersection,01-Within intersection,01-Clear,01-Daylight,INTERSECTION,
1590,09-028203,20090213,OTTAWA ST S @ VALLEYVIEW RD,01-Non intersection,02-Thru lane,01-Clear,01-Daylight,INTERSECTION,
1591,09-032452,20090219,WELLINGTON ST N @ ST LEGER ST,03-At intersection,01-Within intersection,01-Clear,01-Daylight,INTERSECTION,
1592,09-020630,20090201,KING ST W @ ONTARIO ST S / ONTARIO ST N,01-Non intersection,09-Right shoulder,01-Clear,07-Dark,INTERSECTION,
1593,10-228129,20101024,MARGARET AVE @ WILHELM ST,04-At/near private drive,02-Thru lane,01-Clear,01-Daylight,INTERSECTION,
1594,10-253320,20101127,HOMER WATSON BLVD @ HOFFMAN ST,03-At intersection,01-Within intersection,03-Snow,"08-Dark, artificial",INTERSECTION,
1595,10-242526,20101112,FRANKLIN ST S @ KINGSWAY DR,02-Intersection related,01-Within intersection,01-Clear,01-Daylight,INTERSECTION,
1596,09-001133,20090102,PAULANDER DR @ LAWRENCE AVE,04-At/near private drive,02-Thru lane,01-Clear,"08-Dark, artificial",INTERSECTION,
1597,09-008511,20090114,QUEEN ST S @ ST GEORGE ST,01-Non intersection,02-Thru lane,01-Clear,05-Dusk,INTERSECTION,
1598,09-021758,20090203,BORDEN AVE N @ KING ST E / BORDEN AVE S,03-At intersection,01-Within intersection,03-Snow,01-Daylight,INTERSECTION,
1599,09-003884,20090107,GREEN VALLEY DR @ ARROWHEAD CRES,01-Non intersection,02-Thru lane,03-Snow,"04-Dawn, artificial",INTERSECTION,
1600,10-232155,20101030,ERINBROOK DR @ RITTENHOUSE RD,03-At intersection,01-Within intersection,01-Clear,01-Daylight,INTERSECTION,
1601,10-236151,20101103,MADISON AVE N @ KING ST E / MADISON AVE S,04-At/near private drive,02-Thru lane,01-Clear,01-Daylight,INTERSECTION,
1602,10-270858,20101221,JUBILEE DR @ DAVID ST / COURTLAND AVE W,01-Non intersection,02-Thru lane,01-Clear,01-Daylight,INTERSECTION,
1603,10-274648,20101228,WESTHEIGHTS DR @ MCGARRY DR,02-Intersection related,02-Thru lane,01-Clear,"08-Dark, artificial",INTERSECTION,
1604,10-265164,20101213,STIRLING AVE S @ GREENBROOK DR,02-Intersection related,02-Thru lane,03-Snow,01-Daylight,INTERSECTION,
1605,10-256402,20101201,KING ST E @ FAIRVIEW AVE,01-Non intersection,02-Thru lane,01-Clear,01-Daylight,INTERSECTION,
1606,10-243562,20101113,KING ST E @ QUEEN ST N,03-At intersection,01-Within intersection,01-Clear,"08-Dark, artificial",INTERSECTION,
1607,10-240862,20101110,FRANKLIN ST S @ KINGSWAY DR,03-At intersection,01-Within intersection,01-Clear,01-Daylight,INTERSECTION,
1608,10-039844,20100226,QUEENS BLVD @ HIGHLAND RD W / HIGHLAND RD E / QUEEN ST S,01-Non intersection,02-Thru lane,03-Snow,01-Daylight,INTERSECTION,
1609,09-031993,20090218,WABANAKI DR @ WILSON AVE,02-Intersection related,04-Right turn lane,04-Freezing Rain,"08-Dark, artificial",INTERSECTION,
1610,09-051423,20090319,OLD MILL RD @ DOON VALLEY DR,04-At/near private drive,02-Thru lane,01-Clear,01-Daylight,INTERSECTION,
1611,09-048628,20090315,BANKSIDE DR @ BENESFORT DR,04-At/near private drive,02-Thru lane,01-Clear,01-Daylight,INTERSECTION,
1612,09-052839,20090321,KINGSWAY DR @ ST JEROME AVE,10-Parking lot,12-Off highway,01-Clear,01-Daylight,INTERSECTION,
1613,10-275292,20101229,DUKE ST W @ BISMARK AVE,04-At/near private drive,12-Off highway,01-Clear,"08-Dark, artificial",INTERSECTION,
1614,10-109217,20100528,SEREDA RD @ SPRING VALLEY RD / GUELPH ST,03-At intersection,11-Not on roadway - right side,01-Clear,01-Daylight,INTERSECTION,
1615,10-024061,20100204,CRANSHAW ST @ FEATHERSTONE ST / HURON RD,03-At intersection,01-Within intersection,01-Clear,01-Daylight,INTERSECTION,
1616,10-114992,20100604,WELLINGTON ST N @ SHIRLEY AVE / RIVERBEND DR,04-At/near private drive,02-Thru lane,02-Rain,"08-Dark, artificial",INTERSECTION,
1617,10-071188,20100409,RIVER RD E @ HALLIWELL DR,01-Non intersection,02-Thru lane,01-Clear,01-Daylight,INTERSECTION,
1618,10-072050,20100410,CEDAR ST N @ DUKE ST E,02-Intersection related,01-Within intersection,01-Clear,01-Daylight,INTERSECTION,
1619,10-039762,20100226,HURON RD @ NEWCASTLE DR / PARKVALE DR,01-Non intersection,02-Thru lane,03-Snow,07-Dark,INTERSECTION,
1620,10-040894,20100227,EBY ST S @ EBY ST N / KING ST E,01-Non intersection,02-Thru lane,01-Clear,01-Daylight,INTERSECTION,
1621,10-264382,20101212,SEREDA RD @ SPRING VALLEY RD / GUELPH ST,01-Non intersection,02-Thru lane,03-Snow,01-Daylight,INTERSECTION,
1622,10-223779,20101019,KING ST E @ SCOTT ST,02-Intersection related,02-Thru lane,01-Clear,01-Daylight,INTERSECTION,
1623,10-142025,20100709,DEER RIDGE DR @ JOSEPH SCHOERG CRES / TERRACE WOOD CRES,03-At intersection,01-Within intersection,01-Clear,01-Daylight,INTERSECTION,
1624,10-250143,20101122,BLOCK LINE RD @ KINGSWOOD DR,03-At intersection,02-Thru lane,02-Rain,01-Daylight,INTERSECTION,
1625,10-236983,20101105,RIVER RD E @ FREDERICK ST,03-At intersection,02-Thru lane,01-Clear,01-Daylight,INTERSECTION,
1626,10-240276,20101109,PIONEER DR @ DOON VILLAGE RD,02-Intersection related,02-Thru lane,01-Clear,07-Dark,INTERSECTION,
1627,09-019180,20090130,DOON VILLAGE RD @ BECHTEL DR,03-At intersection,02-Thru lane,01-Clear,01-Daylight,INTERSECTION,
1628,09-013818,20090122,DUKE ST W @ WELLINGTON ST N,03-At intersection,02-Thru lane,01-Clear,01-Daylight,INTERSECTION,
1629,09-011190,20090118,PINNACLE DR @ OLD MILL RD,01-Non intersection,02-Thru lane,03-Snow,01-Daylight,INTERSECTION,
1630,09-117998,20090619,WESTHEIGHTS DR @ DRIFTWOOD DR,03-At intersection,01-Within intersection,01-Clear,"08-Dark, artificial",INTERSECTION,
1631,10-141131,20100708,STIRLING AVE S @ HIGHLAND RD E,03-At intersection,02-Thru lane,01-Clear,01-Daylight,INTERSECTION,
1632,10-150307,20100720,KING ST E @ QUEEN ST N,03-At intersection,01-Within intersection,02-Rain,01-Daylight,INTERSECTION,
1633,10-059555,20100324,KING ST E @ CAMERON ST S / CAMERON ST N,02-Intersection related,02-Thru lane,01-Clear,01-Daylight,INTERSECTION,
1634,10-065730,20100401,GUELPH ST @ ST VINCENT ST / ARNOLD ST,01-Non intersection,11-Not on roadway - right side,01-Clear,"08-Dark, artificial",INTERSECTION,
1635,10-058438,20100322,WELLINGTON ST N @ SHIRLEY AVE / RIVERBEND DR,03-At intersection,09-Right shoulder,02-Rain,01-Daylight,INTERSECTION,
1636,10-261967,20101209,LOUISA ST @ MOORE AVE,03-At intersection,01-Within intersection,01-Clear,01-Daylight,INTERSECTION,
1637,10-261949,20101209,HAZELGLEN DR @ MOOREGATE CRES,03-At intersection,01-Within intersection,01-Clear,01-Daylight,INTERSECTION,
1638,10-240109,20101107,KING ST W @ FRANCIS ST S / FRANCIS ST N,03-At intersection,02-Thru lane,01-Clear,01-Daylight,INTERSECTION,
1639,10-226934,20101023,KING ST E @ CAMERON ST S / CAMERON ST N,01-Non intersection,02-Thru lane,02-Rain,"08-Dark, artificial",INTERSECTION,
1640,10-250884,20101124,BORDEN AVE N @ KING ST E / BORDEN AVE S,02-Intersection related,02-Thru lane,01-Clear,07-Dark,INTERSECTION,
1641,10-265288,20101213,STECKLE PL @ TRILLIUM DR,01-Non intersection,02-Thru lane,03-Snow,"08-Dark, artificial",INTERSECTION,
1642,10-035382,20100218,FISCHER HALLMAN RD @ WESTMOUNT RD E / MAX BECKER DR,99-Other,99-Other,01-Clear,07-Dark,INTERSECTION,
1643,10-038160,20100223,WESTMOUNT RD W @ QUEENS BLVD / WESTMOUNT RD E,04-At/near private drive,02-Thru lane,01-Clear,01-Daylight,INTERSECTION,
1644,10-038615,20100223,KING ST W @ COLLEGE ST,01-Non intersection,09-Right shoulder,01-Clear,"06-Dusk, artificial",INTERSECTION,
1645,10-255008,20101129,HALIFAX DR @ NATCHEZ RD,03-At intersection,01-Within intersection,01-Clear,01-Daylight,INTERSECTION,
1646,10-255383,20101130,FISCHER HALLMAN RD @ QUEENS BLVD,01-Non intersection,01-Within intersection,02-Rain,01-Daylight,INTERSECTION,
1647,10-248529,20101120,RIVER RD E @ ROSEMOUNT DR,04-At/near private drive,02-Thru lane,01-Clear,01-Daylight,INTERSECTION,
1648,10-265916,20101214,WESTHEIGHTS DR @ BLACKWELL DR,03-At intersection,01-Within intersection,01-Clear,01-Daylight,INTERSECTION,
1649,10-266076,20101214,STIRLING AVE S @ GREENBROOK DR,02-Intersection related,02-Thru lane,01-Clear,01-Daylight,INTERSECTION,
1650,10-253573,20101127,PIONEER DR @ UPPER CANADA DR,04-At/near private drive,02-Thru lane,03-Snow,"08-Dark, artificial",INTERSECTION,
1651,10-245940,20101117,OLD MILL RD @ DOON VALLEY DR,04-At/near private drive,02-Thru lane,01-Clear,01-Daylight,INTERSECTION,
1652,10-248457,20101120,CLARK AVE @ BROADMOOR AVE,04-At/near private drive,11-Not on roadway - right side,01-Clear,07-Dark,INTERSECTION,
1653,10-250136,20101122,KENSINGTON AVE @ PERKELL PL,04-At/near private drive,02-Thru lane,01-Clear,07-Dark,INTERSECTION,
1654,10-190535,20100908,DOON VALLEY DR @ CONESTOGA COLLEGE BLVD,04-At/near private drive,01-Within intersection,01-Clear,01-Daylight,INTERSECTION,
1655,10-027253,20100208,YOUNG ST @ DUKE ST W,03-At intersection,02-Thru lane,01-Clear,01-Daylight,INTERSECTION,
1656,10-247135,20101118,MADISON AVE N @ KING ST E / MADISON AVE S,01-Non intersection,02-Thru lane,01-Clear,"08-Dark, artificial",INTERSECTION,
1657,10-255771,20101130,DUNBAR RD @ CLAREMONT AVE,03-At intersection,01-Within intersection,02-Rain,"06-Dusk, artificial",INTERSECTION,
1658,10-260753,20101207,SPADINA RD E @ WENTWORTH AVE,03-At intersection,01-Within intersection,03-Snow,01-Daylight,INTERSECTION,
1659,10-256856,20101202,BIEHN DR @ CARYNDALE DR,02-Intersection related,11-Not on roadway - right side,01-Clear,01-Daylight,INTERSECTION,
1660,10-255773,20101130,DUMFRIES AVE @ CHAPEL ST,03-At intersection,11-Not on roadway - right side,02-Rain,"06-Dusk, artificial",INTERSECTION,
1661,10-037541,20100222,DEVON ST @ JUBILEE DR / PARK ST,03-At intersection,02-Thru lane,03-Snow,01-Daylight,INTERSECTION,
1662,10-033879,20100217,DUKE ST W @ COLLEGE ST,04-At/near private drive,02-Thru lane,01-Clear,01-Daylight,INTERSECTION,
1663,10-040126,20100226,KING ST W @ YOUNG ST,01-Non intersection,02-Thru lane,03-Snow,01-Daylight,INTERSECTION,
1664,10-040664,20100226,FRANKLIN ST N @ PROSPECT AVE,01-Non intersection,02-Thru lane,03-Snow,07-Dark,INTERSECTION,
1665,10-181022,20100827,HURON RD @ WOODBINE AVE,03-At intersection,01-Within intersection,01-Clear,01-Daylight,INTERSECTION,
1666,10-226591,20101022,KEEWATIN AVE @ STANMORE AVE,03-At intersection,02-Thru lane,01-Clear,01-Daylight,INTERSECTION,
1667,10-040213,20100226,FIRST AVE @ KINGSWAY DR / SECOND AVE,01-Non intersection,02-Thru lane,03-Snow,05-Dusk,INTERSECTION,
1668,10-040786,20100226,RIVER RD E @ RENNIE DR,03-At intersection,02-Thru lane,03-Snow,01-Daylight,INTERSECTION,
1669,10-040208,20100226,KINZIE AVE @ RIVER RD E,03-At intersection,02-Thru lane,03-Snow,01-Daylight,INTERSECTION,
1670,10-055562,20100318,BLOCK LINE RD @ STRASBURG RD,01-Non intersection,02-Thru lane,01-Clear,01-Daylight,INTERSECTION,
1671,10-141171,20100708,LANCASTER ST E @ IRVIN ST / BRUBACHER ST,03-At intersection,01-Within intersection,01-Clear,01-Daylight,INTERSECTION,
1672,10-224895,20101021,LORRAINE AVE @ CARSON DR,03-At intersection,12-Off highway,02-Rain,07-Dark,INTERSECTION,
1673,10-259112,20101205,MADISON AVE N @ KING ST E / MADISON AVE S,02-Intersection related,99-Other,01-Clear,"08-Dark, artificial",INTERSECTION,
1674,10-040822,20100226,TRILLIUM DR @ STRASBURG RD,03-At intersection,02-Thru lane,01-Clear,"08-Dark, artificial",INTERSECTION,
1675,10-240560,20101110,HIGHLAND RD E @ HOFFMAN ST,02-Intersection related,99-Other,01-Clear,01-Daylight,INTERSECTION,
1676,10-257922,20101203,ACTIVA AVE @ MAX BECKER DR,01-Non intersection,09-Right shoulder,01-Clear,01-Daylight,INTERSECTION,
1677,10-247872,20101118,HEIMAN ST @ HIGHLAND RD E,02-Intersection related,02-Thru lane,01-Clear,"08-Dark, artificial",INTERSECTION,
1678,10-001435,20100103,PARK ST @ CHERRY ST,06-Underpass or tunnel,99-Other,01-Clear,01-Daylight,INTERSECTION,
1679,10-059040,20100323,FALLOWFIELD DR @ BRISBANE DR,03-At intersection,01-Within intersection,01-Clear,01-Daylight,INTERSECTION,
1680,10-004536,20100108,ARDELT AVE @ HANSON AVE,02-Intersection related,01-Within intersection,01-Clear,01-Daylight,INTERSECTION,
1681,10-147906,20100717,BLACKHORNE DR @ STRASBURG RD,02-Intersection related,10-Not on roadway - left side,01-Clear,01-Daylight,INTERSECTION,
1682,10-016641,20100124,OTTAWA ST S @ STRASBURG RD,04-At/near private drive,02-Thru lane,02-Rain,01-Daylight,INTERSECTION,
1683,10-014057,20100121,FIRST AVE @ ECKERT ST,01-Non intersection,02-Thru lane,01-Clear,"08-Dark, artificial",INTERSECTION,
1684,10-038795,20100224,SHUH AVE @ FRANKLIN ST N,02-Intersection related,02-Thru lane,01-Clear,01-Daylight,INTERSECTION,
1685,10-001489,20100103,HOMER WATSON BLVD @ HOFFMAN ST,01-Non intersection,02-Thru lane,01-Clear,01-Daylight,INTERSECTION,
1686,10-003287,20100105,PLEASANT AVE @ QUEENS BLVD,04-At/near private drive,02-Thru lane,03-Snow,01-Daylight,INTERSECTION,
1687,10-238451,20101107,DOON MILLS DR @ APPLE RIDGE DR,01-Non intersection,02-Thru lane,01-Clear,01-Daylight,INTERSECTION,
1688,10-235234,20101103,WELLINGTON ST N @ SHIRLEY AVE / RIVERBEND DR,04-At/near private drive,02-Thru lane,01-Clear,07-Dark,INTERSECTION,
1689,10-240203,20101109,SPADINA RD E @ QUEENS BLVD / SPADINA RD W,03-At intersection,01-Within intersection,01-Clear,01-Daylight,INTERSECTION,
1690,10-076059,20100415,UNION BLVD @ ESSON ST,02-Intersection related,01-Within intersection,01-Clear,05-Dusk,INTERSECTION,
1691,10-265953,20101214,ACTIVA AVE @ MAX BECKER DR,02-Intersection related,02-Thru lane,03-Snow,05-Dusk,INTERSECTION,
1692,10-065659,20100401,HOMER WATSON BLVD @ HOFFMAN ST,07-Overpass or bridge,02-Thru lane,01-Clear,01-Daylight,INTERSECTION,
1693,10-075055,20100413,HOMER WATSON BLVD @ HOFFMAN ST,02-Intersection related,04-Right turn lane,01-Clear,01-Daylight,INTERSECTION,
1694,10-253365,20101127,WESTHEIGHTS DR @ WINDING WAY,01-Non intersection,02-Thru lane,03-Snow,"08-Dark, artificial",INTERSECTION,
1695,10-257637,20101201,WELLINGTON ST N @ SHIRLEY AVE / RIVERBEND DR,03-At intersection,01-Within intersection,03-Snow,07-Dark,INTERSECTION,
1696,10-168534,20100811,SHIRLEY AVE @ BINGEMANS CENTRE DR,04-At/near private drive,02-Thru lane,01-Clear,01-Daylight,INTERSECTION,
1697,10-171473,20100814,PARKVALE DR @ PARKVALE CRT,04-At/near private drive,02-Thru lane,01-Clear,01-Daylight,INTERSECTION,
1698,10-166554,20100809,STIRLING AVE S @ KING ST E / STIRLING AVE N,04-At/near private drive,02-Thru lane,01-Clear,01-Daylight,INTERSECTION,
1699,10-207452,20100928,CEDAR ST S @ CHURCH ST,03-At intersection,01-Within intersection,02-Rain,01-Daylight,INTERSECTION,