OBJECTID,ACCIDENTNUM,ACCIDENTDATE,LOCATION,ACCIDENT_LOCATION,IMPACT_LOCATION,ENVIRONMENT_CONDITION,LIGHT,COLLISION_TYPE,TRAFFICCOLLISIONSID
1700,10-206040,20100927,CHARLES ST E @ SYDNEY ST S,03-At intersection,01-Within intersection,01-Clear,01-Daylight,INTERSECTION,
1701,10-208443,20100930,MT HOPE ST @ PARK ST,02-Intersection related,02-Thru lane,01-Clear,01-Daylight,INTERSECTION,
1702,10-206343,20100927,LAURENTIAN DR @ BLOCK LINE RD,03-At intersection,01-Within intersection,02-Rain,"08-Dark, artificial",INTERSECTION,
1703,10-076026,20100415,RIVER RD E @ OLD CHICOPEE DR,02-Intersection related,02-Thru lane,01-Clear,01-Daylight,INTERSECTION,
1704,10-085417,20100427,MAX BECKER DR @ COMMONWEALTH ST,03-At intersection,02-Thru lane,01-Clear,01-Daylight,INTERSECTION,
1705,10-075534,20100415,DOON VILLAGE RD @ BECHTEL DR,02-Intersection related,02-Thru lane,01-Clear,01-Daylight,INTERSECTION,
1706,10-003729,20100107,PIONEER DR @ DOON VILLAGE RD,04-At/near private drive,02-Thru lane,99-Other,"08-Dark, artificial",INTERSECTION,
1707,10-004465,20100108,OLD CHICOPEE DR @ KENORA DR,04-At/near private drive,02-Thru lane,01-Clear,01-Daylight,INTERSECTION,
1708,10-086860,20100129,GUELPH ST @ MARGARET AVE,02-Intersection related,02-Thru lane,01-Clear,01-Daylight,INTERSECTION,
1709,10-086731,20100429,ONTARIO ST N @ DUKE ST W,03-At intersection,01-Within intersection,01-Clear,01-Daylight,INTERSECTION,
1710,10-086271,20100428,WATER ST N @ DUKE ST W,02-Intersection related,11-Not on roadway - right side,01-Clear,"08-Dark, artificial",INTERSECTION,
1711,10-040959,20100226,PARK ST @ VICTORIA ST S,04-At/near private drive,02-Thru lane,03-Snow,07-Dark,INTERSECTION,
1712,10-039400,20100222,RIVER RD E @ RENNIE DR,01-Non intersection,11-Not on roadway - right side,01-Clear,01-Daylight,INTERSECTION,
1713,10-203730,20100922,STIRLING AVE S @ HIGHLAND RD E,02-Intersection related,02-Thru lane,01-Clear,01-Daylight,INTERSECTION,
1714,10-174075,20100818,HIGHLAND RD E @ SPADINA RD E,03-At intersection,01-Within intersection,01-Clear,01-Daylight,INTERSECTION,
1715,10-040902,20100226,SPADINA RD E @ QUEENS BLVD / SPADINA RD W,03-At intersection,02-Thru lane,03-Snow,"06-Dusk, artificial",INTERSECTION,
1716,10-044202,20100304,LORRAINE AVE @ MONTCALM DR,02-Intersection related,02-Thru lane,01-Clear,,INTERSECTION,
1717,10-040081,20100226,PARK ST @ GREEN ST,03-At intersection,02-Thru lane,06-Strong wind,01-Daylight,INTERSECTION,
1718,10-023111,20100128,KING ST E @ QUEEN ST N,01-Non intersection,02-Thru lane,03-Snow,01-Daylight,INTERSECTION,
1719,10-003755,20100107,DIXON ST @ ECKERT ST,04-At/near private drive,02-Thru lane,01-Clear,01-Daylight,INTERSECTION,
1720,10-074987,20100413,BELMONT AVE W @ CLAREMONT AVE,01-Non intersection,02-Thru lane,01-Clear,01-Daylight,INTERSECTION,
1721,10-011664,20100118,WESTFOREST TRAIL @ HIDDEN CREEK DR,02-Intersection related,01-Within intersection,01-Clear,01-Daylight,INTERSECTION,
1722,10-019266,20100128,HURON RD @ FISCHER HALLMAN RD,01-Non intersection,11-Not on roadway - right side,03-Snow,01-Daylight,INTERSECTION,
1723,10-257835,20101203,MARKWOOD DR @ CHOPIN DR,03-At intersection,02-Thru lane,01-Clear,01-Daylight,INTERSECTION,
1724,10-003258,20100106,GLASGOW ST @ FISCHER HALLMAN RD,04-At/near private drive,02-Thru lane,01-Clear,01-Daylight,INTERSECTION,
1725,10-003753,20100107,QUEENS BLVD @ WESTHEIGHTS DR,03-At intersection,02-Thru lane,04-Freezing Rain,01-Daylight,INTERSECTION,
1726,10-051619,20100313,WILSON AVE @ BALFOUR CRES,03-At intersection,02-Thru lane,02-Rain,"08-Dark, artificial",INTERSECTION,
1727,10-050748,20100312,MAUSSER AVE @ STIRLING AVE S,02-Intersection related,02-Thru lane,02-Rain,01-Daylight,INTERSECTION,
1728,10-002834,20100105,HURON RD @ PLAINS RD,01-Non intersection,11-Not on roadway - right side,03-Snow,07-Dark,INTERSECTION,
1729,10-045039,20100305,ROSS AVE @ FRANKLIN ST N,02-Intersection related,11-Not on roadway - right side,01-Clear,01-Daylight,INTERSECTION,
1730,10-037361,20100222,HOMER WATSON BLVD @ HOFFMAN ST,02-Intersection related,02-Thru lane,03-Snow,01-Daylight,INTERSECTION,
1731,10-007846,20100113,RIVER RD E @ LORRAINE AVE,04-At/near private drive,02-Thru lane,01-Clear,01-Daylight,INTERSECTION,
1732,10-012950,20100120,NATCHEZ RD @ MATTHEW ST,04-At/near private drive,02-Thru lane,01-Clear,01-Daylight,INTERSECTION,
1733,10-265716,20101214,OLD HURON RD @ BATTLER RD,03-At intersection,11-Not on roadway - right side,03-Snow,01-Daylight,INTERSECTION,
1734,10-266282,20101215,WILSON AVE @ FRANKLIN ST S,04-At/near private drive,02-Thru lane,01-Clear,01-Daylight,INTERSECTION,
1735,10-259817,20101203,PARK ST @ GREEN ST,03-At intersection,04-Right turn lane,01-Clear,"08-Dark, artificial",INTERSECTION,
1736,10-237624,20101106,DOON VALLEY DR @ CONESTOGA COLLEGE BLVD,03-At intersection,99-Other,01-Clear,"08-Dark, artificial",INTERSECTION,
1737,10-257806,20101203,OLD MILL RD @ DOON VALLEY DR,03-At intersection,01-Within intersection,01-Clear,01-Daylight,INTERSECTION,
1738,10-261289,20101207,GUERIN AVE @ KINZIE AVE,03-At intersection,09-Right shoulder,03-Snow,01-Daylight,INTERSECTION,
1739,10-177173,20100822,MAX BECKER DR @ BRIDLEWREATH ST,04-At/near private drive,02-Thru lane,02-Rain,01-Daylight,INTERSECTION,
1740,10-176831,20100822,MAX BECKER DR @ HELENA FEASBY ST,02-Intersection related,02-Thru lane,01-Clear,"08-Dark, artificial",INTERSECTION,
1741,10-240551,20101110,MARGARET AVE @ UNION ST,01-Non intersection,02-Thru lane,01-Clear,01-Daylight,INTERSECTION,
1742,10-238456,20101107,LAWRENCE AVE @ HIGHLAND RD W,04-At/near private drive,02-Thru lane,01-Clear,01-Daylight,INTERSECTION,
1743,10-208417,20100930,QUEENS BLVD @ WESTHEIGHTS DR,02-Intersection related,02-Thru lane,01-Clear,01-Daylight,INTERSECTION,
1744,10-245497,20101116,WELLINGTON ST N @ SHIRLEY AVE / RIVERBEND DR,03-At intersection,02-Thru lane,01-Clear,01-Daylight,INTERSECTION,
1745,10-265923,20101214,GUELPH ST @ ST LEGER ST,03-At intersection,01-Within intersection,01-Clear,01-Daylight,INTERSECTION,
1746,10-268860,20101218,GLASGOW ST @ IRA NEEDLES BLVD,01-Non intersection,02-Thru lane,01-Clear,01-Daylight,INTERSECTION,
1747,10-086822,20100429,WATER ST S @ JOSEPH ST,03-At intersection,01-Within intersection,01-Clear,01-Daylight,INTERSECTION,
1748,10-074005,20100413,BATTLER RD @ HURON RD,03-At intersection,01-Within intersection,01-Clear,01-Daylight,INTERSECTION,
1749,10-206075,20100927,OTTAWA ST S @ STRASBURG RD,01-Non intersection,11-Not on roadway - right side,01-Clear,01-Daylight,INTERSECTION,
1750,10-017187,20100125,HEIMAN ST @ HIGHLAND RD E,03-At intersection,01-Within intersection,02-Rain,01-Daylight,INTERSECTION,
1751,10-042270,20100301,RIVER RD E @ HOLBORN DR,03-At intersection,02-Thru lane,01-Clear,"04-Dawn, artificial",INTERSECTION,
1752,10-052068,20100311,BORDEN AVE N @ KING ST E / BORDEN AVE S,02-Intersection related,02-Thru lane,01-Clear,01-Daylight,INTERSECTION,
1753,10-207567,20100929,WELLINGTON ST N @ MARGARET AVE,03-At intersection,02-Thru lane,01-Clear,01-Daylight,INTERSECTION,
1754,10-200630,20100920,TRILLIUM DR @ HURON RD,02-Intersection related,01-Within intersection,01-Clear,01-Daylight,INTERSECTION,
1755,10-194638,20100913,CONESTOGA COLLEGE BLVD @ HOMER WATSON BLVD,01-Non intersection,04-Right turn lane,01-Clear,01-Daylight,INTERSECTION,
1756,10-181448,20100828,KINZIE AVE @ RIVER RD E,01-Non intersection,10-Not on roadway - left side,01-Clear,"08-Dark, artificial",INTERSECTION,
1757,10-084955,20100427,MCGARRY DR @ ELM RIDGE DR,03-At intersection,01-Within intersection,01-Clear,01-Daylight,INTERSECTION,
1758,10-086002,20100428,VICTORIA ST N @ LACKNER BLVD / BINGEMANS CENTRE DR,04-At/near private drive,03-Left turn lane,01-Clear,01-Daylight,INTERSECTION,
1759,10-264872,20101213,HIGHLAND RD E @ HOFFMAN ST,03-At intersection,02-Thru lane,01-Clear,01-Daylight,INTERSECTION,
1760,10-040627,20100227,SHIRLEY DR @ BINGEMANS CENTRE DR,03-At intersection,01-Within intersection,03-Snow,01-Daylight,INTERSECTION,
1761,10-264783,20101212,ACTIVA AVE @ BRIDLEWREATH ST,03-At intersection,02-Thru lane,03-Snow,01-Daylight,INTERSECTION,
1762,10-264900,20101213,PIONEER DR @ OLD CARRIAGE DR,03-At intersection,02-Thru lane,01-Clear,01-Daylight,INTERSECTION,
1763,10-203571,20100924,WELLINGTON ST N @ SHIRLEY AVE / RIVERBEND DR,02-Intersection related,02-Thru lane,01-Clear,01-Daylight,INTERSECTION,
1764,10-193866,20100912,MAX BECKER DR @ BRIDLEWREATH ST,04-At/near private drive,02-Thru lane,02-Rain,07-Dark,INTERSECTION,
1765,10-176586,20100821,DOON MILLS DR @ DOON SOUTH DR,99-Other,99-Other,02-Rain,01-Daylight,INTERSECTION,
1766,10-175730,20100820,FRANKLIN ST N @ WEBER ST E,01-Non intersection,02-Thru lane,01-Clear,01-Daylight,INTERSECTION,
1767,10-181039,20100827,GLASGOW ST @ BELMONT AVE W,01-Non intersection,02-Thru lane,01-Clear,01-Daylight,INTERSECTION,
1768,10-007419,20100112,DOON VILLAGE RD @ MILLWOOD CRES,02-Intersection related,02-Thru lane,01-Clear,"08-Dark, artificial",INTERSECTION,
1769,10-077418,20100416,COURTLAND AVE E @ HAYWARD AVE,05-At railway crossing,02-Thru lane,01-Clear,01-Daylight,INTERSECTION,
1770,10-086461,20100428,ELIZA AVE @ ISAIAH DR / ISAIAH CRES,01-Non intersection,99-Other,01-Clear,"08-Dark, artificial",INTERSECTION,
1771,10-093425,20100507,KING ST E @ QUEEN ST N,01-Non intersection,02-Thru lane,02-Rain,"08-Dark, artificial",INTERSECTION,
1772,10-037383,20100222,STRASBURG RD @ BARWOOD CRES,01-Non intersection,02-Thru lane,03-Snow,01-Daylight,INTERSECTION,
1773,10-198258,20100917,BUSH CLOVER CRES @ ACTIVA AVE,01-Non intersection,02-Thru lane,01-Clear,"02-Daylight, artificial",INTERSECTION,
1774,10-200799,20100920,GUELPH ST @ MARGARET AVE,02-Intersection related,02-Thru lane,01-Clear,01-Daylight,INTERSECTION,
1775,10-212885,20101006,DOON VALLEY DR @ CONESTOGA COLLEGE BLVD,04-At/near private drive,01-Within intersection,01-Clear,01-Daylight,INTERSECTION,
1776,10-206770,20100928,DOON VALLEY DR @ CONESTOGA COLLEGE BLVD,04-At/near private drive,02-Thru lane,02-Rain,01-Daylight,INTERSECTION,
1777,10-047676,20100308,SHIRLEY DR @ BINGEMANS CENTRE DR,04-At/near private drive,02-Thru lane,01-Clear,01-Daylight,INTERSECTION,
1778,10-043400,20100303,EAST AVE @ PANDORA AVE N,01-Non intersection,02-Thru lane,01-Clear,01-Daylight,INTERSECTION,
1779,10-046272,20100306,CEDAR ST N @ DUKE ST E,02-Intersection related,02-Thru lane,01-Clear,01-Daylight,INTERSECTION,
1780,10-035265,20100219,KING ST W @ GAUKEL ST,03-At intersection,01-Within intersection,01-Clear,01-Daylight,INTERSECTION,
1781,10-037336,20100222,KING ST W @ ONTARIO ST S / ONTARIO ST N,03-At intersection,02-Thru lane,03-Snow,01-Daylight,INTERSECTION,
1782,10-041319,20100228,RIVER RD E @ LORRAINE AVE,02-Intersection related,10-Not on roadway - left side,01-Clear,03-Dawn,INTERSECTION,
1783,10-040288,20100226,HOMER WATSON BLVD @ STIRLING AVE S,02-Intersection related,02-Thru lane,03-Snow,"08-Dark, artificial",INTERSECTION,
1784,10-035620,20100220,UNION BLVD @ BELMONT AVE W,03-At intersection,03-Left turn lane,01-Clear,07-Dark,INTERSECTION,
1785,10-209018,20100930,QUEENS BLVD @ BELMONT AVE W / BELMONT AVE E,04-At/near private drive,02-Thru lane,01-Clear,01-Daylight,INTERSECTION,
1786,10-211601,20101004,LAURENTIAN DR @ BLOCK LINE RD,03-At intersection,01-Within intersection,01-Clear,01-Daylight,INTERSECTION,
1787,10-195879,20100914,LAWRENCE AVE @ HIGHLAND RD W,01-Non intersection,02-Thru lane,01-Clear,07-Dark,INTERSECTION,
1788,10-206691,20100928,KING ST E @ SCOTT ST,01-Non intersection,02-Thru lane,02-Rain,01-Daylight,INTERSECTION,
1789,10-214447,20101006,MILL ST @ MADISON AVE S,02-Intersection related,02-Thru lane,01-Clear,01-Daylight,INTERSECTION,
1790,10-181559,20100828,BECHTEL DR @ SABRINA CRES,01-Non intersection,02-Thru lane,01-Clear,01-Daylight,INTERSECTION,
1791,10-145891,20100712,GLASGOW ST @ PARK ST,02-Intersection related,01-Within intersection,01-Clear,01-Daylight,INTERSECTION,
1792,10-214834,20101008,OTTAWA ST N @ RIVER RD E,04-At/near private drive,03-Left turn lane,01-Clear,01-Daylight,INTERSECTION,
1793,10-206789,20100928,SPADINA RD E @ MILL ST,03-At intersection,01-Within intersection,02-Rain,01-Daylight,INTERSECTION,
1794,10-133363,20100628,RIVER RD E @ LORRAINE AVE,02-Intersection related,02-Thru lane,01-Clear,01-Daylight,INTERSECTION,
1795,10-152848,20100723,QUEEN ST N @ LANCASTER ST W / LANCASTER ST E,03-At intersection,01-Within intersection,02-Rain,01-Daylight,INTERSECTION,
1796,10-238599,20101107,BELMONT AVE W @ GAGE AVE,02-Intersection related,02-Thru lane,01-Clear,01-Daylight,INTERSECTION,
1797,10-236925,20101105,RIVER RD E @ FREDERICK ST,02-Intersection related,02-Thru lane,02-Rain,01-Daylight,INTERSECTION,
1798,10-251635,20101124,RIVER RD E @ FREDERICK ST,03-At intersection,02-Thru lane,01-Clear,"06-Dusk, artificial",INTERSECTION,
1799,10-203663,20100921,LOUISA ST @ AHRENS ST W,04-At/near private drive,02-Thru lane,01-Clear,01-Daylight,INTERSECTION,
1800,10-265152,20101213,DOON VILLAGE RD @ BECHTEL DR,03-At intersection,02-Thru lane,01-Clear,01-Daylight,INTERSECTION,
1801,10-266044,20101214,PIONEER DR @ OLD CARRIAGE DR,03-At intersection,02-Thru lane,01-Clear,"08-Dark, artificial",INTERSECTION,
1802,10-036590,20100220,ACTIVA AVE @ BRIDLEWREATH ST,04-At/near private drive,02-Thru lane,01-Clear,07-Dark,INTERSECTION,
1803,10-043036,20100226,CHANDLER DR @ STRASBURG RD,01-Non intersection,02-Thru lane,03-Snow,01-Daylight,INTERSECTION,
1804,10-044180,20100303,STRANGE ST @ HERLAN AVE,03-At intersection,01-Within intersection,01-Clear,01-Daylight,INTERSECTION,
1805,10-263657,20101211,ERINBROOK DR @ RIDGEWAY CRES,04-At/near private drive,02-Thru lane,01-Clear,01-Daylight,INTERSECTION,
1806,10-194314,20100912,MOUNTAIN LAUREL CRES @ BRIDLEWREATH ST,01-Non intersection,02-Thru lane,01-Clear,07-Dark,INTERSECTION,
1807,10-188356,20100905,QUEENS BLVD @ WARREN RD,02-Intersection related,11-Not on roadway - right side,01-Clear,01-Daylight,INTERSECTION,
1808,10-194577,20100913,ARDELT AVE @ HANSON AVE,02-Intersection related,01-Within intersection,01-Clear,01-Daylight,INTERSECTION,
1809,10-192075,20100910,DOON VALLEY DR @ CONESTOGA COLLEGE BLVD,03-At intersection,01-Within intersection,01-Clear,01-Daylight,INTERSECTION,
1810,10-030385,20100212,OTTAWA ST N @ RIVER RD E,04-At/near private drive,02-Thru lane,01-Clear,01-Daylight,INTERSECTION,
1811,10-237021,20101105,SPADINA RD E @ QUEENS BLVD / SPADINA RD W,02-Intersection related,01-Within intersection,01-Clear,01-Daylight,INTERSECTION,
1812,10-037369,20100222,MARGARET AVE @ UNION ST,01-Non intersection,02-Thru lane,03-Snow,01-Daylight,INTERSECTION,
1813,10-035255,20100219,LORRAINE AVE @ CARSON DR,04-At/near private drive,02-Thru lane,01-Clear,01-Daylight,INTERSECTION,
1814,10-040185,20100220,CHARLES ST E @ MADISON AVE S,01-Non intersection,02-Thru lane,03-Snow,01-Daylight,INTERSECTION,
1815,10-039737,20100226,MARGARET AVE @ WILHELM ST,01-Non intersection,02-Thru lane,03-Snow,"08-Dark, artificial",INTERSECTION,
1816,10-265598,20101213,STIRLING AVE S @ GREENBROOK DR,02-Intersection related,02-Thru lane,01-Clear,05-Dusk,INTERSECTION,
1817,10-265289,20101213,DOON MILLS DR @ PINE VALLEY DR,03-At intersection,02-Thru lane,01-Clear,01-Daylight,INTERSECTION,
1818,10-198907,20100918,QUEEN ST S @ JOSEPH ST,03-At intersection,01-Within intersection,01-Clear,01-Daylight,INTERSECTION,
1819,10-202285,20100922,PATRICIA AVE @ QUEENS BLVD,03-At intersection,01-Within intersection,01-Clear,01-Daylight,INTERSECTION,
1820,10-078502,20100415,FRANCIS ST S @ JOSEPH ST,01-Non intersection,02-Thru lane,01-Clear,01-Daylight,INTERSECTION,
1821,10-181722,20100828,KRUG ST @ CAMBRIDGE AVE,03-At intersection,01-Within intersection,01-Clear,01-Daylight,INTERSECTION,
1822,10-174922,20100819,ST LEGER ST @ BLUCHER ST / BLUCHER BLVD,03-At intersection,01-Within intersection,01-Clear,01-Daylight,INTERSECTION,
1823,10-177146,20100822,LOUISA ST @ MOORE AVE,02-Intersection related,01-Within intersection,01-Clear,01-Daylight,INTERSECTION,
1824,10-179717,20100826,WOODHAVEN RD @ GREENFIELD AVE,02-Intersection related,02-Thru lane,01-Clear,07-Dark,INTERSECTION,
1825,10-242148,20101112,MCGARRY DR @ FISCHER HALLMAN RD,04-At/near private drive,02-Thru lane,"07-Fog, mist, smoke, dust",01-Daylight,INTERSECTION,
1826,10-204835,20100925,BELMONT AVE W @ CLAREMONT AVE,02-Intersection related,02-Thru lane,01-Clear,01-Daylight,INTERSECTION,
1827,10-182592,20100829,HOLBORN DR @ LAMBERT PL,04-At/near private drive,02-Thru lane,01-Clear,99-Other,INTERSECTION,
1828,10-180051,20100825,WENDY CRT @ WENDY CRES,99-Other,12-Off highway,01-Clear,01-Daylight,INTERSECTION,
1829,10-261186,20101208,AHRENS ST W @ WELLINGTON ST N,03-At intersection,01-Within intersection,01-Clear,01-Daylight,INTERSECTION,
1830,10-080402,20100421,MARGARET AVE @ UNION ST,98-Other,01-Within intersection,01-Clear,01-Daylight,INTERSECTION,
1831,10-069901,20100407,UNION BLVD @ BELMONT AVE W,03-At intersection,02-Thru lane,02-Rain,01-Daylight,INTERSECTION,
1832,10-228954,20101026,WESTHEIGHTS DR @ DRIFTWOOD DR,01-Non intersection,02-Thru lane,01-Clear,01-Daylight,INTERSECTION,
1833,10-224032,20101019,OVERLEA DR @ CECILE DR,03-At intersection,02-Thru lane,01-Clear,"08-Dark, artificial",INTERSECTION,
1834,10-039306,20100225,SHIRK PL @ WOOLWICH ST,01-Non intersection,02-Thru lane,01-Clear,01-Daylight,INTERSECTION,
1835,10-047819,20100308,KING ST E @ QUEEN ST N,01-Non intersection,02-Thru lane,01-Clear,07-Dark,INTERSECTION,
1836,10-057933,20100321,MT HOPE ST @ PARK ST,01-Non intersection,02-Thru lane,01-Clear,"08-Dark, artificial",INTERSECTION,
1837,10-053210,20100316,DUNSMERE DR @ DUNSMERE CRT,02-Intersection related,02-Thru lane,01-Clear,"02-Daylight, artificial",INTERSECTION,
1838,10-037451,20100222,HOMER WATSON BLVD @ STIRLING AVE S,02-Intersection related,02-Thru lane,03-Snow,01-Daylight,INTERSECTION,
1839,10-029375,20100211,GLASGOW ST @ BELMONT AVE W,03-At intersection,01-Within intersection,01-Clear,01-Daylight,INTERSECTION,
1840,10-029216,20100211,WILSON AVE @ TRAYNOR AVE,03-At intersection,01-Within intersection,01-Clear,01-Daylight,INTERSECTION,
1841,10-037077,20100222,KINZIE AVE @ RIVER RD E,03-At intersection,02-Thru lane,01-Clear,01-Daylight,INTERSECTION,
1842,09-147908,20090729,SPADINA RD E @ MILL ST,03-At intersection,02-Thru lane,01-Clear,01-Daylight,INTERSECTION,
1843,09-147843,20090729,SPADINA RD E @ MILL ST,03-At intersection,01-Within intersection,01-Clear,01-Daylight,INTERSECTION,
1844,09-064244,20090407,PIONEER DR @ BECHTEL DR,04-At/near private drive,11-Not on roadway - right side,01-Clear,01-Daylight,INTERSECTION,
1845,09-099572,20090524,PIPERS GREEN CRT @ ERINBROOK DR,04-At/near private drive,02-Thru lane,01-Clear,"06-Dusk, artificial",INTERSECTION,
1846,09-255326,20091231,FRANKLIN ST S @ KINGSWAY DR,02-Intersection related,01-Within intersection,99-Other,"08-Dark, artificial",INTERSECTION,
1847,09-005152,20090107,HURON RD @ MILL PARK DR / WILSON AVE,03-At intersection,01-Within intersection,03-Snow,07-Dark,INTERSECTION,
1848,09-007225,20090112,WELLINGTON ST N @ MARGARET AVE,03-At intersection,02-Thru lane,01-Clear,01-Daylight,INTERSECTION,
1849,09-017624,20090128,KING ST E @ QUEEN ST N,03-At intersection,02-Thru lane,03-Snow,01-Daylight,INTERSECTION,
1850,09-204740,20091014,FRANKLIN ST N @ WEBER ST E,04-At/near private drive,02-Thru lane,01-Clear,"06-Dusk, artificial",INTERSECTION,
1851,09-209548,20091021,QUEEN ST S @ HALLS LANE W,04-At/near private drive,02-Thru lane,01-Clear,01-Daylight,INTERSECTION,
1852,09-176848,20090906,RIVER RD E @ OLD CHICOPEE DR,03-At intersection,01-Within intersection,01-Clear,01-Daylight,INTERSECTION,
1853,09-174473,20090903,GLASGOW ST @ BELMONT AVE W,02-Intersection related,01-Within intersection,01-Clear,01-Daylight,INTERSECTION,
1854,09-188322,20090921,HOMER WATSON BLVD @ STIRLING AVE S,02-Intersection related,03-Left turn lane,01-Clear,"08-Dark, artificial",INTERSECTION,
1855,09-185531,20090918,BLOCK LINE RD @ STRASBURG RD,03-At intersection,01-Within intersection,01-Clear,01-Daylight,INTERSECTION,
1856,09-008927,20090115,WILDERNESS DR @ MOUNTAIN MINT CRES / PINE MARTIN CRES,01-Non intersection,02-Thru lane,01-Clear,01-Daylight,INTERSECTION,
1857,09-009819,20090116,DUNHAM AVE @ MANSION ST,03-At intersection,01-Within intersection,01-Clear,01-Daylight,INTERSECTION,
1858,09-224597,20091112,RIVERBEND DR @ GUELPH ST,02-Intersection related,11-Not on roadway - right side,01-Clear,07-Dark,INTERSECTION,
1859,09-255368,20091231,WELLINGTON ST N @ MARGARET AVE,03-At intersection,01-Within intersection,01-Clear,07-Dark,INTERSECTION,
1860,09-223124,20091110,DOON VILLAGE RD @ MILLWOOD CRES,04-At/near private drive,02-Thru lane,01-Clear,01-Daylight,INTERSECTION,
1861,09-251329,20091223,STIRLING AVE S @ HIGHLAND RD E,03-At intersection,02-Thru lane,01-Clear,01-Daylight,INTERSECTION,
1862,09-202510,20091011,RIVER RD E @ OLD CHICOPEE DR,01-Non intersection,02-Thru lane,01-Clear,"08-Dark, artificial",INTERSECTION,
1863,09-199596,20091007,KINZIE AVE @ HUBER ST,03-At intersection,02-Thru lane,02-Rain,01-Daylight,INTERSECTION,
1864,09-209733,20091021,GLASGOW ST @ PARK ST,01-Non intersection,02-Thru lane,01-Clear,01-Daylight,INTERSECTION,
1865,09-209448,20091021,COURTLAND AVE E @ MILL ST,04-At/near private drive,02-Thru lane,02-Rain,01-Daylight,INTERSECTION,
1866,09-086192,20090506,HIGHVIEW DR @ HIGHVIEW PL,04-At/near private drive,01-Within intersection,01-Clear,01-Daylight,INTERSECTION,
1867,09-097947,20090522,JOSEPH ST @ GAUKEL ST,03-At intersection,01-Within intersection,01-Clear,"08-Dark, artificial",INTERSECTION,
1868,09-221035,20091107,HOMER WATSON BLVD @ HOFFMAN ST,01-Non intersection,02-Thru lane,01-Clear,"08-Dark, artificial",INTERSECTION,
1869,09-213967,20091028,FRANKLIN ST S @ KINGSWAY DR,02-Intersection related,04-Right turn lane,02-Rain,01-Daylight,INTERSECTION,
1870,09-210105,20091022,CEDAR ST N @ KING ST E / CEDAR ST S,03-At intersection,,01-Clear,01-Daylight,INTERSECTION,
1871,09-233931,20091126,STIRLING AVE S @ LORNE AVE / LORNE CRES,04-At/near private drive,11-Not on roadway - right side,01-Clear,01-Daylight,INTERSECTION,
1872,09-235301,20091128,BLOCK LINE RD @ STRASBURG RD,04-At/near private drive,02-Thru lane,01-Clear,01-Daylight,INTERSECTION,
1873,09-223483,20091111,FAIRLAWN RD @ WILSON AVE,03-At intersection,01-Within intersection,01-Clear,01-Daylight,INTERSECTION,
1874,09-219653,20091105,HAZELGLEN DR @ DALEGROVE DR,03-At intersection,01-Within intersection,01-Clear,"08-Dark, artificial",INTERSECTION,
1875,09-231248,20091122,KING ST W @ WATER ST N / WATER ST S,02-Intersection related,02-Thru lane,01-Clear,"08-Dark, artificial",INTERSECTION,
1876,09-214275,20091028,QUEEN ST N @ WEBER ST W / WEBER ST E,04-At/near private drive,02-Thru lane,01-Clear,07-Dark,INTERSECTION,
1877,09-214261,20091028,PARK ST @ VICTORIA ST S,02-Intersection related,02-Thru lane,01-Clear,01-Daylight,INTERSECTION,
1878,09-195620,20090930,WELLINGTON ST N @ SHIRLEY AVE / RIVERBEND DR,03-At intersection,02-Thru lane,01-Clear,01-Daylight,INTERSECTION,
1879,09-127100,20090701,QUEENS BLVD @ BELMONT AVE W / BELMONT AVE E,03-At intersection,01-Within intersection,01-Clear,01-Daylight,INTERSECTION,
1880,09-132322,20090708,KING ST W @ WATER ST N / WATER ST S,02-Intersection related,02-Thru lane,01-Clear,01-Daylight,INTERSECTION,
1881,09-096437,20090521,QUEENS BLVD @ REX DR,02-Intersection related,02-Thru lane,01-Clear,01-Daylight,INTERSECTION,
1882,09-090847,20090513,MAX BECKER DR @ HELENA FEASBY ST,99-Other,99-Other,01-Clear,01-Daylight,INTERSECTION,
1883,09-089334,20090511,HOMER WATSON BLVD @ HOFFMAN ST,03-At intersection,02-Thru lane,01-Clear,01-Daylight,INTERSECTION,
1884,09-034850,20090223,KING ST E @ QUEEN ST N,01-Non intersection,02-Thru lane,01-Clear,01-Daylight,INTERSECTION,
1885,09-016979,20090127,NATCHEZ RD @ MATTHEW ST,04-At/near private drive,02-Thru lane,01-Clear,01-Daylight,INTERSECTION,
1886,09-031166,20090217,FRANKLIN ST S @ KINGSWAY DR,01-Non intersection,02-Thru lane,01-Clear,01-Daylight,INTERSECTION,
1887,09-032137,20090219,THISTLEDOWN DR @ ASHLEY CRT / ERINBROOK DR,03-At intersection,01-Within intersection,03-Snow,01-Daylight,INTERSECTION,
1888,09-111047,20090610,JOSEPH ST @ GAUKEL ST,02-Intersection related,02-Thru lane,01-Clear,01-Daylight,INTERSECTION,