OBJECTID,ACCIDENTNUM,ACCIDENTDATE,LOCATION,ACCIDENT_LOCATION,IMPACT_LOCATION,ENVIRONMENT_CONDITION,LIGHT,COLLISION_TYPE,TRAFFICCOLLISIONSID
1889,09-117793,20090619,PARK ST @ GREEN ST,01-Non intersection,02-Thru lane,01-Clear,01-Daylight,INTERSECTION,
1890,09-109575,20090608,AHRENS ST W @ WELLINGTON ST N,03-At intersection,01-Within intersection,01-Clear,03-Dawn,INTERSECTION,
1891,09-137443,20090715,HIGHLAND RD E @ SPADINA RD E,03-At intersection,01-Within intersection,01-Clear,01-Daylight,INTERSECTION,
1892,09-127784,20090702,WELLINGTON ST N @ MARGARET AVE,02-Intersection related,02-Thru lane,01-Clear,01-Daylight,INTERSECTION,
1893,09-164114,20090820,QUEEN ST N @ DUKE ST E / DUKE ST W,04-At/near private drive,02-Thru lane,01-Clear,01-Daylight,INTERSECTION,
1894,09-019731,20090131,KEVCO PL @ WABANAKI DR,01-Non intersection,02-Thru lane,03-Snow,01-Daylight,INTERSECTION,
1895,09-021713,20090203,DOON VILLAGE RD @ MILLWOOD CRES,01-Non intersection,02-Thru lane,03-Snow,01-Daylight,INTERSECTION,
1896,09-005332,20090109,UNION BLVD @ BELMONT AVE W,03-At intersection,01-Within intersection,01-Clear,01-Daylight,INTERSECTION,
1897,09-022699,20090205,STEEPLERIDGE ST @ BRIDLERIDGE ST,04-At/near private drive,02-Thru lane,01-Clear,01-Daylight,INTERSECTION,
1898,09-022237,20090205,BLOCK LINE RD @ STRASBURG RD,04-At/near private drive,02-Thru lane,01-Clear,01-Daylight,INTERSECTION,
1899,09-009701,20090116,HIGHLAND RD E @ MAUSSER AVE,04-At/near private drive,02-Thru lane,01-Clear,01-Daylight,INTERSECTION,
1900,09-052216,20090320,QUEEN ST S @ JOSEPH ST,04-At/near private drive,11-Not on roadway - right side,01-Clear,01-Daylight,INTERSECTION,
1901,09-140881,20090712,BECHTEL DR @ SABRINA CRES,04-At/near private drive,02-Thru lane,01-Clear,07-Dark,INTERSECTION,
1902,09-010516,20090117,CHARLES ST E @ PRESTON ST,01-Non intersection,02-Thru lane,01-Clear,01-Daylight,INTERSECTION,
1903,09-004716,20090108,ROLLING MEADOWS DR @ WESTVIEW CRES,01-Non intersection,02-Thru lane,01-Clear,07-Dark,INTERSECTION,
1904,09-220298,20091106,BLOCK LINE RD @ STRASBURG RD,03-At intersection,01-Within intersection,01-Clear,01-Daylight,INTERSECTION,
1905,09-219499,20091105,GLASGOW ST @ BELMONT AVE W,02-Intersection related,02-Thru lane,02-Rain,01-Daylight,INTERSECTION,
1906,09-240804,20091206,HEIMAN ST @ HIGHLAND RD E,04-At/near private drive,02-Thru lane,01-Clear,01-Daylight,INTERSECTION,
1907,09-014147,20090122,GLEN RD @ PLEASANT AVE,02-Intersection related,11-Not on roadway - right side,01-Clear,"02-Daylight, artificial",INTERSECTION,
1908,09-131018,20090706,QUEEN ST N @ LANCASTER ST W / LANCASTER ST E,01-Non intersection,02-Thru lane,01-Clear,07-Dark,INTERSECTION,
1909,09-121510,20090610,AHRENS ST W @ WELLINGTON ST N,03-At intersection,02-Thru lane,01-Clear,01-Daylight,INTERSECTION,
1910,09-248437,20091215,HOMER WATSON BLVD @ STIRLING AVE S,01-Non intersection,02-Thru lane,03-Snow,"08-Dark, artificial",INTERSECTION,
1911,09-253564,20091227,BLEAMS RD @ STRASBURG RD,01-Non intersection,02-Thru lane,03-Snow,07-Dark,INTERSECTION,
1912,09-176830,20090906,QUEENS BLVD @ BELMONT AVE W / BELMONT AVE E,03-At intersection,01-Within intersection,01-Clear,01-Daylight,INTERSECTION,
1913,09-224434,20091113,COUNTRY HILL DR @ OLD COUNTRY DR,02-Intersection related,02-Thru lane,01-Clear,01-Daylight,INTERSECTION,
1914,09-236238,20091129,LOUISA ST @ ST LEGER ST,03-At intersection,01-Within intersection,02-Rain,"08-Dark, artificial",INTERSECTION,
1915,09-005086,20090109,WELLINGTON ST N @ SPRING VALLEY RD,01-Non intersection,02-Thru lane,01-Clear,01-Daylight,INTERSECTION,
1916,09-070579,20090416,OVERLEA DR @ KELLY DR,04-At/near private drive,02-Thru lane,01-Clear,01-Daylight,INTERSECTION,
1917,09-058593,20090329,HIGHLAND RD E @ HOFFMAN ST,03-At intersection,99-Other,02-Rain,"08-Dark, artificial",INTERSECTION,
1918,09-229637,20091119,RIVER RD E @ LORRAINE AVE,03-At intersection,01-Within intersection,01-Clear,"08-Dark, artificial",INTERSECTION,
1919,09-193174,20090928,MANCHESTER RD @ RIVER RD E,01-Non intersection,03-Left turn lane,01-Clear,01-Daylight,INTERSECTION,
1920,09-213029,20091023,DOON VALLEY DR @ PINNACLE DR,04-At/near private drive,02-Thru lane,02-Rain,07-Dark,INTERSECTION,
1921,09-219692,20091105,DOON SOUTH DR @ ROBERT FERRIE DR,01-Non intersection,02-Thru lane,02-Rain,"08-Dark, artificial",INTERSECTION,
1922,09-251216,20091221,WEBER ST E @ KINZIE AVE,01-Non intersection,02-Thru lane,01-Clear,01-Daylight,INTERSECTION,
1923,09-251880,20091224,LAWRENCE AVE @ HIGHLAND RD W,04-At/near private drive,02-Thru lane,01-Clear,01-Daylight,INTERSECTION,
1924,09-087916,20090509,STIRLING AVE S @ KING ST E / STIRLING AVE N,03-At intersection,01-Within intersection,01-Clear,01-Daylight,INTERSECTION,
1925,09-078367,20090425,RIVER RD E @ HOLBORN DR,03-At intersection,01-Within intersection,02-Rain,"08-Dark, artificial",INTERSECTION,
1926,09-236713,20091130,WILSON AVE @ KINGSWAY DR,04-At/near private drive,04-Right turn lane,01-Clear,01-Daylight,INTERSECTION,
1927,09-030974,20090217,OAKDALE CRT @ WOODFIELD ST,01-Non intersection,02-Thru lane,01-Clear,01-Daylight,INTERSECTION,
1928,09-243334,20091121,CARWOOD AVE @ DIXON ST,01-Non intersection,02-Thru lane,03-Snow,01-Daylight,INTERSECTION,
1929,09-243185,20091210,MILL ST @ HEIMAN ST,01-Non intersection,10-Not on roadway - left side,03-Snow,01-Daylight,INTERSECTION,
1930,09-246556,20091215,MEINZINGER AVE @ HOFFMAN ST,01-Non intersection,11-Not on roadway - right side,03-Snow,"08-Dark, artificial",INTERSECTION,
1931,09-243863,20091211,WILSON AVE @ KINGSWAY DR,01-Non intersection,02-Thru lane,03-Snow,01-Daylight,INTERSECTION,
1932,09-109877,20090609,MARGARET AVE @ UNION ST,03-At intersection,02-Thru lane,01-Clear,01-Daylight,INTERSECTION,
1933,09-237971,20091202,KINZIE AVE @ THALER AVE,01-Non intersection,02-Thru lane,01-Clear,01-Daylight,INTERSECTION,
1934,09-246598,20091215,LENNOX LEWIS WAY @ BLOCK LINE RD,04-At/near private drive,02-Thru lane,03-Snow,"08-Dark, artificial",INTERSECTION,
1935,09-143047,20090723,BELMONT AVE W @ GAGE AVE,02-Intersection related,01-Within intersection,02-Rain,01-Daylight,INTERSECTION,
1936,09-143079,20090723,STIRLING AVE S @ KING ST E / STIRLING AVE N,01-Non intersection,02-Thru lane,02-Rain,01-Daylight,INTERSECTION,
1937,09-098117,20090523,RITTENHOUSE RD @ WHITE SANDS CRT,01-Non intersection,02-Thru lane,01-Clear,"08-Dark, artificial",INTERSECTION,
1938,09-132343,20090708,MT HOPE ST @ PARK ST,03-At intersection,10-Not on roadway - left side,01-Clear,"06-Dusk, artificial",INTERSECTION,
1939,09-128323,20090703,ARDELT AVE @ HANSON AVE,02-Intersection related,08-Left shoulder,99-Other,"08-Dark, artificial",INTERSECTION,
1940,09-135795,20090713,HALLIWELL DR @ OWEN AVE,04-At/near private drive,02-Thru lane,01-Clear,01-Daylight,INTERSECTION,
1941,09-252573,20091226,RITTENHOUSE RD @ TUERR DR,02-Intersection related,02-Thru lane,01-Clear,01-Daylight,INTERSECTION,
1942,09-033821,20090221,WILSON AVE @ WEBSTER RD,01-Non intersection,02-Thru lane,03-Snow,01-Daylight,INTERSECTION,
1943,09-031875,20090218,MT HOPE ST @ PARK ST,03-At intersection,01-Within intersection,03-Snow,"08-Dark, artificial",INTERSECTION,
1944,09-027427,20090211,STRASBURG RD @ HURON RD,03-At intersection,99-Other,02-Rain,"08-Dark, artificial",INTERSECTION,
1945,09-111487,20090611,SCOTT ST @ PEARL PL,01-Non intersection,02-Thru lane,01-Clear,01-Daylight,INTERSECTION,
1946,09-091413,20090514,BELMONT AVE W @ GAGE AVE,03-At intersection,01-Within intersection,01-Clear,01-Daylight,INTERSECTION,
1947,09-048432,20090315,SEABROOK DR @ WOODBINE AVE,04-At/near private drive,02-Thru lane,01-Clear,01-Daylight,INTERSECTION,
1948,09-196765,20091002,ALPINE RD @ KINGSWOOD DR,01-Non intersection,02-Thru lane,01-Clear,01-Daylight,INTERSECTION,
1949,09-141065,20090720,PARK ST @ VICTORIA ST S,04-At/near private drive,02-Thru lane,02-Rain,01-Daylight,INTERSECTION,
1950,09-153759,20090806,CHARLES ST E @ SYDNEY ST S,03-At intersection,01-Within intersection,01-Clear,01-Daylight,INTERSECTION,
1951,09-022137,20090204,SPADINA RD E @ QUEENS BLVD / SPADINA RD W,02-Intersection related,,,01-Daylight,INTERSECTION,
1952,09-024904,20090208,HIGHLAND RD E @ MAUSSER AVE,03-At intersection,01-Within intersection,01-Clear,01-Daylight,INTERSECTION,
1953,09-169459,20090827,OTTAWA ST N @ FRANKLIN ST N,04-At/near private drive,02-Thru lane,01-Clear,01-Daylight,INTERSECTION,
1954,09-169280,20090827,CHARLES ST E @ PRESTON ST,03-At intersection,02-Thru lane,01-Clear,01-Daylight,INTERSECTION,
1955,09-022135,20090204,PINE ST @ MARY ST,03-At intersection,02-Thru lane,01-Clear,01-Daylight,INTERSECTION,
1956,09-012261,20090120,ARDELT AVE @ HANSON AVE,01-Non intersection,02-Thru lane,01-Clear,01-Daylight,INTERSECTION,
1957,09-009151,20090115,WILSON AVE @ WEBSTER RD,03-At intersection,01-Within intersection,01-Clear,01-Daylight,INTERSECTION,
1958,09-229997,20091120,WELLINGTON ST N @ SHIRLEY AVE / RIVERBEND DR,04-At/near private drive,02-Thru lane,01-Clear,01-Daylight,INTERSECTION,
1959,09-010693,20090117,WAVERLY RD @ GAGE AVE,01-Non intersection,02-Thru lane,03-Snow,"08-Dark, artificial",INTERSECTION,
1960,09-011539,20090118,DRIFTWOOD DR @ YELLOW BIRCH DR,04-At/near private drive,02-Thru lane,03-Snow,01-Daylight,INTERSECTION,
1961,09-005924,20090110,EBY ST S @ EBY ST N / KING ST E,01-Non intersection,11-Not on roadway - right side,01-Clear,01-Daylight,INTERSECTION,
1962,09-056433,20090326,DOON SOUTH DR @ WINDRUSH TRAIL,03-At intersection,10-Not on roadway - left side,01-Clear,"08-Dark, artificial",INTERSECTION,
1963,09-062482,20090404,RIVER RD E @ HALLIWELL DR,01-Non intersection,02-Thru lane,01-Clear,01-Daylight,INTERSECTION,
1964,09-027605,20090212,BLOCK LINE RD @ HOMER WATSON BLVD,02-Intersection related,02-Thru lane,02-Rain,01-Daylight,INTERSECTION,
1965,09-016451,20090126,WOOLWICH ST @ SUNBRIDGE CRES,01-Non intersection,02-Thru lane,01-Clear,01-Daylight,INTERSECTION,
1966,09-027309,20090211,BLOCK LINE RD @ STRASBURG RD,04-At/near private drive,01-Within intersection,02-Rain,"08-Dark, artificial",INTERSECTION,
1967,09-196878,20091003,WILLIAMSBURG RD @ NINE PINES RD,01-Non intersection,02-Thru lane,01-Clear,01-Daylight,INTERSECTION,
1968,09-193345,20090928,GLASGOW ST @ DUNBAR RD,02-Intersection related,11-Not on roadway - right side,02-Rain,01-Daylight,INTERSECTION,
1969,09-018997,20090130,QUEEN ST N @ MARGARET AVE / OTTO ST,03-At intersection,02-Thru lane,01-Clear,01-Daylight,INTERSECTION,
1970,09-007896,20090113,BELMONT AVE W @ GAGE AVE,03-At intersection,02-Thru lane,01-Clear,01-Daylight,INTERSECTION,
1971,09-055453,20090325,PERTH RD @ PLEASANT AVE,02-Intersection related,02-Thru lane,02-Rain,01-Daylight,INTERSECTION,
1972,09-210400,20091022,UNION BLVD @ PARK ST,03-At intersection,01-Within intersection,01-Clear,"08-Dark, artificial",INTERSECTION,
1973,09-219560,20091105,STIRLING AVE S @ KING ST E / STIRLING AVE N,01-Non intersection,02-Thru lane,01-Clear,01-Daylight,INTERSECTION,
1974,09-219281,20091105,HAZELGLEN DR @ MOOREGATE CRES,99-Other,12-Off highway,02-Rain,07-Dark,INTERSECTION,
1975,09-218055,20091003,RIVER RD E @ LORRAINE AVE,02-Intersection related,01-Within intersection,01-Clear,01-Daylight,INTERSECTION,
1976,09-071530,20090417,DEER RIDGE DR @ CANDLE CRES,03-At intersection,01-Within intersection,01-Clear,01-Daylight,INTERSECTION,
1977,09-064084,20090407,PIONEER DR @ DOON VILLAGE RD,04-At/near private drive,02-Thru lane,03-Snow,"08-Dark, artificial",INTERSECTION,
1978,09-059201,20090331,MORGAN AVE @ CENTREVILLE ST,03-At intersection,11-Not on roadway - right side,01-Clear,"08-Dark, artificial",INTERSECTION,
1979,09-217128,20091101,BLACK WALNUT DR @ BLACK WALNUT PL,01-Non intersection,09-Right shoulder,,,INTERSECTION,
1980,09-191113,20090924,BIRKSHIRE CRT @ LORRAINE AVE,03-At intersection,02-Thru lane,01-Clear,01-Daylight,INTERSECTION,
1981,09-190566,20090924,GLASGOW ST @ DUNBAR RD,04-At/near private drive,02-Thru lane,01-Clear,01-Daylight,INTERSECTION,
1982,09-254837,20091230,CRANSHAW ST @ FEATHERSTONE ST / HURON RD,02-Intersection related,02-Thru lane,01-Clear,"08-Dark, artificial",INTERSECTION,
1983,09-247029,20091216,MOOREGATE CRES @ HAZELGLEN DR,03-At intersection,01-Within intersection,03-Snow,"08-Dark, artificial",INTERSECTION,
1984,09-248502,20091218,RIVER RD E @ HALLIWELL DR,03-At intersection,02-Thru lane,01-Clear,01-Daylight,INTERSECTION,
1985,09-246860,20091215,HIGHLAND RD E @ SPADINA RD E,01-Non intersection,02-Thru lane,03-Snow,"04-Dawn, artificial",INTERSECTION,
1986,09-246861,20091215,HANSON AVE @ HAYWARD AVE,01-Non intersection,10-Not on roadway - left side,03-Snow,"08-Dark, artificial",INTERSECTION,
1987,09-173078,20090901,UNION ST @ SUNSET PL,04-At/near private drive,02-Thru lane,01-Clear,01-Daylight,INTERSECTION,
1988,09-230080,20091120,CEDAR ST N @ KING ST E / CEDAR ST S,03-At intersection,01-Within intersection,01-Clear,01-Daylight,INTERSECTION,
1989,09-126447,20090630,UNION BLVD @ ESSON ST,02-Intersection related,03-Left turn lane,01-Clear,01-Daylight,INTERSECTION,
1990,09-129859,20090705,MILL ST @ HEIMAN ST,01-Non intersection,11-Not on roadway - right side,01-Clear,"08-Dark, artificial",INTERSECTION,
1991,09-108675,20090607,FLORENCE AVE @ GUERIN AVE,02-Intersection related,02-Thru lane,01-Clear,01-Daylight,INTERSECTION,
1992,09-215793,20091030,CLARK AVE @ BROADMOOR AVE,01-Non intersection,08-Left shoulder,01-Clear,07-Dark,INTERSECTION,
1993,09-225290,20091113,HANSON AVE @ HAYWARD AVE,02-Intersection related,02-Thru lane,01-Clear,"08-Dark, artificial",INTERSECTION,
1994,09-083314,20090503,HAZELGLEN DR @ MOOREGATE CRES,03-At intersection,01-Within intersection,01-Clear,01-Daylight,INTERSECTION,
1995,09-085554,20090429,KING ST E @ SCOTT ST,02-Intersection related,02-Thru lane,01-Clear,01-Daylight,INTERSECTION,
1996,09-095451,20090520,ST LEGER ST @ BREITHAUPT ST,03-At intersection,01-Within intersection,01-Clear,01-Daylight,INTERSECTION,
1997,09-008020,20090113,OVERLEA DR @ OVERLEA CRT,01-Non intersection,11-Not on roadway - right side,03-Snow,07-Dark,INTERSECTION,
1998,09-010972,20090118,RIVER RD E @ OLD CHICOPEE DR,03-At intersection,01-Within intersection,03-Snow,07-Dark,INTERSECTION,
1999,09-009031,20090115,WELLINGTON ST N @ MOORE AVE,03-At intersection,01-Within intersection,01-Clear,01-Daylight,INTERSECTION,
2000,09-016014,20090123,FRANKLIN ST S @ KINGSWAY DR,02-Intersection related,03-Left turn lane,01-Clear,01-Daylight,INTERSECTION,
2001,09-168540,20090826,KINGSWAY DR @ THIRD AVE,02-Intersection related,02-Thru lane,01-Clear,01-Daylight,INTERSECTION,
2002,09-116323,20090617,UNION BLVD @ PARK ST,03-At intersection,01-Within intersection,02-Rain,01-Daylight,INTERSECTION,
2003,09-091532,20090514,BELMONT AVE W @ GAGE AVE,03-At intersection,02-Thru lane,01-Clear,01-Daylight,INTERSECTION,
2004,09-102758,20090530,WELLINGTON ST N @ LANCASTER ST W,04-At/near private drive,99-Other,01-Clear,01-Daylight,INTERSECTION,
2005,09-099214,20090525,RIVER RD E @ ROSEMOUNT DR,03-At intersection,02-Thru lane,01-Clear,01-Daylight,INTERSECTION,
2006,09-097125,20090522,COURTLAND AVE E @ MADISON AVE S,04-At/near private drive,02-Thru lane,01-Clear,01-Daylight,INTERSECTION,
2007,09-075271,20090420,WATER ST N @ DUKE ST W,10-Parking lot,12-Off highway,02-Rain,"06-Dusk, artificial",INTERSECTION,
2008,09-104166,20090601,WATERLOO ST @ WELLINGTON ST N,03-At intersection,01-Within intersection,01-Clear,01-Daylight,INTERSECTION,
2009,09-042305,20090305,VICTORIA ST S @ HAZELGLEN DR,01-Non intersection,02-Thru lane,01-Clear,01-Daylight,INTERSECTION,
2010,09-086577,20090502,PIONEER DR @ NATHANIEL CRES,04-At/near private drive,02-Thru lane,01-Clear,01-Daylight,INTERSECTION,
2011,09-250219,20091221,GUELPH ST @ ST LEGER ST,03-At intersection,01-Within intersection,01-Clear,01-Daylight,INTERSECTION,
2012,09-173131,20090901,DOON VILLAGE RD @ MILLWOOD CRES,04-At/near private drive,01-Within intersection,01-Clear,01-Daylight,INTERSECTION,
2013,09-175192,20090904,WATERLOO ST @ GUELPH ST,03-At intersection,01-Within intersection,01-Clear,01-Daylight,INTERSECTION,
2014,09-079073,20090427,BELMONT AVE W @ CLAREMONT AVE,03-At intersection,02-Thru lane,01-Clear,01-Daylight,INTERSECTION,
2015,09-077845,20090425,REYBURN AVE @ TRAYNOR AVE,04-At/near private drive,02-Thru lane,01-Clear,01-Daylight,INTERSECTION,
2016,09-085318,20090506,LAURENTIAN DR @ BLOCK LINE RD,01-Non intersection,02-Thru lane,01-Clear,01-Daylight,INTERSECTION,
2017,09-019058,20090130,BELMONT AVE W @ CLAREMONT AVE,03-At intersection,02-Thru lane,01-Clear,01-Daylight,INTERSECTION,
2018,09-032162,20090219,BANKSIDE DR @ BANKSIDE CRES,01-Non intersection,08-Left shoulder,04-Freezing Rain,01-Daylight,INTERSECTION,
2019,09-032389,20090219,AHRENS ST E @ QUEEN ST N / AHRENS ST W,04-At/near private drive,12-Off highway,01-Clear,01-Daylight,INTERSECTION,
2020,09-083909,20090504,FRANCIS ST S @ CHARLES ST W,04-At/near private drive,02-Thru lane,01-Clear,01-Daylight,INTERSECTION,
2021,09-079618,20090428,KING ST E @ CAMERON ST S / CAMERON ST N,03-At intersection,02-Thru lane,02-Rain,01-Daylight,INTERSECTION,
2022,09-078993,20090427,AGNES ST @ WALTER ST,03-At intersection,11-Not on roadway - right side,01-Clear,01-Daylight,INTERSECTION,
2023,09-082410,20090502,SPADINA RD E @ MILL ST,03-At intersection,01-Within intersection,01-Clear,07-Dark,INTERSECTION,
2024,09-134168,20090711,CEDAR ST N @ KING ST E / CEDAR ST S,04-At/near private drive,12-Off highway,01-Clear,01-Daylight,INTERSECTION,
2025,09-209112,20091020,RIVER RD E @ LORRAINE AVE,03-At intersection,01-Within intersection,01-Clear,01-Daylight,INTERSECTION,
2026,09-219006,20091104,WELLINGTON ST N @ MARGARET AVE,01-Non intersection,02-Thru lane,02-Rain,01-Daylight,INTERSECTION,
2027,09-247836,20091217,LAURENTIAN DR @ BLOCK LINE RD,03-At intersection,02-Thru lane,01-Clear,"08-Dark, artificial",INTERSECTION,
2028,09-249921,20091221,WELLINGTON ST N @ SHIRLEY AVE / RIVERBEND DR,01-Non intersection,11-Not on roadway - right side,01-Clear,"04-Dawn, artificial",INTERSECTION,
2029,09-126606,20090630,WESTMEADOW DR @ BANKSIDE DR / WESTFOREST TRAIL,02-Intersection related,02-Thru lane,02-Rain,01-Daylight,INTERSECTION,
2030,09-100500,20090527,BREITHAUPT ST @ MARGARET AVE,03-At intersection,01-Within intersection,02-Rain,01-Daylight,INTERSECTION,
2031,09-097623,20090523,NIPIGON ST @ KEEWATIN AVE,01-Non intersection,09-Right shoulder,01-Clear,"08-Dark, artificial",INTERSECTION,
2032,09-098206,20090523,DOON VALLEY DR @ PINNACLE DR,01-Non intersection,08-Left shoulder,01-Clear,,INTERSECTION,
2033,09-001063,20090102,GREENBROOK DR @ VILLAGE RD / FOREST HILL DR,03-At intersection,02-Thru lane,01-Clear,01-Daylight,INTERSECTION,
2034,09-003904,20090107,SPADINA RD E @ QUEENS BLVD / SPADINA RD W,02-Intersection related,02-Thru lane,03-Snow,01-Daylight,INTERSECTION,
2035,09-004393,20090108,SHANLEY ST @ WATERLOO ST,03-At intersection,01-Within intersection,01-Clear,01-Daylight,INTERSECTION,
2036,09-118555,20090619,MOWAT BLVD @ CHANDLER DR,04-At/near private drive,02-Thru lane,01-Clear,"08-Dark, artificial",INTERSECTION,
2037,09-120517,20090623,ORCHID CRES @ GREY FOX DR,04-At/near private drive,02-Thru lane,01-Clear,01-Daylight,INTERSECTION,
2038,09-052326,20090320,KINZIE AVE @ RIVER RD E,02-Intersection related,02-Thru lane,01-Clear,01-Daylight,INTERSECTION,
2039,09-093003,20090515,OLD CHICOPEE DR @ EDENBRIDGE DR,01-Non intersection,02-Thru lane,01-Clear,"08-Dark, artificial",INTERSECTION,
2040,09-092236,20090515,WILSON AVE @ FOURTH AVE,01-Non intersection,02-Thru lane,01-Clear,01-Daylight,INTERSECTION,
2041,09-091573,20090514,HURON RD @ NEWCASTLE DR / PARKVALE DR,03-At intersection,01-Within intersection,01-Clear,01-Daylight,INTERSECTION,
2042,09-088091,20090509,AHRENS ST W @ WELLINGTON ST N,02-Intersection related,02-Thru lane,01-Clear,01-Daylight,INTERSECTION,
2043,09-005926,20090110,GREY FOX DR @ WILDERNESS DR / WATERCRESS CRT,01-Non intersection,02-Thru lane,01-Clear,01-Daylight,INTERSECTION,
2044,09-021078,20090202,GREY FOX DR @ WILDERNESS DR / WATERCRESS CRT,02-Intersection related,02-Thru lane,01-Clear,01-Daylight,INTERSECTION,
2045,09-049581,20090316,QUEENS BLVD @ REX DR,03-At intersection,01-Within intersection,01-Clear,"08-Dark, artificial",INTERSECTION,
2046,09-155813,20090808,PIONEER DR @ OLD CARRIAGE DR,03-At intersection,02-Thru lane,02-Rain,"08-Dark, artificial",INTERSECTION,
2047,09-157301,20090811,BELMONT AVE W @ GAGE AVE,01-Non intersection,02-Thru lane,01-Clear,01-Daylight,INTERSECTION,
2048,09-253734,20091228,BELMONT AVE W @ GAGE AVE,01-Non intersection,02-Thru lane,01-Clear,01-Daylight,INTERSECTION,
2049,09-236143,20091129,KING ST E @ QUEEN ST N,03-At intersection,01-Within intersection,02-Rain,01-Daylight,INTERSECTION,
2050,09-248810,20091219,SNOWDROP CRES @ SNOWDROP CRT,01-Non intersection,10-Not on roadway - left side,01-Clear,"08-Dark, artificial",INTERSECTION,
2051,09-060815,20090402,WESTMOUNT RD W @ QUEENS BLVD / WESTMOUNT RD E,01-Non intersection,02-Thru lane,01-Clear,01-Daylight,INTERSECTION,
2052,09-012504,20090120,BELMONT AVE W @ KARN ST,02-Intersection related,02-Thru lane,01-Clear,01-Daylight,INTERSECTION,
2053,09-064276,20090407,MIDLAND DR @ BRADLEY DR,03-At intersection,02-Thru lane,99-Other,01-Daylight,INTERSECTION,
2054,09-060930,20090402,QUEEN ST N @ DUKE ST E / DUKE ST W,01-Non intersection,02-Thru lane,01-Clear,01-Daylight,INTERSECTION,
2055,09-047164,20090313,HOMER WATSON BLVD @ HOFFMAN ST,03-At intersection,02-Thru lane,01-Clear,01-Daylight,INTERSECTION,
2056,09-032275,20090217,RIVER RD E @ HICKSON DR,04-At/near private drive,02-Thru lane,01-Clear,07-Dark,INTERSECTION,
2057,09-043840,20090306,RIVER RD E @ FREDERICK ST,03-At intersection,01-Within intersection,01-Clear,"08-Dark, artificial",INTERSECTION,
2058,09-107076,20090605,BLOCK LINE RD @ HANOVER ST,03-At intersection,02-Thru lane,01-Clear,01-Daylight,INTERSECTION,
2059,09-105697,20090603,STAUFFER DR @ REIDEL DR,01-Non intersection,09-Right shoulder,01-Clear,01-Daylight,INTERSECTION,
2060,09-105064,20090602,HOMER WATSON BLVD @ HOFFMAN ST,01-Non intersection,02-Thru lane,01-Clear,01-Daylight,INTERSECTION,
2061,09-082246,20090501,HOMER WATSON BLVD @ STIRLING AVE S,02-Intersection related,12-Off highway,01-Clear,"08-Dark, artificial",INTERSECTION,
2062,09-081734,20090501,OVERLEA DR @ CECILE DR,04-At/near private drive,03-Left turn lane,01-Clear,01-Daylight,INTERSECTION,
2063,09-008577,20090114,WESTHEIGHTS DR @ MCGARRY DR,03-At intersection,02-Thru lane,01-Clear,01-Daylight,INTERSECTION,
2064,09-008344,20090114,CONNAUGHT PL @ CONNAUGHT ST / SECOND AVE,01-Non intersection,02-Thru lane,01-Clear,01-Daylight,INTERSECTION,
2065,09-007951,20090113,KENNETH AVE @ FRANKLIN ST N,03-At intersection,02-Thru lane,01-Clear,05-Dusk,INTERSECTION,
2066,09-015282,20090123,UNION BLVD @ YORK ST,03-At intersection,01-Within intersection,01-Clear,07-Dark,INTERSECTION,
2067,09-010499,20090115,ACTIVA AVE @ DAVID BERGEY DR,01-Non intersection,02-Thru lane,01-Clear,01-Daylight,INTERSECTION,
2068,09-012393,20090119,GLASGOW ST @ EARL ST,01-Non intersection,02-Thru lane,01-Clear,01-Daylight,INTERSECTION,
2069,09-032822,20090203,WESTHEIGHTS DR @ ROLLING MEADOWS DR,02-Intersection related,02-Thru lane,03-Snow,01-Daylight,INTERSECTION,
2070,09-034113,20090221,DOON MILLS DR @ DOON SOUTH DR,01-Non intersection,02-Thru lane,03-Snow,07-Dark,INTERSECTION,
2071,09-015249,20090124,SYDNEY ST S @ BEDFORD RD,04-At/near private drive,02-Thru lane,01-Clear,01-Daylight,INTERSECTION,
2072,09-046442,20090312,HERITAGE DR @ LORRAINE AVE,04-At/near private drive,02-Thru lane,01-Clear,01-Daylight,INTERSECTION,
2073,09-073208,20090419,RIVER RD E @ FREDERICK ST,03-At intersection,01-Within intersection,01-Clear,01-Daylight,INTERSECTION,
2074,09-068731,20090413,STIRLING AVE S @ HIGHLAND RD E,02-Intersection related,01-Within intersection,01-Clear,01-Daylight,INTERSECTION,
2075,09-065454,20090406,HOMER WATSON BLVD @ STIRLING AVE S,02-Intersection related,12-Off highway,02-Rain,"02-Daylight, artificial",INTERSECTION,
2076,09-005263,20090109,SCHNEIDER AVE @ DAVID ST,02-Intersection related,02-Thru lane,01-Clear,01-Daylight,INTERSECTION,
2077,09-007201,20090112,MAX BECKER DR @ COMMONWEALTH ST,01-Non intersection,02-Thru lane,01-Clear,01-Daylight,INTERSECTION,