OBJECTID,ACCIDENTNUM,ACCIDENTDATE,LOCATION,ACCIDENT_LOCATION,IMPACT_LOCATION,ENVIRONMENT_CONDITION,LIGHT,COLLISION_TYPE,TRAFFICCOLLISIONSID
2078,09-216903,20091101,WESTHEIGHTS DR @ WINDING WAY,04-At/near private drive,02-Thru lane,01-Clear,"02-Daylight, artificial",INTERSECTION,
2079,09-155428,20090808,QUEENS BLVD @ HIGHLAND RD W / HIGHLAND RD E / QUEEN ST S,04-At/near private drive,02-Thru lane,02-Rain,01-Daylight,INTERSECTION,
2080,09-079263,20090427,ALPINE RD @ KINGSWOOD DR,02-Intersection related,02-Thru lane,01-Clear,01-Daylight,INTERSECTION,
2081,09-074336,20090421,DUKE ST W @ LOUISA ST,03-At intersection,01-Within intersection,01-Clear,01-Daylight,INTERSECTION,
2082,09-033639,20090221,ROCKWAY DR @ DOON RD,03-At intersection,01-Within intersection,01-Clear,01-Daylight,INTERSECTION,
2083,09-029151,20090213,KING ST E @ SCOTT ST,01-Non intersection,09-Right shoulder,01-Clear,"08-Dark, artificial",INTERSECTION,
2084,09-032426,20090219,SPADINA RD E @ QUEENS BLVD / SPADINA RD W,03-At intersection,01-Within intersection,01-Clear,01-Daylight,INTERSECTION,
2085,09-208009,20091007,QUEEN ST S @ HALLS LANE W,01-Non intersection,02-Thru lane,01-Clear,01-Daylight,INTERSECTION,
2086,09-210264,20091022,RIVER RD E @ HALLIWELL DR,03-At intersection,01-Within intersection,01-Clear,01-Daylight,INTERSECTION,
2087,09-204484,20091014,GUELPH ST @ MAPLE AVE,04-At/near private drive,02-Thru lane,01-Clear,01-Daylight,INTERSECTION,
2088,09-195157,20091001,MOSSGROVE DR @ ROBERT FERRIE DR,04-At/near private drive,11-Not on roadway - right side,01-Clear,"08-Dark, artificial",INTERSECTION,
2089,09-185785,20090918,GOLDEN MEADOW DR @ HIGHVIEW DR,01-Non intersection,10-Not on roadway - left side,01-Clear,01-Daylight,INTERSECTION,
2090,09-190298,20090924,MT HOPE ST @ PARK ST,01-Non intersection,02-Thru lane,01-Clear,01-Daylight,INTERSECTION,
2091,09-214227,20091028,ARNOLD ST @ LANCASTER ST W,02-Intersection related,02-Thru lane,01-Clear,01-Daylight,INTERSECTION,
2092,09-210840,20091023,WILSON AVE @ KINGSWAY DR,04-At/near private drive,02-Thru lane,02-Rain,01-Daylight,INTERSECTION,
2093,09-100630,20090526,SCHNEIDER AVE @ DAVID ST,04-At/near private drive,02-Thru lane,01-Clear,01-Daylight,INTERSECTION,
2094,09-232090,20091123,LORRAINE AVE @ CARSON DR,03-At intersection,,01-Clear,01-Daylight,INTERSECTION,
2095,09-201972,20091009,MORRISON RD @ GRAND RIVER BLVD,04-At/near private drive,02-Thru lane,01-Clear,01-Daylight,INTERSECTION,
2096,09-210742,20091023,KING ST E @ CAMERON ST S / CAMERON ST N,04-At/near private drive,02-Thru lane,02-Rain,01-Daylight,INTERSECTION,
2097,09-201386,20091009,RIVER RD E @ HALLIWELL DR,03-At intersection,02-Thru lane,02-Rain,01-Daylight,INTERSECTION,
2098,09-087470,20090508,MARGARET AVE @ UNION ST,02-Intersection related,02-Thru lane,01-Clear,01-Daylight,INTERSECTION,
2099,09-087375,20090508,RIVER RD E @ LORRAINE AVE,01-Non intersection,02-Thru lane,02-Rain,01-Daylight,INTERSECTION,
2100,09-240695,20091206,MILL ST @ HEIMAN ST,04-At/near private drive,02-Thru lane,01-Clear,01-Daylight,INTERSECTION,
2101,09-245293,20091213,HIGHGATE RD @ HUCK CRES,01-Non intersection,02-Thru lane,03-Snow,05-Dusk,INTERSECTION,
2102,09-244579,20091212,TRAYNOR AVE @ BALFOUR CRES,01-Non intersection,02-Thru lane,01-Clear,01-Daylight,INTERSECTION,
2103,09-121239,20090624,MISTY ST @ MISTY CRES,01-Non intersection,02-Thru lane,01-Clear,01-Daylight,INTERSECTION,
2104,09-105684,20090603,WESTHEIGHTS DR @ BLACKWELL DR,02-Intersection related,02-Thru lane,01-Clear,01-Daylight,INTERSECTION,
2105,09-040547,20090303,PARK ST @ CHERRY ST,06-Underpass or tunnel,02-Thru lane,01-Clear,"08-Dark, artificial",INTERSECTION,
2106,09-208770,20091020,WESTMOUNT RD W @ QUEENS BLVD / WESTMOUNT RD E,04-At/near private drive,02-Thru lane,01-Clear,01-Daylight,INTERSECTION,
2107,09-207672,20091017,KINGSWAY DR @ GREENFIELD AVE,04-At/near private drive,02-Thru lane,01-Clear,07-Dark,INTERSECTION,
2108,09-187849,20090921,GLASGOW ST @ BELMONT AVE W,01-Non intersection,02-Thru lane,02-Rain,01-Daylight,INTERSECTION,
2109,09-064209,20090407,KINZIE AVE @ HAROLD AVE,03-At intersection,01-Within intersection,01-Clear,01-Daylight,INTERSECTION,
2110,09-085030,20090505,RIVERBEND DR @ GUELPH ST,02-Intersection related,02-Thru lane,01-Clear,01-Daylight,INTERSECTION,
2111,09-095810,20090520,MORGAN AVE @ CENTREVILLE ST,03-At intersection,02-Thru lane,01-Clear,01-Daylight,INTERSECTION,
2112,09-092397,20090515,HIGHLAND RD E @ MAUSSER AVE,03-At intersection,01-Within intersection,01-Clear,01-Daylight,INTERSECTION,
2113,09-036726,20090225,BELMONT AVE W @ CLAREMONT AVE,03-At intersection,01-Within intersection,01-Clear,01-Daylight,INTERSECTION,
2114,09-002627,20090105,HEIMAN ST @ HIGHLAND RD E,03-At intersection,01-Within intersection,01-Clear,01-Daylight,INTERSECTION,
2115,09-012610,20090118,HEIMAN ST @ HIGHLAND RD E,02-Intersection related,02-Thru lane,01-Clear,"08-Dark, artificial",INTERSECTION,
2116,09-032847,20090220,TRUSSLER RD @ PLAINS RD,01-Non intersection,02-Thru lane,01-Clear,01-Daylight,INTERSECTION,
2117,09-046999,20090311,STIRLING AVE N @ EAST AVE,01-Non intersection,01-Within intersection,01-Clear,01-Daylight,INTERSECTION,
2118,09-061639,20090403,FIRST AVE @ ECKERT ST,03-At intersection,01-Within intersection,02-Rain,01-Daylight,INTERSECTION,
2119,09-064181,20090407,RIVER RD E @ BRADLEY DR,02-Intersection related,11-Not on roadway - right side,03-Snow,01-Daylight,INTERSECTION,
2120,09-064385,20090407,OTTAWA ST N @ RIVER RD E,04-At/near private drive,02-Thru lane,01-Clear,01-Daylight,INTERSECTION,
2121,09-059488,20090331,QUEENS BLVD @ ELM RIDGE DR,01-Non intersection,08-Left shoulder,01-Clear,01-Daylight,INTERSECTION,
2122,09-008623,20090114,BIEHN DR @ CARLYLE DR,03-At intersection,01-Within intersection,01-Clear,"02-Daylight, artificial",INTERSECTION,
2123,09-128550,20090703,WELLINGTON ST N @ SHIRLEY AVE / RIVERBEND DR,02-Intersection related,02-Thru lane,01-Clear,01-Daylight,INTERSECTION,
2124,09-143902,20090724,KING ST E @ SCOTT ST,02-Intersection related,02-Thru lane,01-Clear,01-Daylight,INTERSECTION,
2125,09-142569,20090722,CEDAR ST N @ KING ST E / CEDAR ST S,04-At/near private drive,03-Left turn lane,01-Clear,01-Daylight,INTERSECTION,
2126,09-143340,20090723,MADISON AVE N @ KING ST E / MADISON AVE S,02-Intersection related,01-Within intersection,01-Clear,01-Daylight,INTERSECTION,
2127,09-051628,20090319,EBY ST S @ EBY ST N / KING ST E,01-Non intersection,02-Thru lane,01-Clear,01-Daylight,INTERSECTION,
2128,09-035424,20090224,KING ST E @ QUEEN ST N,02-Intersection related,02-Thru lane,01-Clear,01-Daylight,INTERSECTION,
2129,09-018195,20090129,DUNBAR RD @ CLAREMONT AVE,01-Non intersection,02-Thru lane,01-Clear,01-Daylight,INTERSECTION,
2130,09-034723,20090223,BANKSIDE DR @ BENESFORT DR,01-Non intersection,02-Thru lane,01-Clear,07-Dark,INTERSECTION,
2131,09-036159,20090225,KING ST E @ SCOTT ST,01-Non intersection,02-Thru lane,01-Clear,01-Daylight,INTERSECTION,
2132,09-138118,20090716,HERITAGE DR @ LORRAINE AVE,03-At intersection,01-Within intersection,01-Clear,01-Daylight,INTERSECTION,
2133,09-107280,20090605,SPADINA RD E @ MILL ST,03-At intersection,02-Thru lane,01-Clear,01-Daylight,INTERSECTION,
2134,09-021808,20090203,BECHTEL DR @ PATHFINDER CRES,04-At/near private drive,08-Left shoulder,03-Snow,01-Daylight,INTERSECTION,
2135,09-025484,20090206,OLD MILL RD @ DOON VALLEY DR,10-Parking lot,12-Off highway,01-Clear,01-Daylight,INTERSECTION,
2136,09-032396,20090219,UPPER CANADA DR @ DOON VILLAGE RD,02-Intersection related,02-Thru lane,03-Snow,01-Daylight,INTERSECTION,
2137,09-042459,20090306,PATRICIA AVE @ QUEENS BLVD,01-Non intersection,01-Within intersection,01-Clear,01-Daylight,INTERSECTION,
2138,09-031820,20090218,RIVER RD E @ FREDERICK ST,03-At intersection,01-Within intersection,03-Snow,01-Daylight,INTERSECTION,
2139,09-181515,20090911,KING ST W @ WATER ST N / WATER ST S,01-Non intersection,02-Thru lane,01-Clear,07-Dark,INTERSECTION,
2140,09-172830,20090901,WILSON AVE @ FAIRWAY RD S,04-At/near private drive,02-Thru lane,01-Clear,01-Daylight,INTERSECTION,
2141,09-167867,20090825,GLASGOW ST @ PARK ST,03-At intersection,02-Thru lane,01-Clear,01-Daylight,INTERSECTION,
2142,09-198117,20091005,NINTH AVE @ KINGSWAY DR,03-At intersection,01-Within intersection,02-Rain,"08-Dark, artificial",INTERSECTION,
2143,09-197973,20091004,HOMER WATSON BLVD @ HOFFMAN ST,01-Non intersection,09-Right shoulder,02-Rain,05-Dusk,INTERSECTION,
2144,09-116751,20090617,WESTHEIGHTS DR @ DRIFTWOOD DR,04-At/near private drive,01-Within intersection,01-Clear,01-Daylight,INTERSECTION,
2145,09-118567,20090619,RUTHERFORD DR @ KINZIE AVE,04-At/near private drive,02-Thru lane,01-Clear,01-Daylight,INTERSECTION,
2146,09-119305,20090621,BLOCK LINE RD @ STRASBURG RD,04-At/near private drive,02-Thru lane,01-Clear,07-Dark,INTERSECTION,
2147,09-116293,20090617,KRUG ST @ ETON DR,04-At/near private drive,02-Thru lane,02-Rain,01-Daylight,INTERSECTION,
2148,09-121684,20090624,RITTENHOUSE RD @ TUERR DR,03-At intersection,01-Within intersection,01-Clear,01-Daylight,INTERSECTION,
2149,09-135907,20090626,HERITAGE DR @ LORRAINE AVE,01-Non intersection,02-Thru lane,01-Clear,01-Daylight,INTERSECTION,
2150,09-021746,20090203,ELLEN ST W @ QUEEN ST N / ELLEN ST E,03-At intersection,01-Within intersection,03-Snow,01-Daylight,INTERSECTION,
2151,09-021658,20090203,KING ST E @ DANE ST,01-Non intersection,02-Thru lane,03-Snow,01-Daylight,INTERSECTION,
2152,09-021639,20090203,MORRISON RD @ WATERBEND CRES / SIMS ESTATE DR,03-At intersection,01-Within intersection,03-Snow,01-Daylight,INTERSECTION,
2153,09-020887,20090202,CONNAUGHT ST @ FRANKLIN ST S,01-Non intersection,99-Other,01-Clear,01-Daylight,INTERSECTION,
2154,09-206232,20091016,HOMER WATSON BLVD @ STIRLING AVE S,02-Intersection related,04-Right turn lane,01-Clear,"08-Dark, artificial",INTERSECTION,
2155,09-193043,20090927,WESTHEIGHTS DR @ ROLLING MEADOWS DR,02-Intersection related,02-Thru lane,01-Clear,01-Daylight,INTERSECTION,
2156,09-173768,20090902,WILSON AVE @ KINGSWAY DR,03-At intersection,05-Right turn channel,01-Clear,01-Daylight,INTERSECTION,
2157,09-186440,20090918,WILSON AVE @ KINGSWAY DR,03-At intersection,02-Thru lane,01-Clear,01-Daylight,INTERSECTION,
2158,09-095659,20090520,BRIARFIELD ST @ BRIARMEADOW DR,02-Intersection related,01-Within intersection,01-Clear,01-Daylight,INTERSECTION,
2159,09-091914,20090515,HERITAGE DR @ LORRAINE AVE,03-At intersection,01-Within intersection,01-Clear,01-Daylight,INTERSECTION,
2160,09-021033,20090202,LOUISA ST @ MARGARET AVE,01-Non intersection,02-Thru lane,01-Clear,01-Daylight,INTERSECTION,
2161,09-088660,20090510,HERITAGE DR @ LORRAINE AVE,02-Intersection related,09-Right shoulder,01-Clear,01-Daylight,INTERSECTION,
2162,09-090374,20090513,ROSENEATH CRES @ LAURENTIAN DR,03-At intersection,01-Within intersection,01-Clear,01-Daylight,INTERSECTION,
2163,09-148935,20090730,WILSON AVE @ FOURTH AVE,01-Non intersection,99-Other,01-Clear,"08-Dark, artificial",INTERSECTION,
2164,09-154466,20090807,SPADINA RD E @ MILL ST,03-At intersection,01-Within intersection,01-Clear,01-Daylight,INTERSECTION,
2165,09-147668,20090729,MILL PARK DR @ GREEN VALLEY DR,01-Non intersection,02-Thru lane,01-Clear,01-Daylight,INTERSECTION,
2166,09-142571,20090722,NOTTINGHAM AVE @ MANCHESTER RD,04-At/near private drive,10-Not on roadway - left side,01-Clear,01-Daylight,INTERSECTION,
2167,09-012269,20090120,GLASGOW ST @ BELMONT AVE W,03-At intersection,01-Within intersection,06-Strong wind,01-Daylight,INTERSECTION,
2168,09-076301,20090210,GUELPH ST @ MARGARET AVE,03-At intersection,01-Within intersection,01-Clear,01-Daylight,INTERSECTION,
2169,09-048476,20090315,WILDERNESS DR @ MOUNTAIN MINT CRES / PINE MARTIN CRES,01-Non intersection,02-Thru lane,01-Clear,"08-Dark, artificial",INTERSECTION,
2170,09-040869,20090304,CARYNDALE DR @ CHAPEL HILL DR,03-At intersection,01-Within intersection,01-Clear,01-Daylight,INTERSECTION,
2171,09-198630,20091005,LORRAINE AVE @ MONTCALM DR,04-At/near private drive,02-Thru lane,01-Clear,05-Dusk,INTERSECTION,
2172,09-208855,20091020,KING ST E @ PANDORA AVE N / PANDORA AVE S,01-Non intersection,02-Thru lane,01-Clear,01-Daylight,INTERSECTION,
2173,09-207562,20091018,RUSSEL ST @ STIRLING AVE S,03-At intersection,02-Thru lane,01-Clear,01-Daylight,INTERSECTION,
2174,09-209636,20091021,BELMONT AVE W @ KARN ST,03-At intersection,02-Thru lane,01-Clear,01-Daylight,INTERSECTION,
2175,09-107161,20090601,WELLINGTON ST N @ SHIRLEY AVE / RIVERBEND DR,03-At intersection,02-Thru lane,01-Clear,01-Daylight,INTERSECTION,
2176,09-112248,20090612,ONTARIO ST S @ JOSEPH ST,03-At intersection,02-Thru lane,01-Clear,01-Daylight,INTERSECTION,
2177,09-109882,20090608,FRANCIS ST S @ JOSEPH ST,03-At intersection,02-Thru lane,01-Clear,01-Daylight,INTERSECTION,
2178,09-113202,20090613,LORRAINE AVE @ CARSON DR,03-At intersection,02-Thru lane,01-Clear,01-Daylight,INTERSECTION,
2179,09-113213,20090612,QUEENS BLVD @ BELMONT AVE W / BELMONT AVE E,01-Non intersection,02-Thru lane,01-Clear,01-Daylight,INTERSECTION,
2180,09-018736,20090130,KARN ST @ WEICHEL ST,03-At intersection,01-Within intersection,01-Clear,01-Daylight,INTERSECTION,
2181,09-005053,20090109,GLASGOW ST @ BELMONT AVE W,03-At intersection,02-Thru lane,03-Snow,01-Daylight,INTERSECTION,
2182,09-032869,20090218,DRIFTWOOD DR @ YELLOW BIRCH DR,03-At intersection,01-Within intersection,01-Clear,"08-Dark, artificial",INTERSECTION,
2183,09-055349,20090325,KING ST W @ ONTARIO ST S / ONTARIO ST N,01-Non intersection,02-Thru lane,01-Clear,01-Daylight,INTERSECTION,
2184,09-193694,20090929,RIVER RD E @ FREDERICK ST,03-At intersection,01-Within intersection,02-Rain,"08-Dark, artificial",INTERSECTION,
2185,09-187410,20090920,STIRLING AVE S @ MILL ST,03-At intersection,01-Within intersection,01-Clear,01-Daylight,INTERSECTION,
2186,09-245131,20091213,CHARLES ST E @ PRESTON ST,03-At intersection,01-Within intersection,03-Snow,01-Daylight,INTERSECTION,
2187,09-151536,20090803,DUKE ST E @ EBY ST N,04-At/near private drive,11-Not on roadway - right side,01-Clear,"08-Dark, artificial",INTERSECTION,
2188,09-196289,20091002,KINZIE AVE @ THALER AVE,03-At intersection,01-Within intersection,01-Clear,01-Daylight,INTERSECTION,
2189,09-201457,20091009,PIONEER DR @ BECHTEL DR,02-Intersection related,11-Not on roadway - right side,02-Rain,07-Dark,INTERSECTION,
2190,09-218766,20091104,AHRENS ST E @ QUEEN ST N / AHRENS ST W,03-At intersection,01-Within intersection,01-Clear,01-Daylight,INTERSECTION,
2191,09-253586,20091228,KINZIE AVE @ OBERMEYER DR,04-At/near private drive,11-Not on roadway - right side,03-Snow,"08-Dark, artificial",INTERSECTION,
2192,09-044878,20090310,LANCASTER ST E @ MANSION ST,03-At intersection,11-Not on roadway - right side,01-Clear,01-Daylight,INTERSECTION,
2193,09-114679,20090615,QUEENS BLVD @ WARREN RD,03-At intersection,01-Within intersection,01-Clear,01-Daylight,INTERSECTION,
2194,09-101199,20090528,BLACKWELL DR @ MONTEAGLE CRES,01-Non intersection,12-Off highway,02-Rain,01-Daylight,INTERSECTION,
2195,09-006165,20090110,SHIRLEY AVE @ BINGEMANS CENTRE DR,01-Non intersection,02-Thru lane,03-Snow,"08-Dark, artificial",INTERSECTION,
2196,09-059483,20090331,KING ST E @ QUEEN ST N,01-Non intersection,02-Thru lane,01-Clear,01-Daylight,INTERSECTION,
2197,09-064949,20090408,DUMFRIES AVE @ KRUG ST,03-At intersection,02-Thru lane,01-Clear,01-Daylight,INTERSECTION,
2198,09-063962,20090406,HOMER WATSON BLVD @ STIRLING AVE S,03-At intersection,02-Thru lane,03-Snow,05-Dusk,INTERSECTION,
2199,09-040354,20090303,ROYAL ORCHARD PL @ ROYAL ORCHARD DR,03-At intersection,01-Within intersection,01-Clear,01-Daylight,INTERSECTION,
2200,09-131683,20090707,FAIRFIELD AVE @ ST LEGER ST,03-At intersection,02-Thru lane,01-Clear,01-Daylight,INTERSECTION,
2201,09-056855,20090327,EBY ST N @ MARKET LANE,03-At intersection,01-Within intersection,01-Clear,01-Daylight,INTERSECTION,
2202,09-057059,20090327,WESTHEIGHTS DR @ WINDING WAY,03-At intersection,02-Thru lane,01-Clear,01-Daylight,INTERSECTION,
2203,09-058729,20090327,TRILLIUM DR @ SHOEMAKER ST,01-Non intersection,02-Thru lane,01-Clear,01-Daylight,INTERSECTION,
2204,09-025447,20090209,STIRLING AVE S @ HIGHLAND RD E,04-At/near private drive,02-Thru lane,01-Clear,01-Daylight,INTERSECTION,
2205,09-046496,20090312,FREDERICK ST @ LANCASTER ST E / ELLEN ST E,04-At/near private drive,02-Thru lane,01-Clear,01-Daylight,INTERSECTION,
2206,09-254204,20091229,ERINBROOK DR @ TILLSLEY DR,04-At/near private drive,11-Not on roadway - right side,01-Clear,01-Daylight,INTERSECTION,
2207,09-243910,20091211,STIRLING AVE S @ PLEASANT AVE,01-Non intersection,09-Right shoulder,05-Drifting Snow,07-Dark,INTERSECTION,
2208,09-251691,20091224,MILL ST @ HEIMAN ST,02-Intersection related,10-Not on roadway - left side,01-Clear,"08-Dark, artificial",INTERSECTION,
2209,09-246788,20091216,BANKSIDE DR @ BENESFORT DR,03-At intersection,10-Not on roadway - left side,03-Snow,"02-Daylight, artificial",INTERSECTION,
2210,09-241475,20091207,PIONEER DR @ OLD CARRIAGE DR,03-At intersection,02-Thru lane,01-Clear,"08-Dark, artificial",INTERSECTION,
2211,09-202824,20091011,OLD COUNTRY DR @ STRASBURG RD,03-At intersection,01-Within intersection,01-Clear,"08-Dark, artificial",INTERSECTION,
2212,09-205505,20091015,CHARLES ST E @ SYDNEY ST S,03-At intersection,01-Within intersection,01-Clear,07-Dark,INTERSECTION,
2213,09-199630,20091007,GATEWAY PARK DR @ TU LANE ST,04-At/near private drive,02-Thru lane,02-Rain,01-Daylight,INTERSECTION,
2214,09-155220,20090808,KING ST E @ CAMERON ST S / CAMERON ST N,02-Intersection related,02-Thru lane,01-Clear,01-Daylight,INTERSECTION,
2215,09-153888,20090806,DUNBAR RD @ CLAREMONT AVE,03-At intersection,01-Within intersection,01-Clear,01-Daylight,INTERSECTION,
2216,09-091484,20090514,QUEEN ST N @ DUKE ST E / DUKE ST W,03-At intersection,01-Within intersection,01-Clear,01-Daylight,INTERSECTION,
2217,09-025920,20090209,MILL ST @ HEIMAN ST,04-At/near private drive,09-Right shoulder,01-Clear,"08-Dark, artificial",INTERSECTION,
2218,09-023028,20090124,WABANAKI DR @ WILSON AVE,03-At intersection,01-Within intersection,01-Clear,"08-Dark, artificial",INTERSECTION,
2219,09-026983,20090211,WATER ST N @ BELL LANE,01-Non intersection,02-Thru lane,02-Rain,01-Daylight,INTERSECTION,
2220,09-026501,20090210,VANIER DR @ BONIFACE AVE,01-Non intersection,02-Thru lane,02-Rain,01-Daylight,INTERSECTION,
2221,09-188642,20090915,DILL ST @ DAVID ST,01-Non intersection,02-Thru lane,01-Clear,01-Daylight,INTERSECTION,
2222,09-189528,20090918,HOMER WATSON BLVD @ HOFFMAN ST,01-Non intersection,02-Thru lane,01-Clear,01-Daylight,INTERSECTION,
2223,09-187182,20090920,WILSON AVE @ FAIRWAY RD S,01-Non intersection,02-Thru lane,01-Clear,01-Daylight,INTERSECTION,
2224,09-173538,20090901,OTTAWA ST N @ KING ST E / OTTAWA ST S,01-Non intersection,02-Thru lane,01-Clear,01-Daylight,INTERSECTION,
2225,09-074135,20090420,BELLEVIEW AVE @ BECKER ST,01-Non intersection,02-Thru lane,02-Rain,07-Dark,INTERSECTION,
2226,09-052979,20090321,SPADINA RD E @ MILL ST,01-Non intersection,11-Not on roadway - right side,01-Clear,01-Daylight,INTERSECTION,
2227,09-052458,20090320,TRAYNOR AVE @ VANIER DR,04-At/near private drive,02-Thru lane,01-Clear,"08-Dark, artificial",INTERSECTION,
2228,09-114419,20090615,FERGUS AVE @ WEBER ST E,04-At/near private drive,02-Thru lane,01-Clear,01-Daylight,INTERSECTION,
2229,09-116249,20090617,MADISON AVE N @ KING ST E / MADISON AVE S,03-At intersection,01-Within intersection,02-Rain,01-Daylight,INTERSECTION,
2230,09-130796,20090703,STRASBURG RD @ MCINTYRE DR,03-At intersection,02-Thru lane,01-Clear,01-Daylight,INTERSECTION,
2231,09-126479,20090630,GLASGOW ST @ BELMONT AVE W,01-Non intersection,02-Thru lane,01-Clear,01-Daylight,INTERSECTION,
2232,09-064448,20090407,PIONEER DR @ HOMER WATSON BLVD,01-Non intersection,02-Thru lane,01-Clear,01-Daylight,INTERSECTION,
2233,09-064277,20090407,PIONEER DR @ HOMER WATSON BLVD,01-Non intersection,11-Not on roadway - right side,03-Snow,01-Daylight,INTERSECTION,
2234,09-018096,20090128,ARDELT AVE @ HANSON AVE,02-Intersection related,02-Thru lane,01-Clear,01-Daylight,INTERSECTION,
2235,09-012960,20090301,GUELPH ST @ BIRCH AVE,02-Intersection related,02-Thru lane,01-Clear,01-Daylight,INTERSECTION,
2236,09-211712,20091024,VANIER DR @ SIEBERT AVE,03-At intersection,01-Within intersection,02-Rain,"08-Dark, artificial",INTERSECTION,
2237,09-205872,20091016,WOODHAVEN RD @ WILSON AVE,03-At intersection,01-Within intersection,01-Clear,01-Daylight,INTERSECTION,
2238,09-209459,20091021,OLD COUNTRY DR @ STRASBURG RD,02-Intersection related,02-Thru lane,02-Rain,01-Daylight,INTERSECTION,
2239,09-216867,20091101,KELLY DR @ QUEENS BLVD,04-At/near private drive,02-Thru lane,01-Clear,"08-Dark, artificial",INTERSECTION,
2240,09-125560,20090629,RIVER RD E @ LORRAINE AVE,03-At intersection,01-Within intersection,01-Clear,01-Daylight,INTERSECTION,
2241,09-119323,20090621,WILSON AVE @ KINGSWAY DR,03-At intersection,03-Left turn lane,01-Clear,01-Daylight,INTERSECTION,
2242,09-099241,20090525,QUEENS BLVD @ BELMONT AVE W / BELMONT AVE E,03-At intersection,01-Within intersection,01-Clear,01-Daylight,INTERSECTION,
2243,09-097923,20090523,GLASGOW ST @ BELMONT AVE W,02-Intersection related,01-Within intersection,01-Clear,01-Daylight,INTERSECTION,
2244,09-088687,20090510,KINGSWAY DR @ GREENFIELD AVE,04-At/near private drive,02-Thru lane,01-Clear,01-Daylight,INTERSECTION,
2245,09-096500,20090521,FOREST GLEN CRES @ FORESTWOOD DR,01-Non intersection,02-Thru lane,01-Clear,01-Daylight,INTERSECTION,
2246,09-146520,20090727,FRANKLIN ST N @ BRADLEY DR,03-At intersection,01-Within intersection,01-Clear,01-Daylight,INTERSECTION,
2247,08-003791,20080110,WESTHEIGHTS DR @ DRIFTWOOD DR,02-Intersection related,02-Thru lane,01-Clear,"08-Dark, artificial",INTERSECTION,
2248,08-009233,20080123,BRADLEY DR @ BRADLEY PL,01-Non intersection,11-Not on roadway - right side,03-Snow,07-Dark,INTERSECTION,
2249,08-008277,20080120,KINGSWAY DR @ GREENFIELD AVE,01-Non intersection,08-Left shoulder,01-Clear,01-Daylight,INTERSECTION,
2250,08-008161,20080120,QUEENS BLVD @ SILVERSPRING CRES,04-At/near private drive,02-Thru lane,01-Clear,01-Daylight,INTERSECTION,
2251,08-010079,20080125,MASSEY AVE @ VANIER DR,03-At intersection,01-Within intersection,01-Clear,01-Daylight,INTERSECTION,
2252,09-244868,20091212,PARKVALE DR @ FEATHERSTONE ST,01-Non intersection,10-Not on roadway - left side,01-Clear,"08-Dark, artificial",INTERSECTION,
2253,09-242796,20091209,GREEN VALLEY DR @ ARROWHEAD CRES,03-At intersection,02-Thru lane,01-Clear,05-Dusk,INTERSECTION,
2254,09-245561,20091214,PIONEER DR @ DOON VILLAGE RD,01-Non intersection,11-Not on roadway - right side,"07-Fog, mist, smoke, dust",01-Daylight,INTERSECTION,
2255,09-245550,20091214,GREENBROOK DR @ VILLAGE RD / FOREST HILL DR,07-Overpass or bridge,12-Off highway,02-Rain,"08-Dark, artificial",INTERSECTION,
2256,09-250233,20091221,KING ST E @ CAMERON ST S / CAMERON ST N,01-Non intersection,02-Thru lane,01-Clear,05-Dusk,INTERSECTION,
2257,09-250883,20091222,QUEEN ST N @ DUKE ST E / DUKE ST W,02-Intersection related,02-Thru lane,01-Clear,01-Daylight,INTERSECTION,
2258,09-251176,20091222,WILSON AVE @ KINGSWAY DR,99-Other,02-Thru lane,01-Clear,01-Daylight,INTERSECTION,
2259,09-182985,20090914,WELLINGTON ST N @ MAJOR ST,04-At/near private drive,02-Thru lane,01-Clear,01-Daylight,INTERSECTION,
2260,09-220251,20091106,KING ST W @ COLLEGE ST,01-Non intersection,02-Thru lane,01-Clear,01-Daylight,INTERSECTION,
2261,09-232944,20091124,STRASBURG RD @ HURON RD,03-At intersection,01-Within intersection,01-Clear,01-Daylight,INTERSECTION,
2262,09-189383,20090831,RIVERBANK DR @ KING ST E,01-Non intersection,02-Thru lane,01-Clear,"08-Dark, artificial",INTERSECTION,
2263,09-238657,20091203,COURTLAND AVE E @ STIRLING AVE S,04-At/near private drive,02-Thru lane,01-Clear,01-Daylight,INTERSECTION,
2264,08-079864,20080628,WESTMEADOW DR @ MICHELLE CRT,01-Non intersection,02-Thru lane,01-Clear,01-Daylight,INTERSECTION,
2265,08-078718,20080626,YORK ST @ MT HOPE ST,02-Intersection related,01-Within intersection,01-Clear,01-Daylight,INTERSECTION,
2266,08-065133,20080530,QUEENS BLVD @ OVERLEA DR,02-Intersection related,02-Thru lane,01-Clear,01-Daylight,INTERSECTION,