OBJECTID,ACCIDENTNUM,ACCIDENTDATE,LOCATION,ACCIDENT_LOCATION,IMPACT_LOCATION,ENVIRONMENT_CONDITION,LIGHT,COLLISION_TYPE,TRAFFICCOLLISIONSID
2267,08-055853,20080510,CHERRY ST @ STRANGE ST,03-At intersection,01-Within intersection,01-Clear,01-Daylight,INTERSECTION,
2268,09-182903,20090914,HARTWOOD AVE @ ELLIS AVE,03-At intersection,01-Within intersection,01-Clear,01-Daylight,INTERSECTION,
2269,09-184089,20090916,GRAND RIVER BLVD @ ONEIDA PL,04-At/near private drive,02-Thru lane,01-Clear,01-Daylight,INTERSECTION,
2270,09-184010,20090916,DOON VALLEY DR @ CONESTOGA COLLEGE BLVD,01-Non intersection,02-Thru lane,01-Clear,01-Daylight,INTERSECTION,
2271,09-160919,20090816,KINZIE AVE @ THALER AVE,01-Non intersection,09-Right shoulder,01-Clear,"08-Dark, artificial",INTERSECTION,
2272,09-166922,20090824,FRANKLIN ST S @ KINGSWAY DR,03-At intersection,01-Within intersection,01-Clear,01-Daylight,INTERSECTION,
2273,09-158838,20090813,GLASGOW ST @ PARK ST,03-At intersection,01-Within intersection,01-Clear,01-Daylight,INTERSECTION,
2274,09-154411,20090807,KRUG ST @ RIVER RD E,03-At intersection,01-Within intersection,01-Clear,01-Daylight,INTERSECTION,
2275,09-155495,20090808,EBY ST S @ EBY ST N / KING ST E,03-At intersection,01-Within intersection,02-Rain,"02-Daylight, artificial",INTERSECTION,
2276,09-253774,20091229,HOMER WATSON BLVD @ HOFFMAN ST,03-At intersection,02-Thru lane,03-Snow,01-Daylight,INTERSECTION,
2277,09-250971,20091222,GUELPH ST @ MARGARET AVE,02-Intersection related,02-Thru lane,01-Clear,"08-Dark, artificial",INTERSECTION,
2278,09-245586,20091214,GUELPH ST @ MARGARET AVE,03-At intersection,02-Thru lane,01-Clear,03-Dawn,INTERSECTION,
2279,09-218297,20091103,LAWRENCE AVE @ HIGHLAND RD W,04-At/near private drive,02-Thru lane,01-Clear,01-Daylight,INTERSECTION,
2280,09-224582,20091112,RIVER RD E @ LORRAINE AVE,01-Non intersection,02-Thru lane,01-Clear,"08-Dark, artificial",INTERSECTION,
2281,09-189685,20090923,BLOCK LINE RD @ HOMER WATSON BLVD,04-At/near private drive,02-Thru lane,01-Clear,01-Daylight,INTERSECTION,
2282,09-254877,20091229,VILLAGE RD @ WESTMOUNT RD E,04-At/near private drive,11-Not on roadway - right side,01-Clear,01-Daylight,INTERSECTION,
2283,09-247625,20091217,HOMER WATSON BLVD @ HOFFMAN ST,02-Intersection related,02-Thru lane,01-Clear,01-Daylight,INTERSECTION,
2284,08-007133,20080118,STECKLE PL @ TRILLIUM DR,02-Intersection related,01-Within intersection,03-Snow,"08-Dark, artificial",INTERSECTION,
2285,08-011867,20080129,FRANKLIN ST N @ WEBER ST E,04-At/near private drive,02-Thru lane,01-Clear,01-Daylight,INTERSECTION,
2286,08-018388,20080213,FRANKLIN ST S @ GREENFIELD AVE,03-At intersection,01-Within intersection,01-Clear,01-Daylight,INTERSECTION,
2287,09-189701,20090923,DONNENWERTH DR @ ACTIVA AVE,03-At intersection,02-Thru lane,01-Clear,01-Daylight,INTERSECTION,
2288,09-180900,20090911,WILSON AVE @ KINGSWAY DR,01-Non intersection,10-Not on roadway - left side,01-Clear,"08-Dark, artificial",INTERSECTION,
2289,09-192770,20090927,HIGHGATE RD @ HUCK CRES,01-Non intersection,02-Thru lane,01-Clear,01-Daylight,INTERSECTION,
2290,09-192810,20090927,KARN ST @ BRYBECK CRES,03-At intersection,01-Within intersection,01-Clear,"08-Dark, artificial",INTERSECTION,
2291,09-238252,20091202,PATRICIA AVE @ QUEENS BLVD,02-Intersection related,02-Thru lane,02-Rain,07-Dark,INTERSECTION,
2292,09-241719,20091208,KING ST W @ ONTARIO ST S / ONTARIO ST N,03-At intersection,08-Left shoulder,01-Clear,"08-Dark, artificial",INTERSECTION,
2293,09-238672,20091202,BATTLER RD @ HURON RD,02-Intersection related,11-Not on roadway - right side,04-Freezing Rain,01-Daylight,INTERSECTION,
2294,09-173980,20090902,KINGSWAY DR @ GREENFIELD AVE,01-Non intersection,10-Not on roadway - left side,01-Clear,07-Dark,INTERSECTION,
2295,09-241439,20091207,TRILLIUM DR @ BEASLEY DR,03-At intersection,02-Thru lane,99-Other,03-Dawn,INTERSECTION,
2296,09-242999,20091209,STIRLING AVE S @ PLEASANT AVE,01-Non intersection,11-Not on roadway - right side,03-Snow,"02-Daylight, artificial",INTERSECTION,
2297,09-250832,20091222,AGNES ST @ WALTER ST,03-At intersection,01-Within intersection,01-Clear,01-Daylight,INTERSECTION,
2298,09-251983,20091224,LORRAINE AVE @ MONTCALM DR,03-At intersection,01-Within intersection,01-Clear,"08-Dark, artificial",INTERSECTION,
2299,08-071176,20080611,UNION BLVD @ BELMONT AVE W,02-Intersection related,04-Right turn lane,01-Clear,01-Daylight,INTERSECTION,
2300,08-053437,20080504,EAST AVE @ KRUG ST,03-At intersection,01-Within intersection,01-Clear,01-Daylight,INTERSECTION,
2301,08-073191,20080615,GLASGOW ST @ BELMONT AVE W,03-At intersection,01-Within intersection,01-Clear,01-Daylight,INTERSECTION,
2302,08-073833,20080616,BLOCK LINE RD @ KINGSWOOD DR,03-At intersection,02-Thru lane,02-Rain,01-Daylight,INTERSECTION,
2303,08-074530,20080617,BLOCK LINE RD @ KINGSWOOD DR,04-At/near private drive,02-Thru lane,01-Clear,01-Daylight,INTERSECTION,
2304,09-131424,20090707,GATEWAY PARK DR @ TU LANE ST,04-At/near private drive,10-Not on roadway - left side,01-Clear,01-Daylight,INTERSECTION,
2305,09-170775,20090829,COUNTRY HILL DR @ BLOCK LINE RD,02-Intersection related,04-Right turn lane,01-Clear,01-Daylight,INTERSECTION,
2306,09-176736,20090906,CEDAR ST N @ DUKE ST E,03-At intersection,01-Within intersection,01-Clear,01-Daylight,INTERSECTION,
2307,09-159423,20090814,COPPER LEAF ST @ COTTON GRASS ST,01-Non intersection,02-Thru lane,01-Clear,01-Daylight,INTERSECTION,
2308,09-170529,20090829,SPADINA RD E @ MILL ST,03-At intersection,01-Within intersection,01-Clear,01-Daylight,INTERSECTION,
2309,09-200047,20091007,DOON SOUTH DR @ FOREST EDGE TRAIL,04-At/near private drive,02-Thru lane,02-Rain,01-Daylight,INTERSECTION,
2310,08-020944,20080219,FRANKLIN ST S @ KINGSWAY DR,02-Intersection related,02-Thru lane,03-Snow,01-Daylight,INTERSECTION,
2311,08-022229,20080217,KING ST W @ ONTARIO ST S / ONTARIO ST N,03-At intersection,02-Thru lane,01-Clear,01-Daylight,INTERSECTION,
2312,08-021127,20080213,MORGAN AVE @ PEPPERWOOD CRES,01-Non intersection,11-Not on roadway - right side,01-Clear,07-Dark,INTERSECTION,
2313,08-021244,20080219,GLASGOW ST @ DUNBAR RD,03-At intersection,02-Thru lane,01-Clear,07-Dark,INTERSECTION,
2314,08-020982,20080217,LANCASTER ST E @ KRUG ST / CEDAR ST N,01-Non intersection,11-Not on roadway - right side,01-Clear,01-Daylight,INTERSECTION,
2315,09-226102,20091114,STRASBURG RD @ HURON RD,01-Non intersection,02-Thru lane,01-Clear,"08-Dark, artificial",INTERSECTION,
2316,09-225999,20091114,WESTMOUNT RD W @ QUEENS BLVD / WESTMOUNT RD E,01-Non intersection,02-Thru lane,01-Clear,01-Daylight,INTERSECTION,
2317,09-229275,20091119,WILSON AVE @ FAIRWAY RD S,04-At/near private drive,02-Thru lane,01-Clear,01-Daylight,INTERSECTION,
2318,09-222396,20091009,DUKE ST E @ FREDERICK ST,02-Intersection related,02-Thru lane,02-Rain,01-Daylight,INTERSECTION,
2319,09-214866,20091028,MCGARRY DR @ PINEHURST CRES,04-At/near private drive,02-Thru lane,02-Rain,01-Daylight,INTERSECTION,
2320,09-188070,20090921,WILSON AVE @ FAIRWAY RD S,04-At/near private drive,03-Left turn lane,02-Rain,01-Daylight,INTERSECTION,
2321,09-252725,20091226,PATRICIA AVE @ QUEENS BLVD,01-Non intersection,02-Thru lane,01-Clear,05-Dusk,INTERSECTION,
2322,09-193051,20090928,COUNTRY HILL DR @ BLOCK LINE RD,01-Non intersection,02-Thru lane,02-Rain,01-Daylight,INTERSECTION,
2323,09-216155,20091031,MARGARET AVE @ UNION ST,01-Non intersection,02-Thru lane,01-Clear,01-Daylight,INTERSECTION,
2324,09-213896,20091028,KINZIE AVE @ OBERMEYER DR,02-Intersection related,02-Thru lane,02-Rain,01-Daylight,INTERSECTION,
2325,09-251149,20091223,WATER ST S @ JOSEPH ST,03-At intersection,01-Within intersection,01-Clear,01-Daylight,INTERSECTION,
2326,09-246597,20091215,WATER ST N @ DUKE ST W,03-At intersection,01-Within intersection,03-Snow,07-Dark,INTERSECTION,
2327,09-236572,20091130,KING ST E @ FREDERICK ST / BENTON ST,01-Non intersection,02-Thru lane,01-Clear,01-Daylight,INTERSECTION,
2328,09-241464,20091207,WABANAKI DR @ WILSON AVE,04-At/near private drive,02-Thru lane,03-Snow,01-Daylight,INTERSECTION,
2329,09-242680,20091209,MILL PARK DR @ GREEN VALLEY DR,01-Non intersection,11-Not on roadway - right side,01-Clear,01-Daylight,INTERSECTION,
2330,09-243403,20091209,WESTHEIGHTS DR @ MCGARRY DR,03-At intersection,01-Within intersection,03-Snow,"08-Dark, artificial",INTERSECTION,
2331,09-244070,20091211,MANITOU DR @ WABANAKI DR,07-Overpass or bridge,02-Thru lane,05-Drifting Snow,"08-Dark, artificial",INTERSECTION,
2332,09-196859,20091003,RIVERBEND DR @ GUELPH ST,03-At intersection,01-Within intersection,01-Clear,01-Daylight,INTERSECTION,
2333,08-069240,20080607,KING ST W @ GAUKEL ST,03-At intersection,02-Thru lane,01-Clear,01-Daylight,INTERSECTION,
2334,08-092812,20080724,GATEWAY PARK DR @ TU LANE ST,03-At intersection,03-Left turn lane,01-Clear,01-Daylight,INTERSECTION,
2335,08-089408,20080716,OTTAWA ST S @ ALPINE RD,01-Non intersection,02-Thru lane,01-Clear,01-Daylight,INTERSECTION,
2336,08-088801,20080715,BLOCK LINE RD @ STRASBURG RD,01-Non intersection,02-Thru lane,01-Clear,01-Daylight,INTERSECTION,
2337,09-183988,20090916,MT HOPE ST @ PARK ST,02-Intersection related,01-Within intersection,01-Clear,01-Daylight,INTERSECTION,
2338,09-177969,20090908,STIRLING AVE S @ MILL ST,01-Non intersection,02-Thru lane,01-Clear,01-Daylight,INTERSECTION,
2339,09-191148,20090925,KING ST E @ PANDORA AVE N / PANDORA AVE S,03-At intersection,01-Within intersection,01-Clear,01-Daylight,INTERSECTION,
2340,09-202076,20091009,RIVER RD E @ LORRAINE AVE,03-At intersection,04-Right turn lane,01-Clear,01-Daylight,INTERSECTION,
2341,09-204021,20091013,BLOCK LINE RD @ STRASBURG RD,02-Intersection related,02-Thru lane,01-Clear,01-Daylight,INTERSECTION,
2342,09-200708,20091008,UNION BLVD @ PARK ST,03-At intersection,01-Within intersection,01-Clear,01-Daylight,INTERSECTION,
2343,09-200658,20091008,KING ST W @ ONTARIO ST S / ONTARIO ST N,03-At intersection,02-Thru lane,01-Clear,01-Daylight,INTERSECTION,
2344,09-204583,20091014,KING ST E @ DANE ST,01-Non intersection,02-Thru lane,01-Clear,01-Daylight,INTERSECTION,
2345,08-005135,20080113,ROTHSAY AVE @ SMETANA DR,08-Trail,11-Not on roadway - right side,01-Clear,07-Dark,INTERSECTION,
2346,09-237379,20091201,KINGSWAY DR @ GREENFIELD AVE,03-At intersection,01-Within intersection,01-Clear,01-Daylight,INTERSECTION,
2347,09-220351,20091104,KINGSWAY DR @ GREENFIELD AVE,01-Non intersection,02-Thru lane,01-Clear,"06-Dusk, artificial",INTERSECTION,
2348,09-229318,20091110,FREDERICK ST @ EDNA ST,04-At/near private drive,02-Thru lane,01-Clear,01-Daylight,INTERSECTION,
2349,09-247090,20091215,WILSON AVE @ TRAYNOR AVE,03-At intersection,03-Left turn lane,03-Snow,"08-Dark, artificial",INTERSECTION,
2350,09-242255,20091208,UNION BLVD @ PARK ST,03-At intersection,03-Left turn lane,01-Clear,07-Dark,INTERSECTION,
2351,09-217680,20091102,QUEENS BLVD @ ELM RIDGE DR,04-At/near private drive,09-Right shoulder,02-Rain,01-Daylight,INTERSECTION,
2352,08-009069,20080122,WESTFOREST TRAIL @ GREENGABLE WAY / TRELAWNEY ST,01-Non intersection,11-Not on roadway - right side,03-Snow,07-Dark,INTERSECTION,
2353,08-009065,20080122,RIVER RD E @ OLD CHICOPEE DR,01-Non intersection,02-Thru lane,03-Snow,01-Daylight,INTERSECTION,
2354,08-007718,20080119,CHARLES ST E @ SYDNEY ST S,03-At intersection,02-Thru lane,03-Snow,01-Daylight,INTERSECTION,
2355,08-006898,20080115,RIVER RD E @ FREDERICK ST,02-Intersection related,02-Thru lane,01-Clear,01-Daylight,INTERSECTION,
2356,09-243191,20091210,MORRISON RD @ GRAND RIVER BLVD,03-At intersection,01-Within intersection,03-Snow,01-Daylight,INTERSECTION,
2357,09-243173,20091210,GREENBROOK DR @ BIRCHCLIFF AVE,02-Intersection related,01-Within intersection,03-Snow,"02-Daylight, artificial",INTERSECTION,
2358,09-241814,20091208,WOODHAVEN RD @ WILSON AVE,02-Intersection related,02-Thru lane,01-Clear,01-Daylight,INTERSECTION,
2359,09-162439,20090817,UNION BLVD @ PARK ST,03-At intersection,02-Thru lane,01-Clear,01-Daylight,INTERSECTION,
2360,09-181221,20090912,LAWRENCE AVE @ HIGHLAND RD W,04-At/near private drive,02-Thru lane,01-Clear,01-Daylight,INTERSECTION,
2361,09-181269,20090911,TRILLIUM DR @ STRASBURG RD,03-At intersection,01-Within intersection,01-Clear,01-Daylight,INTERSECTION,
2362,09-178463,20090908,DAIMLER DR @ BRIARMEADOW DR / BRIARMEADOW PL,01-Non intersection,02-Thru lane,01-Clear,01-Daylight,INTERSECTION,
2363,09-234829,20091127,KINGSWAY DR @ GREENFIELD AVE,04-At/near private drive,02-Thru lane,01-Clear,01-Daylight,INTERSECTION,
2364,09-236197,20091129,CEDAR ST N @ KING ST E / CEDAR ST S,01-Non intersection,02-Thru lane,02-Rain,01-Daylight,INTERSECTION,
2365,09-235456,20091128,RIVER RD E @ LORRAINE AVE,03-At intersection,02-Thru lane,01-Clear,01-Daylight,INTERSECTION,
2366,09-234037,20091126,WILSON AVE @ FAIRWAY RD S,01-Non intersection,02-Thru lane,01-Clear,01-Daylight,INTERSECTION,
2367,09-236850,20091130,KING ST E @ QUEEN ST N,04-At/near private drive,02-Thru lane,01-Clear,01-Daylight,INTERSECTION,
2368,08-074547,20080608,GOODRICH DR @ WILSON AVE,03-At intersection,02-Thru lane,01-Clear,01-Daylight,INTERSECTION,
2369,08-089198,20080717,SHANLEY ST @ DEKAY ST,01-Non intersection,02-Thru lane,01-Clear,01-Daylight,INTERSECTION,
2370,08-077604,20080624,WILSON AVE @ FAIRWAY RD S,01-Non intersection,02-Thru lane,01-Clear,01-Daylight,INTERSECTION,
2371,09-193390,20090928,OLD COUNTRY DR @ STRASBURG RD,02-Intersection related,11-Not on roadway - right side,02-Rain,01-Daylight,INTERSECTION,
2372,09-196957,20091002,CEDAR ST N @ KING ST E / CEDAR ST S,01-Non intersection,99-Other,02-Rain,01-Daylight,INTERSECTION,
2373,09-186756,20090919,KING ST W @ FRANCIS ST S / FRANCIS ST N,03-At intersection,03-Left turn lane,01-Clear,01-Daylight,INTERSECTION,
2374,09-204503,20091002,AGNES ST @ WALTER ST,03-At intersection,02-Thru lane,01-Clear,01-Daylight,INTERSECTION,
2375,09-064034,20090406,MAX BECKER DR @ HELENA FEASBY ST,04-At/near private drive,12-Off highway,03-Snow,"08-Dark, artificial",INTERSECTION,
2376,09-251852,20091224,HOMER WATSON BLVD @ STIRLING AVE S,03-At intersection,01-Within intersection,01-Clear,01-Daylight,INTERSECTION,
2377,09-235613,20091128,MOWAT BLVD @ CHANDLER DR,04-At/near private drive,02-Thru lane,01-Clear,07-Dark,INTERSECTION,
2378,09-212302,20091025,WAKE ROBIN DR @ WAKE ROBIN CRES,04-At/near private drive,02-Thru lane,01-Clear,05-Dusk,INTERSECTION,
2379,09-221784,20091108,KINGSWAY DR @ GREENFIELD AVE,01-Non intersection,02-Thru lane,01-Clear,07-Dark,INTERSECTION,
2380,09-235287,20091128,LOUISA ST @ MOORE AVE,01-Non intersection,09-Right shoulder,01-Clear,"08-Dark, artificial",INTERSECTION,
2381,09-094701,20090519,KING ST W @ ONTARIO ST S / ONTARIO ST N,98-Other,99-Other,01-Clear,01-Daylight,INTERSECTION,
2382,09-051132,20090318,BLUCHER ST @ DIEPPE AVE,04-At/near private drive,02-Thru lane,01-Clear,07-Dark,INTERSECTION,
2383,09-073302,20090419,LYDIA ST @ KRUG ST,04-At/near private drive,02-Thru lane,01-Clear,01-Daylight,INTERSECTION,
2384,09-074760,20090421,PIONEER DR @ UPPER CANADA DR,04-At/near private drive,02-Thru lane,01-Clear,01-Daylight,INTERSECTION,
2385,09-128901,20090704,STIRLING AVE S @ GREENBROOK DR,03-At intersection,02-Thru lane,01-Clear,"08-Dark, artificial",INTERSECTION,
2386,09-250782,20091222,WILSON AVE @ KINGSWAY DR,02-Intersection related,02-Thru lane,01-Clear,01-Daylight,INTERSECTION,
2387,09-251261,20091223,WILSON AVE @ TRAYNOR AVE,01-Non intersection,02-Thru lane,01-Clear,01-Daylight,INTERSECTION,
2388,09-022636,20090205,SEREDA RD @ SPRING VALLEY RD / GUELPH ST,03-At intersection,01-Within intersection,01-Clear,01-Daylight,INTERSECTION,
2389,09-175305,20090904,HANSON AVE @ HAYWARD AVE,03-At intersection,02-Thru lane,01-Clear,01-Daylight,INTERSECTION,
2390,09-065894,20090409,HOMER WATSON BLVD @ MANITOU DR / DOON VILLAGE RD,04-At/near private drive,02-Thru lane,01-Clear,01-Daylight,INTERSECTION,
2391,09-107274,20090605,PIONEER DR @ OLD CARRIAGE DR,01-Non intersection,02-Thru lane,01-Clear,01-Daylight,INTERSECTION,
2392,09-108153,20090606,HURON RD @ NEWCASTLE DR / PARKVALE DR,03-At intersection,02-Thru lane,01-Clear,01-Daylight,INTERSECTION,
2393,09-006947,20090112,FRANKLIN ST N @ DALEWOOD DR,01-Non intersection,02-Thru lane,01-Clear,01-Daylight,INTERSECTION,
2394,09-005929,20090109,HANSON AVE @ HAYWARD AVE,02-Intersection related,02-Thru lane,01-Clear,01-Daylight,INTERSECTION,
2395,09-004402,20090108,WESTHEIGHTS DR @ WESTVIEW CRES,01-Non intersection,02-Thru lane,01-Clear,01-Daylight,INTERSECTION,
2396,09-127780,20090702,UNION BLVD @ BELMONT AVE W,01-Non intersection,02-Thru lane,01-Clear,01-Daylight,INTERSECTION,
2397,09-119356,20090621,FRANKLIN ST S @ KINGSWAY DR,02-Intersection related,01-Within intersection,01-Clear,01-Daylight,INTERSECTION,
2398,09-098848,20090524,HIGHLAND RD E @ SPADINA RD E,04-At/near private drive,11-Not on roadway - right side,01-Clear,01-Daylight,INTERSECTION,
2399,09-034459,20090321,MCBRINE DR @ MCINTYRE DR / MCINTYRE PL,04-At/near private drive,11-Not on roadway - right side,01-Clear,"08-Dark, artificial",INTERSECTION,
2400,09-141069,20090720,WELLINGTON ST N @ SHIRLEY AVE / RIVERBEND DR,01-Non intersection,02-Thru lane,02-Rain,01-Daylight,INTERSECTION,
2401,09-022234,20090204,WELLINGTON ST N @ SHIRLEY AVE / RIVERBEND DR,04-At/near private drive,01-Within intersection,01-Clear,01-Daylight,INTERSECTION,
2402,09-064192,20090407,HIGHBROOK ST @ HIGHBROOK CRT,01-Non intersection,02-Thru lane,03-Snow,01-Daylight,INTERSECTION,
2403,09-064144,20090407,PIONEER DR @ OLD CARRIAGE DR,03-At intersection,01-Within intersection,03-Snow,01-Daylight,INTERSECTION,
2404,09-064040,20090406,MORGAN AVE @ FAIRWAY RD N,04-At/near private drive,02-Thru lane,03-Snow,05-Dusk,INTERSECTION,
2405,09-060020,20090401,DUKE ST W @ BREITHAUPT ST,03-At intersection,01-Within intersection,02-Rain,01-Daylight,INTERSECTION,
2406,09-049334,20090315,DUKE ST E @ EBY ST N,01-Non intersection,10-Not on roadway - left side,01-Clear,"08-Dark, artificial",INTERSECTION,
2407,09-032165,20090219,KINGSWAY DR @ GREENFIELD AVE,02-Intersection related,11-Not on roadway - right side,03-Snow,01-Daylight,INTERSECTION,
2408,09-004765,20090108,QUEEN ST N @ DUKE ST E / DUKE ST W,04-At/near private drive,02-Thru lane,01-Clear,01-Daylight,INTERSECTION,
2409,09-025075,20090206,COLTON CIR @ AMELIA ST,04-At/near private drive,02-Thru lane,01-Clear,01-Daylight,INTERSECTION,
2410,09-088421,20090510,OLD CHICOPEE DR @ CONWAY DR,04-At/near private drive,02-Thru lane,01-Clear,01-Daylight,INTERSECTION,
2411,09-144960,20090725,WILSON AVE @ KINGSWAY DR,04-At/near private drive,02-Thru lane,02-Rain,01-Daylight,INTERSECTION,
2412,09-124824,20090628,FRANKLIN ST S @ KINGSWAY DR,03-At intersection,02-Thru lane,02-Rain,01-Daylight,INTERSECTION,
2413,09-092191,20090515,FOURTH AVE @ KINGSWAY DR,03-At intersection,01-Within intersection,01-Clear,01-Daylight,INTERSECTION,
2414,09-080770,20090429,STIRLING AVE S @ MILL ST,02-Intersection related,02-Thru lane,01-Clear,01-Daylight,INTERSECTION,
2415,09-092445,20090515,HOFFMAN ST @ KEHL ST,01-Non intersection,10-Not on roadway - left side,01-Clear,07-Dark,INTERSECTION,
2416,09-245237,20091212,QUEENS BLVD @ OVERLEA DR,04-At/near private drive,02-Thru lane,01-Clear,07-Dark,INTERSECTION,
2417,09-017727,20090128,BORDEN AVE N @ KING ST E / BORDEN AVE S,03-At intersection,01-Within intersection,03-Snow,01-Daylight,INTERSECTION,
2418,09-004575,20090108,CEDAR ST N @ KING ST E / CEDAR ST S,03-At intersection,01-Within intersection,01-Clear,01-Daylight,INTERSECTION,
2419,09-002201,20090104,STIRLING AVE S @ HIGHLAND RD E,02-Intersection related,11-Not on roadway - right side,01-Clear,"08-Dark, artificial",INTERSECTION,
2420,09-004394,20090108,UNION BLVD @ BELMONT AVE W,03-At intersection,01-Within intersection,01-Clear,01-Daylight,INTERSECTION,
2421,09-101340,20090528,WILSON AVE @ KINGSWAY DR,02-Intersection related,02-Thru lane,02-Rain,01-Daylight,INTERSECTION,
2422,09-104279,20090530,GLASGOW ST @ BELMONT AVE W,04-At/near private drive,02-Thru lane,01-Clear,01-Daylight,INTERSECTION,
2423,09-109451,20090608,WAKE ROBIN DR @ WAKE ROBIN CRES,01-Non intersection,02-Thru lane,01-Clear,01-Daylight,INTERSECTION,
2424,09-154721,20090807,BELMONT AVE W @ ROCK AVE,,,,,INTERSECTION,
2425,09-143446,20090723,DUKE ST W @ WELLINGTON ST N,03-At intersection,01-Within intersection,01-Clear,01-Daylight,INTERSECTION,
2426,09-040715,20090304,FERGUS AVE @ WEBER ST E,01-Non intersection,02-Thru lane,01-Clear,03-Dawn,INTERSECTION,
2427,09-014381,20090123,EAST AVE @ KRUG ST,03-At intersection,01-Within intersection,01-Clear,01-Daylight,INTERSECTION,
2428,09-035612,20090224,RIVER RD E @ HOLBORN DR,01-Non intersection,02-Thru lane,01-Clear,01-Daylight,INTERSECTION,
2429,09-021213,20090202,HICKORY HEIGHTS CRES @ FOREST HILL DR,04-At/near private drive,09-Right shoulder,01-Clear,01-Daylight,INTERSECTION,
2430,09-056887,20090327,KING ST W @ YOUNG ST,03-At intersection,02-Thru lane,01-Clear,01-Daylight,INTERSECTION,
2431,09-010607,20090117,BANKSIDE DR @ OPRINGTON DR,03-At intersection,01-Within intersection,01-Clear,01-Daylight,INTERSECTION,
2432,09-018911,20090129,SAMUEL ST @ KRUG ST,03-At intersection,01-Within intersection,01-Clear,01-Daylight,INTERSECTION,
2433,09-019078,20090130,ARDELT AVE @ HANSON AVE,02-Intersection related,02-Thru lane,01-Clear,01-Daylight,INTERSECTION,
2434,09-140935,20090719,RIVER RD E @ HOLBORN DR,03-At intersection,02-Thru lane,01-Clear,"02-Daylight, artificial",INTERSECTION,
2435,09-145087,20090725,WILSON AVE @ TRAYNOR AVE,03-At intersection,01-Within intersection,"07-Fog, mist, smoke, dust",05-Dusk,INTERSECTION,
2436,09-147758,20090729,BELMONT AVE W @ GAGE AVE,03-At intersection,01-Within intersection,01-Clear,01-Daylight,INTERSECTION,
2437,09-198614,20091005,BORDEN AVE N @ KING ST E / BORDEN AVE S,01-Non intersection,02-Thru lane,01-Clear,01-Daylight,INTERSECTION,
2438,09-199066,20091006,BELMONT AVE W @ ROCK AVE,03-At intersection,02-Thru lane,01-Clear,01-Daylight,INTERSECTION,
2439,09-200539,20091008,STIRLING AVE S @ KING ST E / STIRLING AVE N,04-At/near private drive,02-Thru lane,01-Clear,01-Daylight,INTERSECTION,
2440,09-196309,20091002,HOMER WATSON BLVD @ OTTAWA ST S,01-Non intersection,02-Thru lane,02-Rain,01-Daylight,INTERSECTION,
2441,09-032140,20090219,THISTLEDOWN DR @ ASHLEY CRT / ERINBROOK DR,03-At intersection,01-Within intersection,03-Snow,01-Daylight,INTERSECTION,
2442,09-019514,20090131,SYDNEY ST S @ NYBERG ST,01-Non intersection,02-Thru lane,03-Snow,"04-Dawn, artificial",INTERSECTION,
2443,09-072609,20090418,SOUTHDALE AVE @ HOFFMAN ST,02-Intersection related,08-Left shoulder,01-Clear,01-Daylight,INTERSECTION,
2444,09-004400,20090108,BECKER ST @ KRUG ST,02-Intersection related,01-Within intersection,03-Snow,01-Daylight,INTERSECTION,
2445,09-116395,20090608,BRIARMEADOW DR @ BRIARMEADOW CRES,04-At/near private drive,02-Thru lane,02-Rain,"08-Dark, artificial",INTERSECTION,
2446,09-128671,20090703,WELLINGTON ST N @ MARGARET AVE,03-At intersection,01-Within intersection,01-Clear,01-Daylight,INTERSECTION,
2447,09-137978,20090716,WILSON AVE @ FAIRWAY RD S,04-At/near private drive,02-Thru lane,01-Clear,01-Daylight,INTERSECTION,
2448,09-115524,20090616,HAWKSWOOD DR @ CONDOR ST,04-At/near private drive,02-Thru lane,01-Clear,01-Daylight,INTERSECTION,
2449,09-194815,20090930,COUNTRY HILL DR @ OLD COUNTRY DR,04-At/near private drive,12-Off highway,01-Clear,01-Daylight,INTERSECTION,
2450,09-243248,20091210,THISTLEDOWN DR @ ASHLEY CRT / ERINBROOK DR,03-At intersection,01-Within intersection,01-Clear,01-Daylight,INTERSECTION,
2451,09-247107,20091216,ACTIVA AVE @ PERIWINKLE ST,04-At/near private drive,09-Right shoulder,01-Clear,01-Daylight,INTERSECTION,
2452,09-152263,20090804,ONTARIO ST N @ DUKE ST W,04-At/near private drive,02-Thru lane,01-Clear,01-Daylight,INTERSECTION,
2453,09-143169,20090723,MILL ST @ HEIMAN ST,04-At/near private drive,02-Thru lane,02-Rain,01-Daylight,INTERSECTION,
2454,09-003724,20090107,KINZIE AVE @ OBERMEYER DR,01-Non intersection,02-Thru lane,03-Snow,"08-Dark, artificial",INTERSECTION,
2455,09-014996,20090124,GREENFIELD AVE @ TRAYNOR AVE,01-Non intersection,09-Right shoulder,01-Clear,"08-Dark, artificial",INTERSECTION,