OBJECTID,ACCIDENTNUM,ACCIDENTDATE,LOCATION,ACCIDENT_LOCATION,IMPACT_LOCATION,ENVIRONMENT_CONDITION,LIGHT,COLLISION_TYPE,TRAFFICCOLLISIONSID
2456,09-011233,20090118,WELLINGTON ST N @ CIRCA DR,04-At/near private drive,11-Not on roadway - right side,01-Clear,01-Daylight,INTERSECTION,
2457,09-035160,20090224,QUEENS BLVD @ REX DR,01-Non intersection,10-Not on roadway - left side,01-Clear,"08-Dark, artificial",INTERSECTION,
2458,09-057702,20090328,MARKWOOD DR @ CHOPIN DR,04-At/near private drive,02-Thru lane,01-Clear,01-Daylight,INTERSECTION,
2459,09-007898,20090109,PATRICIA AVE @ SPADINA RD W,03-At intersection,01-Within intersection,03-Snow,01-Daylight,INTERSECTION,
2460,09-001596,20090103,EBY ST S @ EBY ST N / KING ST E,01-Non intersection,02-Thru lane,01-Clear,"04-Dawn, artificial",INTERSECTION,
2461,09-175241,20090903,HURON RD @ NEWCASTLE DR / PARKVALE DR,03-At intersection,02-Thru lane,01-Clear,01-Daylight,INTERSECTION,
2462,09-160671,20090815,DOON SOUTH DR @ DOON VILLAGE RD,07-Overpass or bridge,02-Thru lane,01-Clear,01-Daylight,INTERSECTION,
2463,09-167343,20090824,MCGARRY DR @ ELM RIDGE DR,04-At/near private drive,11-Not on roadway - right side,01-Clear,01-Daylight,INTERSECTION,
2464,09-170592,20090829,KINGSWAY DR @ EIGHTH AVE,02-Intersection related,11-Not on roadway - right side,01-Clear,01-Daylight,INTERSECTION,
2465,09-150436,20090801,HOMER WATSON BLVD @ HOFFMAN ST,03-At intersection,02-Thru lane,01-Clear,"02-Daylight, artificial",INTERSECTION,
2466,09-049867,20090317,PIONEER DR @ DOON VILLAGE RD,03-At intersection,01-Within intersection,01-Clear,03-Dawn,INTERSECTION,
2467,09-007101,20090112,WATER ST N @ DUKE ST W,02-Intersection related,02-Thru lane,01-Clear,01-Daylight,INTERSECTION,
2468,09-017748,20090128,BREITHAUPT ST @ WATERLOO ST,03-At intersection,01-Within intersection,03-Snow,01-Daylight,INTERSECTION,
2469,09-018764,20090130,SEREDA RD @ SPRING VALLEY RD / GUELPH ST,03-At intersection,01-Within intersection,03-Snow,01-Daylight,INTERSECTION,
2470,09-017742,20090128,KINGSWAY DR @ ST JEROME AVE,04-At/near private drive,02-Thru lane,03-Snow,01-Daylight,INTERSECTION,
2471,09-146232,20090727,LAWRENCE AVE @ HIGHLAND RD W,04-At/near private drive,02-Thru lane,01-Clear,01-Daylight,INTERSECTION,
2472,09-141034,20090718,HIGHLAND RD E @ SPADINA RD E,03-At intersection,02-Thru lane,01-Clear,01-Daylight,INTERSECTION,
2473,09-149307,20090731,GLASGOW ST @ BELMONT AVE W,03-At intersection,01-Within intersection,01-Clear,01-Daylight,INTERSECTION,
2474,09-125592,20090627,WOODHAVEN RD @ BYRON AVE,04-At/near private drive,02-Thru lane,01-Clear,01-Daylight,INTERSECTION,
2475,09-161771,20090817,WEBER ST E @ STIRLING AVE N,01-Non intersection,01-Within intersection,01-Clear,01-Daylight,INTERSECTION,
2476,09-244426,20091211,FRANKLIN ST N @ BRADLEY DR,04-At/near private drive,02-Thru lane,06-Strong wind,01-Daylight,INTERSECTION,
2477,09-044808,20090310,DOON SOUTH DR @ WINDRUSH TRAIL,01-Non intersection,08-Left shoulder,01-Clear,"08-Dark, artificial",INTERSECTION,
2478,09-162568,20090818,PARK ST @ VICTORIA ST S,07-Overpass or bridge,02-Thru lane,01-Clear,01-Daylight,INTERSECTION,
2479,09-144950,20090725,EBY ST N @ MARKET LANE,01-Non intersection,08-Left shoulder,01-Clear,01-Daylight,INTERSECTION,
2480,09-161415,20090816,DUNBAR RD @ RUSHOLME RD,03-At intersection,11-Not on roadway - right side,01-Clear,01-Daylight,INTERSECTION,
2481,09-123417,20090626,STIRLING AVE S @ PLEASANT AVE,03-At intersection,02-Thru lane,01-Clear,01-Daylight,INTERSECTION,
2482,09-019147,20090130,MOUNTAIN LAUREL CRES @ BRIDLEWREATH ST,01-Non intersection,02-Thru lane,01-Clear,01-Daylight,INTERSECTION,
2483,09-022050,20090204,RIVERBEND DR @ BRIDGEPORT RD,04-At/near private drive,02-Thru lane,01-Clear,01-Daylight,INTERSECTION,
2484,09-021824,20090203,HIGHVIEW DR @ HICKORY HOLLOW CRES,01-Non intersection,02-Thru lane,03-Snow,01-Daylight,INTERSECTION,
2485,09-026274,20090210,WOOLWICH ST @ SUNBRIDGE CRES,01-Non intersection,10-Not on roadway - left side,01-Clear,01-Daylight,INTERSECTION,
2486,09-023695,20090205,CEDAR ST N @ DUKE ST E,03-At intersection,01-Within intersection,01-Clear,"08-Dark, artificial",INTERSECTION,
2487,09-146338,20090727,BLOCK LINE RD @ STRASBURG RD,02-Intersection related,01-Within intersection,01-Clear,01-Daylight,INTERSECTION,
2488,09-066509,20090409,RIVER RD E @ LORRAINE AVE,02-Intersection related,02-Thru lane,01-Clear,01-Daylight,INTERSECTION,
2489,09-061896,20090403,KING ST E @ QUEEN ST N,02-Intersection related,01-Within intersection,02-Rain,01-Daylight,INTERSECTION,
2490,09-007665,20090402,KING ST W @ COLLEGE ST,01-Non intersection,02-Thru lane,01-Clear,01-Daylight,INTERSECTION,
2491,09-083967,20090504,KING ST W @ COLLEGE ST,01-Non intersection,02-Thru lane,01-Clear,01-Daylight,INTERSECTION,
2492,09-243233,20091210,ACTIVA AVE @ ISAIAH DR,01-Non intersection,09-Right shoulder,03-Snow,01-Daylight,INTERSECTION,
2493,09-243167,20091210,LAURENTIAN DR @ BLOCK LINE RD,03-At intersection,02-Thru lane,03-Snow,"08-Dark, artificial",INTERSECTION,
2494,09-242551,20091208,BELMONT AVE W @ GAGE AVE,01-Non intersection,02-Thru lane,"07-Fog, mist, smoke, dust",05-Dusk,INTERSECTION,
2495,09-210812,20091023,QUEENS BLVD @ BELMONT AVE W / BELMONT AVE E,03-At intersection,01-Within intersection,02-Rain,01-Daylight,INTERSECTION,
2496,09-058756,20090330,JUBILEE DR @ DAVID ST / COURTLAND AVE W,03-At intersection,01-Within intersection,01-Clear,01-Daylight,INTERSECTION,
2497,09-132761,20090709,MARLBOROUGH AVE @ BELMONT AVE W,02-Intersection related,01-Within intersection,01-Clear,01-Daylight,INTERSECTION,
2498,09-134122,20090711,BECHTEL DR @ PATHFINDER CRES,01-Non intersection,02-Thru lane,01-Clear,01-Daylight,INTERSECTION,
2499,09-073874,20090420,BLACKWELL DR @ TRAILVIEW DR,04-At/near private drive,02-Thru lane,02-Rain,01-Daylight,INTERSECTION,
2500,09-006513,20090111,HURON RD @ WOODBINE AVE,03-At intersection,01-Within intersection,01-Clear,01-Daylight,INTERSECTION,
2501,09-003867,20090107,ARDELT AVE @ HANSON AVE,03-At intersection,01-Within intersection,01-Clear,01-Daylight,INTERSECTION,
2502,09-004568,20090107,NATCHEZ RD @ CARSON DR,04-At/near private drive,02-Thru lane,"07-Fog, mist, smoke, dust",01-Daylight,INTERSECTION,
2503,09-114087,20090614,DEKAY ST @ BRIAR AVE,04-At/near private drive,99-Other,01-Clear,01-Daylight,INTERSECTION,
2504,09-108850,20090607,FRANKLIN ST S @ GREENFIELD AVE,04-At/near private drive,02-Thru lane,01-Clear,01-Daylight,INTERSECTION,
2505,09-092894,20090516,WEST AVE @ BROCK ST,04-At/near private drive,11-Not on roadway - right side,02-Rain,01-Daylight,INTERSECTION,
2506,09-118319,20090620,BELMONT AVE W @ BELMONT LANE E,01-Non intersection,02-Thru lane,02-Rain,01-Daylight,INTERSECTION,
2507,09-110641,20090610,JUBILEE DR @ DAVID ST / COURTLAND AVE W,01-Non intersection,02-Thru lane,01-Clear,01-Daylight,INTERSECTION,
2508,09-196002,20091002,BRIDLEWREATH ST @ DONNENWERTH DR,04-At/near private drive,09-Right shoulder,01-Clear,"08-Dark, artificial",INTERSECTION,
2509,09-080578,20090424,CHICOPEE PARK CRT @ GRULKE ST / FAIRWAY RD N,04-At/near private drive,12-Off highway,01-Clear,07-Dark,INTERSECTION,
2510,09-246855,20091215,QUEEN ST N @ LANCASTER ST W / LANCASTER ST E,03-At intersection,02-Thru lane,03-Snow,05-Dusk,INTERSECTION,
2511,09-248173,20091217,BELMONT AVE W @ VICTORIA ST S,04-At/near private drive,02-Thru lane,01-Clear,01-Daylight,INTERSECTION,
2512,09-245331,20091213,WATERLOO ST @ GUELPH ST,03-At intersection,01-Within intersection,"07-Fog, mist, smoke, dust",99-Other,INTERSECTION,
2513,09-034298,20090222,TRUSSLER RD @ PLAINS RD,01-Non intersection,02-Thru lane,01-Clear,01-Daylight,INTERSECTION,
2514,09-033788,20090221,MEINZINGER AVE @ HOFFMAN ST,01-Non intersection,04-Right turn lane,03-Snow,01-Daylight,INTERSECTION,
2515,09-031617,20090218,STONYBROOK DR @ GREENBROOK DR,04-At/near private drive,02-Thru lane,03-Snow,01-Daylight,INTERSECTION,
2516,09-055260,20090325,CONESTOGA COLLEGE BLVD @ PINNACLE DR,04-At/near private drive,02-Thru lane,01-Clear,01-Daylight,INTERSECTION,
2517,09-045847,20090311,RIVERBEND DR @ GUELPH ST,01-Non intersection,02-Thru lane,01-Clear,01-Daylight,INTERSECTION,
2518,09-159028,20090813,KING ST W @ WATER ST N / WATER ST S,03-At intersection,01-Within intersection,01-Clear,01-Daylight,INTERSECTION,
2519,09-163074,20090819,HIGHLAND RD E @ SPADINA RD E,02-Intersection related,01-Within intersection,01-Clear,"08-Dark, artificial",INTERSECTION,
2520,09-008231,20090114,RIVER RD E @ HOLBORN DR,03-At intersection,01-Within intersection,03-Snow,03-Dawn,INTERSECTION,
2521,09-019773,20090131,KING ST E @ QUEEN ST N,02-Intersection related,02-Thru lane,03-Snow,01-Daylight,INTERSECTION,
2522,09-035849,20090225,FRANKLIN ST S @ KINGSWAY DR,03-At intersection,01-Within intersection,01-Clear,"04-Dawn, artificial",INTERSECTION,
2523,09-036893,20090226,TRUSSLER RD @ PLAINS RD,01-Non intersection,02-Thru lane,01-Clear,07-Dark,INTERSECTION,
2524,09-041687,20090305,GLASGOW ST @ BELMONT AVE W,04-At/near private drive,02-Thru lane,01-Clear,01-Daylight,INTERSECTION,
2525,09-165039,20090821,WALKER ST @ JANSEN AVE,02-Intersection related,02-Thru lane,01-Clear,01-Daylight,INTERSECTION,
2526,09-157437,20090811,GOUDIES LANE @ FREDERICK ST,03-At intersection,01-Within intersection,01-Clear,01-Daylight,INTERSECTION,
2527,09-023427,20090125,MARL MEADOW DR @ TEMPLEWOOD DR,01-Non intersection,01-Within intersection,03-Snow,01-Daylight,INTERSECTION,
2528,09-227560,20091116,HURON RD @ FISCHER HALLMAN RD,04-At/near private drive,02-Thru lane,01-Clear,07-Dark,INTERSECTION,
2529,09-232919,20091124,MARGARET AVE @ UNION ST,04-At/near private drive,02-Thru lane,01-Clear,05-Dusk,INTERSECTION,
2530,09-166160,20090823,STIRLING AVE S @ GREENBROOK DR,02-Intersection related,12-Off highway,01-Clear,"08-Dark, artificial",INTERSECTION,
2531,09-163872,20090820,RIVER RD E @ LORRAINE AVE,01-Non intersection,09-Right shoulder,01-Clear,01-Daylight,INTERSECTION,
2532,09-159412,20090814,PROSPECT AVE @ EMERALD AVE,04-At/near private drive,12-Off highway,01-Clear,07-Dark,INTERSECTION,
2533,09-158436,20090812,CARWOOD CRES @ CARWOOD AVE,02-Intersection related,01-Within intersection,01-Clear,"08-Dark, artificial",INTERSECTION,
2534,09-161056,20090816,BIRKSHIRE CRT @ LORRAINE AVE,03-At intersection,11-Not on roadway - right side,01-Clear,"04-Dawn, artificial",INTERSECTION,
2535,09-022765,20090204,BUSH CLOVER CRES @ ACTIVA AVE,02-Intersection related,02-Thru lane,01-Clear,01-Daylight,INTERSECTION,
2536,09-022445,20090204,WESTHEIGHTS DR @ AUTUMN HILL CRES,01-Non intersection,01-Within intersection,01-Clear,01-Daylight,INTERSECTION,
2537,09-021750,20090203,MARTIN ST @ PETER ST,01-Non intersection,02-Thru lane,03-Snow,01-Daylight,INTERSECTION,
2538,09-090186,20090512,CONNAUGHT ST @ CARROL ST,01-Non intersection,02-Thru lane,01-Clear,"08-Dark, artificial",INTERSECTION,
2539,09-084768,20090505,DUKE ST E @ EBY ST N,01-Non intersection,01-Within intersection,01-Clear,01-Daylight,INTERSECTION,
2540,09-078874,20090426,STIRLING AVE S @ LORNE CRES,04-At/near private drive,02-Thru lane,01-Clear,"08-Dark, artificial",INTERSECTION,
2541,09-078980,20090424,TYSON DR @ HORNING DR,04-At/near private drive,02-Thru lane,01-Clear,01-Daylight,INTERSECTION,
2542,09-081397,20090430,LAWRENCE AVE @ HIGHLAND RD W,01-Non intersection,02-Thru lane,02-Rain,01-Daylight,INTERSECTION,
2543,08-052227,20080501,HICKORY HEIGHTS CRES @ FOREST HILL DR,03-At intersection,02-Thru lane,01-Clear,01-Daylight,INTERSECTION,
2544,08-034415,20080321,CHANDLER DR @ STRASBURG RD,03-At intersection,11-Not on roadway - right side,01-Clear,"08-Dark, artificial",INTERSECTION,
2545,08-049527,20080425,STAUFFER DR @ CARYNDALE DR,01-Non intersection,08-Left shoulder,01-Clear,01-Daylight,INTERSECTION,
2546,08-048470,20080423,QUEENS BLVD @ WARREN RD,03-At intersection,02-Thru lane,01-Clear,01-Daylight,INTERSECTION,
2547,08-047251,20080420,THALER AVE @ FAIRWAY RD N,03-At intersection,01-Within intersection,01-Clear,07-Dark,INTERSECTION,
2548,08-007886,20080119,FRANKLIN ST S @ KINGSWAY DR,03-At intersection,03-Left turn lane,06-Strong wind,01-Daylight,INTERSECTION,
2549,08-012526,20080131,ONTARIO ST N @ DUKE ST W,02-Intersection related,02-Thru lane,01-Clear,01-Daylight,INTERSECTION,
2550,08-012562,20080131,STIRLING AVE S @ KING ST E / STIRLING AVE N,03-At intersection,02-Thru lane,01-Clear,01-Daylight,INTERSECTION,
2551,08-014439,20080204,KING ST W @ FRANCIS ST S / FRANCIS ST N,02-Intersection related,01-Within intersection,02-Rain,07-Dark,INTERSECTION,
2552,08-029807,20080310,PATRICIA AVE @ QUEENS BLVD,03-At intersection,01-Within intersection,01-Clear,"08-Dark, artificial",INTERSECTION,
2553,08-029238,20080309,FRANKLIN ST N @ PROSPECT AVE,03-At intersection,01-Within intersection,01-Clear,"06-Dusk, artificial",INTERSECTION,
2554,08-069782,20080608,RIVER RD E @ LORRAINE AVE,03-At intersection,02-Thru lane,01-Clear,01-Daylight,INTERSECTION,
2555,08-049931,20080426,QUEENS BLVD @ WESTHEIGHTS DR,03-At intersection,10-Not on roadway - left side,01-Clear,01-Daylight,INTERSECTION,
2556,08-045137,20080416,QUEEN ST N @ DUKE ST E / DUKE ST W,01-Non intersection,02-Thru lane,01-Clear,01-Daylight,INTERSECTION,
2557,08-040901,20080406,RIVER RD E @ HOLBORN DR,04-At/near private drive,02-Thru lane,01-Clear,01-Daylight,INTERSECTION,
2558,08-093380,20080725,HOFFMAN ST @ KEHL ST,01-Non intersection,02-Thru lane,01-Clear,01-Daylight,INTERSECTION,
2559,08-098484,20080805,OTTAWA ST N @ KING ST E / OTTAWA ST S,04-At/near private drive,02-Thru lane,01-Clear,01-Daylight,INTERSECTION,
2560,08-104859,20080819,RIVER RD E @ FREDERICK ST,02-Intersection related,02-Thru lane,01-Clear,01-Daylight,INTERSECTION,
2561,08-104193,20080817,HEIMAN ST @ HIGHLAND RD E,01-Non intersection,02-Thru lane,01-Clear,"08-Dark, artificial",INTERSECTION,
2562,08-109067,20080828,SPORTSWORLD DR @ GATEWAY PARK DR / HELDMANN RD,01-Non intersection,02-Thru lane,02-Rain,01-Daylight,INTERSECTION,
2563,08-004483,20080111,COUNTRY HILL DR @ BLOCK LINE RD,03-At intersection,02-Thru lane,01-Clear,07-Dark,INTERSECTION,
2564,08-001199,20080103,WELLINGTON ST N @ PATRICK ST,03-At intersection,11-Not on roadway - right side,01-Clear,"08-Dark, artificial",INTERSECTION,
2565,08-007485,20080118,PINECREST DR @ FRANKLIN ST N,01-Non intersection,11-Not on roadway - right side,01-Clear,07-Dark,INTERSECTION,
2566,08-004495,20080111,GOODRICH DR @ WILSON AVE,02-Intersection related,03-Left turn lane,01-Clear,01-Daylight,INTERSECTION,
2567,08-057839,20080514,HARTWOOD AVE @ MARGARET AVE,03-At intersection,01-Within intersection,02-Rain,01-Daylight,INTERSECTION,
2568,08-055524,20080509,UNION BLVD @ BELMONT AVE W,03-At intersection,01-Within intersection,01-Clear,01-Daylight,INTERSECTION,
2569,08-116595,20080913,STONYBROOK DR @ GREENBROOK DR,02-Intersection related,10-Not on roadway - left side,99-Other,"02-Daylight, artificial",INTERSECTION,
2570,08-086988,20080712,ST LEGER ST @ UNION ST,01-Non intersection,11-Not on roadway - right side,01-Clear,"08-Dark, artificial",INTERSECTION,
2571,08-095457,20080729,STIRLING AVE S @ KING ST E / STIRLING AVE N,02-Intersection related,02-Thru lane,01-Clear,"08-Dark, artificial",INTERSECTION,
2572,08-017950,20080212,DOON RD @ CARWOOD AVE,01-Non intersection,02-Thru lane,01-Clear,01-Daylight,INTERSECTION,
2573,08-058147,20080510,STIRLING AVE S @ KING ST E / STIRLING AVE N,02-Intersection related,02-Thru lane,01-Clear,01-Daylight,INTERSECTION,
2574,08-036122,20080325,BANKSIDE DR @ BENESFORT DR,04-At/near private drive,02-Thru lane,01-Clear,01-Daylight,INTERSECTION,
2575,08-040013,20080404,WILSON AVE @ FAIRWAY RD S,04-At/near private drive,02-Thru lane,01-Clear,01-Daylight,INTERSECTION,
2576,08-065425,20080531,QUEENS BLVD @ ELM RIDGE DR,01-Non intersection,08-Left shoulder,02-Rain,"08-Dark, artificial",INTERSECTION,
2577,08-105371,20080820,UNION BLVD @ DUNBAR RD,04-At/near private drive,02-Thru lane,01-Clear,01-Daylight,INTERSECTION,
2578,08-100761,20080810,BLOCK LINE RD @ STRASBURG RD,02-Intersection related,03-Left turn lane,01-Clear,01-Daylight,INTERSECTION,
2579,08-114037,20080907,STRASBURG RD @ HURON RD,03-At intersection,02-Thru lane,01-Clear,01-Daylight,INTERSECTION,
2580,08-114703,20080909,STIRLING AVE S @ LORNE CRES,03-At intersection,01-Within intersection,01-Clear,01-Daylight,INTERSECTION,
2581,08-072722,20080614,SPADINA RD E @ QUEENS BLVD / SPADINA RD W,03-At intersection,01-Within intersection,01-Clear,01-Daylight,INTERSECTION,
2582,08-081688,20080702,TU LANE ST @ KING ST E,04-At/near private drive,02-Thru lane,01-Clear,01-Daylight,INTERSECTION,
2583,08-085261,20080709,CAMERON ST N @ TROY ST,03-At intersection,01-Within intersection,01-Clear,01-Daylight,INTERSECTION,
2584,08-063142,20080525,PIONEER DR @ VINTAGE CRES,04-At/near private drive,02-Thru lane,01-Clear,01-Daylight,INTERSECTION,
2585,08-052429,20080501,COURTLAND AVE E @ MILL ST,01-Non intersection,02-Thru lane,01-Clear,01-Daylight,INTERSECTION,
2586,08-059083,20080517,QUEEN ST S @ COURTLAND AVE W,01-Non intersection,02-Thru lane,01-Clear,"04-Dawn, artificial",INTERSECTION,
2587,08-022313,20080222,ARDELT AVE @ HANSON AVE,03-At intersection,02-Thru lane,01-Clear,01-Daylight,INTERSECTION,
2588,08-026732,20080303,OLD COUNTRY DR @ STRASBURG RD,03-At intersection,01-Within intersection,02-Rain,07-Dark,INTERSECTION,
2589,08-009070,20080122,CONNAUGHT ST @ FRANKLIN ST S,01-Non intersection,02-Thru lane,03-Snow,01-Daylight,INTERSECTION,
2590,08-012173,20080130,KINGSWOOD DR @ GRACEFIELD CRES,02-Intersection related,12-Off highway,06-Strong wind,01-Daylight,INTERSECTION,
2591,08-012009,20080130,GUELPH ST @ ST VINCENT ST / ARNOLD ST,02-Intersection related,10-Not on roadway - left side,03-Snow,"08-Dark, artificial",INTERSECTION,
2592,08-012560,20080131,BELMONT AVE W @ GAGE AVE,04-At/near private drive,02-Thru lane,01-Clear,01-Daylight,INTERSECTION,
2593,08-019212,20080215,AGNES ST @ WALTER ST,03-At intersection,11-Not on roadway - right side,03-Snow,01-Daylight,INTERSECTION,
2594,08-141137,20081105,RIVER RD E @ HICKSON DR,01-Non intersection,02-Thru lane,01-Clear,01-Daylight,INTERSECTION,
2595,08-139371,20081101,KING ST E @ ONWARD AVE,04-At/near private drive,02-Thru lane,01-Clear,01-Daylight,INTERSECTION,
2596,08-135004,20081022,KINZIE AVE @ THALER AVE,01-Non intersection,02-Thru lane,01-Clear,01-Daylight,INTERSECTION,
2597,08-168160,20081217,KING ST E @ QUEEN ST N,03-At intersection,02-Thru lane,01-Clear,01-Daylight,INTERSECTION,
2598,08-169822,20081220,STIRLING AVE S @ GREENBROOK DR,02-Intersection related,11-Not on roadway - right side,03-Snow,07-Dark,INTERSECTION,
2599,08-082242,20080703,WEBER ST E @ KINZIE AVE,04-At/near private drive,02-Thru lane,01-Clear,01-Daylight,INTERSECTION,
2600,08-082655,20080704,LOUISA ST @ AHRENS ST W,03-At intersection,01-Within intersection,01-Clear,01-Daylight,INTERSECTION,
2601,08-068517,20080606,GLASGOW ST @ YORK ST,03-At intersection,02-Thru lane,01-Clear,01-Daylight,INTERSECTION,
2602,08-022711,20080223,UNION BLVD @ ESSON ST,03-At intersection,01-Within intersection,01-Clear,01-Daylight,INTERSECTION,
2603,08-043785,20080413,GORDON AVE @ CLARENCE PL,01-Non intersection,02-Thru lane,01-Clear,01-Daylight,INTERSECTION,
2604,08-040553,20080405,WELLINGTON ST N @ MARGARET AVE,02-Intersection related,02-Thru lane,01-Clear,01-Daylight,INTERSECTION,
2605,08-044074,20080414,GLASGOW ST @ WESTMOUNT RD W,01-Non intersection,02-Thru lane,01-Clear,01-Daylight,INTERSECTION,
2606,08-053421,20080403,HOMER WATSON BLVD @ STIRLING AVE S,02-Intersection related,03-Left turn lane,02-Rain,"08-Dark, artificial",INTERSECTION,
2607,08-054739,20080507,AHRENS ST W @ WELLINGTON ST N,03-At intersection,01-Within intersection,01-Clear,01-Daylight,INTERSECTION,
2608,08-090829,20080720,WELLINGTON ST N @ SHIRLEY AVE / RIVERBEND DR,02-Intersection related,02-Thru lane,02-Rain,01-Daylight,INTERSECTION,
2609,08-013401,20080202,KING ST W @ GAUKEL ST,03-At intersection,01-Within intersection,01-Clear,01-Daylight,INTERSECTION,
2610,08-012902,20080201,HOMER WATSON BLVD @ HOFFMAN ST,02-Intersection related,08-Left shoulder,03-Snow,01-Daylight,INTERSECTION,
2611,08-015970,20080208,KARN ST @ BRYBECK CRES,01-Non intersection,02-Thru lane,01-Clear,01-Daylight,INTERSECTION,
2612,08-019698,20080216,ROLLING MEADOWS DR @ TRAILWOOD CRES,01-Non intersection,02-Thru lane,01-Clear,07-Dark,INTERSECTION,
2613,08-019389,20080215,MAPLE AVE @ ARNOLD ST,03-At intersection,01-Within intersection,01-Clear,01-Daylight,INTERSECTION,
2614,08-066059,20080601,CEDARWOODS CRES @ KINGSWAY DR,02-Intersection related,11-Not on roadway - right side,01-Clear,07-Dark,INTERSECTION,
2615,08-061652,20080523,KINZIE AVE @ OBERMEYER DR,04-At/near private drive,11-Not on roadway - right side,01-Clear,"02-Daylight, artificial",INTERSECTION,
2616,08-065670,20080531,WESTHEIGHTS DR @ MCGARRY DR,03-At intersection,03-Left turn lane,01-Clear,01-Daylight,INTERSECTION,
2617,08-072517,20080614,ACTIVA AVE @ HACKBERRY ST / GREY FOX DR,04-At/near private drive,09-Right shoulder,02-Rain,"04-Dawn, artificial",INTERSECTION,
2618,08-058364,20080515,STIRLING AVE S @ LORNE AVE / LORNE CRES,02-Intersection related,02-Thru lane,01-Clear,"08-Dark, artificial",INTERSECTION,
2619,08-096756,20080801,KINGSWAY DR @ ST JEROME AVE,02-Intersection related,02-Thru lane,99-Other,01-Daylight,INTERSECTION,
2620,08-065257,20080530,WATERLOO ST @ WELLINGTON ST N,02-Intersection related,01-Within intersection,01-Clear,"08-Dark, artificial",INTERSECTION,
2621,08-095190,20080729,GLASGOW ST @ BELMONT AVE W,03-At intersection,01-Within intersection,01-Clear,01-Daylight,INTERSECTION,
2622,08-109148,20080828,BLOCK LINE RD @ STRASBURG RD,03-At intersection,01-Within intersection,02-Rain,05-Dusk,INTERSECTION,
2623,08-109138,20080828,CHANDLER DR @ STRASBURG RD,03-At intersection,01-Within intersection,02-Rain,01-Daylight,INTERSECTION,
2624,08-092798,20080724,COPPER LEAF ST @ COTTON GRASS ST,04-At/near private drive,02-Thru lane,01-Clear,01-Daylight,INTERSECTION,
2625,08-088611,20080715,BELMONT AVE W @ VICTORIA ST S,01-Non intersection,02-Thru lane,01-Clear,01-Daylight,INTERSECTION,
2626,08-000324,20080101,ROSS AVE @ FRANKLIN ST N,03-At intersection,02-Thru lane,05-Drifting Snow,01-Daylight,INTERSECTION,
2627,08-001911,20080105,WILSON AVE @ FAIRWAY RD S,04-At/near private drive,02-Thru lane,02-Rain,01-Daylight,INTERSECTION,
2628,08-000743,20080102,MAX BECKER DR @ COMMONWEALTH ST,03-At intersection,01-Within intersection,01-Clear,01-Daylight,INTERSECTION,
2629,08-000606,20080102,HAZELGLEN DR @ SHADELAND CRES,03-At intersection,01-Within intersection,01-Clear,01-Daylight,INTERSECTION,
2630,08-064440,20080529,DOON VILLAGE RD @ BECHTEL DR,02-Intersection related,02-Thru lane,01-Clear,01-Daylight,INTERSECTION,
2631,08-027519,20080305,STIRLING AVE S @ GREENBROOK DR,03-At intersection,01-Within intersection,01-Clear,01-Daylight,INTERSECTION,
2632,08-029838,20080311,WATERLOO ST @ GUELPH ST,01-Non intersection,02-Thru lane,01-Clear,01-Daylight,INTERSECTION,
2633,08-136781,20081026,TRAYNOR AVE @ BELWOOD CRES,01-Non intersection,02-Thru lane,02-Rain,01-Daylight,INTERSECTION,
2634,08-103305,20080816,ROLLING MEADOWS DR @ WESTVIEW CRES,01-Non intersection,02-Thru lane,01-Clear,"08-Dark, artificial",INTERSECTION,
2635,08-037391,20080329,WELLINGTON ST N @ MARGARET AVE,01-Non intersection,02-Thru lane,01-Clear,01-Daylight,INTERSECTION,
2636,08-035559,20080320,WILSON AVE @ TRAYNOR AVE,01-Non intersection,02-Thru lane,01-Clear,07-Dark,INTERSECTION,
2637,08-052919,20080502,DOON VILLAGE RD @ BECHTEL DR,03-At intersection,01-Within intersection,01-Clear,01-Daylight,INTERSECTION,
2638,08-053651,20080504,BANKSIDE DR @ BENESFORT DR,03-At intersection,01-Within intersection,01-Clear,01-Daylight,INTERSECTION,
2639,08-077596,20080624,CARYNDALE DR @ CHAPEL HILL DR,04-At/near private drive,11-Not on roadway - right side,01-Clear,01-Daylight,INTERSECTION,
2640,08-016417,20080209,HAZELGLEN DR @ DALEGROVE DR,02-Intersection related,02-Thru lane,03-Snow,01-Daylight,INTERSECTION,
2641,08-034098,20080320,DUKE ST W @ BISMARK AVE,01-Non intersection,02-Thru lane,01-Clear,"08-Dark, artificial",INTERSECTION,
2642,08-018269,20080213,SHANLEY ST @ MOORE AVE,01-Non intersection,02-Thru lane,01-Clear,01-Daylight,INTERSECTION,