OBJECTID,ACCIDENTNUM,ACCIDENTDATE,LOCATION,ACCIDENT_LOCATION,IMPACT_LOCATION,ENVIRONMENT_CONDITION,LIGHT,COLLISION_TYPE,TRAFFICCOLLISIONSID
2643,08-017974,20080212,DRIFTWOOD DR @ YELLOW BIRCH DR,03-At intersection,01-Within intersection,03-Snow,01-Daylight,INTERSECTION,
2644,08-016929,20080210,SPADINA RD E @ QUEENS BLVD / SPADINA RD W,03-At intersection,01-Within intersection,03-Snow,01-Daylight,INTERSECTION,
2645,08-015531,20080207,OLD CARRIAGE CRT @ OLD CARRIAGE DR,02-Intersection related,02-Thru lane,03-Snow,01-Daylight,INTERSECTION,
2646,08-138127,20081030,COUNTRY HILL DR @ BLOCK LINE RD,01-Non intersection,10-Not on roadway - left side,01-Clear,07-Dark,INTERSECTION,
2647,08-135967,20081024,WILSON AVE @ KINGSWAY DR,01-Non intersection,02-Thru lane,02-Rain,"08-Dark, artificial",INTERSECTION,
2648,08-081585,20080702,SHOEMAKER ST @ STRASBURG RD,03-At intersection,01-Within intersection,01-Clear,01-Daylight,INTERSECTION,
2649,08-053091,20080503,DUMFRIES AVE @ KRUG ST,03-At intersection,02-Thru lane,01-Clear,01-Daylight,INTERSECTION,
2650,08-017576,20080211,CHARLES ST E @ PRESTON ST,03-At intersection,01-Within intersection,01-Clear,01-Daylight,INTERSECTION,
2651,08-020877,20080219,CEDARWOODS CRES @ KINGSWAY DR,03-At intersection,02-Thru lane,01-Clear,01-Daylight,INTERSECTION,
2652,08-017965,20080212,PARK ST @ GREEN ST,01-Non intersection,02-Thru lane,01-Clear,01-Daylight,INTERSECTION,
2653,08-020919,20080219,LANCASTER ST E @ KRUG ST / CEDAR ST N,01-Non intersection,11-Not on roadway - right side,01-Clear,01-Daylight,INTERSECTION,
2654,08-017025,20080210,QUEEN ST S @ HALLS LANE W,03-At intersection,01-Within intersection,06-Strong wind,01-Daylight,INTERSECTION,
2655,08-114841,20080909,UPPER CANADA DR @ DOON VILLAGE RD,01-Non intersection,02-Thru lane,01-Clear,01-Daylight,INTERSECTION,
2656,08-113354,20080906,CONNAUGHT ST @ NINTH AVE,03-At intersection,01-Within intersection,01-Clear,01-Daylight,INTERSECTION,
2657,08-111325,20080902,GLASGOW ST @ BELMONT AVE W,01-Non intersection,02-Thru lane,01-Clear,01-Daylight,INTERSECTION,
2658,08-112848,20080905,WELLINGTON ST N @ WEBER ST W,01-Non intersection,02-Thru lane,01-Clear,01-Daylight,INTERSECTION,
2659,08-074135,20080617,TRILLIUM DR @ BEASLEY DR,03-At intersection,01-Within intersection,02-Rain,01-Daylight,INTERSECTION,
2660,08-064597,20080529,ST LEGER ST @ BREITHAUPT ST,02-Intersection related,01-Within intersection,01-Clear,01-Daylight,INTERSECTION,
2661,08-076219,20080621,SPADINA RD E @ QUEENS BLVD / SPADINA RD W,03-At intersection,02-Thru lane,01-Clear,01-Daylight,INTERSECTION,
2662,08-027903,20080306,UNION BLVD @ ESSON ST,02-Intersection related,11-Not on roadway - right side,01-Clear,01-Daylight,INTERSECTION,
2663,08-043502,20080412,OTTAWA ST N @ RIVER RD E,04-At/near private drive,02-Thru lane,01-Clear,07-Dark,INTERSECTION,
2664,08-071207,20080610,GLEN RD @ PLEASANT AVE,02-Intersection related,02-Thru lane,01-Clear,01-Daylight,INTERSECTION,
2665,08-073299,20080614,EDWIN ST @ LEONARD ST,01-Non intersection,02-Thru lane,01-Clear,01-Daylight,INTERSECTION,
2666,08-144337,20081112,TRAYNOR AVE @ BELWOOD CRES,01-Non intersection,02-Thru lane,01-Clear,"08-Dark, artificial",INTERSECTION,
2667,08-134629,20081021,AHRENS ST W @ WELLINGTON ST N,03-At intersection,02-Thru lane,01-Clear,01-Daylight,INTERSECTION,
2668,08-137770,20081028,GAUKEL ST @ HALLS LANE W,02-Intersection related,02-Thru lane,01-Clear,"08-Dark, artificial",INTERSECTION,
2669,08-135862,20081024,BIEHN DR @ OLD HURON RD / OLD HURON PL,04-At/near private drive,02-Thru lane,01-Clear,01-Daylight,INTERSECTION,
2670,08-130925,20081007,PARK ST @ CHERRY ST,06-Underpass or tunnel,02-Thru lane,01-Clear,01-Daylight,INTERSECTION,
2671,08-170081,20081220,WILSON AVE @ KINGSWAY DR,02-Intersection related,02-Thru lane,01-Clear,01-Daylight,INTERSECTION,
2672,08-170495,20081220,FRANKLIN ST S @ KINGSWAY DR,03-At intersection,03-Left turn lane,01-Clear,01-Daylight,INTERSECTION,
2673,08-166054,20081213,RIVER RD E @ LORRAINE AVE,02-Intersection related,02-Thru lane,01-Clear,01-Daylight,INTERSECTION,
2674,08-145085,20081114,QUEENS BLVD @ BELMONT AVE W / BELMONT AVE E,03-At intersection,02-Thru lane,01-Clear,01-Daylight,INTERSECTION,
2675,08-075729,20080620,WILSON AVE @ WEBSTER RD,03-At intersection,01-Within intersection,01-Clear,01-Daylight,INTERSECTION,
2676,08-075086,20080619,SEREDA RD @ SPRING VALLEY RD / GUELPH ST,03-At intersection,02-Thru lane,01-Clear,01-Daylight,INTERSECTION,
2677,08-068164,20080605,KINGSWAY DR @ GREENFIELD AVE,03-At intersection,01-Within intersection,01-Clear,01-Daylight,INTERSECTION,
2678,08-030206,20080312,SHOEMAKER ST @ STRASBURG RD,04-At/near private drive,02-Thru lane,01-Clear,03-Dawn,INTERSECTION,
2679,08-069145,20080606,GREENBROOK DR @ BIRCHCLIFF AVE,01-Non intersection,11-Not on roadway - right side,01-Clear,01-Daylight,INTERSECTION,
2680,08-102463,20080814,MT HOPE ST @ PARK ST,04-At/near private drive,02-Thru lane,01-Clear,01-Daylight,INTERSECTION,
2681,08-101674,20080812,QUEENS BLVD @ BELMONT AVE W / BELMONT AVE E,02-Intersection related,02-Thru lane,01-Clear,01-Daylight,INTERSECTION,
2682,08-106731,20080823,HOMER WATSON BLVD @ STIRLING AVE S,02-Intersection related,02-Thru lane,01-Clear,01-Daylight,INTERSECTION,
2683,08-108097,20080825,FISCHER HALLMAN RD @ FOREST HILL DR,04-At/near private drive,02-Thru lane,01-Clear,01-Daylight,INTERSECTION,
2684,08-007215,20080118,MASSEY AVE @ VANIER DR,04-At/near private drive,11-Not on roadway - right side,03-Snow,,INTERSECTION,
2685,08-015162,20080206,BLOCK LINE RD @ KINGSWOOD DR,04-At/near private drive,02-Thru lane,01-Clear,01-Daylight,INTERSECTION,
2686,08-016441,20080209,MORGAN AVE @ GREENDALE CRES,01-Non intersection,02-Thru lane,03-Snow,01-Daylight,INTERSECTION,
2687,08-016124,20080207,KING ST W @ YOUNG ST,04-At/near private drive,02-Thru lane,01-Clear,01-Daylight,INTERSECTION,
2688,08-015763,20080207,CONNAUGHT ST @ FRANKLIN ST S,02-Intersection related,02-Thru lane,03-Snow,01-Daylight,INTERSECTION,
2689,08-007752,20080119,DUKE ST E @ EBY ST N,02-Intersection related,02-Thru lane,03-Snow,01-Daylight,INTERSECTION,
2690,08-011104,20080127,UNION BLVD @ PARK ST,02-Intersection related,01-Within intersection,01-Clear,01-Daylight,INTERSECTION,
2691,08-003955,20080110,FRANKLIN ST S @ KINGSWAY DR,02-Intersection related,01-Within intersection,01-Clear,01-Daylight,INTERSECTION,
2692,08-008352,20080120,KING ST E @ QUEEN ST N,02-Intersection related,02-Thru lane,01-Clear,"08-Dark, artificial",INTERSECTION,
2693,08-018573,20080213,PARK ST @ VICTORIA ST S,04-At/near private drive,02-Thru lane,01-Clear,01-Daylight,INTERSECTION,
2694,08-027072,20080304,MITCHELL ST @ QUEEN ST S,04-At/near private drive,02-Thru lane,01-Clear,01-Daylight,INTERSECTION,
2695,08-031119,20080314,FRANKLIN ST N @ WEBER ST E,04-At/near private drive,02-Thru lane,01-Clear,01-Daylight,INTERSECTION,
2696,08-144573,20081113,KING ST E @ CAMERON ST S / CAMERON ST N,04-At/near private drive,01-Within intersection,02-Rain,01-Daylight,INTERSECTION,
2697,08-046061,20080418,KINZIE AVE @ RIVER RD E,03-At intersection,01-Within intersection,01-Clear,01-Daylight,INTERSECTION,
2698,08-021154,20080219,WESTHEIGHTS DR @ DRIFTWOOD DR,04-At/near private drive,02-Thru lane,01-Clear,01-Daylight,INTERSECTION,
2699,08-134168,20081020,RIVERBEND DR @ GUELPH ST,03-At intersection,,01-Clear,01-Daylight,INTERSECTION,
2700,08-139373,20081101,WILSON AVE @ KINGSWAY DR,04-At/near private drive,03-Left turn lane,01-Clear,01-Daylight,INTERSECTION,
2701,08-107849,20080825,MORRISON RD @ GRAND RIVER BLVD,01-Non intersection,02-Thru lane,01-Clear,07-Dark,INTERSECTION,
2702,08-094593,20080728,KING ST W @ GAUKEL ST,02-Intersection related,01-Within intersection,01-Clear,01-Daylight,INTERSECTION,
2703,08-099816,20080808,HERITAGE DR @ LORRAINE AVE,01-Non intersection,02-Thru lane,01-Clear,01-Daylight,INTERSECTION,
2704,08-036930,20080328,DUKE ST E @ EBY ST N,01-Non intersection,09-Right shoulder,01-Clear,01-Daylight,INTERSECTION,
2705,08-018752,20080214,MCGARRY DR @ FISCHER HALLMAN RD,04-At/near private drive,02-Thru lane,01-Clear,01-Daylight,INTERSECTION,
2706,08-145559,20081115,UNION BLVD @ DUNBAR RD,03-At intersection,01-Within intersection,02-Rain,01-Daylight,INTERSECTION,
2707,08-142232,20081107,FREDERICK ST @ EDNA ST,01-Non intersection,02-Thru lane,02-Rain,05-Dusk,INTERSECTION,
2708,08-140606,20081104,OLD COUNTRY DR @ STRASBURG RD,01-Non intersection,02-Thru lane,01-Clear,01-Daylight,INTERSECTION,
2709,08-030707,20080312,EBY ST S @ EBY ST N / KING ST E,01-Non intersection,09-Right shoulder,01-Clear,01-Daylight,INTERSECTION,
2710,08-045445,20080417,ROSE ST @ KRUG ST,04-At/near private drive,02-Thru lane,01-Clear,01-Daylight,INTERSECTION,
2711,08-028636,20080308,KRUG ST @ ETON DR,04-At/near private drive,02-Thru lane,03-Snow,01-Daylight,INTERSECTION,
2712,08-017969,20080212,WATERLOO ST @ WELLINGTON ST N,02-Intersection related,01-Within intersection,03-Snow,"02-Daylight, artificial",INTERSECTION,
2713,08-030637,20080313,EBYDALE DR @ OLDFIELD DR,04-At/near private drive,02-Thru lane,01-Clear,01-Daylight,INTERSECTION,
2714,08-029366,20080310,PINNACLE DR @ OLD MILL RD,03-At intersection,02-Thru lane,01-Clear,01-Daylight,INTERSECTION,
2715,08-138312,20081030,WILSON AVE @ TRAYNOR AVE,03-At intersection,01-Within intersection,01-Clear,01-Daylight,INTERSECTION,
2716,08-132649,20081017,QUEEN ST N @ LANCASTER ST W / LANCASTER ST E,03-At intersection,01-Within intersection,01-Clear,01-Daylight,INTERSECTION,
2717,08-141155,20081105,RIVER RD E @ HICKSON DR,98-Other,02-Thru lane,01-Clear,01-Daylight,INTERSECTION,
2718,08-142021,20081107,GLASGOW ST @ BELMONT AVE W,04-At/near private drive,04-Right turn lane,01-Clear,01-Daylight,INTERSECTION,
2719,08-086716,20080712,HOMER WATSON BLVD @ HOFFMAN ST,03-At intersection,02-Thru lane,02-Rain,01-Daylight,INTERSECTION,
2720,08-057511,20080513,GUELPH ST @ MARGARET AVE,02-Intersection related,02-Thru lane,01-Clear,01-Daylight,INTERSECTION,
2721,08-017977,20080212,QUEEN ST N @ MARGARET AVE / OTTO ST,03-At intersection,02-Thru lane,03-Snow,01-Daylight,INTERSECTION,
2722,08-017029,20080210,KING ST W @ ONTARIO ST S / ONTARIO ST N,02-Intersection related,02-Thru lane,03-Snow,01-Daylight,INTERSECTION,
2723,08-029441,20080310,MANSION ST @ ELLEN ST E,01-Non intersection,02-Thru lane,01-Clear,01-Daylight,INTERSECTION,
2724,08-042137,20080409,WILSON AVE @ FAIRWAY RD S,04-At/near private drive,02-Thru lane,01-Clear,01-Daylight,INTERSECTION,
2725,08-050337,20080427,MILL PARK DR @ GREEN VALLEY DR,01-Non intersection,12-Off highway,01-Clear,07-Dark,INTERSECTION,
2726,08-070408,20080610,RIVER RD E @ FREDERICK ST,01-Non intersection,10-Not on roadway - left side,01-Clear,"08-Dark, artificial",INTERSECTION,
2727,08-071286,20080611,SPADINA RD E @ QUEENS BLVD / SPADINA RD W,02-Intersection related,01-Within intersection,01-Clear,"08-Dark, artificial",INTERSECTION,
2728,08-057857,20080512,UNION BLVD @ BELMONT AVE W,03-At intersection,02-Thru lane,01-Clear,01-Daylight,INTERSECTION,
2729,08-060608,20080520,UNION BLVD @ PARK ST,03-At intersection,01-Within intersection,01-Clear,01-Daylight,INTERSECTION,
2730,08-044582,20080416,HIGHLAND RD E @ HOFFMAN ST,03-At intersection,01-Within intersection,01-Clear,01-Daylight,INTERSECTION,
2731,08-046794,20080419,BLOCK LINE RD @ STRASBURG RD,02-Intersection related,01-Within intersection,01-Clear,"08-Dark, artificial",INTERSECTION,
2732,08-048655,20080423,OLDFIELD DR @ DRUMOAK PL,02-Intersection related,11-Not on roadway - right side,01-Clear,"08-Dark, artificial",INTERSECTION,
2733,08-142204,20081107,QUEENS BLVD @ ELM RIDGE DR,02-Intersection related,99-Other,02-Rain,"08-Dark, artificial",INTERSECTION,
2734,08-140051,20081107,GLASGOW ST @ BELMONT AVE W,02-Intersection related,02-Thru lane,01-Clear,"08-Dark, artificial",INTERSECTION,
2735,08-126118,20081003,KING ST E @ FREDERICK ST / BENTON ST,01-Non intersection,02-Thru lane,02-Rain,"08-Dark, artificial",INTERSECTION,
2736,08-007451,20080118,CHARLES ST E @ SYDNEY ST S,03-At intersection,01-Within intersection,01-Clear,07-Dark,INTERSECTION,
2737,08-028394,20080307,WILSON AVE @ FAIRWAY RD S,04-At/near private drive,02-Thru lane,03-Snow,01-Daylight,INTERSECTION,
2738,08-029478,20080310,PIONEER DR @ HOMER WATSON BLVD,04-At/near private drive,02-Thru lane,01-Clear,01-Daylight,INTERSECTION,
2739,08-058660,20080516,MARGARET AVE @ UNION ST,03-At intersection,01-Within intersection,01-Clear,01-Daylight,INTERSECTION,
2740,08-055408,20080509,ARDELT AVE @ HANSON AVE,03-At intersection,01-Within intersection,01-Clear,01-Daylight,INTERSECTION,
2741,08-070168,20080609,WILSON AVE @ FAIRWAY RD S,04-At/near private drive,02-Thru lane,01-Clear,01-Daylight,INTERSECTION,
2742,08-064191,20080528,STIRLING AVE S @ MILL ST,03-At intersection,02-Thru lane,01-Clear,01-Daylight,INTERSECTION,
2743,08-024082,20080226,WABANAKI DR @ WILSON AVE,03-At intersection,02-Thru lane,03-Snow,"08-Dark, artificial",INTERSECTION,
2744,08-025646,20080229,KINGSWAY DR @ GREENFIELD AVE,03-At intersection,02-Thru lane,05-Drifting Snow,01-Daylight,INTERSECTION,
2745,08-017020,20080209,EASTFOREST TRAIL @ BANKSIDE DR,03-At intersection,01-Within intersection,01-Clear,"08-Dark, artificial",INTERSECTION,
2746,08-107729,20080823,PIONEER DR @ OLD CARRIAGE DR,04-At/near private drive,01-Within intersection,01-Clear,01-Daylight,INTERSECTION,
2747,08-099437,20080807,WELLINGTON ST N @ MARGARET AVE,03-At intersection,02-Thru lane,01-Clear,01-Daylight,INTERSECTION,
2748,08-103492,20080816,BLOCK LINE RD @ KINGSWOOD DR,02-Intersection related,02-Thru lane,01-Clear,01-Daylight,INTERSECTION,
2749,08-101959,20080813,WELLINGTON ST N @ MARGARET AVE,03-At intersection,01-Within intersection,01-Clear,01-Daylight,INTERSECTION,
2750,08-015798,20080207,MANITOU DR @ WABANAKI DR,02-Intersection related,12-Off highway,"07-Fog, mist, smoke, dust","08-Dark, artificial",INTERSECTION,
2751,08-016939,20080209,MONTE CARLO ST @ DAYTONA ST,04-At/near private drive,02-Thru lane,01-Clear,07-Dark,INTERSECTION,
2752,08-017525,20080211,SEABROOK DR @ WOODBINE AVE,03-At intersection,02-Thru lane,01-Clear,01-Daylight,INTERSECTION,
2753,08-018059,20080212,GLASGOW ST @ YORK ST,01-Non intersection,02-Thru lane,03-Snow,05-Dusk,INTERSECTION,
2754,08-001398,20080103,LOUISA ST @ ST LEGER ST,03-At intersection,02-Thru lane,01-Clear,"06-Dusk, artificial",INTERSECTION,
2755,08-057174,20080513,MAX BECKER DR @ LEMONBALM ST / ACTIVA AVE,04-At/near private drive,02-Thru lane,01-Clear,01-Daylight,INTERSECTION,
2756,08-046581,20080419,COUNTRYSTONE CRES @ GARDEN PATH PL / SASSAFRAS ST,03-At intersection,02-Thru lane,01-Clear,01-Daylight,INTERSECTION,
2757,08-105430,20080820,PIONEER DR @ DOON VILLAGE RD,02-Intersection related,02-Thru lane,01-Clear,01-Daylight,INTERSECTION,
2758,08-015521,20080206,FRANKLIN ST N @ PROSPECT AVE,04-At/near private drive,02-Thru lane,03-Snow,01-Daylight,INTERSECTION,
2759,08-019443,20080214,WATER ST N @ DUKE ST W,01-Non intersection,12-Off highway,01-Clear,"08-Dark, artificial",INTERSECTION,
2760,08-009483,20080111,DUKE ST W @ WELLINGTON ST N,01-Non intersection,02-Thru lane,01-Clear,"08-Dark, artificial",INTERSECTION,
2761,08-128279,20081007,FRANKLIN ST N @ WEBER ST E,01-Non intersection,02-Thru lane,01-Clear,01-Daylight,INTERSECTION,
2762,08-141152,20081105,WELLINGTON ST N @ SHIRLEY AVE / RIVERBEND DR,04-At/near private drive,02-Thru lane,01-Clear,01-Daylight,INTERSECTION,
2763,08-140400,20081103,CHURCH ST @ MADISON AVE S,04-At/near private drive,02-Thru lane,01-Clear,01-Daylight,INTERSECTION,
2764,08-062426,20080524,BORDEN AVE N @ KING ST E / BORDEN AVE S,01-Non intersection,02-Thru lane,01-Clear,01-Daylight,INTERSECTION,
2765,08-063277,20080526,BORDEN AVE N @ KING ST E / BORDEN AVE S,02-Intersection related,02-Thru lane,01-Clear,01-Daylight,INTERSECTION,
2766,08-056797,20080512,QUEEN ST S @ JOSEPH ST,03-At intersection,02-Thru lane,01-Clear,01-Daylight,INTERSECTION,
2767,08-036177,20080325,KELLY DR @ QUEENS BLVD,01-Non intersection,02-Thru lane,03-Snow,01-Daylight,INTERSECTION,
2768,08-108602,20080827,KING ST W @ ONTARIO ST S / ONTARIO ST N,03-At intersection,02-Thru lane,01-Clear,01-Daylight,INTERSECTION,
2769,08-093781,20080726,KING ST E @ CAMERON ST S / CAMERON ST N,02-Intersection related,02-Thru lane,02-Rain,01-Daylight,INTERSECTION,
2770,08-118367,20080917,KIPLING AVE @ VANIER DR,03-At intersection,01-Within intersection,01-Clear,01-Daylight,INTERSECTION,
2771,08-112323,20080904,CHANDLER DR @ STRASBURG RD,03-At intersection,09-Right shoulder,01-Clear,01-Daylight,INTERSECTION,
2772,09-002109,20090103,WILSON AVE @ KINGSWAY DR,03-At intersection,01-Within intersection,01-Clear,01-Daylight,INTERSECTION,
2773,08-002101,20080105,ONTARIO ST S @ HALLS LANE W,03-At intersection,10-Not on roadway - left side,"07-Fog, mist, smoke, dust","08-Dark, artificial",INTERSECTION,
2774,08-000642,20080102,SHIRLEY DR @ CRESTVIEW PL,02-Intersection related,10-Not on roadway - left side,01-Clear,01-Daylight,INTERSECTION,
2775,08-057967,20080514,FIRST AVE @ ECKERT ST,01-Non intersection,11-Not on roadway - right side,01-Clear,"08-Dark, artificial",INTERSECTION,
2776,08-046656,20080419,KINZIE AVE @ RIVER RD E,02-Intersection related,02-Thru lane,01-Clear,01-Daylight,INTERSECTION,
2777,08-047437,20080421,BELMONT AVE W @ GAGE AVE,02-Intersection related,01-Within intersection,01-Clear,01-Daylight,INTERSECTION,
2778,08-031320,20080314,KING ST W @ FRANCIS ST S / FRANCIS ST N,02-Intersection related,02-Thru lane,01-Clear,01-Daylight,INTERSECTION,
2779,08-024046,20080226,WILSON AVE @ FAIRWAY RD S,04-At/near private drive,02-Thru lane,03-Snow,07-Dark,INTERSECTION,
2780,08-021676,20080220,GOLDEN MEADOW DR @ HIGHVIEW DR,01-Non intersection,02-Thru lane,01-Clear,"08-Dark, artificial",INTERSECTION,
2781,08-021512,20080220,AHRENS ST E @ QUEEN ST N / AHRENS ST W,03-At intersection,02-Thru lane,01-Clear,01-Daylight,INTERSECTION,
2782,08-033932,20080320,ACTIVA AVE @ COPPER LEAF ST,01-Non intersection,02-Thru lane,01-Clear,01-Daylight,INTERSECTION,
2783,08-007164,20080118,HOMER WATSON BLVD @ DOON SOUTH DR,03-At intersection,02-Thru lane,01-Clear,"04-Dawn, artificial",INTERSECTION,
2784,08-012868,20080201,BIEHN DR @ OLD HURON RD / OLD HURON PL,01-Non intersection,11-Not on roadway - right side,03-Snow,07-Dark,INTERSECTION,
2785,08-013393,20080201,HANSON AVE @ HAYWARD AVE,01-Non intersection,02-Thru lane,03-Snow,01-Daylight,INTERSECTION,
2786,08-013519,20080202,MELROSE AVE @ KRUG ST,03-At intersection,01-Within intersection,01-Clear,01-Daylight,INTERSECTION,
2787,08-009414,20080725,RIVER RD E @ LORRAINE AVE,01-Non intersection,03-Left turn lane,01-Clear,01-Daylight,INTERSECTION,
2788,08-114790,20080909,KING ST E @ QUEEN ST N,03-At intersection,02-Thru lane,01-Clear,01-Daylight,INTERSECTION,
2789,08-110002,20080830,KING ST E @ FREDERICK ST / BENTON ST,01-Non intersection,02-Thru lane,01-Clear,01-Daylight,INTERSECTION,
2790,08-115076,20080910,EBY ST S @ EBY ST N / KING ST E,01-Non intersection,11-Not on roadway - right side,01-Clear,01-Daylight,INTERSECTION,
2791,08-139529,20081101,VANIER DR @ SIEBERT AVE,03-At intersection,,01-Clear,05-Dusk,INTERSECTION,
2792,08-143574,20081110,YOUNG ST @ DUKE ST W,01-Non intersection,02-Thru lane,01-Clear,01-Daylight,INTERSECTION,
2793,08-035073,20080323,EAST AVE @ PANDORA AVE N,01-Non intersection,02-Thru lane,01-Clear,01-Daylight,INTERSECTION,
2794,08-031460,20080314,FOURTH AVE @ KINGSWAY DR,03-At intersection,01-Within intersection,01-Clear,01-Daylight,INTERSECTION,
2795,08-041080,20080406,WESTHEIGHTS DR @ BLACKWELL DR,01-Non intersection,02-Thru lane,01-Clear,01-Daylight,INTERSECTION,
2796,08-042955,20080411,WILSON AVE @ FRANKLIN ST S,02-Intersection related,02-Thru lane,01-Clear,01-Daylight,INTERSECTION,
2797,08-073347,20080615,SHIRLEY AVE @ BINGEMANS CENTRE DR,01-Non intersection,02-Thru lane,01-Clear,01-Daylight,INTERSECTION,
2798,08-080719,20080629,SPRINGMOUNT DR @ MICHENER CRES,04-At/near private drive,02-Thru lane,01-Clear,05-Dusk,INTERSECTION,
2799,08-083349,20080705,TARA CRES @ ERINBROOK DR,01-Non intersection,02-Thru lane,01-Clear,01-Daylight,INTERSECTION,
2800,08-118012,20080915,WELLINGTON ST N @ LANCASTER ST W,01-Non intersection,02-Thru lane,01-Clear,05-Dusk,INTERSECTION,
2801,08-137983,20081029,HEIMAN ST @ HIGHLAND RD E,02-Intersection related,01-Within intersection,01-Clear,01-Daylight,INTERSECTION,
2802,08-136613,20081021,WILSON AVE @ KINGSWAY DR,02-Intersection related,11-Not on roadway - right side,01-Clear,"08-Dark, artificial",INTERSECTION,
2803,08-128193,20081007,GLASGOW ST @ BELMONT AVE W,03-At intersection,01-Within intersection,01-Clear,01-Daylight,INTERSECTION,
2804,08-136386,20081025,RIVER RD E @ FREDERICK ST,03-At intersection,01-Within intersection,01-Clear,01-Daylight,INTERSECTION,
2805,08-174054,20081228,PIONEER DR @ HOMER WATSON BLVD,01-Non intersection,02-Thru lane,02-Rain,07-Dark,INTERSECTION,
2806,08-137755,20081028,ONTARIO ST S @ JOSEPH ST,10-Parking lot,12-Off highway,01-Clear,01-Daylight,INTERSECTION,
2807,08-056842,20080512,CEDAR ST S @ CHURCH ST,03-At intersection,01-Within intersection,01-Clear,01-Daylight,INTERSECTION,
2808,08-056899,20080512,RIVER RD E @ HALLIWELL DR,01-Non intersection,01-Within intersection,01-Clear,01-Daylight,INTERSECTION,
2809,08-123114,20080926,MCGARRY DR @ FORESTWOOD DR,02-Intersection related,01-Within intersection,01-Clear,05-Dusk,INTERSECTION,
2810,08-115228,20080910,FRANKLIN ST S @ GREENFIELD AVE,02-Intersection related,02-Thru lane,01-Clear,01-Daylight,INTERSECTION,
2811,08-124207,20080928,CHERRY ST @ STRANGE ST,03-At intersection,01-Within intersection,01-Clear,01-Daylight,INTERSECTION,
2812,08-121322,20080922,HUBER ST @ JANSEN AVE,01-Non intersection,09-Right shoulder,01-Clear,"08-Dark, artificial",INTERSECTION,
2813,08-124898,20080930,LOUISA ST @ KING ST W,04-At/near private drive,02-Thru lane,01-Clear,01-Daylight,INTERSECTION,
2814,08-023436,20080225,KING ST W @ ONTARIO ST S / ONTARIO ST N,03-At intersection,02-Thru lane,01-Clear,01-Daylight,INTERSECTION,
2815,08-174701,20081229,QUEENS BLVD @ ELM RIDGE DR,01-Non intersection,02-Thru lane,01-Clear,01-Daylight,INTERSECTION,
2816,08-168667,20081218,MOUNTAIN LAUREL CRES @ BRIDLEWREATH ST,03-At intersection,01-Within intersection,01-Clear,01-Daylight,INTERSECTION,
2817,08-169111,20081218,ROCHEFORT ST @ MADELEINE ST,02-Intersection related,11-Not on roadway - right side,01-Clear,"08-Dark, artificial",INTERSECTION,
2818,08-166900,20081215,PARK ST @ GREEN ST,03-At intersection,03-Left turn lane,02-Rain,"04-Dawn, artificial",INTERSECTION,
2819,08-152378,20081121,BELMONT AVE E @ SOUTH DR,01-Non intersection,02-Thru lane,01-Clear,01-Daylight,INTERSECTION,
2820,08-104917,20080819,BRENTWOOD AVE @ JACKSON AVE,01-Non intersection,12-Off highway,01-Clear,01-Daylight,INTERSECTION,
2821,08-106305,20080822,BELMONT AVE W @ HIGHLAND RD W,04-At/near private drive,02-Thru lane,01-Clear,01-Daylight,INTERSECTION,
2822,08-078731,20080625,STEEPLERIDGE ST @ BRIDLERIDGE ST,01-Non intersection,02-Thru lane,01-Clear,01-Daylight,INTERSECTION,
2823,08-064568,20080528,KING ST E @ QUEEN ST N,03-At intersection,03-Left turn lane,01-Clear,01-Daylight,INTERSECTION,
2824,08-070767,20080610,QUEENS BLVD @ ELM RIDGE DR,02-Intersection related,02-Thru lane,02-Rain,01-Daylight,INTERSECTION,
2825,08-141630,20081030,BORDEN AVE N @ KING ST E / BORDEN AVE S,,02-Thru lane,01-Clear,01-Daylight,INTERSECTION,
2826,08-118237,20080916,QUEEN ST N @ DUKE ST E / DUKE ST W,02-Intersection related,02-Thru lane,01-Clear,01-Daylight,INTERSECTION,
2827,08-045004,20080416,BLOCK LINE RD @ STRASBURG RD,03-At intersection,01-Within intersection,01-Clear,01-Daylight,INTERSECTION,
2828,08-045154,20080416,KARN ST @ ALICE AVE,01-Non intersection,11-Not on roadway - right side,01-Clear,01-Daylight,INTERSECTION,
2829,08-030534,20080312,CONNAUGHT ST @ EIGHTH AVE,03-At intersection,01-Within intersection,01-Clear,"08-Dark, artificial",INTERSECTION,
2830,08-027816,20080306,COUNTRY HILL DR @ BLOCK LINE RD,02-Intersection related,01-Within intersection,01-Clear,01-Daylight,INTERSECTION,
2831,08-017068,20080210,JANINE ST @ TREMAINE DR,01-Non intersection,02-Thru lane,01-Clear,01-Daylight,INTERSECTION,