OBJECTID,ACCIDENTNUM,ACCIDENTDATE,LOCATION,ACCIDENT_LOCATION,IMPACT_LOCATION,ENVIRONMENT_CONDITION,LIGHT,COLLISION_TYPE,TRAFFICCOLLISIONSID
2832,08-144278,20081112,HOMER WATSON BLVD @ HANSON AVE,01-Non intersection,04-Right turn lane,01-Clear,01-Daylight,INTERSECTION,
2833,08-140241,20081103,YORK ST @ MT HOPE ST,02-Intersection related,01-Within intersection,01-Clear,01-Daylight,INTERSECTION,
2834,08-140554,20081104,LORRAINE AVE @ MONTCALM DR,03-At intersection,01-Within intersection,01-Clear,01-Daylight,INTERSECTION,
2835,08-076742,20080622,QUEEN ST S @ JOSEPH ST,03-At intersection,01-Within intersection,01-Clear,01-Daylight,INTERSECTION,
2836,08-074223,20080617,KING ST W @ WATER ST N / WATER ST S,01-Non intersection,02-Thru lane,01-Clear,01-Daylight,INTERSECTION,
2837,08-063648,20080527,FREDERICK ST @ EDNA ST,04-At/near private drive,02-Thru lane,01-Clear,01-Daylight,INTERSECTION,
2838,08-029076,20080308,WABANAKI DR @ WILSON AVE,01-Non intersection,02-Thru lane,03-Snow,01-Daylight,INTERSECTION,
2839,08-033824,20080320,KING ST E @ QUEEN ST N,03-At intersection,01-Within intersection,01-Clear,01-Daylight,INTERSECTION,
2840,08-029354,20080310,JOSEPH ST @ GAUKEL ST,03-At intersection,01-Within intersection,01-Clear,"02-Daylight, artificial",INTERSECTION,
2841,08-035480,20080324,PRINCE ST @ TYSON DR,01-Non intersection,02-Thru lane,01-Clear,01-Daylight,INTERSECTION,
2842,08-031953,20080315,EBY ST N @ MARKET LANE,04-At/near private drive,11-Not on roadway - right side,01-Clear,"06-Dusk, artificial",INTERSECTION,
2843,08-026446,20080229,QUEENS BLVD @ REX DR,01-Non intersection,02-Thru lane,03-Snow,"08-Dark, artificial",INTERSECTION,
2844,08-032673,20080317,ASPEN AVE @ MAUSSER AVE,04-At/near private drive,02-Thru lane,01-Clear,01-Daylight,INTERSECTION,
2845,08-027420,20080305,BLOCK LINE RD @ HOMER WATSON BLVD,04-At/near private drive,02-Thru lane,01-Clear,01-Daylight,INTERSECTION,
2846,08-133839,20081019,MARGARET AVE @ LOUISA ST,03-At intersection,01-Within intersection,01-Clear,01-Daylight,INTERSECTION,
2847,08-127134,20081005,KING ST W @ YOUNG ST,01-Non intersection,02-Thru lane,01-Clear,07-Dark,INTERSECTION,
2848,08-134908,20081022,KINGSWAY DR @ GREENFIELD AVE,04-At/near private drive,02-Thru lane,01-Clear,01-Daylight,INTERSECTION,
2849,08-129435,20081009,QUEEN ST S @ CHARLES ST W / CHARLES ST E,01-Non intersection,02-Thru lane,01-Clear,01-Daylight,INTERSECTION,
2850,08-021026,20080219,STIRLING AVE S @ GREENBROOK DR,02-Intersection related,02-Thru lane,01-Clear,"04-Dawn, artificial",INTERSECTION,
2851,08-007301,20080118,WELLINGTON ST N @ SHIRLEY AVE / RIVERBEND DR,01-Non intersection,02-Thru lane,01-Clear,01-Daylight,INTERSECTION,
2852,08-001618,20080104,KING ST W @ ONTARIO ST S / ONTARIO ST N,01-Non intersection,02-Thru lane,01-Clear,01-Daylight,INTERSECTION,
2853,08-001052,20080103,SHIRLEY AVE @ BINGEMANS CENTRE DR,01-Non intersection,02-Thru lane,01-Clear,01-Daylight,INTERSECTION,
2854,08-005312,20080113,CONNAUGHT ST @ EIGHTH AVE,03-At intersection,01-Within intersection,01-Clear,01-Daylight,INTERSECTION,
2855,08-023398,20080225,PARK ST @ GREEN ST,03-At intersection,03-Left turn lane,01-Clear,01-Daylight,INTERSECTION,
2856,08-018374,20080212,STIRLING AVE N @ EAST AVE,01-Non intersection,02-Thru lane,01-Clear,"08-Dark, artificial",INTERSECTION,
2857,08-021736,20080220,RITTENHOUSE RD @ WHITE SANDS CRT,04-At/near private drive,02-Thru lane,01-Clear,"08-Dark, artificial",INTERSECTION,
2858,08-021139,20080219,DOON MILLS DR @ APPLE RIDGE DR,02-Intersection related,02-Thru lane,01-Clear,01-Daylight,INTERSECTION,
2859,08-093262,20080725,BELMONT AVE W @ KARN ST,03-At intersection,02-Thru lane,01-Clear,01-Daylight,INTERSECTION,
2860,08-128350,20081007,KING ST E @ PANDORA AVE N / PANDORA AVE S,04-At/near private drive,02-Thru lane,01-Clear,01-Daylight,INTERSECTION,
2861,08-035045,20080322,BECKER ST @ KRUG ST,04-At/near private drive,02-Thru lane,01-Clear,01-Daylight,INTERSECTION,
2862,08-090416,20080719,HURON RD @ PLAINS RD,03-At intersection,02-Thru lane,02-Rain,01-Daylight,INTERSECTION,
2863,08-095994,20080731,GREENFIELD AVE @ TRAYNOR AVE,03-At intersection,01-Within intersection,01-Clear,01-Daylight,INTERSECTION,
2864,08-097364,20080802,MAX BECKER DR @ BRIDLEWREATH ST,01-Non intersection,09-Right shoulder,01-Clear,"08-Dark, artificial",INTERSECTION,
2865,08-095691,20080730,DOON SOUTH DR @ STEEPLERIDGE ST,01-Non intersection,09-Right shoulder,01-Clear,01-Daylight,INTERSECTION,
2866,08-035813,20080325,OTTAWA ST S @ STRASBURG RD,04-At/near private drive,02-Thru lane,03-Snow,01-Daylight,INTERSECTION,
2867,08-052233,20080501,FRANKLIN ST S @ GREENFIELD AVE,03-At intersection,01-Within intersection,01-Clear,05-Dusk,INTERSECTION,
2868,08-022120,20080222,BELMONT AVE E @ SOUTH DR,04-At/near private drive,09-Right shoulder,03-Snow,07-Dark,INTERSECTION,
2869,08-095031,20080729,FALLOWFIELD DR @ ANASTASIA DR,08-Trail,10-Not on roadway - left side,01-Clear,07-Dark,INTERSECTION,
2870,08-095212,20080729,CEDAR ST N @ KING ST E / CEDAR ST S,01-Non intersection,11-Not on roadway - right side,01-Clear,01-Daylight,INTERSECTION,
2871,08-035889,20080325,UNION BLVD @ AVONDALE AVE,03-At intersection,01-Within intersection,03-Snow,01-Daylight,INTERSECTION,
2872,01-035789,20080325,HURON RD @ NEWCASTLE DR / PARKVALE DR,01-Non intersection,02-Thru lane,01-Clear,01-Daylight,INTERSECTION,
2873,08-021197,20080219,SOUTH DR @ PERTH RD,02-Intersection related,02-Thru lane,01-Clear,01-Daylight,INTERSECTION,
2874,08-024511,20080226,FISCHER HALLMAN RD @ QUEENS BLVD,04-At/near private drive,99-Other,01-Clear,"08-Dark, artificial",INTERSECTION,
2875,08-020989,20080219,FRANKLIN ST N @ BRADLEY DR,02-Intersection related,02-Thru lane,01-Clear,01-Daylight,INTERSECTION,
2876,08-129141,20081009,MONTCALM DR @ INDIAN RD,01-Non intersection,99-Other,01-Clear,01-Daylight,INTERSECTION,
2877,08-029592,20080310,COURTLAND AVE E @ PALMER AVE,01-Non intersection,12-Off highway,01-Clear,01-Daylight,INTERSECTION,
2878,08-037109,20080328,OTTAWA ST S @ STRASBURG RD,04-At/near private drive,02-Thru lane,01-Clear,01-Daylight,INTERSECTION,
2879,08-034805,20080322,ACTIVA AVE @ PERIWINKLE ST,01-Non intersection,02-Thru lane,01-Clear,"08-Dark, artificial",INTERSECTION,
2880,08-019512,20080215,QUEEN ST N @ DUKE ST E / DUKE ST W,01-Non intersection,02-Thru lane,01-Clear,01-Daylight,INTERSECTION,
2881,08-007233,20080118,WELLINGTON ST N @ SHIRLEY AVE / RIVERBEND DR,01-Non intersection,02-Thru lane,01-Clear,01-Daylight,INTERSECTION,
2882,08-121925,20080924,HIGHVIEW DR @ SUGAR MAPLE ST,04-At/near private drive,02-Thru lane,01-Clear,01-Daylight,INTERSECTION,
2883,08-122219,20080926,WILLIAMSBURG RD @ LITTLEFIELD CRES,04-At/near private drive,10-Not on roadway - left side,01-Clear,"08-Dark, artificial",INTERSECTION,
2884,08-009035,20080122,SOUTH DR @ PERTH RD,03-At intersection,01-Within intersection,03-Snow,01-Daylight,INTERSECTION,
2885,08-009489,20080123,CONNAUGHT ST @ TRAYNOR AVE,03-At intersection,11-Not on roadway - right side,01-Clear,01-Daylight,INTERSECTION,
2886,08-009298,20080123,STIRLING AVE S @ GREENBROOK DR,03-At intersection,02-Thru lane,01-Clear,01-Daylight,INTERSECTION,
2887,08-009650,20080124,STIRLING AVE S @ MILL ST,04-At/near private drive,02-Thru lane,01-Clear,03-Dawn,INTERSECTION,
2888,08-095397,20080729,CEDAR ST N @ KING ST E / CEDAR ST S,03-At intersection,01-Within intersection,01-Clear,07-Dark,INTERSECTION,
2889,08-030078,20080311,TYSON DR @ HORNING DR,04-At/near private drive,12-Off highway,01-Clear,"08-Dark, artificial",INTERSECTION,
2890,08-030423,20080312,BRIAR AVE @ MOORE AVE,01-Non intersection,02-Thru lane,01-Clear,01-Daylight,INTERSECTION,
2891,08-017626,20080209,PARK ST @ GREEN ST,03-At intersection,01-Within intersection,01-Clear,"08-Dark, artificial",INTERSECTION,
2892,08-088291,20080715,DUKE ST W @ LOUISA ST,03-At intersection,01-Within intersection,01-Clear,01-Daylight,INTERSECTION,
2893,08-087855,20080714,ELM RIDGE DR @ HILLBROOK CRES,04-At/near private drive,02-Thru lane,99-Other,05-Dusk,INTERSECTION,
2894,08-082437,20080704,OVERLEA DR @ KELLY DR,04-At/near private drive,10-Not on roadway - left side,01-Clear,"08-Dark, artificial",INTERSECTION,
2895,08-091022,20080721,CHANDLER DR @ STRASBURG RD,01-Non intersection,02-Thru lane,02-Rain,07-Dark,INTERSECTION,
2896,08-071724,20080612,EDWIN ST @ LEONARD ST,04-At/near private drive,02-Thru lane,01-Clear,01-Daylight,INTERSECTION,
2897,08-021183,20080215,DUKE ST W @ BISMARK AVE,01-Non intersection,02-Thru lane,01-Clear,07-Dark,INTERSECTION,
2898,08-056425,20080511,BATTLER RD @ HURON RD,01-Non intersection,11-Not on roadway - right side,01-Clear,,INTERSECTION,
2899,08-066407,20080601,WILSON AVE @ KINGSWAY DR,02-Intersection related,04-Right turn lane,01-Clear,"06-Dusk, artificial",INTERSECTION,
2900,08-066909,20080602,BLOCK LINE RD @ KINGSWOOD DR,03-At intersection,01-Within intersection,01-Clear,"08-Dark, artificial",INTERSECTION,
2901,08-070049,20080609,EBY ST N @ MARKET LANE,,,,,INTERSECTION,
2902,08-071948,20080613,BLOCK LINE RD @ STRASBURG RD,04-At/near private drive,09-Right shoulder,01-Clear,01-Daylight,INTERSECTION,
2903,08-085700,20080710,BLOCK LINE RD @ FALLOWFIELD DR,01-Non intersection,02-Thru lane,01-Clear,01-Daylight,INTERSECTION,
2904,08-024438,20080226,RIVER RD E @ LORRAINE AVE,01-Non intersection,02-Thru lane,03-Snow,"08-Dark, artificial",INTERSECTION,
2905,08-024327,20080227,GLASGOW ST @ FISCHER HALLMAN RD,01-Non intersection,02-Thru lane,01-Clear,01-Daylight,INTERSECTION,
2906,08-035398,20080323,STRASBURG RD @ HURON RD,01-Non intersection,02-Thru lane,01-Clear,01-Daylight,INTERSECTION,
2907,08-035683,20080324,UNION BLVD @ PARK ST,03-At intersection,01-Within intersection,01-Clear,01-Daylight,INTERSECTION,
2908,08-039869,20080328,RIVER RD E @ LORRAINE AVE,02-Intersection related,02-Thru lane,01-Clear,01-Daylight,INTERSECTION,
2909,08-033928,20080320,LOUISA ST @ ST LEGER ST,02-Intersection related,02-Thru lane,01-Clear,01-Daylight,INTERSECTION,
2910,08-028441,20080307,RITTENHOUSE RD @ TUERR DR,04-At/near private drive,02-Thru lane,03-Snow,"08-Dark, artificial",INTERSECTION,
2911,08-036211,20080326,CEDAR ST S @ CHURCH ST,03-At intersection,01-Within intersection,01-Clear,01-Daylight,INTERSECTION,
2912,08-034689,20080322,WILSON AVE @ KINGSWAY DR,04-At/near private drive,02-Thru lane,01-Clear,01-Daylight,INTERSECTION,
2913,08-021964,20080217,SHANLEY ST @ MOORE AVE,03-At intersection,02-Thru lane,01-Clear,01-Daylight,INTERSECTION,
2914,08-014301,20080202,AHRENS ST E @ QUEEN ST N / AHRENS ST W,01-Non intersection,02-Thru lane,01-Clear,"08-Dark, artificial",INTERSECTION,
2915,08-020216,20080216,STIRLING AVE S @ PLEASANT AVE,04-At/near private drive,02-Thru lane,01-Clear,01-Daylight,INTERSECTION,
2916,08-092827,20080724,FRANKLIN ST S @ KINGSWAY DR,03-At intersection,01-Within intersection,01-Clear,01-Daylight,INTERSECTION,
2917,08-076953,20080623,HOMER WATSON BLVD @ HOFFMAN ST,01-Non intersection,02-Thru lane,01-Clear,01-Daylight,INTERSECTION,
2918,08-088326,20080715,SPADINA RD E @ QUEENS BLVD / SPADINA RD W,04-At/near private drive,02-Thru lane,01-Clear,01-Daylight,INTERSECTION,
2919,08-084654,20080708,KING ST W @ ONTARIO ST S / ONTARIO ST N,01-Non intersection,02-Thru lane,01-Clear,01-Daylight,INTERSECTION,
2920,08-024131,20080226,BLOCK LINE RD @ STRASBURG RD,04-At/near private drive,02-Thru lane,02-Rain,01-Daylight,INTERSECTION,
2921,08-019381,20080215,SHAFTSBURY DR @ HOLBORN DR,03-At intersection,01-Within intersection,01-Clear,01-Daylight,INTERSECTION,
2922,08-120681,20080921,WILDERNESS DR @ BUSH CLOVER CRES / ACTIVA AVE,01-Non intersection,02-Thru lane,01-Clear,01-Daylight,INTERSECTION,
2923,08-029070,20080308,VANIER DR @ SIEBERT AVE,03-At intersection,01-Within intersection,03-Snow,01-Daylight,INTERSECTION,
2924,08-027670,20080306,QUEENS BLVD @ CECILE DR,02-Intersection related,02-Thru lane,01-Clear,01-Daylight,INTERSECTION,
2925,08-022176,20080222,GUELPH ST @ ST LEGER ST,02-Intersection related,11-Not on roadway - right side,01-Clear,01-Daylight,INTERSECTION,
2926,08-017992,20080212,WATERLOO ST @ WELLINGTON ST N,07-Overpass or bridge,01-Within intersection,03-Snow,"02-Daylight, artificial",INTERSECTION,
2927,08-032695,20080317,STIRLING AVE S @ LORNE AVE / LORNE CRES,03-At intersection,01-Within intersection,01-Clear,01-Daylight,INTERSECTION,
2928,08-020866,20080219,STECKLE PL @ TRILLIUM DR,01-Non intersection,02-Thru lane,01-Clear,01-Daylight,INTERSECTION,
2929,08-024047,20080226,HOMER WATSON BLVD @ HOFFMAN ST,03-At intersection,01-Within intersection,03-Snow,05-Dusk,INTERSECTION,
2930,08-093426,20080725,LOUISA ST @ MOORE AVE,03-At intersection,01-Within intersection,01-Clear,"04-Dawn, artificial",INTERSECTION,
2931,08-099431,20080807,MT HOPE ST @ PARK ST,04-At/near private drive,02-Thru lane,01-Clear,01-Daylight,INTERSECTION,
2932,08-019813,20080215,KING ST W @ GREEN ST,01-Non intersection,02-Thru lane,01-Clear,01-Daylight,INTERSECTION,
2933,08-053430,20080503,GLASGOW ST @ PARK ST,01-Non intersection,02-Thru lane,02-Rain,07-Dark,INTERSECTION,
2934,08-056827,20080507,SHANLEY ST @ WATERLOO ST,04-At/near private drive,02-Thru lane,01-Clear,01-Daylight,INTERSECTION,
2935,08-053065,20080503,WELLINGTON ST N @ ST LEGER ST,03-At intersection,01-Within intersection,01-Clear,01-Daylight,INTERSECTION,
2936,08-034163,20080321,RIVER RD E @ LORRAINE AVE,03-At intersection,01-Within intersection,01-Clear,"08-Dark, artificial",INTERSECTION,
2937,08-041990,20080409,HURON RD @ NEWCASTLE DR / PARKVALE DR,01-Non intersection,10-Not on roadway - left side,01-Clear,01-Daylight,INTERSECTION,
2938,08-028363,20080307,JUBILEE DR @ DAVID ST / COURTLAND AVE W,01-Non intersection,02-Thru lane,03-Snow,"06-Dusk, artificial",INTERSECTION,
2939,08-034275,20080320,GUELPH ST @ MARGARET AVE,04-At/near private drive,02-Thru lane,01-Clear,01-Daylight,INTERSECTION,
2940,08-034715,20080322,TRILLIUM DR @ HURON RD,02-Intersection related,02-Thru lane,01-Clear,01-Daylight,INTERSECTION,
2941,08-037397,20080329,GUELPH ST @ ST LEGER ST,03-At intersection,01-Within intersection,01-Clear,01-Daylight,INTERSECTION,
2942,08-031380,20080314,KING ST W @ FRANCIS ST S / FRANCIS ST N,02-Intersection related,12-Off highway,01-Clear,01-Daylight,INTERSECTION,
2943,08-020879,20080219,MCGARRY DR @ ROYAL ORCHARD DR,03-At intersection,01-Within intersection,01-Clear,"04-Dawn, artificial",INTERSECTION,
2944,08-013914,20080202,ASPEN AVE @ MAUSSER AVE,04-At/near private drive,02-Thru lane,01-Clear,01-Daylight,INTERSECTION,
2945,08-015393,20080207,STIRLING AVE S @ GREENBROOK DR,01-Non intersection,02-Thru lane,03-Snow,"08-Dark, artificial",INTERSECTION,
2946,08-025085,20080228,PROSPECT AVE @ WILFRED AVE,10-Parking lot,12-Off highway,01-Clear,01-Daylight,INTERSECTION,
2947,08-087651,20080714,RITTENHOUSE RD @ BLOCK LINE RD,02-Intersection related,02-Thru lane,01-Clear,01-Daylight,INTERSECTION,
2948,08-055770,20080510,UPPER CANADA DR @ DOON VILLAGE RD,01-Non intersection,11-Not on roadway - right side,01-Clear,"08-Dark, artificial",INTERSECTION,
2949,08-106423,20080822,BELMONT AVE W @ HIGHLAND RD W,04-At/near private drive,02-Thru lane,01-Clear,"08-Dark, artificial",INTERSECTION,
2950,08-132889,20081017,GLASGOW ST @ BELMONT AVE W,04-At/near private drive,03-Left turn lane,01-Clear,01-Daylight,INTERSECTION,
2951,08-113339,20080906,HERITAGE DR @ INDIAN RD,04-At/near private drive,02-Thru lane,01-Clear,01-Daylight,INTERSECTION,
2952,08-108525,20080826,RIVER RD E @ FREDERICK ST,02-Intersection related,03-Left turn lane,01-Clear,01-Daylight,INTERSECTION,
2953,08-115525,20080911,BLOCK LINE RD @ STRASBURG RD,02-Intersection related,01-Within intersection,01-Clear,01-Daylight,INTERSECTION,
2954,08-030365,20080312,WATERLOO ST @ WELLINGTON ST N,03-At intersection,01-Within intersection,01-Clear,01-Daylight,INTERSECTION,
2955,08-029842,20080311,FOURTH AVE @ KINGSWAY DR,02-Intersection related,09-Right shoulder,01-Clear,01-Daylight,INTERSECTION,
2956,08-024140,20080226,STRASBURG RD @ SELKIRK DR,01-Non intersection,02-Thru lane,05-Drifting Snow,07-Dark,INTERSECTION,
2957,05-048100,20080428,OTTAWA ST N @ KING ST E / OTTAWA ST S,01-Non intersection,02-Thru lane,01-Clear,01-Daylight,INTERSECTION,
2958,05-103236,20080818,KING ST E @ QUEEN ST N,01-Non intersection,02-Thru lane,01-Clear,01-Daylight,INTERSECTION,
2959,08-005923,20080115,RIVER RD E @ ROSEMOUNT DR,03-At intersection,01-Within intersection,01-Clear,01-Daylight,INTERSECTION,
2960,08-098957,20080806,MORGAN AVE @ SOUTHILL DR,04-At/near private drive,02-Thru lane,01-Clear,01-Daylight,INTERSECTION,
2961,08-099329,20080807,MADISON AVE N @ KING ST E / MADISON AVE S,04-At/near private drive,02-Thru lane,01-Clear,01-Daylight,INTERSECTION,
2962,08-098495,20080804,KINGSWAY DR @ GREENFIELD AVE,04-At/near private drive,02-Thru lane,01-Clear,01-Daylight,INTERSECTION,
2963,08-090481,20080719,KARN ST @ BRYBECK CRES,01-Non intersection,02-Thru lane,01-Clear,05-Dusk,INTERSECTION,
2964,08-040947,20080405,RIVER RD E @ EPHRAIM ST,04-At/near private drive,99-Other,01-Clear,01-Daylight,INTERSECTION,
2965,08-039059,20080326,QUEENS BLVD @ REX DR,01-Non intersection,02-Thru lane,01-Clear,01-Daylight,INTERSECTION,
2966,08-053847,20080505,KING ST E @ SCOTT ST,01-Non intersection,02-Thru lane,01-Clear,01-Daylight,INTERSECTION,
2967,08-089140,20080717,LANCASTER ST E @ MANSION ST,02-Intersection related,01-Within intersection,01-Clear,01-Daylight,INTERSECTION,
2968,08-024695,20080227,SOUTH DR @ PERTH RD,04-At/near private drive,02-Thru lane,01-Clear,"08-Dark, artificial",INTERSECTION,
2969,08-024298,20080227,ACTIVA AVE @ COPPER LEAF ST,03-At intersection,01-Within intersection,01-Clear,01-Daylight,INTERSECTION,
2970,08-022011,20080213,LOUISA ST @ KING ST W,01-Non intersection,02-Thru lane,01-Clear,"08-Dark, artificial",INTERSECTION,
2971,08-023639,20080224,WESTMOUNT RD W @ OVERLEA DR,01-Non intersection,02-Thru lane,01-Clear,"08-Dark, artificial",INTERSECTION,
2972,08-009161,20080120,PIONEER DR @ NATHANIEL CRES,01-Non intersection,02-Thru lane,03-Snow,"08-Dark, artificial",INTERSECTION,
2973,08-021174,20080218,WESTCHESTER DR @ DENLOW ST,04-At/near private drive,02-Thru lane,01-Clear,01-Daylight,INTERSECTION,
2974,08-044967,20080415,FRANKLIN ST N @ WEBER ST E,04-At/near private drive,02-Thru lane,01-Clear,"08-Dark, artificial",INTERSECTION,
2975,08-038662,20080401,QUEEN ST N @ MARGARET AVE / OTTO ST,01-Non intersection,02-Thru lane,01-Clear,01-Daylight,INTERSECTION,
2976,08-047094,20080420,FISCHER HALLMAN RD @ PLAINS RD,01-Non intersection,09-Right shoulder,01-Clear,01-Daylight,INTERSECTION,
2977,08-072805,20080614,HURON RD @ FISCHER HALLMAN RD,01-Non intersection,02-Thru lane,01-Clear,01-Daylight,INTERSECTION,
2978,08-167151,20081215,STIRLING AVE S @ HIGHLAND RD E,03-At intersection,02-Thru lane,01-Clear,05-Dusk,INTERSECTION,
2979,08-156796,20081127,FAIRWAY RD N @ OLD ZELLER DR,01-Non intersection,02-Thru lane,01-Clear,07-Dark,INTERSECTION,
2980,08-145288,20081114,CHARLES ST E @ SYDNEY ST S,03-At intersection,01-Within intersection,02-Rain,"08-Dark, artificial",INTERSECTION,
2981,08-170514,20081221,WESTHEIGHTS DR @ MCGARRY DR,03-At intersection,04-Right turn lane,03-Snow,01-Daylight,INTERSECTION,
2982,08-020916,20080219,SPADINA RD E @ MILL ST,01-Non intersection,02-Thru lane,03-Snow,01-Daylight,INTERSECTION,
2983,08-016818,20080210,GLASGOW ST @ PARK ST,03-At intersection,04-Right turn lane,03-Snow,"08-Dark, artificial",INTERSECTION,
2984,08-013668,20080202,GLASGOW ST @ SILVERCREST DR,01-Non intersection,10-Not on roadway - left side,01-Clear,07-Dark,INTERSECTION,
2985,08-025337,20080229,FIRST AVE @ KINGSWAY DR / SECOND AVE,01-Non intersection,02-Thru lane,03-Snow,07-Dark,INTERSECTION,
2986,08-161095,20081204,WESTHEIGHTS DR @ AUTUMN HILL CRES,03-At intersection,03-Left turn lane,01-Clear,07-Dark,INTERSECTION,
2987,08-169925,20081220,FRANKLIN ST S @ GREENFIELD AVE,03-At intersection,01-Within intersection,01-Clear,01-Daylight,INTERSECTION,
2988,08-174137,20081228,UNION BLVD @ BELMONT AVE W,02-Intersection related,01-Within intersection,02-Rain,01-Daylight,INTERSECTION,
2989,08-123621,20080927,QUEENS BLVD @ REX DR,04-At/near private drive,10-Not on roadway - left side,"07-Fog, mist, smoke, dust",01-Daylight,INTERSECTION,
2990,08-127704,20081006,QUEEN ST N @ WEBER ST W / WEBER ST E,04-At/near private drive,02-Thru lane,01-Clear,01-Daylight,INTERSECTION,
2991,08-030194,20080312,MCBRINE DR @ MCINTYRE DR / MCINTYRE PL,03-At intersection,01-Within intersection,01-Clear,01-Daylight,INTERSECTION,
2992,08-166363,20081213,WELLINGTON ST N @ SHIRLEY AVE / RIVERBEND DR,03-At intersection,01-Within intersection,03-Snow,07-Dark,INTERSECTION,
2993,08-155762,20081126,KRUG ST @ RIVER RD E,02-Intersection related,09-Right shoulder,03-Snow,"08-Dark, artificial",INTERSECTION,
2994,08-176057,20081231,HOMER WATSON BLVD @ HOFFMAN ST,03-At intersection,01-Within intersection,01-Clear,01-Daylight,INTERSECTION,
2995,08-152748,20081122,VERONICA DR @ OLD CHICOPEE DR,02-Intersection related,01-Within intersection,01-Clear,01-Daylight,INTERSECTION,
2996,08-154779,20081125,QUEEN ST N @ LANCASTER ST W / LANCASTER ST E,02-Intersection related,01-Within intersection,01-Clear,01-Daylight,INTERSECTION,
2997,08-146437,20081117,WILSON AVE @ FRANKLIN ST S,02-Intersection related,02-Thru lane,01-Clear,01-Daylight,INTERSECTION,
2998,08-129127,20081009,WILSON AVE @ KINGSWAY DR,01-Non intersection,01-Within intersection,01-Clear,01-Daylight,INTERSECTION,
2999,08-127416,20081005,FRANKLIN ST N @ PENROSE AVE,04-At/near private drive,11-Not on roadway - right side,01-Clear,"08-Dark, artificial",INTERSECTION,
3000,08-152225,20081121,BLOCK LINE RD @ STRASBURG RD,03-At intersection,01-Within intersection,01-Clear,"06-Dusk, artificial",INTERSECTION,
3001,08-156212,20081126,UNION BLVD @ PARK ST,02-Intersection related,02-Thru lane,01-Clear,01-Daylight,INTERSECTION,
3002,08-158018,20081130,GLASGOW ST @ BELMONT AVE W,03-At intersection,01-Within intersection,01-Clear,01-Daylight,INTERSECTION,
3003,08-161155,20081205,KING ST W @ GAUKEL ST,03-At intersection,01-Within intersection,01-Clear,01-Daylight,INTERSECTION,
3004,08-165580,20081212,NINTH AVE @ KINGSWAY DR,02-Intersection related,02-Thru lane,01-Clear,"04-Dawn, artificial",INTERSECTION,
3005,08-164102,20081210,MILLWOOD CRES @ CLUTHE CRES,01-Non intersection,02-Thru lane,01-Clear,01-Daylight,INTERSECTION,
3006,08-158558,20081201,MILL ST @ HEIMAN ST,03-At intersection,02-Thru lane,01-Clear,01-Daylight,INTERSECTION,
3007,08-151527,20081119,GUELPH ST @ ST LEGER ST,03-At intersection,01-Within intersection,01-Clear,01-Daylight,INTERSECTION,
3008,08-161938,20081206,KELLY DR @ QUEENS BLVD,01-Non intersection,02-Thru lane,03-Snow,07-Dark,INTERSECTION,
3009,08-145589,20081115,CHARLES ST E @ MADISON AVE S,01-Non intersection,02-Thru lane,02-Rain,01-Daylight,INTERSECTION,
3010,08-145970,20081115,ACTIVA AVE @ MAX BECKER DR,03-At intersection,02-Thru lane,03-Snow,07-Dark,INTERSECTION,
3011,08-141194,20081105,RIVER RD E @ FREDERICK ST,03-At intersection,01-Within intersection,01-Clear,01-Daylight,INTERSECTION,
3012,08-150135,20081117,TRILLIUM DR @ STRASBURG RD,03-At intersection,02-Thru lane,03-Snow,"02-Daylight, artificial",INTERSECTION,
3013,08-172227,20081223,GLASGOW ST @ EARL ST,03-At intersection,02-Thru lane,03-Snow,01-Daylight,INTERSECTION,
3014,08-135213,20081023,BLUCHER ST @ MARGARET AVE,01-Non intersection,02-Thru lane,01-Clear,07-Dark,INTERSECTION,
3015,08-145976,20081116,ONTARIO ST S @ JOSEPH ST,02-Intersection related,02-Thru lane,01-Clear,01-Daylight,INTERSECTION,
3016,08-146243,20081117,CONESTOGA COLLEGE BLVD @ PINNACLE DR,01-Non intersection,04-Right turn lane,03-Snow,01-Daylight,INTERSECTION,
3017,08-072713,20080614,FRANKLIN ST N @ PROSPECT AVE,02-Intersection related,01-Within intersection,01-Clear,01-Daylight,INTERSECTION,
3018,08-076206,20080621,SPADINA RD E @ QUEENS BLVD / SPADINA RD W,02-Intersection related,01-Within intersection,02-Rain,01-Daylight,INTERSECTION,
3019,08-070515,20080610,JOSEPH ST @ GAUKEL ST,01-Non intersection,02-Thru lane,01-Clear,01-Daylight,INTERSECTION,
3020,08-170482,20081219,HOMER WATSON BLVD @ HOFFMAN ST,01-Non intersection,04-Right turn lane,03-Snow,01-Daylight,INTERSECTION,