OBJECTID,ACCIDENTNUM,ACCIDENTDATE,LOCATION,ACCIDENT_LOCATION,IMPACT_LOCATION,ENVIRONMENT_CONDITION,LIGHT,COLLISION_TYPE,TRAFFICCOLLISIONSID
3021,08-164144,20081208,HEIMAN ST @ CHARLES BEST PL,04-At/near private drive,09-Right shoulder,01-Clear,01-Daylight,INTERSECTION,
3022,08-163626,20081208,PINEDALE DR @ WILLIAMSBURG RD,01-Non intersection,02-Thru lane,03-Snow,"08-Dark, artificial",INTERSECTION,
3023,08-165889,20081213,QUEEN ST S @ HALLS LANE W,01-Non intersection,02-Thru lane,01-Clear,01-Daylight,INTERSECTION,
3024,08-164717,20081211,BUSH CLOVER CRES @ ACTIVA AVE,01-Non intersection,02-Thru lane,01-Clear,"08-Dark, artificial",INTERSECTION,
3025,08-013501,20080202,ERINBROOK DR @ RIDGEWAY CRES,01-Non intersection,02-Thru lane,01-Clear,01-Daylight,INTERSECTION,
3026,08-014146,20080204,WELLINGTON ST N @ SPRING VALLEY RD,02-Intersection related,02-Thru lane,01-Clear,01-Daylight,INTERSECTION,
3027,08-014243,20080204,OLDFIELD DR @ SHAFTSBURY DR,02-Intersection related,01-Within intersection,01-Clear,01-Daylight,INTERSECTION,
3028,08-167582,20081216,WILSON AVE @ FAIRWAY RD S,04-At/near private drive,02-Thru lane,01-Clear,01-Daylight,INTERSECTION,
3029,08-172415,20081224,FAIRFIELD AVE @ ST LEGER ST,03-At intersection,01-Within intersection,03-Snow,07-Dark,INTERSECTION,
3030,08-174722,20081229,KENNETH AVE @ FRANKLIN ST N,03-At intersection,01-Within intersection,01-Clear,01-Daylight,INTERSECTION,
3031,08-140733,20081104,GLASGOW ST @ PARK ST,03-At intersection,01-Within intersection,01-Clear,01-Daylight,INTERSECTION,
3032,08-164104,20081210,WILSON AVE @ FAIRWAY RD S,04-At/near private drive,02-Thru lane,01-Clear,01-Daylight,INTERSECTION,
3033,08-155857,20081127,TRILLIUM DR @ WASHBURN DR,01-Non intersection,02-Thru lane,03-Snow,03-Dawn,INTERSECTION,
3034,08-151347,20081119,SYDNEY ST S @ MILL ST,01-Non intersection,11-Not on roadway - right side,03-Snow,"08-Dark, artificial",INTERSECTION,
3035,08-155846,20081127,STECKLE PL @ TRILLIUM DR,01-Non intersection,02-Thru lane,01-Clear,01-Daylight,INTERSECTION,
3036,08-145863,20081116,TRILLIUM DR @ WASHBURN DR,04-At/near private drive,10-Not on roadway - left side,03-Snow,"06-Dusk, artificial",INTERSECTION,
3037,08-150962,20081119,MCLENNAN PARK GATE @ BLOCK LINE RD,03-At intersection,02-Thru lane,03-Snow,05-Dusk,INTERSECTION,
3038,08-150992,20081119,STIRLING AVE S @ MILL ST,02-Intersection related,01-Within intersection,03-Snow,"08-Dark, artificial",INTERSECTION,
3039,08-151050,20081119,BLOCK LINE RD @ KINGSWOOD DR,02-Intersection related,01-Within intersection,03-Snow,07-Dark,INTERSECTION,
3040,08-146339,20081117,RIVER RD E @ LORRAINE AVE,02-Intersection related,02-Thru lane,01-Clear,01-Daylight,INTERSECTION,
3041,08-155326,20081126,GLASGOW ST @ BELMONT AVE W,03-At intersection,04-Right turn lane,01-Clear,01-Daylight,INTERSECTION,
3042,08-171852,20081223,WILSON AVE @ KINGSWAY DR,04-At/near private drive,02-Thru lane,03-Snow,"08-Dark, artificial",INTERSECTION,
3043,08-171803,20081223,GATEWAY PARK DR @ TU LANE ST,04-At/near private drive,02-Thru lane,03-Snow,"08-Dark, artificial",INTERSECTION,
3044,08-146280,20081117,CONESTOGA COLLEGE BLVD @ PINNACLE DR,01-Non intersection,02-Thru lane,03-Snow,01-Daylight,INTERSECTION,
3045,08-142985,20081109,RIVER RD E @ LORRAINE AVE,04-At/near private drive,02-Thru lane,02-Rain,01-Daylight,INTERSECTION,
3046,08-130787,20081013,BLOCK LINE RD @ STRASBURG RD,03-At intersection,01-Within intersection,01-Clear,"08-Dark, artificial",INTERSECTION,
3047,08-169352,20081219,STOKE DR @ LENNOX CRES,04-At/near private drive,02-Thru lane,03-Snow,01-Daylight,INTERSECTION,
3048,08-154568,20081125,UNION BLVD @ YORK ST,01-Non intersection,02-Thru lane,02-Rain,"08-Dark, artificial",INTERSECTION,
3049,08-155780,20081127,FARNHAM AVE @ BELMONT AVE W,01-Non intersection,08-Left shoulder,01-Clear,"04-Dawn, artificial",INTERSECTION,
3050,08-152437,20081121,FOURTH AVE @ KINGSWAY DR,01-Non intersection,02-Thru lane,01-Clear,"08-Dark, artificial",INTERSECTION,
3051,08-151875,20081121,FIRST AVE @ ECKERT ST,01-Non intersection,11-Not on roadway - right side,03-Snow,"08-Dark, artificial",INTERSECTION,
3052,08-168317,20081217,KING ST W @ WATER ST N / WATER ST S,03-At intersection,01-Within intersection,01-Clear,05-Dusk,INTERSECTION,
3053,08-176003,20081231,KING ST E @ QUEEN ST N,03-At intersection,02-Thru lane,03-Snow,"08-Dark, artificial",INTERSECTION,
3054,08-159865,20081203,CARWOOD AVE @ COURTLAND AVE E,04-At/near private drive,02-Thru lane,01-Clear,01-Daylight,INTERSECTION,
3055,08-158950,20081130,TARA CRES @ ERINBROOK DR,04-At/near private drive,02-Thru lane,01-Clear,01-Daylight,INTERSECTION,
3056,08-155227,20081125,ACTIVA AVE @ SNOWDROP CRES,04-At/near private drive,02-Thru lane,01-Clear,"08-Dark, artificial",INTERSECTION,
3057,08-144359,20081112,WESTHEIGHTS DR @ DRIFTWOOD DR,02-Intersection related,02-Thru lane,01-Clear,01-Daylight,INTERSECTION,
3058,08-014161,20080204,SHAFTSBURY DR @ HOLBORN DR,02-Intersection related,02-Thru lane,01-Clear,01-Daylight,INTERSECTION,
3059,08-014457,20080204,MT HOPE ST @ PARK ST,03-At intersection,01-Within intersection,02-Rain,07-Dark,INTERSECTION,
3060,08-009379,20080123,STIRLING AVE S @ HIGHLAND RD E,04-At/near private drive,02-Thru lane,01-Clear,01-Daylight,INTERSECTION,
3061,08-172198,20081224,HIGHBROOK ST @ HIGHBROOK CRES,03-At intersection,01-Within intersection,03-Snow,01-Daylight,INTERSECTION,
3062,08-093841,20080726,BRYBECK CRES @ WESTMOUNT RD W / CHOPIN DR,99-Other,11-Not on roadway - right side,01-Clear,01-Daylight,INTERSECTION,
3063,08-155664,20081126,BRYBECK CRES @ WESTMOUNT RD W / CHOPIN DR,01-Non intersection,02-Thru lane,03-Snow,07-Dark,INTERSECTION,
3064,08-140710,20081104,JUBILEE DR @ DAVID ST / COURTLAND AVE W,03-At intersection,01-Within intersection,01-Clear,01-Daylight,INTERSECTION,
3065,08-012317,20080130,DUMFRIES AVE @ KRUG ST,03-At intersection,01-Within intersection,01-Clear,"08-Dark, artificial",INTERSECTION,
3066,08-174810,20081229,BELMONT AVE W @ HIGHLAND RD W,04-At/near private drive,02-Thru lane,01-Clear,01-Daylight,INTERSECTION,
3067,08-175933,20081231,HOMER WATSON BLVD @ MANITOU DR / DOON VILLAGE RD,04-At/near private drive,02-Thru lane,01-Clear,01-Daylight,INTERSECTION,
3068,08-175810,20081230,BLACKWELL DR @ WESTHEIGHTS DR,01-Non intersection,01-Within intersection,03-Snow,07-Dark,INTERSECTION,
3069,08-175805,20081231,CHANDLER DR @ STRASBURG RD,01-Non intersection,01-Within intersection,03-Snow,"04-Dawn, artificial",INTERSECTION,
3070,08-168048,20081217,PATRICIA AVE @ QUEENS BLVD,04-At/near private drive,02-Thru lane,01-Clear,01-Daylight,INTERSECTION,
3071,08-173493,20081227,GATEWAY PARK DR @ TU LANE ST,02-Intersection related,02-Thru lane,"07-Fog, mist, smoke, dust",01-Daylight,INTERSECTION,
3072,08-168580,20081218,LOUISA ST @ ST LEGER ST,03-At intersection,01-Within intersection,01-Clear,01-Daylight,INTERSECTION,
3073,08-145776,20081115,WILDERNESS DR @ MOUNTAIN MINT CRES / PINE MARTIN CRES,04-At/near private drive,02-Thru lane,02-Rain,"08-Dark, artificial",INTERSECTION,
3074,08-144335,20081112,COUNTRY HILL DR @ CHERRY HILL DR,04-At/near private drive,02-Thru lane,01-Clear,01-Daylight,INTERSECTION,
3075,08-161020,20081205,MANITOU DR @ WABANAKI DR,01-Non intersection,02-Thru lane,01-Clear,01-Daylight,INTERSECTION,
3076,08-159179,20081202,DOON SOUTH DR @ WINDRUSH TRAIL,02-Intersection related,01-Within intersection,01-Clear,01-Daylight,INTERSECTION,
3077,08-150913,20081111,HOMER WATSON BLVD @ HOFFMAN ST,03-At intersection,01-Within intersection,03-Snow,01-Daylight,INTERSECTION,
3078,08-154857,20081125,QUEEN ST S @ COURTLAND AVE W,04-At/near private drive,03-Left turn lane,01-Clear,01-Daylight,INTERSECTION,
3079,08-163600,20081209,WILSON AVE @ KINGSWAY DR,04-At/near private drive,02-Thru lane,02-Rain,05-Dusk,INTERSECTION,
3080,08-162410,20081207,WILSON AVE @ KINGSWAY DR,03-At intersection,01-Within intersection,01-Clear,01-Daylight,INTERSECTION,
3081,08-060611,20080520,RIVER RD E @ HOLBORN DR,03-At intersection,01-Within intersection,01-Clear,01-Daylight,INTERSECTION,
3082,08-170977,20081222,BELMONT AVE W @ ROCK AVE,03-At intersection,01-Within intersection,03-Snow,01-Daylight,INTERSECTION,
3083,08-155106,20081119,HAZELGLEN DR @ CHOPIN DR,03-At intersection,01-Within intersection,03-Snow,07-Dark,INTERSECTION,
3084,08-155586,20081125,FOREST HILL DR @ BUTTONWOOD DR,01-Non intersection,02-Thru lane,99-Other,01-Daylight,INTERSECTION,
3085,08-155470,20081124,VERONICA DR @ BETTINA PL,01-Non intersection,02-Thru lane,03-Snow,01-Daylight,INTERSECTION,
3086,08-155714,20081126,CHANDLER DR @ STRASBURG RD,03-At intersection,01-Within intersection,03-Snow,"08-Dark, artificial",INTERSECTION,
3087,08-126274,20081002,KINZIE AVE @ RIVER RD E,03-At intersection,02-Thru lane,01-Clear,01-Daylight,INTERSECTION,
3088,08-129491,20081009,KRUG ST @ RIVER RD E,03-At intersection,02-Thru lane,01-Clear,01-Daylight,INTERSECTION,
3089,08-128745,20081008,FRANKLIN ST S @ KINGSWAY DR,02-Intersection related,04-Right turn lane,02-Rain,07-Dark,INTERSECTION,
3090,08-168005,20081217,RIVER RD E @ KRUG ST,02-Intersection related,01-Within intersection,01-Clear,01-Daylight,INTERSECTION,
3091,08-019373,20080215,UNION BLVD @ BELMONT AVE W,03-At intersection,01-Within intersection,01-Clear,01-Daylight,INTERSECTION,
3092,08-019270,20080215,GLASGOW ST @ BELMONT AVE W,03-At intersection,01-Within intersection,01-Clear,01-Daylight,INTERSECTION,
3093,08-017402,20080211,WILSON AVE @ KINGSWAY DR,02-Intersection related,02-Thru lane,01-Clear,01-Daylight,INTERSECTION,
3094,08-122879,20080925,JUBILEE DR @ DAVID ST / COURTLAND AVE W,03-At intersection,02-Thru lane,01-Clear,01-Daylight,INTERSECTION,
3095,08-155889,20081126,KEEWATIN AVE @ GLENCLIFFE CRT,03-At intersection,01-Within intersection,01-Clear,01-Daylight,INTERSECTION,
3096,08-036641,20080326,HIGHVIEW DR @ OLD PARK LANE,02-Intersection related,02-Thru lane,01-Clear,01-Daylight,INTERSECTION,
3097,08-048468,20080423,WEBER ST W @ ONTARIO ST N,04-At/near private drive,02-Thru lane,01-Clear,01-Daylight,INTERSECTION,
3098,08-045910,20080418,STIRLING AVE S @ GREENBROOK DR,03-At intersection,02-Thru lane,01-Clear,01-Daylight,INTERSECTION,
3099,08-169882,20081220,RIVER RD E @ HOLBORN DR,02-Intersection related,01-Within intersection,01-Clear,01-Daylight,INTERSECTION,
3100,08-169535,20081219,QUEEN ST N @ DUKE ST E / DUKE ST W,02-Intersection related,02-Thru lane,03-Snow,"08-Dark, artificial",INTERSECTION,
3101,08-098762,20080806,FOURTH AVE @ KINGSWAY DR,02-Intersection related,01-Within intersection,01-Clear,01-Daylight,INTERSECTION,
3102,08-069118,20080607,JUBILEE DR @ DAVID ST / COURTLAND AVE W,04-At/near private drive,02-Thru lane,01-Clear,01-Daylight,INTERSECTION,
3103,08-021550,20080220,SEREDA RD @ SPRING VALLEY RD / GUELPH ST,04-At/near private drive,02-Thru lane,01-Clear,05-Dusk,INTERSECTION,
3104,08-106328,20080822,SEREDA RD @ SPRING VALLEY RD / GUELPH ST,03-At intersection,01-Within intersection,01-Clear,01-Daylight,INTERSECTION,
3105,08-138560,20081031,WESTHEIGHTS DR @ WINDING WAY,01-Non intersection,01-Within intersection,01-Clear,"02-Daylight, artificial",INTERSECTION,
3106,08-168327,20081208,TRILLIUM DR @ STRASBURG RD,04-At/near private drive,02-Thru lane,01-Clear,01-Daylight,INTERSECTION,
3107,08-044655,20080415,WEBER ST W @ WATER ST N,01-Non intersection,02-Thru lane,01-Clear,01-Daylight,INTERSECTION,
3108,08-171021,20081221,WESTHEIGHTS DR @ DRIFTWOOD DR,98-Other,10-Not on roadway - left side,03-Snow,01-Daylight,INTERSECTION,
3109,08-167723,20081215,GLASGOW ST @ DUNBAR RD,01-Non intersection,09-Right shoulder,01-Clear,01-Daylight,INTERSECTION,
3110,08-175617,20081230,MILL PARK DR @ GREEN VALLEY DR,01-Non intersection,02-Thru lane,01-Clear,05-Dusk,INTERSECTION,
3111,08-170965,20081222,WABANAKI DR @ WILSON AVE,02-Intersection related,02-Thru lane,01-Clear,01-Daylight,INTERSECTION,
3112,08-118207,20080916,INDIAN RD @ MCGEE AVE,10-Parking lot,12-Off highway,01-Clear,01-Daylight,INTERSECTION,
3113,08-163017,20081207,CONNAUGHT ST @ EIGHTH AVE,01-Non intersection,02-Thru lane,01-Clear,"08-Dark, artificial",INTERSECTION,
3114,08-170607,20081221,GLEN RD @ PLEASANT AVE,02-Intersection related,01-Within intersection,03-Snow,01-Daylight,INTERSECTION,
3115,08-161996,20081206,SAMUEL ST @ CHAPEL ST,03-At intersection,01-Within intersection,03-Snow,01-Daylight,INTERSECTION,
3116,08-168285,20081217,HURON RD @ NEWCASTLE DR / PARKVALE DR,03-At intersection,01-Within intersection,03-Snow,05-Dusk,INTERSECTION,
3117,08-158840,20081201,NINTH AVE @ KINGSWAY DR,03-At intersection,02-Thru lane,03-Snow,"08-Dark, artificial",INTERSECTION,
3118,08-152041,20081121,JOSEPH ST @ LINDEN AVE,02-Intersection related,01-Within intersection,01-Clear,01-Daylight,INTERSECTION,
3119,08-175589,20081230,BURBANK RD @ ARCHER PL,02-Intersection related,11-Not on roadway - right side,01-Clear,01-Daylight,INTERSECTION,
3120,08-122620,20080925,QUEENS BLVD @ REX DR,01-Non intersection,02-Thru lane,01-Clear,01-Daylight,INTERSECTION,
3121,08-121627,20080922,UPPER CANADA DR @ DOON VILLAGE RD,04-At/near private drive,02-Thru lane,01-Clear,01-Daylight,INTERSECTION,
3122,08-118922,20080918,QUEENS BLVD @ REX DR,04-At/near private drive,02-Thru lane,01-Clear,01-Daylight,INTERSECTION,
3123,08-123484,20080922,OTTAWA ST N @ RIVER RD E,04-At/near private drive,02-Thru lane,02-Rain,01-Daylight,INTERSECTION,
3124,08-136860,20081026,RIVER RD E @ LORRAINE AVE,03-At intersection,02-Thru lane,01-Clear,01-Daylight,INTERSECTION,
3125,08-156106,20081127,MAX BECKER DR @ HELENA FEASBY ST,02-Intersection related,02-Thru lane,01-Clear,01-Daylight,INTERSECTION,
3126,08-161271,20081103,KING ST W @ YOUNG ST,02-Intersection related,02-Thru lane,01-Clear,01-Daylight,INTERSECTION,
3127,08-162451,20081208,UNION BLVD @ BELMONT AVE W,03-At intersection,01-Within intersection,03-Snow,01-Daylight,INTERSECTION,
3128,08-152151,20081119,WESTMOUNT RD W @ OVERLEA DR,01-Non intersection,02-Thru lane,03-Snow,"08-Dark, artificial",INTERSECTION,
3129,08-021383,20080220,UNION BLVD @ BELMONT AVE W,03-At intersection,01-Within intersection,01-Clear,01-Daylight,INTERSECTION,
3130,08-157329,20081129,FOREST GLEN CRES @ FORESTWOOD DR,01-Non intersection,02-Thru lane,01-Clear,01-Daylight,INTERSECTION,
3131,08-157293,20081129,WINDFLOWER DR @ FOXGLOVE CRES,03-At intersection,01-Within intersection,01-Clear,01-Daylight,INTERSECTION,
3132,08-158049,20081129,MORGAN AVE @ FAIRWAY RD N,01-Non intersection,02-Thru lane,01-Clear,"08-Dark, artificial",INTERSECTION,
3133,08-145086,20081110,KING ST E @ QUEEN ST N,01-Non intersection,02-Thru lane,01-Clear,01-Daylight,INTERSECTION,
3134,08-169463,20081219,GLASGOW ST @ BELMONT AVE W,04-At/near private drive,02-Thru lane,03-Snow,01-Daylight,INTERSECTION,
3135,08-006966,20080117,KING ST W @ FRANCIS ST S / FRANCIS ST N,03-At intersection,01-Within intersection,01-Clear,07-Dark,INTERSECTION,
3136,08-010021,20080125,HIGHLAND RD E @ MAUSSER AVE,03-At intersection,01-Within intersection,01-Clear,"08-Dark, artificial",INTERSECTION,
3137,08-000195,20080101,KINGSWAY DR @ GREENFIELD AVE,01-Non intersection,02-Thru lane,03-Snow,"08-Dark, artificial",INTERSECTION,
3138,08-052044,20080501,PINE ST @ MARY ST,10-Parking lot,12-Off highway,01-Clear,01-Daylight,INTERSECTION,
3139,08-060985,20080521,HIGHLAND RD W @ WESTHEIGHTS DR / WESTFOREST TRAIL,04-At/near private drive,11-Not on roadway - right side,01-Clear,01-Daylight,INTERSECTION,
3140,08-054509,20080507,QUEENS BLVD @ WARREN RD,02-Intersection related,11-Not on roadway - right side,01-Clear,01-Daylight,INTERSECTION,
3141,08-052634,20080502,HIGHLAND RD E @ SPADINA RD E,04-At/near private drive,02-Thru lane,02-Rain,"06-Dusk, artificial",INTERSECTION,
3142,08-017561,20080211,PARK ST @ AGNES ST,03-At intersection,01-Within intersection,01-Clear,"06-Dusk, artificial",INTERSECTION,
3143,08-027771,20080306,KING ST E @ PANDORA AVE N / PANDORA AVE S,02-Intersection related,01-Within intersection,01-Clear,01-Daylight,INTERSECTION,
3144,08-029665,20080310,WILSON AVE @ KINGSWAY DR,02-Intersection related,02-Thru lane,01-Clear,01-Daylight,INTERSECTION,
3145,08-034312,20080321,BORDEN AVE N @ KING ST E / BORDEN AVE S,02-Intersection related,01-Within intersection,01-Clear,01-Daylight,INTERSECTION,
3146,08-000409,20080101,CARWOOD CRES @ CARWOOD AVE,03-At intersection,01-Within intersection,01-Clear,01-Daylight,INTERSECTION,
3147,08-000740,20080102,OVERLEA DR @ RALGREEN CRES,03-At intersection,02-Thru lane,01-Clear,01-Daylight,INTERSECTION,
3148,08-013308,20080131,PIONEER DR @ DOON VILLAGE RD,02-Intersection related,02-Thru lane,01-Clear,01-Daylight,INTERSECTION,
3149,08-009343,20080122,WATER ST N @ DUKE ST W,01-Non intersection,02-Thru lane,"07-Fog, mist, smoke, dust",01-Daylight,INTERSECTION,
3150,08-042494,20080410,RIVER RD E @ FREDERICK ST,03-At intersection,01-Within intersection,01-Clear,01-Daylight,INTERSECTION,
3151,08-124052,20080928,KRUG ST @ RIVER RD E,03-At intersection,04-Right turn lane,01-Clear,01-Daylight,INTERSECTION,
3152,08-121948,20080924,BLOCK LINE RD @ STRASBURG RD,02-Intersection related,02-Thru lane,01-Clear,01-Daylight,INTERSECTION,
3153,08-121509,20080923,RIVER RD E @ FREDERICK ST,03-At intersection,01-Within intersection,01-Clear,01-Daylight,INTERSECTION,
3154,08-123023,20080926,YOUNG ST @ DUKE ST W,02-Intersection related,02-Thru lane,01-Clear,01-Daylight,INTERSECTION,
3155,08-144662,20081113,MARKWOOD DR @ CHOPIN DR,04-At/near private drive,02-Thru lane,02-Rain,01-Daylight,INTERSECTION,
3156,08-037356,20080329,CEDAR ST N @ DUKE ST E,02-Intersection related,01-Within intersection,01-Clear,01-Daylight,INTERSECTION,
3157,08-035955,20080325,PIONEER DR @ UPPER CANADA DR,01-Non intersection,02-Thru lane,03-Snow,"08-Dark, artificial",INTERSECTION,
3158,08-030648,20080312,NATCHEZ RD @ ROTHSAY AVE,03-At intersection,01-Within intersection,01-Clear,"08-Dark, artificial",INTERSECTION,
3159,08-041365,20080325,HOMER WATSON BLVD @ STIRLING AVE S,01-Non intersection,99-Other,03-Snow,01-Daylight,INTERSECTION,
3160,08-088177,20080715,CLARK AVE @ SIEBERT AVE,03-At intersection,01-Within intersection,01-Clear,,INTERSECTION,
3161,08-096739,20080801,LORRAINE AVE @ CARSON DR,01-Non intersection,02-Thru lane,01-Clear,01-Daylight,INTERSECTION,
3162,08-093975,20080726,COURTLAND AVE E @ STIRLING AVE S,04-At/near private drive,02-Thru lane,01-Clear,,INTERSECTION,
3163,08-017349,20080211,JOSEPH ST @ VICTORIA ST S,01-Non intersection,02-Thru lane,01-Clear,01-Daylight,INTERSECTION,
3164,08-018112,20080212,PIONEER DR @ BECHTEL DR,04-At/near private drive,02-Thru lane,03-Snow,07-Dark,INTERSECTION,
3165,08-019465,20080215,RIVER RD E @ HICKSON DR,03-At intersection,03-Left turn lane,01-Clear,01-Daylight,INTERSECTION,
3166,08-145953,20081116,WABANAKI DR @ WILSON AVE,03-At intersection,01-Within intersection,03-Snow,99-Other,INTERSECTION,
3167,08-145427,20081115,WESTHEIGHTS DR @ DRIFTWOOD DR,01-Non intersection,11-Not on roadway - right side,02-Rain,07-Dark,INTERSECTION,
3168,08-157986,20081130,STIRLING AVE N @ EAST AVE,03-At intersection,01-Within intersection,01-Clear,01-Daylight,INTERSECTION,
3169,08-128508,20081008,EBY ST S @ EBY ST N / KING ST E,03-At intersection,01-Within intersection,01-Clear,01-Daylight,INTERSECTION,
3170,08-127572,20081006,MILL ST @ HEIMAN ST,02-Intersection related,02-Thru lane,01-Clear,01-Daylight,INTERSECTION,
3171,08-118807,20080914,STRASBURG RD @ HURON RD,04-At/near private drive,11-Not on roadway - right side,02-Rain,"08-Dark, artificial",INTERSECTION,
3172,08-126862,20081004,RIVER RD E @ EPHRAIM ST,02-Intersection related,02-Thru lane,01-Clear,01-Daylight,INTERSECTION,
3173,08-127930,20081006,QUEENS BLVD @ BLUERIDGE AVE,01-Non intersection,02-Thru lane,01-Clear,01-Daylight,INTERSECTION,
3174,08-057031,20080512,BLOCK LINE RD @ STRASBURG RD,03-At intersection,01-Within intersection,01-Clear,05-Dusk,INTERSECTION,
3175,08-132014,20080926,GLASGOW ST @ PARK ST,01-Non intersection,02-Thru lane,01-Clear,01-Daylight,INTERSECTION,
3176,08-123348,20080927,ACTIVA AVE @ DAVID BERGEY DR,02-Intersection related,09-Right shoulder,02-Rain,"08-Dark, artificial",INTERSECTION,
3177,08-119555,20080919,EBY ST S @ EBY ST N / KING ST E,01-Non intersection,02-Thru lane,01-Clear,,INTERSECTION,
3178,08-025612,20080301,STIRLING AVE S @ MILL ST,04-At/near private drive,02-Thru lane,01-Clear,01-Daylight,INTERSECTION,
3179,08-135529,20081023,RIVER RD E @ FREDERICK ST,01-Non intersection,02-Thru lane,01-Clear,01-Daylight,INTERSECTION,
3180,08-134307,20081018,KING ST W @ WATER ST N / WATER ST S,01-Non intersection,02-Thru lane,01-Clear,01-Daylight,INTERSECTION,
3181,08-144201,20081112,EDGEWATER CRES @ JANINE ST,04-At/near private drive,02-Thru lane,01-Clear,01-Daylight,INTERSECTION,
3182,08-137236,20081025,THORNCLIFFE ST @ DRIFTWOOD DR,03-At intersection,02-Thru lane,01-Clear,01-Daylight,INTERSECTION,
3183,08-142435,20081108,KING ST E @ SCOTT ST,02-Intersection related,02-Thru lane,01-Clear,"08-Dark, artificial",INTERSECTION,
3184,08-150751,20081119,HALIFAX DR @ HERITAGE DR,04-At/near private drive,12-Off highway,01-Clear,01-Daylight,INTERSECTION,
3185,08-162417,20081207,KING ST W @ YOUNG ST,01-Non intersection,02-Thru lane,01-Clear,01-Daylight,INTERSECTION,
3186,08-164568,20081211,KING ST W @ ONTARIO ST S / ONTARIO ST N,01-Non intersection,02-Thru lane,01-Clear,01-Daylight,INTERSECTION,
3187,08-170578,20081220,FRANKLIN ST N @ WEBER ST E,04-At/near private drive,03-Left turn lane,03-Snow,01-Daylight,INTERSECTION,
3188,08-046011,20080418,WABANAKI DR @ WILSON AVE,03-At intersection,01-Within intersection,01-Clear,01-Daylight,INTERSECTION,
3189,08-106249,20080822,EAST AVE @ PANDORA AVE N,03-At intersection,01-Within intersection,01-Clear,01-Daylight,INTERSECTION,
3190,08-098760,20080806,SHIRLEY AVE @ BINGEMANS CENTRE DR,04-At/near private drive,02-Thru lane,01-Clear,01-Daylight,INTERSECTION,
3191,08-099552,20080807,KINGSWAY DR @ GREENFIELD AVE,02-Intersection related,01-Within intersection,01-Clear,07-Dark,INTERSECTION,
3192,08-026403,20080303,QUEENS BLVD @ BELMONT AVE W / BELMONT AVE E,01-Non intersection,02-Thru lane,01-Clear,01-Daylight,INTERSECTION,
3193,08-024834,20080228,FRANKLIN ST N @ WEBER ST E,01-Non intersection,03-Left turn lane,01-Clear,01-Daylight,INTERSECTION,
3194,08-026822,20080304,DODGE DR @ GROH DR,01-Non intersection,02-Thru lane,01-Clear,01-Daylight,INTERSECTION,
3195,08-011597,20080128,OLD CHICOPEE DR @ KENORA DR,03-At intersection,01-Within intersection,"07-Fog, mist, smoke, dust","08-Dark, artificial",INTERSECTION,
3196,08-022159,20080222,WABANAKI DR @ WILSON AVE,04-At/near private drive,02-Thru lane,03-Snow,"08-Dark, artificial",INTERSECTION,
3197,08-004289,20080111,QUEENS BLVD @ BELMONT AVE W / BELMONT AVE E,02-Intersection related,11-Not on roadway - right side,01-Clear,01-Daylight,INTERSECTION,
3198,08-002496,20080107,GLASGOW ST @ PARK ST,02-Intersection related,02-Thru lane,"07-Fog, mist, smoke, dust",01-Daylight,INTERSECTION,
3199,08-023834,20080226,ROCKWAY DR @ FLORAL CRES,02-Intersection related,02-Thru lane,03-Snow,01-Daylight,INTERSECTION,
3200,08-086697,20080712,CEDAR ST N @ KING ST E / CEDAR ST S,01-Non intersection,02-Thru lane,01-Clear,01-Daylight,INTERSECTION,
3201,08-083689,20080707,SPADINA RD E @ MILL ST,03-At intersection,01-Within intersection,01-Clear,01-Daylight,INTERSECTION,
3202,08-044500,20080415,BATTLER RD @ HURON RD,01-Non intersection,02-Thru lane,01-Clear,01-Daylight,INTERSECTION,
3203,08-009769,20080124,DOON MILLS DR @ PINE VALLEY DR,03-At intersection,02-Thru lane,01-Clear,01-Daylight,INTERSECTION,
3204,08-080404,20080629,ROSEMOUNT DR @ ETON DR,04-At/near private drive,09-Right shoulder,01-Clear,07-Dark,INTERSECTION,
3205,08-090614,20080720,MADISON AVE N @ KING ST E / MADISON AVE S,03-At intersection,02-Thru lane,02-Rain,07-Dark,INTERSECTION,
3206,08-092135,20080723,STIRLING AVE N @ EAST AVE,03-At intersection,04-Right turn lane,01-Clear,01-Daylight,INTERSECTION,
3207,08-082278,20080703,TRILLIUM DR @ BEASLEY DR,03-At intersection,01-Within intersection,01-Clear,01-Daylight,INTERSECTION,
3208,08-151331,20081119,COURTLAND AVE E @ MILL ST,01-Non intersection,02-Thru lane,03-Snow,07-Dark,INTERSECTION,
3209,08-146369,20081116,WILSON AVE @ FAIRWAY RD S,04-At/near private drive,02-Thru lane,01-Clear,01-Daylight,INTERSECTION,