OBJECTID,ACCIDENTNUM,ACCIDENTDATE,LOCATION,ACCIDENT_LOCATION,IMPACT_LOCATION,ENVIRONMENT_CONDITION,LIGHT,COLLISION_TYPE,TRAFFICCOLLISIONSID
3210,08-151531,20081119,HARTWOOD AVE @ MARGARET AVE,03-At intersection,02-Thru lane,03-Snow,01-Daylight,INTERSECTION,
3211,08-166009,20081213,KELLY DR @ QUEENS BLVD,01-Non intersection,02-Thru lane,01-Clear,"06-Dusk, artificial",INTERSECTION,
3212,08-171109,20081222,GREENBROOK DR @ VILLAGE RD / FOREST HILL DR,04-At/near private drive,02-Thru lane,03-Snow,01-Daylight,INTERSECTION,
3213,08-033907,20080320,DRIFTWOOD DR @ YELLOW BIRCH DR,01-Non intersection,02-Thru lane,01-Clear,01-Daylight,INTERSECTION,
3214,08-035323,20080324,STRASBURG RD @ MCINTYRE DR,03-At intersection,02-Thru lane,01-Clear,01-Daylight,INTERSECTION,
3215,08-036168,20080326,FREDERICK ST @ LANCASTER ST E / ELLEN ST E,04-At/near private drive,02-Thru lane,01-Clear,01-Daylight,INTERSECTION,
3216,08-011801,20080129,DOON SOUTH DR @ DOON VILLAGE RD,04-At/near private drive,02-Thru lane,01-Clear,01-Daylight,INTERSECTION,
3217,08-011713,20080126,WILLIAMSBURG RD @ DINISON CRES,01-Non intersection,02-Thru lane,03-Snow,01-Daylight,INTERSECTION,
3218,08-009340,20080122,GLASGOW ST @ PARK ST,03-At intersection,01-Within intersection,01-Clear,01-Daylight,INTERSECTION,
3219,08-089615,20080716,MCGARRY DR @ PINEHURST CRES,04-At/near private drive,02-Thru lane,01-Clear,01-Daylight,INTERSECTION,
3220,08-052661,20080502,COUNTRY HILL DR @ CEDARHILL CRES,01-Non intersection,02-Thru lane,02-Rain,"08-Dark, artificial",INTERSECTION,
3221,08-169518,20081219,RIVER RD E @ HOLBORN DR,03-At intersection,01-Within intersection,01-Clear,"06-Dusk, artificial",INTERSECTION,
3222,08-024172,20080226,UNION BLVD @ PARK ST,01-Non intersection,02-Thru lane,01-Clear,"08-Dark, artificial",INTERSECTION,
3223,08-033512,20080318,FRANKLIN ST S @ KINGSWAY DR,03-At intersection,01-Within intersection,02-Rain,01-Daylight,INTERSECTION,
3224,08-019511,20080215,FREDERICK ST @ LANCASTER ST E / ELLEN ST E,04-At/near private drive,02-Thru lane,01-Clear,"08-Dark, artificial",INTERSECTION,
3225,08-032715,20080317,WELLINGTON ST N @ SPRING VALLEY RD,02-Intersection related,02-Thru lane,01-Clear,01-Daylight,INTERSECTION,
3226,08-026552,20080303,KING ST W @ ONTARIO ST S / ONTARIO ST N,01-Non intersection,02-Thru lane,01-Clear,01-Daylight,INTERSECTION,
3227,08-085658,20080710,RIVER RD E @ FREDERICK ST,02-Intersection related,02-Thru lane,01-Clear,01-Daylight,INTERSECTION,
3228,08-087852,20080714,KINZIE AVE @ RIVER RD E,02-Intersection related,02-Thru lane,01-Clear,01-Daylight,INTERSECTION,
3229,08-086586,20080712,QUEENS BLVD @ BELMONT AVE W / BELMONT AVE E,02-Intersection related,02-Thru lane,02-Rain,01-Daylight,INTERSECTION,
3230,08-129612,20081010,GOODRICH DR @ WILSON AVE,01-Non intersection,02-Thru lane,01-Clear,01-Daylight,INTERSECTION,
3231,08-125743,20081002,QUEEN ST S @ MILL ST,01-Non intersection,11-Not on roadway - right side,01-Clear,01-Daylight,INTERSECTION,
3232,08-152408,20081121,LAWRENCE AVE @ KARN ST,02-Intersection related,12-Off highway,01-Clear,07-Dark,INTERSECTION,
3233,08-150870,20081119,OTTAWA ST N @ FRANKLIN ST N,04-At/near private drive,02-Thru lane,03-Snow,01-Daylight,INTERSECTION,
3234,08-145174,20081114,ONTARIO ST S @ JOSEPH ST,01-Non intersection,02-Thru lane,02-Rain,"06-Dusk, artificial",INTERSECTION,
3235,08-114737,20080909,SHOEMAKER ST @ STRASBURG RD,01-Non intersection,02-Thru lane,01-Clear,01-Daylight,INTERSECTION,
3236,08-106188,20080822,KING ST E @ FAIRVIEW AVE,02-Intersection related,01-Within intersection,01-Clear,01-Daylight,INTERSECTION,
3237,08-118044,20080916,LORNE AVE @ GOTTSCHEER CRT,01-Non intersection,02-Thru lane,01-Clear,01-Daylight,INTERSECTION,
3238,08-113602,20080906,PAULANDER DR @ VICTORIA ST S,04-At/near private drive,99-Other,01-Clear,07-Dark,INTERSECTION,
3239,08-113403,20080906,FIRST AVE @ KINGSWAY DR / SECOND AVE,01-Non intersection,02-Thru lane,01-Clear,01-Daylight,INTERSECTION,
3240,08-125042,20080930,ARDELT AVE @ HANSON AVE,03-At intersection,01-Within intersection,01-Clear,01-Daylight,INTERSECTION,
3241,08-125066,20080930,DUNBAR RD @ CLAREMONT AVE,03-At intersection,01-Within intersection,01-Clear,01-Daylight,INTERSECTION,
3242,08-105016,20080819,MORGAN AVE @ SOUTHILL DR,01-Non intersection,02-Thru lane,01-Clear,01-Daylight,INTERSECTION,
3243,08-102493,20080814,DUKE ST E @ MADISON AVE N,03-At intersection,11-Not on roadway - right side,01-Clear,01-Daylight,INTERSECTION,
3244,08-125789,20081002,DOON VALLEY DR @ CONESTOGA COLLEGE BLVD,03-At intersection,02-Thru lane,01-Clear,01-Daylight,INTERSECTION,
3245,08-128801,20081007,WELLINGTON ST N @ MARGARET AVE,01-Non intersection,02-Thru lane,01-Clear,01-Daylight,INTERSECTION,
3246,08-131530,20081014,IRVIN ST @ FREDERICK ST,04-At/near private drive,02-Thru lane,01-Clear,01-Daylight,INTERSECTION,
3247,08-044658,20080415,KING ST E @ FREDERICK ST / BENTON ST,01-Non intersection,02-Thru lane,01-Clear,01-Daylight,INTERSECTION,
3248,08-044504,20080414,OTTAWA ST N @ RIVER RD E,04-At/near private drive,02-Thru lane,01-Clear,01-Daylight,INTERSECTION,
3249,08-163605,20081209,SIENNA CRES @ VERONA ST,04-At/near private drive,09-Right shoulder,02-Rain,"08-Dark, artificial",INTERSECTION,
3250,08-164644,20081211,UPPER CANADA DR @ DOON VILLAGE RD,01-Non intersection,02-Thru lane,01-Clear,01-Daylight,INTERSECTION,
3251,08-175882,20081231,MILL ST @ BORDEN PKY,01-Non intersection,02-Thru lane,01-Clear,01-Daylight,INTERSECTION,
3252,08-159057,20081201,OLD COUNTRY DR @ STRASBURG RD,03-At intersection,03-Left turn lane,03-Snow,"08-Dark, artificial",INTERSECTION,
3253,08-157270,20081128,RIVER RD E @ KRUG ST,02-Intersection related,04-Right turn lane,03-Snow,"08-Dark, artificial",INTERSECTION,
3254,08-151048,20081119,BLOCK LINE RD @ KINGSWOOD DR,03-At intersection,02-Thru lane,03-Snow,01-Daylight,INTERSECTION,
3255,08-170004,20081220,RIVER RD E @ OLD CHICOPEE DR,01-Non intersection,02-Thru lane,01-Clear,01-Daylight,INTERSECTION,
3256,08-162879,20081208,PARK ST @ AGNES ST,01-Non intersection,02-Thru lane,01-Clear,01-Daylight,INTERSECTION,
3257,08-074615,20080618,PARKVALE DR @ FEATHERSTONE ST,04-At/near private drive,02-Thru lane,01-Clear,01-Daylight,INTERSECTION,
3258,08-025259,20080229,SPADINA RD E @ QUEENS BLVD / SPADINA RD W,03-At intersection,01-Within intersection,03-Snow,01-Daylight,INTERSECTION,
3259,08-020795,20080218,SHUH AVE @ FRANKLIN ST N,01-Non intersection,02-Thru lane,03-Snow,"08-Dark, artificial",INTERSECTION,
3260,08-018051,20080212,OTTAWA ST N @ RIVER RD E,04-At/near private drive,02-Thru lane,03-Snow,"08-Dark, artificial",INTERSECTION,
3261,08-053041,20080503,WINSLOW DR @ HIGHLAND RD E,01-Non intersection,02-Thru lane,02-Rain,01-Daylight,INTERSECTION,
3262,08-055553,20080509,MILL ST @ BORDEN PKY,03-At intersection,02-Thru lane,01-Clear,01-Daylight,INTERSECTION,
3263,08-044614,20080415,BORDEN AVE N @ KING ST E / BORDEN AVE S,03-At intersection,01-Within intersection,01-Clear,01-Daylight,INTERSECTION,
3264,08-010711,20080125,LANCASTER ST E @ KRUG ST / CEDAR ST N,01-Non intersection,02-Thru lane,01-Clear,07-Dark,INTERSECTION,
3265,08-016542,20080209,ROYAL ORCHARD DR @ WINDY WOOD CRT,04-At/near private drive,02-Thru lane,03-Snow,01-Daylight,INTERSECTION,
3266,08-012233,20080130,WESTHEIGHTS DR @ DRIFTWOOD DR,01-Non intersection,02-Thru lane,06-Strong wind,05-Dusk,INTERSECTION,
3267,08-067054,20080503,RIVER RD E @ KRUG ST,04-At/near private drive,02-Thru lane,01-Clear,01-Daylight,INTERSECTION,
3268,08-062478,20080524,STIRLING AVE S @ KING ST E / STIRLING AVE N,02-Intersection related,01-Within intersection,01-Clear,01-Daylight,INTERSECTION,
3269,08-053748,20080502,CEDAR ST S @ ST GEORGE ST,01-Non intersection,11-Not on roadway - right side,01-Clear,"08-Dark, artificial",INTERSECTION,
3270,08-013525,20080202,WAVERLY RD @ GAGE AVE,01-Non intersection,02-Thru lane,01-Clear,05-Dusk,INTERSECTION,
3271,08-015541,20080207,STIRLING AVE S @ HIGHLAND RD E,03-At intersection,01-Within intersection,01-Clear,01-Daylight,INTERSECTION,
3272,08-021588,20080220,WESTHEIGHTS DR @ DRIFTWOOD DR,03-At intersection,01-Within intersection,04-Freezing Rain,"08-Dark, artificial",INTERSECTION,
3273,08-020901,20080219,SPADINA RD E @ MILL ST,03-At intersection,01-Within intersection,03-Snow,01-Daylight,INTERSECTION,
3274,08-042953,20080411,DANIEL AVE @ BLOOMINGDALE RD,04-At/near private drive,02-Thru lane,01-Clear,01-Daylight,INTERSECTION,
3275,08-077721,20080620,LOUISA ST @ ST LEGER ST,03-At intersection,01-Within intersection,01-Clear,01-Daylight,INTERSECTION,
3276,08-006585,20080116,GREY FOX DR @ WILDERNESS DR / WATERCRESS CRT,03-At intersection,01-Within intersection,01-Clear,07-Dark,INTERSECTION,
3277,08-004786,20080111,BIRKSHIRE CRT @ LORRAINE AVE,04-At/near private drive,02-Thru lane,01-Clear,"06-Dusk, artificial",INTERSECTION,
3278,08-000763,20080102,BLOCK LINE RD @ STRASBURG RD,01-Non intersection,02-Thru lane,01-Clear,01-Daylight,INTERSECTION,
3279,08-011187,20080127,OVERLEA CRES @ OVERLEA DR,04-At/near private drive,02-Thru lane,03-Snow,"08-Dark, artificial",INTERSECTION,
3280,08-089323,20080717,ALPINE RD @ ALPINE CRT,04-At/near private drive,02-Thru lane,01-Clear,01-Daylight,INTERSECTION,
3281,08-036264,20080325,CONNAUGHT ST @ FRANKLIN ST S,01-Non intersection,02-Thru lane,03-Snow,01-Daylight,INTERSECTION,
3282,08-037507,20080329,WILSON AVE @ FAIRWAY RD S,04-At/near private drive,02-Thru lane,01-Clear,01-Daylight,INTERSECTION,
3283,08-027782,20080306,MORGAN AVE @ CENTREVILLE ST,03-At intersection,01-Within intersection,01-Clear,01-Daylight,INTERSECTION,
3284,08-037144,20080328,QUEENS BLVD @ BELMONT AVE W / BELMONT AVE E,01-Non intersection,02-Thru lane,01-Clear,01-Daylight,INTERSECTION,
3285,08-030706,20080313,KING ST E @ QUEEN ST N,01-Non intersection,02-Thru lane,01-Clear,01-Daylight,INTERSECTION,
3286,08-026658,20080303,KING ST W @ ONTARIO ST S / ONTARIO ST N,01-Non intersection,09-Right shoulder,01-Clear,"06-Dusk, artificial",INTERSECTION,
3287,08-019009,20080214,STIRLING AVE S @ KING ST E / STIRLING AVE N,01-Non intersection,02-Thru lane,01-Clear,01-Daylight,INTERSECTION,
3288,08-017671,20080209,JUBILEE DR @ DAVID ST / COURTLAND AVE W,03-At intersection,02-Thru lane,03-Snow,"08-Dark, artificial",INTERSECTION,
3289,08-106696,20080822,SIXTH AVE @ KINGSWAY DR,01-Non intersection,02-Thru lane,01-Clear,01-Daylight,INTERSECTION,
3290,08-126303,20081003,KINGSWAY DR @ GREENFIELD AVE,03-At intersection,01-Within intersection,01-Clear,01-Daylight,INTERSECTION,
3291,08-121804,20080924,KINZIE AVE @ RIVER RD E,03-At intersection,01-Within intersection,01-Clear,01-Daylight,INTERSECTION,
3292,08-123519,20080927,GLASGOW ST @ DUNBAR RD,03-At intersection,01-Within intersection,"07-Fog, mist, smoke, dust",01-Daylight,INTERSECTION,
3293,08-145071,20081114,OTTAWA ST N @ RIVER RD E,01-Non intersection,02-Thru lane,01-Clear,01-Daylight,INTERSECTION,
3294,08-142461,20081108,HURON RD @ PLAINS RD,01-Non intersection,12-Off highway,01-Clear,07-Dark,INTERSECTION,
3295,08-144214,20081112,KING ST E @ SCOTT ST,01-Non intersection,02-Thru lane,01-Clear,01-Daylight,INTERSECTION,
3296,08-144524,20081113,COUNTRY HILL DR @ BLOCK LINE RD,01-Non intersection,02-Thru lane,02-Rain,01-Daylight,INTERSECTION,
3297,08-153075,20081122,FISCHER HALLMAN RD @ COTTON GRASS ST,03-At intersection,01-Within intersection,03-Snow,07-Dark,INTERSECTION,
3298,08-112319,20080903,WILSON AVE @ KINGSWAY DR,01-Non intersection,04-Right turn lane,01-Clear,01-Daylight,INTERSECTION,
3299,08-112637,20080905,HURON RD @ PLAINS RD,03-At intersection,01-Within intersection,01-Clear,"08-Dark, artificial",INTERSECTION,
3300,08-109119,20080825,HOMER WATSON BLVD @ HOFFMAN ST,02-Intersection related,02-Thru lane,01-Clear,01-Daylight,INTERSECTION,
3301,08-129624,20081010,WILHELM ST @ AHRENS ST W,03-At intersection,01-Within intersection,01-Clear,01-Daylight,INTERSECTION,
3302,08-105029,20080819,CEDARWOODS CRES @ KINGSWAY DR,04-At/near private drive,02-Thru lane,01-Clear,01-Daylight,INTERSECTION,
3303,08-081336,20080701,WESTFOREST TRAIL @ HIGHGATE RD,03-At intersection,11-Not on roadway - right side,01-Clear,01-Daylight,INTERSECTION,
3304,08-092257,20080723,EAST AVE @ KRUG ST,03-At intersection,01-Within intersection,01-Clear,01-Daylight,INTERSECTION,
3305,08-092058,20080723,WILSON AVE @ KINGSWAY DR,03-At intersection,11-Not on roadway - right side,01-Clear,"08-Dark, artificial",INTERSECTION,
3306,08-025222,20080229,STRASBURG RD @ HURON RD,01-Non intersection,02-Thru lane,03-Snow,01-Daylight,INTERSECTION,
3307,08-124854,20080930,DIXON ST @ PLYMOUTH RD,01-Non intersection,02-Thru lane,01-Clear,01-Daylight,INTERSECTION,
3308,08-134869,20081022,WESTHEIGHTS DR @ WINDING WAY,03-At intersection,02-Thru lane,01-Clear,01-Daylight,INTERSECTION,
3309,08-021094,20080219,DUKE ST W @ WELLINGTON ST N,03-At intersection,01-Within intersection,01-Clear,01-Daylight,INTERSECTION,
3310,08-027106,20080304,QUEEN ST N @ MARGARET AVE / OTTO ST,01-Non intersection,02-Thru lane,03-Snow,01-Daylight,INTERSECTION,
3311,08-029969,20080310,BRAUN ST @ SHANLEY ST,04-At/near private drive,02-Thru lane,01-Clear,01-Daylight,INTERSECTION,
3312,08-157031,20081128,STIRLING AVE S @ PLEASANT AVE,01-Non intersection,02-Thru lane,03-Snow,07-Dark,INTERSECTION,
3313,08-151311,20081120,MCBRINE DR @ MCINTYRE DR / MCINTYRE PL,02-Intersection related,02-Thru lane,01-Clear,01-Daylight,INTERSECTION,
3314,08-065140,20080530,KING ST W @ GAUKEL ST,03-At intersection,01-Within intersection,01-Clear,01-Daylight,INTERSECTION,
3315,08-102243,20080813,MANCHESTER RD @ RIVER RD E,03-At intersection,01-Within intersection,02-Rain,07-Dark,INTERSECTION,
3316,08-093722,20080726,LOUISA ST @ AHRENS ST W,03-At intersection,01-Within intersection,01-Clear,01-Daylight,INTERSECTION,
3317,08-098891,20080806,MOOREGATE CRES @ HAZELGLEN DR,03-At intersection,01-Within intersection,01-Clear,01-Daylight,INTERSECTION,
3318,08-021612,20080220,COUNTRY HILL DR @ CHERRY HILL DR,01-Non intersection,02-Thru lane,01-Clear,01-Daylight,INTERSECTION,
3319,08-028409,20080307,ACTIVA AVE @ DAVID BERGEY DR,01-Non intersection,02-Thru lane,03-Snow,"08-Dark, artificial",INTERSECTION,
3320,08-025012,20080229,CONNAUGHT ST @ TRAYNOR AVE,03-At intersection,11-Not on roadway - right side,01-Clear,"08-Dark, artificial",INTERSECTION,
3321,08-004020,20080110,LAURENTIAN DR @ DARCY PL,04-At/near private drive,02-Thru lane,01-Clear,05-Dusk,INTERSECTION,
3322,08-037900,20080329,NEWBURY DR @ COVINGTON CRES,04-At/near private drive,02-Thru lane,01-Clear,01-Daylight,INTERSECTION,
3323,08-037930,20080330,MARQUETTE DR @ PIONEER TOWER RD,04-At/near private drive,02-Thru lane,01-Clear,01-Daylight,INTERSECTION,
3324,08-136203,20081025,KINGSWAY DR @ GREENFIELD AVE,01-Non intersection,02-Thru lane,02-Rain,"04-Dawn, artificial",INTERSECTION,
3325,08-136351,20081025,BLOCK LINE RD @ STRASBURG RD,04-At/near private drive,02-Thru lane,01-Clear,01-Daylight,INTERSECTION,
3326,08-137523,20081020,GLASGOW ST @ BELMONT AVE W,04-At/near private drive,01-Within intersection,01-Clear,01-Daylight,INTERSECTION,
3327,07-139042,20071030,TRILLIUM DR @ SHOEMAKER ST,04-At/near private drive,02-Thru lane,01-Clear,01-Daylight,INTERSECTION,
3328,07-151185,20071126,THE COUNTRY WAY @ NICHOLE CRES,04-At/near private drive,10-Not on roadway - left side,03-Snow,05-Dusk,INTERSECTION,
3329,07-039187,20070405,KING ST W @ GAUKEL ST,02-Intersection related,03-Left turn lane,03-Snow,01-Daylight,INTERSECTION,
3330,07-044176,20070417,RIVER RD E @ LORRAINE AVE,02-Intersection related,02-Thru lane,01-Clear,01-Daylight,INTERSECTION,
3331,07-042342,20070413,KING ST E @ QUEEN ST N,03-At intersection,01-Within intersection,01-Clear,01-Daylight,INTERSECTION,
3332,07-051783,20070503,DRIFTWOOD DR @ YELLOW BIRCH DR,01-Non intersection,02-Thru lane,01-Clear,"08-Dark, artificial",INTERSECTION,
3333,07-102426,20070815,QUEEN ST S @ MILL ST,01-Non intersection,02-Thru lane,01-Clear,"04-Dawn, artificial",INTERSECTION,
3334,07-129582,20071010,STRASBURG RD @ HURON RD,03-At intersection,02-Thru lane,01-Clear,01-Daylight,INTERSECTION,
3335,07-021305,20070222,RIVER RD E @ GIBSON DR,02-Intersection related,02-Thru lane,01-Clear,01-Daylight,INTERSECTION,
3336,07-020331,20070220,YOUNG ST @ DUKE ST W,03-At intersection,02-Thru lane,01-Clear,01-Daylight,INTERSECTION,
3337,07-160683,20071218,STIRLING AVE S @ KING ST E / STIRLING AVE N,02-Intersection related,01-Within intersection,01-Clear,01-Daylight,INTERSECTION,
3338,07-058120,20070518,KINGSWOOD DR @ STRASBURG RD,01-Non intersection,02-Thru lane,01-Clear,01-Daylight,INTERSECTION,
3339,07-060727,20070523,GUERIN AVE @ KINZIE AVE,01-Non intersection,09-Right shoulder,01-Clear,01-Daylight,INTERSECTION,
3340,07-020674,20070221,QUEENS BLVD @ CECILE DR,03-At intersection,02-Thru lane,01-Clear,01-Daylight,INTERSECTION,
3341,07-017617,20070214,WELLINGTON ST N @ SHIRLEY AVE / RIVERBEND DR,03-At intersection,02-Thru lane,03-Snow,01-Daylight,INTERSECTION,
3342,07-049856,20070430,FAIRFIELD AVE @ ST LEGER ST,03-At intersection,01-Within intersection,01-Clear,01-Daylight,INTERSECTION,
3343,07-131038,20071012,RIVER RD E @ HOLBORN DR,03-At intersection,01-Within intersection,01-Clear,"08-Dark, artificial",INTERSECTION,
3344,07-125590,20071002,FRANKLIN ST N @ WEBER ST E,04-At/near private drive,02-Thru lane,01-Clear,01-Daylight,INTERSECTION,
3345,07-129753,20071010,VICTORIA ST S @ HAZELGLEN DR,01-Non intersection,02-Thru lane,02-Rain,01-Daylight,INTERSECTION,
3346,07-121867,20070924,HERITAGE DR @ LORRAINE AVE,03-At intersection,04-Right turn lane,01-Clear,01-Daylight,INTERSECTION,
3347,07-041048,20070410,GUELPH ST @ MARGARET AVE,04-At/near private drive,02-Thru lane,01-Clear,01-Daylight,INTERSECTION,
3348,07-019659,20070218,KINZIE AVE @ RIVER RD E,03-At intersection,01-Within intersection,01-Clear,"08-Dark, artificial",INTERSECTION,
3349,07-017298,20070212,RIVER RD E @ KRUG ST,01-Non intersection,02-Thru lane,01-Clear,01-Daylight,INTERSECTION,
3350,07-021163,20070220,QUEEN ST S @ COURTLAND AVE W,04-At/near private drive,02-Thru lane,01-Clear,01-Daylight,INTERSECTION,
3351,07-156778,20071209,UNION ST @ EDWIN ST,03-At intersection,11-Not on roadway - right side,01-Clear,07-Dark,INTERSECTION,
3352,07-002377,20070106,HANSON AVE @ HAYWARD AVE,04-At/near private drive,02-Thru lane,02-Rain,05-Dusk,INTERSECTION,
3353,07-004205,20070111,STONYBROOK DR @ GREENBROOK DR,04-At/near private drive,02-Thru lane,01-Clear,01-Daylight,INTERSECTION,
3354,07-003855,20070110,LAURENTIAN DR @ DUNSMERE DR,01-Non intersection,02-Thru lane,01-Clear,01-Daylight,INTERSECTION,
3355,07-003512,20070109,GLASGOW ST @ BELMONT AVE W,04-At/near private drive,02-Thru lane,03-Snow,"06-Dusk, artificial",INTERSECTION,
3356,07-062530,20070527,SPADINA RD E @ MILL ST,03-At intersection,02-Thru lane,01-Clear,01-Daylight,INTERSECTION,
3357,07-039077,20070406,KING ST W @ ONTARIO ST S / ONTARIO ST N,01-Non intersection,02-Thru lane,01-Clear,01-Daylight,INTERSECTION,
3358,07-157527,20071211,MONTE CARLO ST @ DAYTONA ST,03-At intersection,01-Within intersection,01-Clear,01-Daylight,INTERSECTION,
3359,07-152712,20071130,ACTIVA AVE @ HACKBERRY ST / GREY FOX DR,02-Intersection related,01-Within intersection,03-Snow,01-Daylight,INTERSECTION,
3360,07-038455,20070403,KING ST E @ PANDORA AVE N / PANDORA AVE S,03-At intersection,02-Thru lane,01-Clear,01-Daylight,INTERSECTION,
3361,07-035272,20070327,PATRICIA AVE @ HIGHLAND RD W,04-At/near private drive,02-Thru lane,01-Clear,01-Daylight,INTERSECTION,
3362,07-151902,20071128,OLD COUNTRY DR @ CENTURY HILL DR,04-At/near private drive,02-Thru lane,01-Clear,01-Daylight,INTERSECTION,
3363,07-100180,20070811,RIVER RD E @ LORRAINE AVE,03-At intersection,01-Within intersection,01-Clear,01-Daylight,INTERSECTION,
3364,07-033937,20070324,RIVER RD E @ ISLINGTON AVE,02-Intersection related,02-Thru lane,02-Rain,01-Daylight,INTERSECTION,
3365,07-061213,20070524,FOXGLOVE CRES @ EVERGLADE CRES,01-Non intersection,02-Thru lane,01-Clear,"08-Dark, artificial",INTERSECTION,
3366,07-067777,20070607,FREDERICK ST @ EDNA ST,04-At/near private drive,11-Not on roadway - right side,01-Clear,01-Daylight,INTERSECTION,
3367,07-014224,20070205,LOUISA ST @ MOORE AVE,03-At intersection,01-Within intersection,03-Snow,07-Dark,INTERSECTION,
3368,07-025395,20070304,FARRIER DR @ DOON VILLAGE RD / MILLWOOD CRES,03-At intersection,10-Not on roadway - left side,03-Snow,07-Dark,INTERSECTION,
3369,07-005737,20070115,HERITAGE DR @ LORRAINE AVE,03-At intersection,01-Within intersection,01-Clear,01-Daylight,INTERSECTION,
3370,07-149373,20071122,STIRLING AVE S @ HIGHLAND RD E,01-Non intersection,02-Thru lane,01-Clear,05-Dusk,INTERSECTION,
3371,07-095209,20070801,STRASBURG RD @ HURON RD,03-At intersection,02-Thru lane,01-Clear,01-Daylight,INTERSECTION,
3372,07-092679,20070726,COURTLAND AVE E @ PETER ST,04-At/near private drive,02-Thru lane,01-Clear,01-Daylight,INTERSECTION,
3373,07-068501,20070608,STRASBURG RD @ HURON RD,02-Intersection related,02-Thru lane,01-Clear,01-Daylight,INTERSECTION,
3374,07-085422,20070709,QUEENS BLVD @ ELM RIDGE DR,02-Intersection related,07-Passing lane,02-Rain,01-Daylight,INTERSECTION,
3375,07-091227,20070724,KINGSWOOD DR @ GRACEFIELD CRES,01-Non intersection,11-Not on roadway - right side,01-Clear,01-Daylight,INTERSECTION,
3376,07-093636,20070729,STIRLING AVE S @ MILL ST,02-Intersection related,02-Thru lane,01-Clear,01-Daylight,INTERSECTION,
3377,07-056755,20070515,ARDELT AVE @ HANSON AVE,02-Intersection related,02-Thru lane,01-Clear,01-Daylight,INTERSECTION,
3378,07-025023,20070302,WESTFOREST TRAIL @ GREENGABLE WAY / TRELAWNEY ST,03-At intersection,02-Thru lane,01-Clear,01-Daylight,INTERSECTION,
3379,07-025452,20070303,ST LEGER ST @ BLUCHER ST / BLUCHER BLVD,03-At intersection,02-Thru lane,03-Snow,05-Dusk,INTERSECTION,
3380,07-025029,20070302,UNION BLVD @ PARK ST,01-Non intersection,02-Thru lane,01-Clear,05-Dusk,INTERSECTION,
3381,07-021333,20070222,ELLIS AVE @ GUELPH ST,03-At intersection,01-Within intersection,03-Snow,01-Daylight,INTERSECTION,
3382,07-016809,20070212,STONYBROOK DR @ GREENBROOK DR,03-At intersection,01-Within intersection,01-Clear,01-Daylight,INTERSECTION,
3383,07-059821,20070521,GREEN VALLEY DR @ ARROWHEAD CRES,01-Non intersection,02-Thru lane,01-Clear,"08-Dark, artificial",INTERSECTION,
3384,07-100435,20070811,CARYNDALE DR @ CHAPEL HILL DR,01-Non intersection,02-Thru lane,01-Clear,01-Daylight,INTERSECTION,
3385,07-104722,20070821,WATER ST S @ JUBILEE DR,04-At/near private drive,02-Thru lane,01-Clear,01-Daylight,INTERSECTION,
3386,07-092413,20070721,BROADVIEW AVE @ BROADVIEW CRT,04-At/near private drive,02-Thru lane,01-Clear,07-Dark,INTERSECTION,
3387,07-069265,20070610,KINZIE AVE @ RIVER RD E,03-At intersection,01-Within intersection,01-Clear,01-Daylight,INTERSECTION,
3388,07-059012,20070520,GLASGOW ST @ YORK ST,04-At/near private drive,11-Not on roadway - right side,01-Clear,07-Dark,INTERSECTION,
3389,07-133324,20071018,LORRAINE AVE @ CARSON DR,01-Non intersection,02-Thru lane,01-Clear,01-Daylight,INTERSECTION,
3390,07-131706,20071010,QUEEN ST S @ HALLS LANE W,01-Non intersection,02-Thru lane,01-Clear,01-Daylight,INTERSECTION,
3391,07-135521,20071022,STIRLING AVE S @ KING ST E / STIRLING AVE N,01-Non intersection,06-Two-way left turn lane,01-Clear,01-Daylight,INTERSECTION,
3392,07-119923,20070921,KING ST E @ SCOTT ST,03-At intersection,02-Thru lane,01-Clear,01-Daylight,INTERSECTION,
3393,07-140019,20071101,OLD MILL RD @ DOON VALLEY DR,03-At intersection,01-Within intersection,01-Clear,01-Daylight,INTERSECTION,
3394,07-009765,20070123,BLOCK LINE RD @ STRASBURG RD,03-At intersection,01-Within intersection,01-Clear,07-Dark,INTERSECTION,
3395,07-018112,20070214,STAUFFER DR @ CARYNDALE DR,01-Non intersection,08-Left shoulder,03-Snow,07-Dark,INTERSECTION,
3396,07-025948,20070305,STIRLING AVE S @ HIGHLAND RD E,03-At intersection,01-Within intersection,01-Clear,01-Daylight,INTERSECTION,
3397,07-018277,20070215,GLASGOW ST @ PARK ST,04-At/near private drive,02-Thru lane,01-Clear,01-Daylight,INTERSECTION,
3398,07-017657,20070214,DIXON ST @ ECKERT ST,02-Intersection related,02-Thru lane,03-Snow,01-Daylight,INTERSECTION,