OBJECTID,ACCIDENTNUM,ACCIDENTDATE,LOCATION,ACCIDENT_LOCATION,IMPACT_LOCATION,ENVIRONMENT_CONDITION,LIGHT,COLLISION_TYPE,TRAFFICCOLLISIONSID
3399,07-026953,20070307,BELMONT AVE W @ HIGHLAND RD W,01-Non intersection,02-Thru lane,01-Clear,01-Daylight,INTERSECTION,
3400,07-023278,20070227,BELMONT AVE W @ GAGE AVE,01-Non intersection,02-Thru lane,01-Clear,01-Daylight,INTERSECTION,
3401,07-149856,20071123,PIONEER DR @ DOON VILLAGE RD,03-At intersection,01-Within intersection,01-Clear,"08-Dark, artificial",INTERSECTION,
3402,07-153240,20071201,QUEENS BLVD @ BLUERIDGE AVE,03-At intersection,02-Thru lane,01-Clear,01-Daylight,INTERSECTION,
3403,07-158456,20071213,KING ST W @ FRANCIS ST S / FRANCIS ST N,03-At intersection,01-Within intersection,01-Clear,01-Daylight,INTERSECTION,
3404,07-161312,20071219,CHARLES ST E @ SYDNEY ST S,03-At intersection,01-Within intersection,02-Rain,"08-Dark, artificial",INTERSECTION,
3405,07-149411,20071122,RESURRECTION DR @ NORTHMANOR CRES,04-At/near private drive,10-Not on roadway - left side,01-Clear,07-Dark,INTERSECTION,
3406,07-154058,20071203,BLACKWELL DR @ MONTEAGLE CRES,01-Non intersection,02-Thru lane,03-Snow,01-Daylight,INTERSECTION,
3407,07-151074,20071126,DOON VALLEY DR @ CONESTOGA COLLEGE BLVD,02-Intersection related,02-Thru lane,02-Rain,01-Daylight,INTERSECTION,
3408,07-028094,20070310,WOOLWICH ST @ SUNBRIDGE CRES,01-Non intersection,10-Not on roadway - left side,01-Clear,01-Daylight,INTERSECTION,
3409,07-026994,20070307,PATRICIA AVE @ HIGHLAND RD W,01-Non intersection,02-Thru lane,01-Clear,"08-Dark, artificial",INTERSECTION,
3410,07-025942,20070304,ROLLING MEADOWS DR @ CONNELLY DR,01-Non intersection,02-Thru lane,01-Clear,01-Daylight,INTERSECTION,
3411,07-018343,20070214,FIRST AVE @ ECKERT ST,03-At intersection,02-Thru lane,03-Snow,01-Daylight,INTERSECTION,
3412,07-004887,20070113,WILSON AVE @ TRAYNOR AVE,02-Intersection related,11-Not on roadway - right side,01-Clear,01-Daylight,INTERSECTION,
3413,07-003791,20070110,CONNAUGHT PL @ CONNAUGHT ST / SECOND AVE,03-At intersection,01-Within intersection,03-Snow,01-Daylight,INTERSECTION,
3414,07-014344,20070206,RIVER RD E @ KRUG ST,03-At intersection,02-Thru lane,01-Clear,01-Daylight,INTERSECTION,
3415,07-016771,20070212,QUEENS BLVD @ HIGHLAND RD W / HIGHLAND RD E / QUEEN ST S,01-Non intersection,02-Thru lane,01-Clear,01-Daylight,INTERSECTION,
3416,07-156291,20071207,KING ST E @ QUEEN ST N,02-Intersection related,02-Thru lane,01-Clear,"08-Dark, artificial",INTERSECTION,
3417,07-087526,20070714,WILSON AVE @ FAIRWAY RD S,04-At/near private drive,02-Thru lane,02-Rain,01-Daylight,INTERSECTION,
3418,07-129728,20071010,WILSON AVE @ WEBSTER RD,01-Non intersection,02-Thru lane,02-Rain,01-Daylight,INTERSECTION,
3419,07-129958,20071011,BELMONT AVE W @ KARN ST,03-At intersection,01-Within intersection,01-Clear,01-Daylight,INTERSECTION,
3420,07-003710,20070110,GLASGOW ST @ PARK ST,03-At intersection,01-Within intersection,01-Clear,01-Daylight,INTERSECTION,
3421,07-014762,20070206,DRIFTWOOD DR @ PARKLAND CRES,01-Non intersection,02-Thru lane,01-Clear,01-Daylight,INTERSECTION,
3422,07-033489,20070323,CHANDLER DR @ LEACREST CRT,98-Other,08-Left shoulder,01-Clear,01-Daylight,INTERSECTION,
3423,07-027673,20070309,LAURENTIAN DR @ DUNSMERE DR,03-At intersection,01-Within intersection,01-Clear,01-Daylight,INTERSECTION,
3424,07-128115,20071007,MADISON AVE N @ KING ST E / MADISON AVE S,03-At intersection,02-Thru lane,02-Rain,"08-Dark, artificial",INTERSECTION,
3425,07-003723,20070110,PARK ST @ GREEN ST,03-At intersection,01-Within intersection,03-Snow,01-Daylight,INTERSECTION,
3426,07-008203,20070121,PLEASANT AVE @ QUEENS BLVD,01-Non intersection,02-Thru lane,01-Clear,01-Daylight,INTERSECTION,
3427,07-018745,20070216,GATEWAY PARK DR @ TU LANE ST,04-At/near private drive,04-Right turn lane,01-Clear,01-Daylight,INTERSECTION,
3428,07-014286,20070206,DUNHAM AVE @ MANSION ST,03-At intersection,01-Within intersection,01-Clear,01-Daylight,INTERSECTION,
3429,07-021542,20070223,BORDEN AVE N @ KING ST E / BORDEN AVE S,02-Intersection related,02-Thru lane,01-Clear,01-Daylight,INTERSECTION,
3430,07-035095,20070325,WESTMOUNT RD W @ WESTWOOD DR,04-At/near private drive,02-Thru lane,01-Clear,01-Daylight,INTERSECTION,
3431,07-029876,20070313,MILL ST @ MADISON AVE S,03-At intersection,02-Thru lane,01-Clear,01-Daylight,INTERSECTION,
3432,07-037127,20070331,HIGHLAND RD E @ DELAWARE AVE,01-Non intersection,02-Thru lane,01-Clear,01-Daylight,INTERSECTION,
3433,07-017606,20070214,DOON MILLS DR @ APPLE RIDGE DR,03-At intersection,01-Within intersection,03-Snow,01-Daylight,INTERSECTION,
3434,07-079807,20070630,HUBER ST @ JANSEN AVE,02-Intersection related,02-Thru lane,01-Clear,01-Daylight,INTERSECTION,
3435,07-042296,20070413,WILSON AVE @ KINGSWAY DR,04-At/near private drive,02-Thru lane,01-Clear,01-Daylight,INTERSECTION,
3436,07-043078,20070414,GREENBROOK DR @ BIRCHCLIFF AVE,03-At intersection,01-Within intersection,01-Clear,"08-Dark, artificial",INTERSECTION,
3437,07-060322,20070522,SAMUEL ST @ KRUG ST,04-At/near private drive,02-Thru lane,01-Clear,"08-Dark, artificial",INTERSECTION,
3438,07-033112,20070322,DUKE ST W @ COLLEGE ST,03-At intersection,01-Within intersection,01-Clear,01-Daylight,INTERSECTION,
3439,07-030320,20070313,QUEEN ST S @ COURTLAND AVE W,01-Non intersection,02-Thru lane,02-Rain,01-Daylight,INTERSECTION,
3440,07-017342,20070213,STIRLING AVE S @ MILL ST,01-Non intersection,02-Thru lane,01-Clear,01-Daylight,INTERSECTION,
3441,07-010472,20070126,PIONEER DR @ DOON VILLAGE RD,01-Non intersection,11-Not on roadway - right side,03-Snow,01-Daylight,INTERSECTION,
3442,07-157165,20071210,FRANKLIN ST S @ KINGSWAY DR,03-At intersection,01-Within intersection,01-Clear,01-Daylight,INTERSECTION,
3443,07-013314,20070203,QUEENS BLVD @ EAGEN DR,03-At intersection,01-Within intersection,99-Other,01-Daylight,INTERSECTION,
3444,07-012073,20070131,PATRICIA AVE @ QUEENS BLVD,01-Non intersection,02-Thru lane,01-Clear,01-Daylight,INTERSECTION,
3445,07-012281,20070201,WELLINGTON ST N @ SHIRLEY AVE / RIVERBEND DR,03-At intersection,01-Within intersection,01-Clear,03-Dawn,INTERSECTION,
3446,07-014114,20070205,TRILLIUM DR @ BEASLEY DR,01-Non intersection,01-Within intersection,01-Clear,01-Daylight,INTERSECTION,
3447,07-017557,20070214,OLD COUNTRY DR @ STRASBURG RD,02-Intersection related,99-Other,03-Snow,01-Daylight,INTERSECTION,
3448,07-012152,20070131,LAURENTIAN DR @ BLOCK LINE RD,03-At intersection,01-Within intersection,01-Clear,07-Dark,INTERSECTION,
3449,07-156459,20071208,PROSPECT AVE @ WILFRED AVE,01-Non intersection,01-Within intersection,01-Clear,01-Daylight,INTERSECTION,
3450,07-154600,20071204,DOON VILLAGE RD @ BECHTEL DR,01-Non intersection,02-Thru lane,01-Clear,01-Daylight,INTERSECTION,
3451,07-154086,20071203,CEDAR ST N @ DUKE ST E,02-Intersection related,02-Thru lane,01-Clear,01-Daylight,INTERSECTION,
3452,07-130327,20071012,STIRLING AVE S @ KING ST E / STIRLING AVE N,02-Intersection related,01-Within intersection,01-Clear,07-Dark,INTERSECTION,
3453,07-070901,20070613,RIVER RD E @ HALLIWELL DR,02-Intersection related,03-Left turn lane,01-Clear,01-Daylight,INTERSECTION,
3454,07-063898,20070530,KING ST E @ FAIRVIEW AVE,02-Intersection related,02-Thru lane,01-Clear,01-Daylight,INTERSECTION,
3455,07-156788,20071209,STIRLING AVE S @ KING ST E / STIRLING AVE N,03-At intersection,01-Within intersection,01-Clear,01-Daylight,INTERSECTION,
3456,07-160116,20071217,RIVER RD E @ FREDERICK ST,03-At intersection,01-Within intersection,03-Snow,01-Daylight,INTERSECTION,
3457,07-162797,20071222,WILSON AVE @ TRAYNOR AVE,02-Intersection related,01-Within intersection,01-Clear,07-Dark,INTERSECTION,
3458,07-132709,20071016,COUNTRY HILL DR @ OLD COUNTRY DR,01-Non intersection,02-Thru lane,02-Rain,01-Daylight,INTERSECTION,
3459,07-018337,20070214,WELLINGTON ST N @ SHIRLEY AVE / RIVERBEND DR,03-At intersection,02-Thru lane,03-Snow,01-Daylight,INTERSECTION,
3460,07-016143,20070210,CEDAR ST N @ KING ST E / CEDAR ST S,02-Intersection related,02-Thru lane,01-Clear,01-Daylight,INTERSECTION,
3461,07-018791,20070216,KINZIE AVE @ RIVER RD E,03-At intersection,01-Within intersection,01-Clear,01-Daylight,INTERSECTION,
3462,07-026411,20070306,LANCASTER ST E @ BINGEMAN ST,04-At/near private drive,02-Thru lane,01-Clear,01-Daylight,INTERSECTION,
3463,07-152515,20071129,ACTIVA AVE @ MAX BECKER DR,02-Intersection related,02-Thru lane,03-Snow,"08-Dark, artificial",INTERSECTION,
3464,07-129639,20071010,SHIRLEY AVE @ BINGEMANS CENTRE DR,04-At/near private drive,02-Thru lane,01-Clear,01-Daylight,INTERSECTION,
3465,07-133514,20071018,HANSON AVE @ HAYWARD AVE,04-At/near private drive,02-Thru lane,"07-Fog, mist, smoke, dust",01-Daylight,INTERSECTION,
3466,07-131535,20071014,TRAYNOR AVE @ BELWOOD CRES,01-Non intersection,02-Thru lane,01-Clear,"08-Dark, artificial",INTERSECTION,
3467,07-137309,20071026,WEBER ST W @ GUELPH ST,01-Non intersection,02-Thru lane,02-Rain,01-Daylight,INTERSECTION,
3468,07-050293,20070501,STIRLING AVE S @ KING ST E / STIRLING AVE N,03-At intersection,01-Within intersection,01-Clear,01-Daylight,INTERSECTION,
3469,07-049924,20070430,KING ST W @ WATER ST N / WATER ST S,02-Intersection related,02-Thru lane,01-Clear,01-Daylight,INTERSECTION,
3470,07-039307,20070405,KING ST W @ FRANCIS ST S / FRANCIS ST N,02-Intersection related,02-Thru lane,01-Clear,01-Daylight,INTERSECTION,
3471,07-049888,20070430,RIVER RD E @ CORONET LANE,01-Non intersection,02-Thru lane,01-Clear,01-Daylight,INTERSECTION,
3472,07-019862,20070218,FRANKLIN ST N @ WEBER ST E,01-Non intersection,02-Thru lane,01-Clear,01-Daylight,INTERSECTION,
3473,07-130549,20071012,WEBER ST E @ CEDAR ST N,04-At/near private drive,02-Thru lane,01-Clear,01-Daylight,INTERSECTION,
3474,07-131804,20071014,MANITOU DR @ WABANAKI DR,01-Non intersection,02-Thru lane,01-Clear,01-Daylight,INTERSECTION,
3475,07-138354,20071028,GATEWAY PARK DR @ TU LANE ST,04-At/near private drive,02-Thru lane,01-Clear,01-Daylight,INTERSECTION,
3476,07-113687,20070908,ONTARIO ST N @ DUKE ST W,04-At/near private drive,02-Thru lane,01-Clear,01-Daylight,INTERSECTION,
3477,07-011139,20070128,HIGHLAND RD E @ MAUSSER AVE,04-At/near private drive,02-Thru lane,03-Snow,01-Daylight,INTERSECTION,
3478,07-024608,20070301,ST LEGER ST @ BREITHAUPT ST,03-At intersection,02-Thru lane,03-Snow,05-Dusk,INTERSECTION,
3479,07-012834,20070205,HICKSON DR @ INLET AVE,01-Non intersection,02-Thru lane,01-Clear,01-Daylight,INTERSECTION,
3480,07-023326,20070227,MAUSSER AVE @ LORNE AVE,03-At intersection,01-Within intersection,01-Clear,01-Daylight,INTERSECTION,
3481,07-021846,20070223,HALIFAX DR @ HERITAGE DR,02-Intersection related,11-Not on roadway - right side,01-Clear,"08-Dark, artificial",INTERSECTION,
3482,07-114870,20070910,RIVER RD E @ MORGAN AVE,04-At/near private drive,02-Thru lane,01-Clear,01-Daylight,INTERSECTION,
3483,07-119683,20070920,DOMINION ST @ PARK ST,03-At intersection,02-Thru lane,01-Clear,01-Daylight,INTERSECTION,
3484,07-121831,20070924,GLASGOW ST @ PARK ST,03-At intersection,02-Thru lane,01-Clear,01-Daylight,INTERSECTION,
3485,07-038712,20070404,MEADOW WOODS CRES @ ROLLING MEADOWS DR,01-Non intersection,02-Thru lane,02-Rain,"08-Dark, artificial",INTERSECTION,
3486,07-078613,20070628,FIFTH AVE @ KINGSWAY DR,03-At intersection,02-Thru lane,01-Clear,01-Daylight,INTERSECTION,
3487,07-017618,20070214,HIGHLAND RD E @ HOFFMAN ST,03-At intersection,01-Within intersection,01-Clear,01-Daylight,INTERSECTION,
3488,07-018284,20070212,BORDEN AVE N @ KING ST E / BORDEN AVE S,01-Non intersection,02-Thru lane,01-Clear,01-Daylight,INTERSECTION,
3489,07-014545,20070206,KING ST W @ WATER ST N / WATER ST S,01-Non intersection,11-Not on roadway - right side,01-Clear,01-Daylight,INTERSECTION,
3490,07-008505,20070122,STIRLING AVE S @ KING ST E / STIRLING AVE N,02-Intersection related,02-Thru lane,01-Clear,01-Daylight,INTERSECTION,
3491,07-094658,20070731,GLASGOW ST @ DUNBAR RD,02-Intersection related,10-Not on roadway - left side,01-Clear,01-Daylight,INTERSECTION,
3492,07-012043,20070131,HIGHLAND RD E @ SPADINA RD E,03-At intersection,01-Within intersection,99-Other,01-Daylight,INTERSECTION,
3493,07-025084,20070303,RIVER RD E @ HOLBORN DR,03-At intersection,02-Thru lane,01-Clear,01-Daylight,INTERSECTION,
3494,07-151473,20071127,MORRISON RD @ GRAND RIVER BLVD,02-Intersection related,02-Thru lane,01-Clear,01-Daylight,INTERSECTION,
3495,07-163345,20071224,EAGEN DR @ RALGREEN CRES,02-Intersection related,01-Within intersection,03-Snow,01-Daylight,INTERSECTION,
3496,07-157970,20071212,KINGSWAY DR @ GREENFIELD AVE,03-At intersection,01-Within intersection,01-Clear,01-Daylight,INTERSECTION,
3497,07-097518,20070806,DRIFTWOOD DR @ HIGHVIEW DR,02-Intersection related,02-Thru lane,01-Clear,01-Daylight,INTERSECTION,
3498,07-099572,20070810,DUKE ST W @ FRANCIS ST N,03-At intersection,02-Thru lane,01-Clear,01-Daylight,INTERSECTION,
3499,07-071169,20070614,SPADINA RD E @ QUEENS BLVD / SPADINA RD W,03-At intersection,01-Within intersection,01-Clear,01-Daylight,INTERSECTION,
3500,07-097889,20070807,HIGHLAND RD E @ SPADINA RD E,03-At intersection,02-Thru lane,01-Clear,01-Daylight,INTERSECTION,
3501,07-074563,20070619,MAX BECKER DR @ COMMONWEALTH ST,04-At/near private drive,02-Thru lane,01-Clear,01-Daylight,INTERSECTION,
3502,07-071814,20070615,KING ST W @ FRANCIS ST S / FRANCIS ST N,04-At/near private drive,02-Thru lane,01-Clear,01-Daylight,INTERSECTION,
3503,07-086452,20070714,GUELPH ST @ MARGARET AVE,01-Non intersection,02-Thru lane,01-Clear,01-Daylight,INTERSECTION,
3504,07-085458,20070712,TRILLIUM DR @ SHOEMAKER ST,01-Non intersection,02-Thru lane,01-Clear,01-Daylight,INTERSECTION,
3505,07-139236,20071030,BELMONT AVE W @ KARN ST,02-Intersection related,01-Within intersection,01-Clear,01-Daylight,INTERSECTION,
3506,07-030952,20070317,UNION BLVD @ PARK ST,03-At intersection,01-Within intersection,03-Snow,"08-Dark, artificial",INTERSECTION,
3507,07-029883,20070314,FRANKLIN ST N @ BRADLEY DR,02-Intersection related,01-Within intersection,02-Rain,01-Daylight,INTERSECTION,
3508,07-023879,20070228,MANSION ST @ EDNA ST,04-At/near private drive,02-Thru lane,01-Clear,"08-Dark, artificial",INTERSECTION,
3509,07-045236,20070419,UNION BLVD @ BELMONT AVE W,03-At intersection,02-Thru lane,01-Clear,01-Daylight,INTERSECTION,
3510,07-155585,20071206,PARK ST @ CHERRY ST,06-Underpass or tunnel,02-Thru lane,01-Clear,"08-Dark, artificial",INTERSECTION,
3511,07-150516,20071213,BROKEN OAK CRES @ WESTHEIGHTS DR,01-Non intersection,02-Thru lane,03-Snow,01-Daylight,INTERSECTION,
3512,07-151364,20071127,BLOCK LINE RD @ STRASBURG RD,04-At/near private drive,11-Not on roadway - right side,01-Clear,01-Daylight,INTERSECTION,
3513,07-031882,20070319,MASSEY AVE @ VANIER DR,04-At/near private drive,02-Thru lane,03-Snow,01-Daylight,INTERSECTION,
3514,07-051536,20070504,CHANDLER DR @ BONFIELD PL,01-Non intersection,02-Thru lane,01-Clear,01-Daylight,INTERSECTION,
3515,07-050792,20070502,ELMSDALE DR @ CHANDLER DR,03-At intersection,10-Not on roadway - left side,01-Clear,01-Daylight,INTERSECTION,
3516,07-051602,20070504,OPRINGTON DR @ BENESFORT DR,04-At/near private drive,02-Thru lane,01-Clear,01-Daylight,INTERSECTION,
3517,07-049136,20070428,FRANKLIN ST N @ WEBER ST E,04-At/near private drive,02-Thru lane,01-Clear,01-Daylight,INTERSECTION,
3518,07-139408,20071030,GLASGOW ST @ BELMONT AVE W,04-At/near private drive,02-Thru lane,01-Clear,01-Daylight,INTERSECTION,
3519,07-133622,20071018,BROKEN OAK CRES @ WESTHEIGHTS DR,03-At intersection,01-Within intersection,01-Clear,01-Daylight,INTERSECTION,
3520,07-135507,20071021,PINECREST DR @ FRANKLIN ST N,01-Non intersection,02-Thru lane,01-Clear,01-Daylight,INTERSECTION,
3521,07-029724,20070314,PIONEER DR @ UPPER CANADA DR,01-Non intersection,02-Thru lane,01-Clear,01-Daylight,INTERSECTION,
3522,07-032687,20070321,HALIFAX DR @ HERITAGE DR,04-At/near private drive,02-Thru lane,02-Rain,01-Daylight,INTERSECTION,
3523,07-032437,20070320,QUEENS BLVD @ BELMONT AVE W / BELMONT AVE E,04-At/near private drive,02-Thru lane,01-Clear,01-Daylight,INTERSECTION,
3524,07-017610,20070214,GLASGOW ST @ WESTMOUNT RD W,02-Intersection related,02-Thru lane,03-Snow,01-Daylight,INTERSECTION,
3525,07-070654,20070612,PIONEER DR @ OLD CARRIAGE DR,01-Non intersection,02-Thru lane,01-Clear,01-Daylight,INTERSECTION,
3526,07-054143,20070509,ONTARIO ST S @ HALLS LANE W,04-At/near private drive,10-Not on roadway - left side,01-Clear,01-Daylight,INTERSECTION,
3527,07-061388,20070524,PIONEER DR @ VINTAGE CRES,03-At intersection,01-Within intersection,01-Clear,01-Daylight,INTERSECTION,
3528,07-019483,20070218,STIRLING AVE S @ MILL ST,03-At intersection,01-Within intersection,01-Clear,01-Daylight,INTERSECTION,
3529,07-022654,20070226,CARWOOD CRES @ CARWOOD AVE,02-Intersection related,01-Within intersection,03-Snow,01-Daylight,INTERSECTION,
3530,07-027902,20070309,ST LEGER ST @ BREITHAUPT ST,01-Non intersection,11-Not on roadway - right side,01-Clear,07-Dark,INTERSECTION,
3531,07-155662,20071207,LAURENTIAN DR @ BLOCK LINE RD,03-At intersection,01-Within intersection,01-Clear,"08-Dark, artificial",INTERSECTION,
3532,07-068469,20070608,YOUNG ST @ DUKE ST W,01-Non intersection,02-Thru lane,01-Clear,01-Daylight,INTERSECTION,
3533,07-071309,20070614,FRANKLIN ST S @ KINGSWAY DR,03-At intersection,02-Thru lane,01-Clear,01-Daylight,INTERSECTION,
3534,07-067391,20070604,ROCKWAY DR @ FLORAL CRES,01-Non intersection,02-Thru lane,01-Clear,01-Daylight,INTERSECTION,
3535,07-074980,20070621,KING ST E @ CAMERON ST S / CAMERON ST N,02-Intersection related,01-Within intersection,01-Clear,01-Daylight,INTERSECTION,
3536,07-073271,20070614,BIEHN DR @ BLACK WALNUT DR,03-At intersection,02-Thru lane,01-Clear,01-Daylight,INTERSECTION,
3537,07-034750,20070326,KING ST W @ ONTARIO ST S / ONTARIO ST N,01-Non intersection,02-Thru lane,01-Clear,01-Daylight,INTERSECTION,
3538,07-027149,20070308,MARTIN ST @ BENTON ST,03-At intersection,10-Not on roadway - left side,01-Clear,01-Daylight,INTERSECTION,
3539,07-062995,20070528,STIRLING AVE S @ KING ST E / STIRLING AVE N,02-Intersection related,02-Thru lane,01-Clear,01-Daylight,INTERSECTION,
3540,07-014309,20070206,TRILLIUM DR @ STRASBURG RD,03-At intersection,02-Thru lane,06-Strong wind,01-Daylight,INTERSECTION,
3541,07-104462,20070820,KARN ST @ BRYBECK CRES,01-Non intersection,02-Thru lane,01-Clear,"08-Dark, artificial",INTERSECTION,
3542,07-126600,20071004,EBY ST S @ EBY ST N / KING ST E,03-At intersection,01-Within intersection,01-Clear,01-Daylight,INTERSECTION,
3543,07-126150,20071003,HOMER WATSON BLVD @ HOFFMAN ST,02-Intersection related,02-Thru lane,01-Clear,01-Daylight,INTERSECTION,
3544,07-061164,20070524,MORGAN AVE @ FAIRWAY RD N,04-At/near private drive,02-Thru lane,01-Clear,01-Daylight,INTERSECTION,
3545,07-058175,20070517,FRANKLIN ST S @ KINGSWAY DR,03-At intersection,02-Thru lane,01-Clear,01-Daylight,INTERSECTION,
3546,07-148965,20071121,GOODRICH DR @ WILSON AVE,01-Non intersection,02-Thru lane,02-Rain,"08-Dark, artificial",INTERSECTION,
3547,07-152491,20071129,UNION ST @ LANCASTER ST W,01-Non intersection,02-Thru lane,01-Clear,01-Daylight,INTERSECTION,
3548,07-156883,20071209,FRANKLIN ST N @ PENROSE AVE,10-Parking lot,12-Off highway,01-Clear,"08-Dark, artificial",INTERSECTION,
3549,07-009134,20070124,COUNTRY HILL DR @ BLOCK LINE RD,01-Non intersection,02-Thru lane,03-Snow,01-Daylight,INTERSECTION,
3550,07-075003,20070618,STRASBURG RD @ HURON RD,01-Non intersection,02-Thru lane,01-Clear,01-Daylight,INTERSECTION,
3551,07-008075,20070121,TALBOT ST @ BELMONT AVE W,03-At intersection,01-Within intersection,01-Clear,"08-Dark, artificial",INTERSECTION,
3552,07-009597,20070123,GREENBROOK DR @ VILLAGE RD / FOREST HILL DR,02-Intersection related,01-Within intersection,03-Snow,01-Daylight,INTERSECTION,
3553,07-009536,20070125,BLACKWELL DR @ CLAYCROFT CRES,03-At intersection,02-Thru lane,03-Snow,01-Daylight,INTERSECTION,
3554,07-108233,20070826,ARDELT AVE @ HANSON AVE,02-Intersection related,11-Not on roadway - right side,01-Clear,01-Daylight,INTERSECTION,
3555,07-068935,20070609,LAURENTIAN DR @ BLOCK LINE RD,03-At intersection,01-Within intersection,01-Clear,01-Daylight,INTERSECTION,
3556,07-105138,20070822,KING ST E @ SCOTT ST,01-Non intersection,02-Thru lane,01-Clear,01-Daylight,INTERSECTION,
3557,07-105127,20070822,KING ST W @ YOUNG ST,01-Non intersection,02-Thru lane,01-Clear,01-Daylight,INTERSECTION,
3558,07-123141,20070927,QUEENS BLVD @ BELMONT AVE W / BELMONT AVE E,02-Intersection related,01-Within intersection,01-Clear,01-Daylight,INTERSECTION,
3559,07-129266,20071009,BLOCK LINE RD @ STRASBURG RD,03-At intersection,01-Within intersection,01-Clear,01-Daylight,INTERSECTION,
3560,07-125197,20071001,BLOCK LINE RD @ STRASBURG RD,03-At intersection,01-Within intersection,01-Clear,01-Daylight,INTERSECTION,
3561,07-141279,20071103,CEDAR ST N @ KING ST E / CEDAR ST S,01-Non intersection,02-Thru lane,01-Clear,01-Daylight,INTERSECTION,
3562,07-013919,20070205,WELLINGTON ST N @ SHIRLEY AVE / RIVERBEND DR,03-At intersection,09-Right shoulder,03-Snow,01-Daylight,INTERSECTION,
3563,07-010674,20070127,HIGHLAND RD E @ SPADINA RD E,01-Non intersection,02-Thru lane,01-Clear,"02-Daylight, artificial",INTERSECTION,
3564,07-013868,20070205,CHARLES ST E @ PRESTON ST,02-Intersection related,02-Thru lane,05-Drifting Snow,01-Daylight,INTERSECTION,
3565,07-000959,20070103,ERINBROOK DR @ RITTENHOUSE RD,01-Non intersection,09-Right shoulder,01-Clear,03-Dawn,INTERSECTION,
3566,07-118560,20070918,GREY FOX DR @ WILDERNESS DR / WATERCRESS CRT,99-Other,12-Off highway,01-Clear,01-Daylight,INTERSECTION,
3567,07-074942,20070621,RIVER RD E @ FREDERICK ST,04-At/near private drive,03-Left turn lane,01-Clear,01-Daylight,INTERSECTION,
3568,07-037891,20070402,TURNER AVE @ FREDERICK ST,01-Non intersection,02-Thru lane,01-Clear,01-Daylight,INTERSECTION,
3569,07-129632,20071010,GATEWAY PARK DR @ TU LANE ST,04-At/near private drive,02-Thru lane,02-Rain,01-Daylight,INTERSECTION,
3570,07-092906,20070728,KINGSWAY DR @ GREENFIELD AVE,10-Parking lot,12-Off highway,01-Clear,"08-Dark, artificial",INTERSECTION,
3571,07-137391,20071026,DIXON ST @ ROCKWAY DR,04-At/near private drive,02-Thru lane,02-Rain,"08-Dark, artificial",INTERSECTION,
3572,07-048729,20070427,WATER ST N @ VICTORIA ST N,04-At/near private drive,02-Thru lane,02-Rain,01-Daylight,INTERSECTION,
3573,07-048517,20070425,ACTIVA AVE @ BERRY MOSS ST,03-At intersection,02-Thru lane,01-Clear,01-Daylight,INTERSECTION,
3574,07-047092,20070423,GLASGOW ST @ ABERDEEN RD,02-Intersection related,02-Thru lane,01-Clear,01-Daylight,INTERSECTION,
3575,07-122712,20070926,WELLINGTON ST N @ WEBER ST W,01-Non intersection,02-Thru lane,02-Rain,01-Daylight,INTERSECTION,
3576,07-109584,20070831,KING ST E @ SCOTT ST,01-Non intersection,02-Thru lane,01-Clear,01-Daylight,INTERSECTION,
3577,07-024998,20070302,WESTHEIGHTS DR @ DRIFTWOOD DR,01-Non intersection,02-Thru lane,03-Snow,07-Dark,INTERSECTION,
3578,07-025615,20070304,DOON RD @ PLYMOUTH RD,03-At intersection,02-Thru lane,01-Clear,01-Daylight,INTERSECTION,
3579,07-026306,20070306,KRUG ST @ CAMBRIDGE AVE,03-At intersection,01-Within intersection,06-Strong wind,01-Daylight,INTERSECTION,
3580,07-028648,20070311,RIVER RD E @ FREDERICK ST,02-Intersection related,02-Thru lane,01-Clear,01-Daylight,INTERSECTION,
3581,07-092546,20070726,OPRINGTON DR @ OPRINGTON CRT / OPRINGTON PL,03-At intersection,02-Thru lane,01-Clear,01-Daylight,INTERSECTION,
3582,07-093781,20070726,RIVER RD E @ HOLBORN DR,04-At/near private drive,09-Right shoulder,01-Clear,01-Daylight,INTERSECTION,
3583,07-161458,20071220,ANVIL ST @ DOON VILLAGE RD,01-Non intersection,02-Thru lane,03-Snow,07-Dark,INTERSECTION,
3584,07-154787,20071204,DODGE DR @ GROH DR,02-Intersection related,12-Off highway,03-Snow,07-Dark,INTERSECTION,
3585,07-157210,20071210,BATTLER RD @ HURON RD,01-Non intersection,11-Not on roadway - right side,01-Clear,07-Dark,INTERSECTION,
3586,07-074571,20070620,KINGSWAY DR @ THIRD AVE,03-At intersection,01-Within intersection,01-Clear,01-Daylight,INTERSECTION,
3587,07-091287,20070724,SOUTH DR @ PERTH RD,01-Non intersection,02-Thru lane,01-Clear,05-Dusk,INTERSECTION,