OBJECTID,ACCIDENTNUM,ACCIDENTDATE,LOCATION,ACCIDENT_LOCATION,IMPACT_LOCATION,ENVIRONMENT_CONDITION,LIGHT,COLLISION_TYPE,TRAFFICCOLLISIONSID
3588,07-087296,20070716,WELLINGTON ST N @ MARGARET AVE,03-At intersection,01-Within intersection,01-Clear,01-Daylight,INTERSECTION,
3589,07-086509,20070714,WELLINGTON ST N @ MARGARET AVE,03-At intersection,01-Within intersection,01-Clear,01-Daylight,INTERSECTION,
3590,07-086465,20070714,BLOCK LINE RD @ STRASBURG RD,03-At intersection,01-Within intersection,02-Rain,01-Daylight,INTERSECTION,
3591,07-110310,20070901,CHARLES ST E @ SYDNEY ST S,02-Intersection related,01-Within intersection,01-Clear,01-Daylight,INTERSECTION,
3592,07-112736,20070906,KENNETH AVE @ FRANKLIN ST N,03-At intersection,01-Within intersection,01-Clear,07-Dark,INTERSECTION,
3593,07-112606,20070906,HEIMAN ST @ HIGHLAND RD E,03-At intersection,01-Within intersection,01-Clear,01-Daylight,INTERSECTION,
3594,07-162626,20071222,DOON VILLAGE RD @ TILT DR,01-Non intersection,02-Thru lane,01-Clear,01-Daylight,INTERSECTION,
3595,07-082074,20070705,QUEEN ST S @ JOSEPH ST,01-Non intersection,02-Thru lane,01-Clear,01-Daylight,INTERSECTION,
3596,07-095095,20070801,QUEENSTON DR @ INDIAN RD,02-Intersection related,02-Thru lane,01-Clear,01-Daylight,INTERSECTION,
3597,07-098005,20070807,OTTAWA ST S @ STRASBURG RD,04-At/near private drive,02-Thru lane,02-Rain,01-Daylight,INTERSECTION,
3598,07-099578,20070701,VERONICA DR @ KINZIE AVE,04-At/near private drive,02-Thru lane,01-Clear,01-Daylight,INTERSECTION,
3599,07-000617,20070102,ROSS AVE @ FRANKLIN ST N,03-At intersection,01-Within intersection,01-Clear,01-Daylight,INTERSECTION,
3600,07-000971,20070103,GUELPH ST @ ST VINCENT ST / ARNOLD ST,01-Non intersection,09-Right shoulder,01-Clear,01-Daylight,INTERSECTION,
3601,07-002393,20070106,LAWRENCE AVE @ HIGHLAND RD W,04-At/near private drive,02-Thru lane,02-Rain,01-Daylight,INTERSECTION,
3602,07-016911,20070211,YORK ST @ UNION BLVD,01-Non intersection,02-Thru lane,01-Clear,"08-Dark, artificial",INTERSECTION,
3603,07-018622,20070216,BELMONT AVE E @ SOUTH DR,01-Non intersection,02-Thru lane,01-Clear,01-Daylight,INTERSECTION,
3604,07-012059,20070131,BELMONT AVE W @ ROCK AVE,03-At intersection,01-Within intersection,01-Clear,01-Daylight,INTERSECTION,
3605,07-003272,20070109,CONNAUGHT ST @ FOURTH AVE,03-At intersection,01-Within intersection,03-Snow,07-Dark,INTERSECTION,
3606,07-007185,20070118,SOUTH DR @ PERTH RD,03-At intersection,01-Within intersection,03-Snow,"08-Dark, artificial",INTERSECTION,
3607,07-008784,20070123,CENTURY HILL DR @ SOUTHWOOD DR,03-At intersection,01-Within intersection,03-Snow,01-Daylight,INTERSECTION,
3608,07-163157,20071223,WILSON AVE @ FAIRWAY RD S,04-At/near private drive,02-Thru lane,01-Clear,01-Daylight,INTERSECTION,
3609,07-163405,20071224,WILSON AVE @ FAIRWAY RD S,04-At/near private drive,02-Thru lane,03-Snow,01-Daylight,INTERSECTION,
3610,07-158983,20071213,BLACKWELL DR @ LANARK CRES,04-At/near private drive,02-Thru lane,01-Clear,,INTERSECTION,
3611,07-063714,20070530,WESTHEIGHTS DR @ BLACKWELL DR,03-At intersection,01-Within intersection,01-Clear,01-Daylight,INTERSECTION,
3612,07-064264,20070531,OTTAWA ST S @ ALPINE RD,01-Non intersection,02-Thru lane,01-Clear,01-Daylight,INTERSECTION,
3613,07-065437,20070602,FRANKLIN ST N @ PROSPECT AVE,02-Intersection related,02-Thru lane,01-Clear,01-Daylight,INTERSECTION,
3614,07-017632,20070214,WILSON AVE @ WEBSTER RD,02-Intersection related,02-Thru lane,01-Clear,01-Daylight,INTERSECTION,
3615,07-021028,20070222,SHIRLEY AVE @ BINGEMANS CENTRE DR,01-Non intersection,02-Thru lane,03-Snow,01-Daylight,INTERSECTION,
3616,07-011423,20070129,KING ST W @ ONTARIO ST S / ONTARIO ST N,02-Intersection related,01-Within intersection,01-Clear,01-Daylight,INTERSECTION,
3617,07-024641,20070302,OPRINGTON DR @ BENESFORT DR,04-At/near private drive,02-Thru lane,03-Snow,05-Dusk,INTERSECTION,
3618,07-026764,20070307,SHANLEY ST @ WATERLOO ST,03-At intersection,01-Within intersection,01-Clear,01-Daylight,INTERSECTION,
3619,07-019986,20070219,DRIFTWOOD DR @ YELLOW BIRCH DR,03-At intersection,01-Within intersection,01-Clear,01-Daylight,INTERSECTION,
3620,07-132644,20071016,OLDFIELD DR @ SHAFTSBURY DR,03-At intersection,01-Within intersection,01-Clear,01-Daylight,INTERSECTION,
3621,07-133798,20071019,OLD COUNTRY DR @ STRASBURG RD,03-At intersection,01-Within intersection,01-Clear,01-Daylight,INTERSECTION,
3622,07-158522,20071211,WILSON AVE @ FAIRWAY RD S,04-At/near private drive,02-Thru lane,01-Clear,"08-Dark, artificial",INTERSECTION,
3623,07-160160,20071217,FREDERICK ST @ EDNA ST,04-At/near private drive,02-Thru lane,03-Snow,01-Daylight,INTERSECTION,
3624,07-005026,20070113,MELROSE AVE @ KRUG ST,03-At intersection,01-Within intersection,01-Clear,01-Daylight,INTERSECTION,
3625,07-012953,20070220,FERGUS AVE @ FALESY AVE,01-Non intersection,02-Thru lane,03-Snow,"08-Dark, artificial",INTERSECTION,
3626,07-003411,20070108,WESTMOUNT RD W @ WESTWOOD DR,01-Non intersection,02-Thru lane,03-Snow,"08-Dark, artificial",INTERSECTION,
3627,07-008410,20070116,MARGARET AVE @ UNION ST,03-At intersection,04-Right turn lane,01-Clear,05-Dusk,INTERSECTION,
3628,07-031939,20070319,GOLDEN MEADOW DR @ HIGHVIEW DR,01-Non intersection,02-Thru lane,01-Clear,01-Daylight,INTERSECTION,
3629,07-136399,20071024,WESTHEIGHTS DR @ DRIFTWOOD DR,03-At intersection,02-Thru lane,01-Clear,01-Daylight,INTERSECTION,
3630,07-134501,20071020,UNION BLVD @ BELMONT AVE W,02-Intersection related,04-Right turn lane,01-Clear,01-Daylight,INTERSECTION,
3631,07-109575,20070831,DEER RIDGE DR @ JOSEPH SCHOERG CRES / TERRACE WOOD CRES,01-Non intersection,02-Thru lane,02-Rain,01-Daylight,INTERSECTION,
3632,07-085361,20070712,DOON SOUTH DR @ DOON VILLAGE RD,03-At intersection,01-Within intersection,01-Clear,01-Daylight,INTERSECTION,
3633,07-116848,20070914,OTTAWA ST N @ KING ST E / OTTAWA ST S,01-Non intersection,02-Thru lane,01-Clear,07-Dark,INTERSECTION,
3634,07-115116,20070910,RIVER RD E @ BRADLEY DR,03-At intersection,10-Not on roadway - left side,01-Clear,01-Daylight,INTERSECTION,
3635,07-087995,20070710,QUEEN ST N @ WEBER ST W / WEBER ST E,04-At/near private drive,02-Thru lane,02-Rain,01-Daylight,INTERSECTION,
3636,07-136448,20071024,CAMERON ST N @ TROY ST,04-At/near private drive,02-Thru lane,01-Clear,01-Daylight,INTERSECTION,
3637,07-129737,20071006,AMELIA ST @ COLTON CIR,04-At/near private drive,02-Thru lane,01-Clear,"08-Dark, artificial",INTERSECTION,
3638,07-136728,20071024,QUEEN ST N @ MARGARET AVE / OTTO ST,02-Intersection related,02-Thru lane,01-Clear,01-Daylight,INTERSECTION,
3639,07-061644,20070524,QUEEN ST S @ CHURCH ST,98-Other,11-Not on roadway - right side,01-Clear,01-Daylight,INTERSECTION,
3640,07-057538,20070516,DOON VILLAGE RD @ HARVEST CRT,01-Non intersection,02-Thru lane,01-Clear,01-Daylight,INTERSECTION,
3641,07-102810,20070717,DAIMLER DR @ OLD CHICOPEE DR,01-Non intersection,02-Thru lane,01-Clear,07-Dark,INTERSECTION,
3642,07-126003,20071003,HIGHVIEW DR @ SUGAR MAPLE ST,03-At intersection,01-Within intersection,01-Clear,01-Daylight,INTERSECTION,
3643,07-149661,20071122,CONESTOGA COLLEGE BLVD @ PINNACLE DR,02-Intersection related,04-Right turn lane,03-Snow,01-Daylight,INTERSECTION,
3644,07-119465,20070520,WATER ST N @ DUKE ST W,03-At intersection,02-Thru lane,01-Clear,01-Daylight,INTERSECTION,
3645,07-143787,20071109,OLD COUNTRY DR @ STRASBURG RD,03-At intersection,01-Within intersection,02-Rain,"08-Dark, artificial",INTERSECTION,
3646,07-069468,20070610,GRAND RIVER BLVD @ UNDERHILL CRES,01-Non intersection,11-Not on roadway - right side,01-Clear,01-Daylight,INTERSECTION,
3647,07-085859,20070712,SEABROOK DR @ WOODBINE AVE,03-At intersection,01-Within intersection,01-Clear,01-Daylight,INTERSECTION,
3648,07-163437,20071224,NORTH DR @ QUEENS BLVD,02-Intersection related,02-Thru lane,01-Clear,01-Daylight,INTERSECTION,
3649,07-155153,20071205,WESTHEIGHTS DR @ DRIFTWOOD DR,03-At intersection,01-Within intersection,01-Clear,01-Daylight,INTERSECTION,
3650,07-067902,20070607,BELMONT AVE W @ ADELAIDE ST,03-At intersection,02-Thru lane,01-Clear,01-Daylight,INTERSECTION,
3651,07-072314,20070616,ACTIVA AVE @ COPPER LEAF ST,03-At intersection,02-Thru lane,01-Clear,01-Daylight,INTERSECTION,
3652,07-035166,20070322,KING ST W @ COLLEGE ST,01-Non intersection,02-Thru lane,01-Clear,01-Daylight,INTERSECTION,
3653,07-130508,20071012,CEDAR ST N @ KING ST E / CEDAR ST S,01-Non intersection,02-Thru lane,01-Clear,01-Daylight,INTERSECTION,
3654,07-134094,20071019,RIVER RD E @ LORRAINE AVE,01-Non intersection,09-Right shoulder,01-Clear,07-Dark,INTERSECTION,
3655,07-129183,20071009,KING ST W @ ONTARIO ST S / ONTARIO ST N,01-Non intersection,02-Thru lane,01-Clear,01-Daylight,INTERSECTION,
3656,07-135560,20071022,KING ST E @ DANE ST,01-Non intersection,02-Thru lane,01-Clear,01-Daylight,INTERSECTION,
3657,07-032344,20070320,DOON SOUTH DR @ ROBERT FERRIE DR,03-At intersection,02-Thru lane,01-Clear,01-Daylight,INTERSECTION,
3658,07-147904,20071119,CEDAR ST S @ CHURCH ST,04-At/near private drive,02-Thru lane,01-Clear,07-Dark,INTERSECTION,
3659,07-147937,20071119,WESTHEIGHTS DR @ BLACKWELL DR,03-At intersection,02-Thru lane,01-Clear,01-Daylight,INTERSECTION,
3660,07-165280,20071229,RIVER RD E @ LORRAINE AVE,03-At intersection,02-Thru lane,01-Clear,07-Dark,INTERSECTION,
3661,07-116203,20070913,FIFTH AVE @ KINGSWAY DR,02-Intersection related,02-Thru lane,01-Clear,01-Daylight,INTERSECTION,
3662,07-095950,20070803,RIVER RD E @ LORRAINE AVE,03-At intersection,01-Within intersection,01-Clear,01-Daylight,INTERSECTION,
3663,07-115117,20070911,CHURCH ST @ MADISON AVE S,01-Non intersection,12-Off highway,02-Rain,07-Dark,INTERSECTION,
3664,07-115615,20070912,MAX BECKER DR @ COMMONWEALTH ST,03-At intersection,02-Thru lane,01-Clear,01-Daylight,INTERSECTION,
3665,07-115600,20070911,TRUSSLER RD @ PLAINS RD,01-Non intersection,02-Thru lane,01-Clear,05-Dusk,INTERSECTION,
3666,07-113222,20070907,QUEENS BLVD @ HIGHLAND RD W / HIGHLAND RD E / QUEEN ST S,01-Non intersection,02-Thru lane,01-Clear,01-Daylight,INTERSECTION,
3667,07-146861,20071116,PATRICIA AVE @ QUEENS BLVD,03-At intersection,01-Within intersection,02-Rain,05-Dusk,INTERSECTION,
3668,07-132252,20071015,LANCASTER ST E @ KRUG ST / CEDAR ST N,04-At/near private drive,02-Thru lane,01-Clear,05-Dusk,INTERSECTION,
3669,07-132276,20071015,STIRLING AVE S @ HIGHLAND RD E,03-At intersection,01-Within intersection,01-Clear,"06-Dusk, artificial",INTERSECTION,
3670,07-155399,20071022,WELLINGTON ST N @ MARGARET AVE,03-At intersection,01-Within intersection,01-Clear,01-Daylight,INTERSECTION,
3671,07-160812,20071211,WATERLOO ST @ WELLINGTON ST N,03-At intersection,01-Within intersection,01-Clear,"08-Dark, artificial",INTERSECTION,
3672,07-161333,20071219,MORRISON RD @ QUINTE CRES,01-Non intersection,02-Thru lane,01-Clear,"08-Dark, artificial",INTERSECTION,
3673,07-142018,20071105,HIGHLAND RD E @ SPADINA RD E,02-Intersection related,01-Within intersection,02-Rain,01-Daylight,INTERSECTION,
3674,07-146837,20071116,RIVER RD E @ LORRAINE AVE,03-At intersection,01-Within intersection,03-Snow,01-Daylight,INTERSECTION,
3675,07-047525,20070424,UNION BLVD @ BELMONT AVE W,01-Non intersection,02-Thru lane,01-Clear,01-Daylight,INTERSECTION,
3676,07-089250,20070720,PARK ST @ VICTORIA ST S,01-Non intersection,02-Thru lane,01-Clear,01-Daylight,INTERSECTION,
3677,07-090143,20070721,BLOCK LINE RD @ STRASBURG RD,02-Intersection related,02-Thru lane,01-Clear,01-Daylight,INTERSECTION,
3678,07-128189,20071006,QUEENS BLVD @ OVERLEA DR,02-Intersection related,11-Not on roadway - right side,"07-Fog, mist, smoke, dust",07-Dark,INTERSECTION,
3679,07-146211,20071115,RIVER RD E @ FREDERICK ST,02-Intersection related,02-Thru lane,01-Clear,01-Daylight,INTERSECTION,
3680,07-149423,20071122,KING ST W @ GREEN ST,04-At/near private drive,02-Thru lane,01-Clear,05-Dusk,INTERSECTION,
3681,07-150232,20071124,LAWRENCE AVE @ HIGHLAND RD W,04-At/near private drive,02-Thru lane,01-Clear,01-Daylight,INTERSECTION,
3682,07-143326,20071108,DOMINION ST @ PARK ST,01-Non intersection,02-Thru lane,02-Rain,"08-Dark, artificial",INTERSECTION,
3683,07-119095,20070919,BLOCK LINE RD @ KINGSWOOD DR,03-At intersection,01-Within intersection,01-Clear,01-Daylight,INTERSECTION,
3684,07-155457,20071206,MARL MEADOW DR @ MARL MEADOW CRES,04-At/near private drive,02-Thru lane,03-Snow,01-Daylight,INTERSECTION,
3685,07-082654,20070706,QUEEN ST S @ CHARLES ST W / CHARLES ST E,01-Non intersection,02-Thru lane,01-Clear,01-Daylight,INTERSECTION,
3686,07-141931,20071105,OTTAWA ST S @ INTERNATIONAL PL / WILDERNESS DR,01-Non intersection,02-Thru lane,01-Clear,01-Daylight,INTERSECTION,
3687,07-142037,20071105,BELMONT AVE W @ HIGHLAND RD W,04-At/near private drive,02-Thru lane,02-Rain,01-Daylight,INTERSECTION,
3688,07-113727,20070908,MARLBOROUGH AVE @ NORTH DR,04-At/near private drive,02-Thru lane,01-Clear,01-Daylight,INTERSECTION,
3689,07-101861,20070815,DAIMLER DR @ BRIARMEADOW DR / BRIARMEADOW PL,04-At/near private drive,02-Thru lane,01-Clear,01-Daylight,INTERSECTION,
3690,07-101423,20070814,WILSON AVE @ FAIRWAY RD S,04-At/near private drive,02-Thru lane,01-Clear,01-Daylight,INTERSECTION,
3691,07-071756,20070615,TRUSSLER RD @ PLAINS RD,01-Non intersection,02-Thru lane,01-Clear,07-Dark,INTERSECTION,
3692,07-023727,20070228,GLASGOW ST @ BELMONT AVE W,02-Intersection related,02-Thru lane,01-Clear,01-Daylight,INTERSECTION,
3693,07-063954,20070530,UNION BLVD @ PARK ST,04-At/near private drive,02-Thru lane,01-Clear,03-Dawn,INTERSECTION,
3694,07-068523,20070608,DOON VILLAGE RD @ MILLWOOD CRES,02-Intersection related,02-Thru lane,01-Clear,01-Daylight,INTERSECTION,
3695,07-084458,20070709,RIVER RD E @ OLD CHICOPEE DR,01-Non intersection,01-Within intersection,02-Rain,01-Daylight,INTERSECTION,
3696,07-151453,20071126,KING ST E @ PANDORA AVE N / PANDORA AVE S,04-At/near private drive,02-Thru lane,03-Snow,01-Daylight,INTERSECTION,
3697,07-151172,20071126,WESTMOUNT RD W @ QUEENS BLVD / WESTMOUNT RD E,04-At/near private drive,02-Thru lane,03-Snow,"08-Dark, artificial",INTERSECTION,
3698,07-145615,20071113,WELLINGTON ST N @ MARGARET AVE,03-At intersection,01-Within intersection,01-Clear,"08-Dark, artificial",INTERSECTION,
3699,07-030802,20070316,STIRLING AVE S @ HIGHLAND RD E,03-At intersection,02-Thru lane,03-Snow,"08-Dark, artificial",INTERSECTION,
3700,07-036040,20070329,SOUTHMOOR DR @ YAGER AVE,99-Other,12-Off highway,01-Clear,01-Daylight,INTERSECTION,
3701,07-030960,20070317,STIRLING AVE S @ PLEASANT AVE,03-At intersection,09-Right shoulder,03-Snow,"08-Dark, artificial",INTERSECTION,
3702,07-042028,20070412,KRUG ST @ ETON DR,03-At intersection,01-Within intersection,01-Clear,01-Daylight,INTERSECTION,
3703,07-014499,20070206,MARLBOROUGH AVE @ NORTH DR,03-At intersection,01-Within intersection,01-Clear,01-Daylight,INTERSECTION,
3704,07-018175,20070607,DEER RIDGE DR @ PIONEER TOWER CRES,02-Intersection related,02-Thru lane,01-Clear,01-Daylight,INTERSECTION,
3705,07-017535,20070216,KING ST W @ GAUKEL ST,02-Intersection related,02-Thru lane,01-Clear,01-Daylight,INTERSECTION,
3706,07-151246,20071126,SHAFTSBURY DR @ HOLBORN DR,02-Intersection related,02-Thru lane,03-Snow,"08-Dark, artificial",INTERSECTION,
3707,07-151604,20071127,ELLIS AVE @ GUELPH ST,03-At intersection,02-Thru lane,01-Clear,01-Daylight,INTERSECTION,
3708,07-036142,20070329,MASSEY AVE @ VANIER DR,01-Non intersection,02-Thru lane,01-Clear,01-Daylight,INTERSECTION,
3709,07-145359,20071113,DRIFTWOOD DR @ HIGHVIEW DR,03-At intersection,01-Within intersection,01-Clear,01-Daylight,INTERSECTION,
3710,07-142688,20071106,CHANDLER DR @ STRASBURG RD,01-Non intersection,12-Off highway,02-Rain,"08-Dark, artificial",INTERSECTION,
3711,07-149753,20071123,BELMONT AVE W @ CLAREMONT AVE,02-Intersection related,02-Thru lane,01-Clear,01-Daylight,INTERSECTION,
3712,07-118691,20070918,PIONEER DR @ DOON VILLAGE RD,03-At intersection,01-Within intersection,01-Clear,01-Daylight,INTERSECTION,
3713,07-164415,20071224,COLTON CIR @ AMELIA ST,04-At/near private drive,02-Thru lane,01-Clear,07-Dark,INTERSECTION,
3714,07-073004,20070617,KING ST E @ QUEEN ST N,03-At intersection,01-Within intersection,01-Clear,01-Daylight,INTERSECTION,
3715,07-075488,20070622,WESTHEIGHTS DR @ ROLLING MEADOWS DR,01-Non intersection,02-Thru lane,01-Clear,01-Daylight,INTERSECTION,
3716,07-140501,20071102,KING ST E @ QUEEN ST N,02-Intersection related,01-Within intersection,01-Clear,01-Daylight,INTERSECTION,
3717,07-104819,20070821,OTTAWA ST S @ STRASBURG RD,04-At/near private drive,02-Thru lane,01-Clear,01-Daylight,INTERSECTION,
3718,07-075495,20070622,GLASGOW ST @ BELMONT AVE W,04-At/near private drive,02-Thru lane,01-Clear,01-Daylight,INTERSECTION,
3719,07-070587,20070612,WESTHEIGHTS DR @ WINDING WAY,04-At/near private drive,02-Thru lane,01-Clear,"08-Dark, artificial",INTERSECTION,
3720,07-161041,20071218,SHANLEY ST @ WATERLOO ST,03-At intersection,01-Within intersection,01-Clear,"08-Dark, artificial",INTERSECTION,
3721,07-155538,20071206,LOUISA ST @ MOORE AVE,03-At intersection,01-Within intersection,01-Clear,05-Dusk,INTERSECTION,
3722,07-160324,20071217,SPADINA RD E @ QUEENS BLVD / SPADINA RD W,01-Non intersection,02-Thru lane,03-Snow,01-Daylight,INTERSECTION,
3723,07-158055,20071212,DUKE ST W @ COLLEGE ST,03-At intersection,01-Within intersection,01-Clear,01-Daylight,INTERSECTION,
3724,07-063386,20070529,WILSON AVE @ FAIRWAY RD S,01-Non intersection,02-Thru lane,01-Clear,01-Daylight,INTERSECTION,
3725,07-146220,20071115,BELMONT AVE W @ GAGE AVE,02-Intersection related,02-Thru lane,02-Rain,01-Daylight,INTERSECTION,
3726,07-153343,20071201,SPADINA RD E @ WENTWORTH AVE,04-At/near private drive,02-Thru lane,01-Clear,01-Daylight,INTERSECTION,
3727,07-119475,20070920,CEDAR ST N @ KING ST E / CEDAR ST S,03-At intersection,01-Within intersection,01-Clear,01-Daylight,INTERSECTION,
3728,07-115256,20070910,LANCASTER ST E @ MANSION ST,03-At intersection,02-Thru lane,01-Clear,01-Daylight,INTERSECTION,
3729,07-122703,20070926,DOMINION ST @ PARK ST,03-At intersection,02-Thru lane,01-Clear,01-Daylight,INTERSECTION,
3730,07-122772,20070926,KING ST W @ ONTARIO ST S / ONTARIO ST N,03-At intersection,02-Thru lane,01-Clear,01-Daylight,INTERSECTION,
3731,07-126652,20071004,CHARLES ST E @ CEDAR ST S,01-Non intersection,02-Thru lane,01-Clear,01-Daylight,INTERSECTION,
3732,07-090641,20070723,KING ST W @ FRANCIS ST S / FRANCIS ST N,03-At intersection,01-Within intersection,01-Clear,01-Daylight,INTERSECTION,
3733,07-133601,20071018,KING ST E @ PANDORA AVE N / PANDORA AVE S,02-Intersection related,01-Within intersection,02-Rain,01-Daylight,INTERSECTION,
3734,07-135821,20071023,RIVER RD E @ ROSEMOUNT DR,03-At intersection,01-Within intersection,02-Rain,01-Daylight,INTERSECTION,
3735,07-062427,20070527,WESTHEIGHTS DR @ ROLLING MEADOWS DR,01-Non intersection,02-Thru lane,01-Clear,01-Daylight,INTERSECTION,
3736,07-149737,20071122,ACTIVA AVE @ DAVID BERGEY DR,02-Intersection related,02-Thru lane,03-Snow,01-Daylight,INTERSECTION,
3737,07-150830,20071125,CONNAUGHT PL @ CONNAUGHT ST / SECOND AVE,01-Non intersection,02-Thru lane,01-Clear,05-Dusk,INTERSECTION,
3738,07-151854,20071128,GLASGOW ST @ BELMONT AVE W,01-Non intersection,02-Thru lane,01-Clear,01-Daylight,INTERSECTION,
3739,07-039061,20070405,WEBER ST E @ KINZIE AVE,04-At/near private drive,02-Thru lane,03-Snow,01-Daylight,INTERSECTION,
3740,07-039434,20070405,BLACKWELL DR @ WESTHEIGHTS DR,02-Intersection related,11-Not on roadway - right side,01-Clear,"08-Dark, artificial",INTERSECTION,
3741,07-039087,20070405,FLORAL CRES @ DOON RD,03-At intersection,01-Within intersection,01-Clear,01-Daylight,INTERSECTION,
3742,07-040649,20070407,HERITAGE DR @ KEEWATIN AVE,02-Intersection related,10-Not on roadway - left side,02-Rain,01-Daylight,INTERSECTION,
3743,07-030845,20070316,STIRLING AVE S @ HIGHLAND RD E,02-Intersection related,02-Thru lane,01-Clear,"08-Dark, artificial",INTERSECTION,
3744,07-038027,20070401,STRANGE ST @ PARK ST,03-At intersection,01-Within intersection,01-Clear,01-Daylight,INTERSECTION,
3745,07-135793,20071023,BLOCK LINE RD @ STRASBURG RD,03-At intersection,02-Thru lane,02-Rain,"08-Dark, artificial",INTERSECTION,
3746,07-138231,20071028,BATTLER RD @ HURON RD,03-At intersection,01-Within intersection,01-Clear,03-Dawn,INTERSECTION,
3747,07-144289,20071110,RIVER RD E @ RENNIE DR,03-At intersection,01-Within intersection,01-Clear,"08-Dark, artificial",INTERSECTION,
3748,07-082650,20070706,SELKIRK DR @ SELKIRK CRT,04-At/near private drive,09-Right shoulder,01-Clear,01-Daylight,INTERSECTION,
3749,07-080545,20070702,MILL ST @ OTTAWA ST S,01-Non intersection,02-Thru lane,01-Clear,01-Daylight,INTERSECTION,
3750,07-142758,20071107,WELLINGTON ST N @ MOORE AVE,03-At intersection,01-Within intersection,01-Clear,01-Daylight,INTERSECTION,
3751,07-142117,20071105,WILSON AVE @ TRAYNOR AVE,03-At intersection,01-Within intersection,02-Rain,"08-Dark, artificial",INTERSECTION,
3752,07-035504,20070327,OLD COUNTRY DR @ STRASBURG RD,04-At/near private drive,02-Thru lane,01-Clear,01-Daylight,INTERSECTION,
3753,07-070837,20070613,SIEBERT AVE @ CLARK AVE,03-At intersection,01-Within intersection,01-Clear,01-Daylight,INTERSECTION,
3754,07-070393,20070405,KING ST W @ FRANCIS ST S / FRANCIS ST N,02-Intersection related,02-Thru lane,01-Clear,01-Daylight,INTERSECTION,
3755,07-104691,20070821,SPADINA RD E @ MILL ST,02-Intersection related,02-Thru lane,01-Clear,01-Daylight,INTERSECTION,
3756,07-098853,20070809,TRAYNOR AVE @ BELWOOD CRES,03-At intersection,01-Within intersection,02-Rain,01-Daylight,INTERSECTION,
3757,07-081007,20070703,HEIMAN ST @ CHARLES BEST PL,03-At intersection,11-Not on roadway - right side,01-Clear,01-Daylight,INTERSECTION,
3758,07-076633,20070624,WELLINGTON ST N @ MARGARET AVE,,,,,INTERSECTION,
3759,07-161372,20071219,MILL ST @ OTTAWA ST S,04-At/near private drive,02-Thru lane,01-Clear,07-Dark,INTERSECTION,
3760,07-066892,20070605,BLACKHORNE DR @ BRIAR KNOLL DR,04-At/near private drive,02-Thru lane,01-Clear,01-Daylight,INTERSECTION,
3761,07-068015,20070607,KRUG ST @ RIVER RD E,02-Intersection related,11-Not on roadway - right side,01-Clear,"08-Dark, artificial",INTERSECTION,
3762,07-063561,20070528,LORNE CRES @ DELAWARE AVE,01-Non intersection,02-Thru lane,01-Clear,01-Daylight,INTERSECTION,
3763,07-098892,20070809,KING ST W @ GAUKEL ST,02-Intersection related,02-Thru lane,01-Clear,01-Daylight,INTERSECTION,
3764,07-163400,20071224,SHOEMAKER ST @ STRASBURG RD,03-At intersection,02-Thru lane,01-Clear,01-Daylight,INTERSECTION,
3765,07-148134,20071119,HEIMAN ST @ HIGHLAND RD E,02-Intersection related,01-Within intersection,02-Rain,01-Daylight,INTERSECTION,
3766,07-050734,20070502,MILL ST @ OTTAWA ST S,04-At/near private drive,02-Thru lane,01-Clear,01-Daylight,INTERSECTION,
3767,07-060232,20070522,PIONEER DR @ HOMER WATSON BLVD,04-At/near private drive,02-Thru lane,01-Clear,01-Daylight,INTERSECTION,
3768,07-053997,20070509,PARK ST @ GREEN ST,03-At intersection,02-Thru lane,01-Clear,01-Daylight,INTERSECTION,
3769,07-072301,20070616,LAURENTIAN DR @ BLOCK LINE RD,03-At intersection,01-Within intersection,01-Clear,01-Daylight,INTERSECTION,
3770,07-146014,20071114,KING ST W @ GREEN ST,04-At/near private drive,02-Thru lane,01-Clear,05-Dusk,INTERSECTION,
3771,07-145039,20071112,WILSON AVE @ FAIRWAY RD S,01-Non intersection,02-Thru lane,"07-Fog, mist, smoke, dust","08-Dark, artificial",INTERSECTION,
3772,07-145629,20071113,FRANKLIN ST S @ KINGSWAY DR,01-Non intersection,02-Thru lane,01-Clear,07-Dark,INTERSECTION,
3773,07-063553,20070529,STIRLING AVE S @ GREENBROOK DR,01-Non intersection,02-Thru lane,01-Clear,01-Daylight,INTERSECTION,
3774,07-125060,20071001,QUEENS BLVD @ EAGEN DR,04-At/near private drive,02-Thru lane,01-Clear,01-Daylight,INTERSECTION,
3775,07-154050,20071203,DOON VILLAGE RD @ BECHTEL DR,03-At intersection,02-Thru lane,03-Snow,01-Daylight,INTERSECTION,
3776,07-154282,20071203,PARK ST @ GREEN ST,03-At intersection,01-Within intersection,03-Snow,01-Daylight,INTERSECTION,
3777,07-150000,20071123,FISCHER HALLMAN RD @ WESTMOUNT RD E / MAX BECKER DR,01-Non intersection,02-Thru lane,01-Clear,07-Dark,INTERSECTION,
3778,07-147429,20071117,ERINBROOK DR @ KILLARNEY CRES,02-Intersection related,02-Thru lane,01-Clear,07-Dark,INTERSECTION,