OBJECTID,ACCIDENTNUM,ACCIDENTDATE,LOCATION,ACCIDENT_LOCATION,IMPACT_LOCATION,ENVIRONMENT_CONDITION,LIGHT,COLLISION_TYPE,TRAFFICCOLLISIONSID
3779,07-145815,20071114,TRILLIUM DR @ WASHBURN DR,01-Non intersection,11-Not on roadway - right side,01-Clear,01-Daylight,INTERSECTION,
3780,07-123557,20070917,HOMER WATSON BLVD @ HOFFMAN ST,03-At intersection,02-Thru lane,01-Clear,"08-Dark, artificial",INTERSECTION,
3781,07-057397,20070516,COUNTRY HILL DR @ BLOCK LINE RD,03-At intersection,01-Within intersection,01-Clear,01-Daylight,INTERSECTION,
3782,07-063917,20070530,BLOCK LINE RD @ STRASBURG RD,04-At/near private drive,02-Thru lane,01-Clear,01-Daylight,INTERSECTION,
3783,07-063361,20070529,QUEENS BLVD @ CECILE DR,03-At intersection,02-Thru lane,01-Clear,01-Daylight,INTERSECTION,
3784,07-063398,20070528,QUEEN ST N @ MARGARET AVE / OTTO ST,01-Non intersection,02-Thru lane,01-Clear,01-Daylight,INTERSECTION,
3785,07-064227,20070531,FARNHAM AVE @ BELMONT AVE W,03-At intersection,11-Not on roadway - right side,01-Clear,01-Daylight,INTERSECTION,
3786,07-132771,20071016,UNION BLVD @ BELMONT AVE W,02-Intersection related,,01-Clear,01-Daylight,INTERSECTION,
3787,07-132481,20071016,JUBILEE DR @ DAVID ST / COURTLAND AVE W,02-Intersection related,02-Thru lane,01-Clear,01-Daylight,INTERSECTION,
3788,07-116626,20070914,HIGHLAND RD E @ SPADINA RD E,04-At/near private drive,02-Thru lane,01-Clear,01-Daylight,INTERSECTION,
3789,07-074326,20070620,ARDELT AVE @ HANSON AVE,03-At intersection,01-Within intersection,01-Clear,01-Daylight,INTERSECTION,
3790,07-140542,20071102,ARDELT AVE @ HANSON AVE,04-At/near private drive,02-Thru lane,01-Clear,01-Daylight,INTERSECTION,
3791,07-148932,20071121,CONESTOGA COLLEGE BLVD @ PINNACLE DR,04-At/near private drive,02-Thru lane,02-Rain,"02-Daylight, artificial",INTERSECTION,
3792,07-161715,20071220,RIVER RD E @ HALLIWELL DR,03-At intersection,01-Within intersection,01-Clear,05-Dusk,INTERSECTION,
3793,07-162258,20071221,RIVER RD E @ HALLIWELL DR,03-At intersection,01-Within intersection,01-Clear,"08-Dark, artificial",INTERSECTION,
3794,07-165754,20071231,CEDAR ST N @ KING ST E / CEDAR ST S,02-Intersection related,11-Not on roadway - right side,03-Snow,"08-Dark, artificial",INTERSECTION,
3795,07-040352,20070408,VANIER DR @ SIEBERT AVE,03-At intersection,02-Thru lane,01-Clear,01-Daylight,INTERSECTION,
3796,07-063335,20070529,DOMINION ST @ PARK ST,03-At intersection,02-Thru lane,01-Clear,01-Daylight,INTERSECTION,
3797,07-044984,20070419,WEST AVE @ HOMEWOOD AVE,02-Intersection related,02-Thru lane,01-Clear,01-Daylight,INTERSECTION,
3798,07-126962,20071004,RIVER RD E @ NIAGARA RD,01-Non intersection,09-Right shoulder,01-Clear,"08-Dark, artificial",INTERSECTION,
3799,07-144863,20071112,RIVERBEND DR @ GUELPH ST,02-Intersection related,02-Thru lane,01-Clear,01-Daylight,INTERSECTION,
3800,07-142667,20071107,QUEENS BLVD @ WESTHEIGHTS DR,02-Intersection related,01-Within intersection,01-Clear,01-Daylight,INTERSECTION,
3801,07-075865,20070623,GLASGOW ST @ PARK ST,03-At intersection,01-Within intersection,01-Clear,01-Daylight,INTERSECTION,
3802,07-060937,20070524,LANCASTER ST E @ KRUG ST / CEDAR ST N,01-Non intersection,02-Thru lane,01-Clear,01-Daylight,INTERSECTION,
3803,07-156393,20071208,KING ST W @ ONTARIO ST S / ONTARIO ST N,02-Intersection related,01-Within intersection,01-Clear,01-Daylight,INTERSECTION,
3804,07-100996,20070813,GOODRICH DR @ WILSON AVE,03-At intersection,01-Within intersection,01-Clear,01-Daylight,INTERSECTION,
3805,07-097910,20070807,OLD COUNTRY DR @ STRASBURG RD,03-At intersection,01-Within intersection,02-Rain,01-Daylight,INTERSECTION,
3806,07-097995,20070807,QUEENS BLVD @ HIGHLAND RD W / HIGHLAND RD E / QUEEN ST S,04-At/near private drive,02-Thru lane,02-Rain,01-Daylight,INTERSECTION,
3807,07-150195,20071124,AHRENS ST W @ BREITHAUPT ST,03-At intersection,01-Within intersection,01-Clear,01-Daylight,INTERSECTION,
3808,07-146698,20071115,MANSION ST @ ELLEN ST E,01-Non intersection,02-Thru lane,01-Clear,01-Daylight,INTERSECTION,
3809,07-147294,20071116,DAIMLER DR @ OLD CHICOPEE DR,02-Intersection related,02-Thru lane,01-Clear,05-Dusk,INTERSECTION,
3810,07-097907,20070807,LAURENTIAN DR @ BLOCK LINE RD,03-At intersection,01-Within intersection,02-Rain,01-Daylight,INTERSECTION,
3811,07-095595,20070802,WILSON AVE @ BALFOUR CRES,02-Intersection related,02-Thru lane,01-Clear,01-Daylight,INTERSECTION,
3812,07-107986,20070828,BLACKWELL DR @ WEST ACRES CRES,04-At/near private drive,02-Thru lane,01-Clear,01-Daylight,INTERSECTION,
3813,07-111186,20070901,KINGSWOOD DR @ SELKIRK DR,04-At/near private drive,09-Right shoulder,01-Clear,07-Dark,INTERSECTION,
3814,07-017774,20070214,DOMINION ST @ PARK ST,02-Intersection related,02-Thru lane,01-Clear,01-Daylight,INTERSECTION,
3815,07-159050,20071214,KING ST E @ PANDORA AVE N / PANDORA AVE S,01-Non intersection,02-Thru lane,01-Clear,01-Daylight,INTERSECTION,
3816,07-154207,20071203,VICTORIA ST N @ LACKNER BLVD / BINGEMANS CENTRE DR,05-At railway crossing,02-Thru lane,03-Snow,01-Daylight,INTERSECTION,
3817,07-160632,20071217,KING ST E @ ONWARD AVE,03-At intersection,02-Thru lane,01-Clear,01-Daylight,INTERSECTION,
3818,07-112531,20070906,CONESTOGA COLLEGE BLVD @ HOMER WATSON BLVD,04-At/near private drive,02-Thru lane,01-Clear,01-Daylight,INTERSECTION,
3819,07-018216,20070215,KING ST E @ QUEEN ST N,03-At intersection,03-Left turn lane,03-Snow,01-Daylight,INTERSECTION,
3820,07-024495,20070301,CEDAR ST S @ CHURCH ST,03-At intersection,01-Within intersection,01-Clear,01-Daylight,INTERSECTION,
3821,02-017860,20070214,WELLINGTON ST N @ SHIRLEY AVE / RIVERBEND DR,03-At intersection,02-Thru lane,03-Snow,01-Daylight,INTERSECTION,
3822,07-025081,20070302,EAST AVE @ KRUG ST,02-Intersection related,02-Thru lane,01-Clear,07-Dark,INTERSECTION,
3823,07-028615,20070311,UNION BLVD @ BELMONT AVE W,03-At intersection,01-Within intersection,01-Clear,01-Daylight,INTERSECTION,
3824,07-074913,20070621,UNION BLVD @ AVONDALE AVE,03-At intersection,01-Within intersection,01-Clear,01-Daylight,INTERSECTION,
3825,07-084356,20070710,STRASBURG RD @ BARWOOD CRES,01-Non intersection,02-Thru lane,01-Clear,01-Daylight,INTERSECTION,
3826,07-074744,20070621,QUEEN ST N @ LANCASTER ST W / LANCASTER ST E,01-Non intersection,02-Thru lane,01-Clear,01-Daylight,INTERSECTION,
3827,07-159895,20071216,MCLENNAN PARK GATE @ BLOCK LINE RD,03-At intersection,02-Thru lane,05-Drifting Snow,01-Daylight,INTERSECTION,
3828,07-024963,20070303,UNION BLVD @ PARK ST,03-At intersection,02-Thru lane,01-Clear,01-Daylight,INTERSECTION,
3829,07-014627,20070206,DOON MILLS DR @ WOODSMERE DR,04-At/near private drive,02-Thru lane,01-Clear,07-Dark,INTERSECTION,
3830,07-018192,20070215,REYBURN AVE @ TRAYNOR AVE,02-Intersection related,02-Thru lane,03-Snow,01-Daylight,INTERSECTION,
3831,07-003702,20070110,BUERKLE CRT @ DOON MILLS DR,99-Other,11-Not on roadway - right side,03-Snow,01-Daylight,INTERSECTION,
3832,07-112924,20070907,OTTAWA ST S @ STRASBURG RD,01-Non intersection,03-Left turn lane,01-Clear,01-Daylight,INTERSECTION,
3833,07-110229,20070901,GLASGOW ST @ BELMONT AVE W,02-Intersection related,01-Within intersection,01-Clear,01-Daylight,INTERSECTION,
3834,07-121913,20070924,HAZELGLEN DR @ CHOPIN DR,03-At intersection,01-Within intersection,01-Clear,"08-Dark, artificial",INTERSECTION,
3835,07-154145,20071202,DIXON ST @ PLYMOUTH RD,02-Intersection related,02-Thru lane,02-Rain,01-Daylight,INTERSECTION,
3836,07-059359,20070520,WATER ST S @ JUBILEE DR,01-Non intersection,09-Right shoulder,01-Clear,"08-Dark, artificial",INTERSECTION,
3837,07-064770,20070601,NINTH AVE @ GREENFIELD AVE,03-At intersection,01-Within intersection,01-Clear,01-Daylight,INTERSECTION,
3838,07-066546,20070604,DUKE ST W @ WELLINGTON ST N,03-At intersection,02-Thru lane,01-Clear,01-Daylight,INTERSECTION,
3839,07-056671,20070515,WILSON AVE @ KINGSWAY DR,03-At intersection,04-Right turn lane,01-Clear,01-Daylight,INTERSECTION,
3840,07-019416,20070218,CHARLES ST E @ PRESTON ST,03-At intersection,11-Not on roadway - right side,03-Snow,05-Dusk,INTERSECTION,
3841,07-010725,20070127,HILL ST @ ST VINCENT ST,03-At intersection,10-Not on roadway - left side,03-Snow,"08-Dark, artificial",INTERSECTION,
3842,07-016600,20070210,AMELIA ST @ AMELIA CRT,04-At/near private drive,02-Thru lane,01-Clear,07-Dark,INTERSECTION,
3843,07-010993,20070128,RIVER RD E @ ISLINGTON AVE,01-Non intersection,02-Thru lane,06-Strong wind,01-Daylight,INTERSECTION,
3844,07-016785,20070211,PERTH RD @ PLEASANT AVE,03-At intersection,02-Thru lane,01-Clear,01-Daylight,INTERSECTION,
3845,07-014511,20070205,TRILLIUM DR @ STRASBURG RD,03-At intersection,02-Thru lane,01-Clear,01-Daylight,INTERSECTION,
3846,07-014801,20070205,KINZIE AVE @ THALER AVE,03-At intersection,01-Within intersection,01-Clear,01-Daylight,INTERSECTION,
3847,07-009560,20070125,QUEENS BLVD @ BELMONT AVE W / BELMONT AVE E,03-At intersection,01-Within intersection,01-Clear,01-Daylight,INTERSECTION,
3848,07-162344,20071221,PATRICIA AVE @ SPADINA RD W,01-Non intersection,02-Thru lane,01-Clear,01-Daylight,INTERSECTION,
3849,07-160124,20071216,FISCHER HALLMAN RD @ QUEENS BLVD,04-At/near private drive,02-Thru lane,03-Snow,01-Daylight,INTERSECTION,
3850,07-161522,20071220,LOUISA ST @ MOORE AVE,03-At intersection,01-Within intersection,01-Clear,01-Daylight,INTERSECTION,
3851,07-116621,20070914,CHERRY ST @ STRANGE ST,02-Intersection related,01-Within intersection,01-Clear,01-Daylight,INTERSECTION,
3852,07-122428,20070925,OTTAWA ST N @ MCGEE AVE,01-Non intersection,02-Thru lane,01-Clear,"08-Dark, artificial",INTERSECTION,
3853,07-045648,20070420,ROYAL ORCHARD DR @ DEERWOOD CRES,04-At/near private drive,11-Not on roadway - right side,01-Clear,"08-Dark, artificial",INTERSECTION,
3854,07-060546,20070523,PIONEER DR @ PERIN PL / VINTAGE CRES,01-Non intersection,11-Not on roadway - right side,01-Clear,01-Daylight,INTERSECTION,
3855,07-012931,20070202,OAKDALE CRT @ WOODFIELD ST,04-At/near private drive,02-Thru lane,03-Snow,"08-Dark, artificial",INTERSECTION,
3856,07-018108,20070215,BLOCK LINE RD @ KINGSWOOD DR,04-At/near private drive,02-Thru lane,01-Clear,01-Daylight,INTERSECTION,
3857,07-097856,20070804,KING ST E @ SCOTT ST,01-Non intersection,02-Thru lane,01-Clear,01-Daylight,INTERSECTION,
3858,07-101883,20070808,GLASGOW ST @ PARK ST,03-At intersection,02-Thru lane,01-Clear,01-Daylight,INTERSECTION,
3859,07-001154,20070103,SPADINA RD E @ QUEENS BLVD / SPADINA RD W,01-Non intersection,02-Thru lane,01-Clear,01-Daylight,INTERSECTION,
3860,07-006116,20070116,CEDAR ST N @ KING ST E / CEDAR ST S,03-At intersection,01-Within intersection,01-Clear,01-Daylight,INTERSECTION,
3861,07-007386,20070119,CEDAR ST N @ KING ST E / CEDAR ST S,03-At intersection,01-Within intersection,03-Snow,"08-Dark, artificial",INTERSECTION,
3862,07-002067,20070105,HOMER WATSON BLVD @ STIRLING AVE S,03-At intersection,12-Off highway,02-Rain,"04-Dawn, artificial",INTERSECTION,
3863,07-004852,20070113,WATER ST N @ DUKE ST W,02-Intersection related,12-Off highway,03-Snow,"08-Dark, artificial",INTERSECTION,
3864,07-095089,20070801,CHANDLER DR @ STRASBURG RD,04-At/near private drive,02-Thru lane,01-Clear,01-Daylight,INTERSECTION,
3865,07-151106,20071126,CONNAUGHT ST @ NINTH AVE,03-At intersection,01-Within intersection,02-Rain,01-Daylight,INTERSECTION,
3866,07-142528,20071106,CEDAR ST N @ KING ST E / CEDAR ST S,03-At intersection,01-Within intersection,02-Rain,"08-Dark, artificial",INTERSECTION,
3867,07-164285,20071227,WELLINGTON ST N @ MARGARET AVE,02-Intersection related,02-Thru lane,01-Clear,01-Daylight,INTERSECTION,
3868,07-155363,20071201,SCOTT ST @ DUKE ST E,03-At intersection,01-Within intersection,01-Clear,01-Daylight,INTERSECTION,
3869,07-010881,20070128,WESTHEIGHTS DR @ ROLLING MEADOWS DR,02-Intersection related,02-Thru lane,03-Snow,01-Daylight,INTERSECTION,
3870,07-009686,20070120,DOON VILLAGE RD @ HARVEST CRT,03-At intersection,02-Thru lane,01-Clear,01-Daylight,INTERSECTION,
3871,07-006147,20070113,MILL ST @ MADISON AVE S,04-At/near private drive,02-Thru lane,01-Clear,01-Daylight,INTERSECTION,
3872,07-006967,20070118,WILSON AVE @ FAIRWAY RD S,04-At/near private drive,02-Thru lane,01-Clear,"08-Dark, artificial",INTERSECTION,
3873,07-007318,20070119,CARWOOD CRES @ CARWOOD AVE,01-Non intersection,02-Thru lane,03-Snow,01-Daylight,INTERSECTION,
3874,07-012906,20070202,FRANKLIN ST S @ KINGSWAY DR,03-At intersection,01-Within intersection,03-Snow,07-Dark,INTERSECTION,
3875,07-042397,20070413,QUEENS BLVD @ EAGEN DR,01-Non intersection,02-Thru lane,01-Clear,01-Daylight,INTERSECTION,
3876,07-047356,20070424,HERITAGE DR @ OAKHURST CRES,01-Non intersection,02-Thru lane,01-Clear,01-Daylight,INTERSECTION,
3877,07-105754,20070823,KING ST E @ BETZNER AVE S / BETZNER AVE N,04-At/near private drive,02-Thru lane,01-Clear,01-Daylight,INTERSECTION,
3878,07-109140,20070830,CHANDLER DR @ STRASBURG RD,04-At/near private drive,02-Thru lane,01-Clear,01-Daylight,INTERSECTION,
3879,07-116537,20070914,HEIT LANE @ DUKE ST W,04-At/near private drive,02-Thru lane,01-Clear,01-Daylight,INTERSECTION,
3880,07-129014,20071009,FIRST AVE @ ECKERT ST,01-Non intersection,02-Thru lane,02-Rain,01-Daylight,INTERSECTION,
3881,07-073369,20070618,QUEEN ST N @ DUKE ST E / DUKE ST W,01-Non intersection,09-Right shoulder,01-Clear,01-Daylight,INTERSECTION,
3882,07-147815,20071118,RIVER RD E @ LORRAINE AVE,02-Intersection related,02-Thru lane,01-Clear,01-Daylight,INTERSECTION,
3883,07-154589,20071204,STRASBURG RD @ MCINTYRE DR,01-Non intersection,02-Thru lane,01-Clear,01-Daylight,INTERSECTION,
3884,07-155603,20071206,PLEASANT AVE @ QUEENS BLVD,03-At intersection,02-Thru lane,01-Clear,05-Dusk,INTERSECTION,
3885,07-121038,20070923,WATER ST S @ JUBILEE DR,01-Non intersection,12-Off highway,01-Clear,"08-Dark, artificial",INTERSECTION,
3886,07-120880,20070922,MORGAN AVE @ GREENDALE CRES,04-At/near private drive,08-Left shoulder,01-Clear,"08-Dark, artificial",INTERSECTION,
3887,07-016777,20070213,WILSON AVE @ KINGSWAY DR,02-Intersection related,03-Left turn lane,01-Clear,01-Daylight,INTERSECTION,
3888,07-017362,20070213,FRANKLIN ST S @ KINGSWAY DR,02-Intersection related,01-Within intersection,03-Snow,"08-Dark, artificial",INTERSECTION,
3889,07-019837,20070214,KINZIE AVE @ THALER AVE,01-Non intersection,02-Thru lane,03-Snow,01-Daylight,INTERSECTION,
3890,07-007365,20070119,FOREST GLEN CRES @ FORESTWOOD DR,02-Intersection related,10-Not on roadway - left side,03-Snow,01-Daylight,INTERSECTION,
3891,07-006087,20070116,ROYAL ORCHARD DR @ WINDY WOOD CRT,01-Non intersection,10-Not on roadway - left side,01-Clear,01-Daylight,INTERSECTION,
3892,07-160127,20071217,FREDERICK ST @ LOIS ST,03-At intersection,02-Thru lane,03-Snow,01-Daylight,INTERSECTION,
3893,07-154685,20071203,HANSON AVE @ HAYWARD AVE,02-Intersection related,02-Thru lane,01-Clear,01-Daylight,INTERSECTION,
3894,07-157548,20071211,WOOD ST @ PARK ST,01-Non intersection,02-Thru lane,,01-Daylight,INTERSECTION,
3895,07-154931,20071203,WATER ST S @ JUBILEE DR,02-Intersection related,02-Thru lane,03-Snow,01-Daylight,INTERSECTION,
3896,07-110700,20070901,WESTHEIGHTS DR @ WINDING WAY,04-At/near private drive,02-Thru lane,01-Clear,"08-Dark, artificial",INTERSECTION,
3897,07-113128,20070907,CONESTOGA COLLEGE BLVD @ HOMER WATSON BLVD,01-Non intersection,02-Thru lane,01-Clear,01-Daylight,INTERSECTION,
3898,07-126223,20071003,KING ST E @ ONWARD AVE,01-Non intersection,02-Thru lane,01-Clear,"08-Dark, artificial",INTERSECTION,
3899,07-065360,20070602,GLASGOW ST @ PARK ST,03-At intersection,01-Within intersection,01-Clear,01-Daylight,INTERSECTION,
3900,07-161878,20071220,HOMER WATSON BLVD @ HOFFMAN ST,01-Non intersection,02-Thru lane,01-Clear,"08-Dark, artificial",INTERSECTION,
3901,07-162189,20071221,PIONEER DR @ BECHTEL DR,03-At intersection,01-Within intersection,01-Clear,01-Daylight,INTERSECTION,
3902,07-162337,20071219,WILSON AVE @ FAIRWAY RD S,01-Non intersection,02-Thru lane,01-Clear,01-Daylight,INTERSECTION,
3903,07-152732,20071130,SEREDA RD @ SPRING VALLEY RD / GUELPH ST,02-Intersection related,02-Thru lane,01-Clear,01-Daylight,INTERSECTION,
3904,07-060906,20070524,MADISON AVE N @ KING ST E / MADISON AVE S,01-Non intersection,02-Thru lane,01-Clear,01-Daylight,INTERSECTION,
3905,07-039950,20070407,WILSON AVE @ FAIRWAY RD S,04-At/near private drive,02-Thru lane,01-Clear,01-Daylight,INTERSECTION,
3906,07-040062,20070407,WESTHEIGHTS DR @ ROLLING MEADOWS DR,02-Intersection related,01-Within intersection,01-Clear,01-Daylight,INTERSECTION,
3907,07-014581,20070206,OLD COUNTRY DR @ STRASBURG RD,03-At intersection,01-Within intersection,01-Clear,"08-Dark, artificial",INTERSECTION,
3908,07-005672,20070114,QUEEN ST S @ ST GEORGE ST,03-At intersection,02-Thru lane,03-Snow,01-Daylight,INTERSECTION,
3909,07-014135,20070205,LACKNER BLVD @ OLDFIELD DR / ZELLER DR,01-Non intersection,02-Thru lane,03-Snow,01-Daylight,INTERSECTION,
3910,07-014079,20070205,MONTCALM DR @ OLD YORK CRES,04-At/near private drive,02-Thru lane,02-Rain,01-Daylight,INTERSECTION,
3911,07-124663,20070930,STIRLING AVE S @ HIGHLAND RD E,01-Non intersection,02-Thru lane,01-Clear,01-Daylight,INTERSECTION,
3912,07-134060,20071019,STIRLING AVE S @ HIGHLAND RD E,04-At/near private drive,02-Thru lane,01-Clear,01-Daylight,INTERSECTION,
3913,07-135464,20071022,ONTARIO ST N @ DUKE ST W,03-At intersection,01-Within intersection,01-Clear,01-Daylight,INTERSECTION,
3914,07-112184,20070905,HOMER WATSON BLVD @ STIRLING AVE S,02-Intersection related,02-Thru lane,01-Clear,01-Daylight,INTERSECTION,
3915,07-101055,20070813,PIONEER DR @ HOMER WATSON BLVD,04-At/near private drive,02-Thru lane,01-Clear,01-Daylight,INTERSECTION,
3916,07-108255,20070828,QUEEN ST S @ COURTLAND AVE W,04-At/near private drive,02-Thru lane,01-Clear,01-Daylight,INTERSECTION,
3917,07-045569,20070420,BLACKHORNE CRES @ BLACKHORNE DR,04-At/near private drive,02-Thru lane,01-Clear,07-Dark,INTERSECTION,
3918,07-158590,20071213,WILSON AVE @ KINGSWAY DR,04-At/near private drive,02-Thru lane,03-Snow,01-Daylight,INTERSECTION,
3919,07-012405,20070131,HIGHLAND RD E @ RUBY ST,01-Non intersection,02-Thru lane,01-Clear,07-Dark,INTERSECTION,
3920,07-010012,20070126,HIGHLAND RD E @ SPADINA RD E,03-At intersection,02-Thru lane,03-Snow,01-Daylight,INTERSECTION,
3921,07-017607,20070214,WELLINGTON ST N @ SHIRLEY AVE / RIVERBEND DR,03-At intersection,02-Thru lane,03-Snow,01-Daylight,INTERSECTION,
3922,07-018079,20070215,TRILLIUM DR @ STRASBURG RD,02-Intersection related,02-Thru lane,01-Clear,01-Daylight,INTERSECTION,
3923,07-003803,20070110,STIRLING AVE S @ HIGHLAND RD E,03-At intersection,01-Within intersection,03-Snow,01-Daylight,INTERSECTION,
3924,07-005636,20070114,QUEEN ST N @ MARGARET AVE / OTTO ST,03-At intersection,02-Thru lane,03-Snow,01-Daylight,INTERSECTION,
3925,07-006492,20070117,PATRICIA AVE @ QUEENS BLVD,04-At/near private drive,02-Thru lane,01-Clear,01-Daylight,INTERSECTION,
3926,07-005860,20070115,RIVER RD E @ HOLBORN DR,04-At/near private drive,02-Thru lane,01-Clear,07-Dark,INTERSECTION,
3927,07-026145,20070305,BELMONT AVE W @ HIGHLAND RD W,04-At/near private drive,01-Within intersection,03-Snow,01-Daylight,INTERSECTION,
3928,07-118253,20070917,KING ST E @ QUEEN ST N,01-Non intersection,02-Thru lane,01-Clear,01-Daylight,INTERSECTION,
3929,07-115281,20070911,MCKENZIE AVE @ SHELDON AVE N,01-Non intersection,02-Thru lane,01-Clear,01-Daylight,INTERSECTION,
3930,07-120284,20070921,WILSON AVE @ TRAYNOR AVE,04-At/near private drive,02-Thru lane,01-Clear,01-Daylight,INTERSECTION,
3931,07-124397,20070929,HIGHLAND RD E @ SPADINA RD E,02-Intersection related,01-Within intersection,01-Clear,07-Dark,INTERSECTION,
3932,07-093600,20070729,RUSSEL ST @ STIRLING AVE S,04-At/near private drive,02-Thru lane,01-Clear,01-Daylight,INTERSECTION,
3933,07-067274,20070605,MCGARRY DR @ PINEHURST CRES,04-At/near private drive,02-Thru lane,01-Clear,01-Daylight,INTERSECTION,
3934,07-139538,20071031,LANCASTER ST E @ KRUG ST / CEDAR ST N,02-Intersection related,02-Thru lane,01-Clear,01-Daylight,INTERSECTION,
3935,07-135581,20071022,HOMER WATSON BLVD @ HOFFMAN ST,02-Intersection related,02-Thru lane,01-Clear,01-Daylight,INTERSECTION,
3936,07-003285,20070109,CONNAUGHT ST @ THIRD AVE,03-At intersection,01-Within intersection,03-Snow,07-Dark,INTERSECTION,
3937,07-007722,20070120,PAULANDER DR @ VICTORIA ST S,01-Non intersection,02-Thru lane,01-Clear,01-Daylight,INTERSECTION,
3938,07-005769,20070115,PIONEER DR @ BECHTEL DR,02-Intersection related,02-Thru lane,05-Drifting Snow,01-Daylight,INTERSECTION,
3939,07-018380,20070215,OTTAWA ST N @ RIVER RD E,04-At/near private drive,02-Thru lane,03-Snow,07-Dark,INTERSECTION,
3940,07-053157,20070428,UNION BLVD @ BELMONT AVE W,04-At/near private drive,02-Thru lane,01-Clear,01-Daylight,INTERSECTION,
3941,07-046936,20070423,HILLVIEW ST @ ST VINCENT ST,04-At/near private drive,02-Thru lane,01-Clear,01-Daylight,INTERSECTION,
3942,07-127200,20071005,WILSON AVE @ FAIRWAY RD S,01-Non intersection,02-Thru lane,01-Clear,01-Daylight,INTERSECTION,
3943,07-013933,20070205,RUTHERFORD DR @ KINZIE AVE,04-At/near private drive,02-Thru lane,01-Clear,01-Daylight,INTERSECTION,
3944,07-123470,20070928,MANCHESTER RD @ RIVER RD E,01-Non intersection,02-Thru lane,01-Clear,01-Daylight,INTERSECTION,
3945,07-127184,20071005,MCBRINE PL @ MCBRINE DR,02-Intersection related,02-Thru lane,01-Clear,01-Daylight,INTERSECTION,
3946,07-125948,20071003,DOON MILLS DR @ APPLE RIDGE DR,01-Non intersection,02-Thru lane,01-Clear,01-Daylight,INTERSECTION,
3947,07-112175,20070905,WATER ST S @ JUBILEE DR,03-At intersection,02-Thru lane,01-Clear,01-Daylight,INTERSECTION,
3948,07-152846,20071126,HIGHVIEW DR @ SUGAR MAPLE ST,04-At/near private drive,02-Thru lane,03-Snow,01-Daylight,INTERSECTION,
3949,07-151169,20071126,RIVER RD E @ FREDERICK ST,01-Non intersection,02-Thru lane,03-Snow,05-Dusk,INTERSECTION,
3950,07-154395,20071203,OLD COUNTRY DR @ STRASBURG RD,03-At intersection,01-Within intersection,"07-Fog, mist, smoke, dust",01-Daylight,INTERSECTION,
3951,07-142323,20071105,CHARLES ST E @ OTTAWA ST S,04-At/near private drive,02-Thru lane,01-Clear,05-Dusk,INTERSECTION,
3952,07-161758,20071220,FRANKLIN ST S @ KINGSWAY DR,04-At/near private drive,02-Thru lane,01-Clear,01-Daylight,INTERSECTION,
3953,07-005410,20070114,ROYAL ORCHARD DR @ WINDY WOOD CRT,01-Non intersection,02-Thru lane,03-Snow,01-Daylight,INTERSECTION,
3954,07-008375,20070122,OLD HURON RD @ BATTLER RD,01-Non intersection,11-Not on roadway - right side,03-Snow,07-Dark,INTERSECTION,
3955,07-007457,20070119,HOMER WATSON BLVD @ HOFFMAN ST,01-Non intersection,02-Thru lane,03-Snow,"08-Dark, artificial",INTERSECTION,
3956,07-015576,20070208,QUEENS BLVD @ BELMONT AVE W / BELMONT AVE E,03-At intersection,01-Within intersection,01-Clear,01-Daylight,INTERSECTION,
3957,07-085775,20070713,WELLINGTON ST N @ CIRCA DR,02-Intersection related,02-Thru lane,01-Clear,01-Daylight,INTERSECTION,
3958,07-165192,20071229,OTTAWA ST S @ STRASBURG RD,04-At/near private drive,02-Thru lane,01-Clear,01-Daylight,INTERSECTION,
3959,07-087817,20070717,DOON SOUTH DR @ DOON VILLAGE RD,03-At intersection,01-Within intersection,01-Clear,01-Daylight,INTERSECTION,
3960,07-089061,20070720,CEDAR ST S @ CHURCH ST,04-At/near private drive,02-Thru lane,01-Clear,"08-Dark, artificial",INTERSECTION,
3961,07-114238,20070909,OTTAWA ST S @ INTERNATIONAL PL / WILDERNESS DR,01-Non intersection,02-Thru lane,02-Rain,01-Daylight,INTERSECTION,
3962,07-104653,20070820,AHRENS ST W @ WELLINGTON ST N,03-At intersection,01-Within intersection,01-Clear,01-Daylight,INTERSECTION,
3963,07-084418,20070710,GLASGOW ST @ BELMONT AVE W,02-Intersection related,02-Thru lane,01-Clear,01-Daylight,INTERSECTION,
3964,07-138612,20071024,GLASGOW ST @ BELMONT AVE W,03-At intersection,01-Within intersection,01-Clear,01-Daylight,INTERSECTION,
3965,07-151079,20071123,PAULANDER DR @ LAWRENCE AVE,,,,,INTERSECTION,
3966,07-159372,20071214,GREEN VALLEY DR @ PIONEER DR,03-At intersection,01-Within intersection,01-Clear,01-Daylight,INTERSECTION,
3967,07-156052,20071207,RIVER RD E @ MORGAN AVE,04-At/near private drive,02-Thru lane,01-Clear,"08-Dark, artificial",INTERSECTION,