OBJECTID,ACCIDENTNUM,ACCIDENTDATE,LOCATION,ACCIDENT_LOCATION,IMPACT_LOCATION,ENVIRONMENT_CONDITION,LIGHT,COLLISION_TYPE,TRAFFICCOLLISIONSID
3968,07-030250,20070315,HETT AVE @ BLUCHER ST,01-Non intersection,02-Thru lane,01-Clear,01-Daylight,INTERSECTION,
3969,07-026962,20070306,ACTIVA AVE @ HACKBERRY ST / GREY FOX DR,04-At/near private drive,02-Thru lane,01-Clear,01-Daylight,INTERSECTION,
3970,07-035626,20070328,HIGHLAND RD E @ MAUSSER AVE,04-At/near private drive,02-Thru lane,01-Clear,01-Daylight,INTERSECTION,
3971,07-040941,20070410,RIVER RD E @ FREDERICK ST,03-At intersection,01-Within intersection,03-Snow,03-Dawn,INTERSECTION,
3972,07-039540,20070406,HOMER WATSON BLVD @ HOFFMAN ST,02-Intersection related,02-Thru lane,01-Clear,01-Daylight,INTERSECTION,
3973,07-018103,20070215,BLACKWELL DR @ LANARK CRES,02-Intersection related,01-Within intersection,01-Clear,01-Daylight,INTERSECTION,
3974,07-015583,20070209,GUELPH ST @ ST LEGER ST,02-Intersection related,02-Thru lane,01-Clear,01-Daylight,INTERSECTION,
3975,07-015522,20070209,STIRLING AVE S @ PLEASANT AVE,01-Non intersection,02-Thru lane,03-Snow,"08-Dark, artificial",INTERSECTION,
3976,07-013663,20070204,DIXON ST @ ECKERT ST,02-Intersection related,03-Left turn lane,03-Snow,01-Daylight,INTERSECTION,
3977,07-015251,20070208,ROLLING MEADOWS DR @ NEWBURY DR,04-At/near private drive,02-Thru lane,03-Snow,01-Daylight,INTERSECTION,
3978,07-131054,20071013,STIRLING AVE S @ KING ST E / STIRLING AVE N,02-Intersection related,01-Within intersection,01-Clear,01-Daylight,INTERSECTION,
3979,07-143254,20071108,BELMONT AVE W @ GAGE AVE,03-At intersection,01-Within intersection,03-Snow,01-Daylight,INTERSECTION,
3980,07-143579,20071109,KING ST E @ QUEEN ST N,01-Non intersection,09-Right shoulder,01-Clear,01-Daylight,INTERSECTION,
3981,07-118508,20070918,PARK ST @ VICTORIA ST S,01-Non intersection,02-Thru lane,01-Clear,01-Daylight,INTERSECTION,
3982,07-017572,20070214,DUMFRIES AVE @ KRUG ST,01-Non intersection,02-Thru lane,03-Snow,01-Daylight,INTERSECTION,
3983,07-061978,20070526,BLOCK LINE RD @ STRASBURG RD,02-Intersection related,02-Thru lane,02-Rain,01-Daylight,INTERSECTION,
3984,07-054279,20070510,STIRLING AVE S @ PLEASANT AVE,02-Intersection related,12-Off highway,02-Rain,"02-Daylight, artificial",INTERSECTION,
3985,07-055977,20070513,HARTWOOD AVE @ ELLIS AVE,01-Non intersection,02-Thru lane,01-Clear,01-Daylight,INTERSECTION,
3986,07-020860,20070221,DOON VALLEY DR @ CONESTOGA COLLEGE BLVD,02-Intersection related,02-Thru lane,01-Clear,05-Dusk,INTERSECTION,
3987,07-023171,20070227,TRILLIUM DR @ ADAM FERRIE PL,04-At/near private drive,02-Thru lane,"07-Fog, mist, smoke, dust",01-Daylight,INTERSECTION,
3988,07-018297,20070214,STIRLING AVE S @ KING ST E / STIRLING AVE N,01-Non intersection,02-Thru lane,01-Clear,01-Daylight,INTERSECTION,
3989,07-017796,20070214,MT HOPE ST @ PARK ST,03-At intersection,02-Thru lane,01-Clear,01-Daylight,INTERSECTION,
3990,07-021698,20070223,ACTIVA AVE @ BRIDLEWREATH ST,03-At intersection,02-Thru lane,01-Clear,01-Daylight,INTERSECTION,
3991,07-025293,20070303,KING ST W @ ONTARIO ST S / ONTARIO ST N,01-Non intersection,02-Thru lane,01-Clear,07-Dark,INTERSECTION,
3992,07-026322,20070306,ROLLING MEADOWS DR @ WESTVIEW CRES,02-Intersection related,02-Thru lane,01-Clear,01-Daylight,INTERSECTION,
3993,07-027005,20070307,WATERLOO ST @ WELLINGTON ST N,03-At intersection,01-Within intersection,01-Clear,"08-Dark, artificial",INTERSECTION,
3994,07-118994,20070919,SPORTSWORLD DR @ GATEWAY PARK DR / HELDMANN RD,04-At/near private drive,02-Thru lane,01-Clear,01-Daylight,INTERSECTION,
3995,07-115399,20070910,PARK ST @ VICTORIA ST S,01-Non intersection,02-Thru lane,01-Clear,01-Daylight,INTERSECTION,
3996,07-139219,20071030,COUNTRY HILL DR @ BLOCK LINE RD,03-At intersection,01-Within intersection,01-Clear,01-Daylight,INTERSECTION,
3997,07-015604,20070209,DOON VALLEY DR @ CONESTOGA COLLEGE BLVD,03-At intersection,01-Within intersection,01-Clear,01-Daylight,INTERSECTION,
3998,07-016603,20070211,CEDAR ST S @ CHURCH ST,02-Intersection related,01-Within intersection,01-Clear,01-Daylight,INTERSECTION,
3999,07-014007,20070205,MARGARET AVE @ LOUISA ST,04-At/near private drive,11-Not on roadway - right side,01-Clear,01-Daylight,INTERSECTION,
4000,07-022812,20070225,BANKSIDE DR @ BANKSIDE CRES,04-At/near private drive,02-Thru lane,03-Snow,07-Dark,INTERSECTION,
4001,07-019889,20070219,BELMONT AVE W @ GAGE AVE,03-At intersection,01-Within intersection,01-Clear,01-Daylight,INTERSECTION,
4002,07-017853,20070214,RIVER RD E @ LORRAINE AVE,02-Intersection related,03-Left turn lane,01-Clear,"08-Dark, artificial",INTERSECTION,
4003,07-015981,20070210,WELLINGTON ST N @ MARGARET AVE,03-At intersection,01-Within intersection,01-Clear,"08-Dark, artificial",INTERSECTION,
4004,07-019470,20070218,KING ST W @ COLLEGE ST,01-Non intersection,09-Right shoulder,01-Clear,01-Daylight,INTERSECTION,
4005,07-019974,20070219,ARDELT AVE @ HANSON AVE,10-Parking lot,12-Off highway,01-Clear,01-Daylight,INTERSECTION,
4006,07-014049,20070205,FISCHER HALLMAN RD @ PLAINS RD,01-Non intersection,02-Thru lane,05-Drifting Snow,01-Daylight,INTERSECTION,
4007,07-008550,20070117,DUKE ST E @ EBY ST N,01-Non intersection,02-Thru lane,01-Clear,01-Daylight,INTERSECTION,
4008,07-012406,20070201,KINGSWOOD DR @ GRACEFIELD CRES,02-Intersection related,02-Thru lane,01-Clear,01-Daylight,INTERSECTION,
4009,07-012998,20070201,HOMER WATSON BLVD @ MANITOU DR / DOON VILLAGE RD,01-Non intersection,02-Thru lane,01-Clear,"06-Dusk, artificial",INTERSECTION,
4010,07-129722,20071010,FRANKLIN ST N @ WEBER ST E,04-At/near private drive,02-Thru lane,02-Rain,01-Daylight,INTERSECTION,
4011,07-115797,20070912,DUKE ST W @ FRANCIS ST N,01-Non intersection,02-Thru lane,01-Clear,01-Daylight,INTERSECTION,
4012,07-005684,20070115,PATRICIA AVE @ QUEENS BLVD,02-Intersection related,02-Thru lane,03-Snow,01-Daylight,INTERSECTION,
4013,07-013951,20070205,RIVER RD E @ FAIRWAY RD N,01-Non intersection,10-Not on roadway - left side,01-Clear,01-Daylight,INTERSECTION,
4014,07-021348,20070222,KING ST W @ GAUKEL ST,02-Intersection related,02-Thru lane,03-Snow,"08-Dark, artificial",INTERSECTION,
4015,07-020385,20070220,KING ST E @ QUEEN ST N,02-Intersection related,01-Within intersection,01-Clear,01-Daylight,INTERSECTION,
4016,07-013969,20070205,KINZIE AVE @ RIVER RD E,02-Intersection related,02-Thru lane,01-Clear,01-Daylight,INTERSECTION,
4017,07-030890,20070316,DODGE DR @ GROH DR,03-At intersection,01-Within intersection,03-Snow,07-Dark,INTERSECTION,
4018,07-007042,20070118,MANCHESTER RD @ RIVER RD E,03-At intersection,01-Within intersection,03-Snow,07-Dark,INTERSECTION,
4019,07-006111,20070116,STIRLING AVE S @ HIGHLAND RD E,02-Intersection related,02-Thru lane,01-Clear,01-Daylight,INTERSECTION,
4020,07-083746,20070708,GLASGOW ST @ PARK ST,02-Intersection related,02-Thru lane,01-Clear,01-Daylight,INTERSECTION,
4021,06-040304,20060404,MCBRINE PL @ MCBRINE DR,03-At intersection,01-Within intersection,03-Snow,01-Daylight,INTERSECTION,
4022,06-044445,20060413,QUEEN ST N @ DUKE ST E / DUKE ST W,03-At intersection,02-Thru lane,01-Clear,"06-Dusk, artificial",INTERSECTION,
4023,06-055269,20060506,EBY ST S @ EBY ST N / KING ST E,03-At intersection,01-Within intersection,02-Rain,"08-Dark, artificial",INTERSECTION,
4024,06-056292,20060508,SCOTT ST @ DUKE ST E,02-Intersection related,02-Thru lane,01-Clear,01-Daylight,INTERSECTION,
4025,06-003479,20060106,BENESFORT DR @ BENESFORT CRES,04-At/near private drive,02-Thru lane,01-Clear,"08-Dark, artificial",INTERSECTION,
4026,06-013294,20060101,MT HOPE ST @ PARK ST,03-At intersection,01-Within intersection,01-Clear,01-Daylight,INTERSECTION,
4027,06-011118,20060126,QUEENS BLVD @ BLUERIDGE AVE,02-Intersection related,02-Thru lane,01-Clear,01-Daylight,INTERSECTION,
4028,06-059629,20060515,QUEENS BLVD @ BELMONT AVE W / BELMONT AVE E,02-Intersection related,02-Thru lane,01-Clear,01-Daylight,INTERSECTION,
4029,06-164117,20061222,WILSON AVE @ WEBSTER RD,02-Intersection related,01-Within intersection,02-Rain,"08-Dark, artificial",INTERSECTION,
4030,06-131788,20061009,STIRLING AVE S @ MILL ST,03-At intersection,01-Within intersection,01-Clear,01-Daylight,INTERSECTION,
4031,06-139708,20061027,TRILLIUM DR @ BEASLEY DR,03-At intersection,02-Thru lane,02-Rain,01-Daylight,INTERSECTION,
4032,06-012544,20060130,KING ST E @ DANE ST,04-At/near private drive,09-Right shoulder,01-Clear,01-Daylight,INTERSECTION,
4033,06-007909,20060119,WILSON AVE @ WEBSTER RD,02-Intersection related,02-Thru lane,04-Freezing Rain,"04-Dawn, artificial",INTERSECTION,
4034,06-132559,20061012,HOMER WATSON BLVD @ HANSON AVE,04-At/near private drive,02-Thru lane,01-Clear,01-Daylight,INTERSECTION,
4035,06-128067,20061002,KRUG ST @ RIVER RD E,03-At intersection,02-Thru lane,01-Clear,01-Daylight,INTERSECTION,
4036,06-156528,20061204,STIRLING AVE S @ PLEASANT AVE,03-At intersection,01-Within intersection,02-Rain,07-Dark,INTERSECTION,
4037,06-156268,20061204,HAZELGLEN DR @ CHOPIN DR,01-Non intersection,11-Not on roadway - right side,01-Clear,01-Daylight,INTERSECTION,
4038,06-161409,20061215,MORGAN AVE @ PEPPERWOOD CRES,01-Non intersection,11-Not on roadway - right side,01-Clear,07-Dark,INTERSECTION,
4039,06-155115,20061201,GUELPH ST @ ST LEGER ST,03-At intersection,01-Within intersection,01-Clear,07-Dark,INTERSECTION,
4040,06-039703,20060401,DIXON ST @ PLYMOUTH RD,01-Non intersection,11-Not on roadway - right side,01-Clear,01-Daylight,INTERSECTION,
4041,06-031363,20060310,MCGARRY DR @ ELM RIDGE DR,03-At intersection,02-Thru lane,01-Clear,01-Daylight,INTERSECTION,
4042,06-042026,20060408,LANCASTER ST E @ KRUG ST / CEDAR ST N,03-At intersection,02-Thru lane,01-Clear,"02-Daylight, artificial",INTERSECTION,
4043,06-042006,20060407,OTTAWA ST N @ RIVER RD E,04-At/near private drive,02-Thru lane,01-Clear,07-Dark,INTERSECTION,
4044,06-017743,20060211,KING ST W @ ONTARIO ST S / ONTARIO ST N,01-Non intersection,02-Thru lane,01-Clear,01-Daylight,INTERSECTION,
4045,06-058570,20060512,DUKE ST W @ BREITHAUPT ST,03-At intersection,01-Within intersection,01-Clear,01-Daylight,INTERSECTION,
4046,06-048833,20060422,QUEEN ST S @ COURTLAND AVE W,01-Non intersection,02-Thru lane,02-Rain,01-Daylight,INTERSECTION,
4047,06-059447,20060514,DAIMLER DR @ OLD CHICOPEE DR,01-Non intersection,02-Thru lane,01-Clear,"08-Dark, artificial",INTERSECTION,
4048,06-054033,20060503,PARK ST @ GREEN ST,02-Intersection related,04-Right turn lane,01-Clear,01-Daylight,INTERSECTION,
4049,06-059980,20060516,WILSON AVE @ WEBSTER RD,01-Non intersection,02-Thru lane,02-Rain,01-Daylight,INTERSECTION,
4050,06-131231,20061009,PARK ST @ VICTORIA ST S,01-Non intersection,02-Thru lane,01-Clear,01-Daylight,INTERSECTION,
4051,06-132502,20061010,HANSON AVE @ HAYWARD AVE,01-Non intersection,02-Thru lane,01-Clear,01-Daylight,INTERSECTION,
4052,06-058285,20060512,WILDERNESS DR @ BUSH CLOVER CRES / ACTIVA AVE,04-At/near private drive,02-Thru lane,02-Rain,01-Daylight,INTERSECTION,
4053,06-142963,20061104,WEBER ST E @ KINZIE AVE,04-At/near private drive,02-Thru lane,01-Clear,01-Daylight,INTERSECTION,
4054,06-142414,20061103,HURON RD @ WOODBINE AVE,03-At intersection,01-Within intersection,01-Clear,01-Daylight,INTERSECTION,
4055,06-144320,20061103,WESTHEIGHTS DR @ MCGARRY DR,03-At intersection,02-Thru lane,01-Clear,"08-Dark, artificial",INTERSECTION,
4056,06-144090,20061106,STRASBURG RD @ HURON RD,01-Non intersection,02-Thru lane,01-Clear,07-Dark,INTERSECTION,
4057,06-128316,20061002,LANCASTER ST E @ IRVIN ST / BRUBACHER ST,04-At/near private drive,02-Thru lane,01-Clear,07-Dark,INTERSECTION,
4058,06-127575,20061001,OVERLEA DR @ KELLY DR,04-At/near private drive,02-Thru lane,01-Clear,01-Daylight,INTERSECTION,
4059,06-115199,20060906,PARK ST @ CHERRY ST,03-At intersection,01-Within intersection,01-Clear,01-Daylight,INTERSECTION,
4060,06-110631,20060827,WILDERNESS DR @ MOUNTAIN MINT CRES / PINE MARTIN CRES,04-At/near private drive,09-Right shoulder,01-Clear,01-Daylight,INTERSECTION,
4061,06-140169,20061025,LAWRENCE AVE @ HIGHLAND RD W,04-At/near private drive,02-Thru lane,04-Freezing Rain,01-Daylight,INTERSECTION,
4062,06-059136,20060514,KINGSWAY DR @ GREENFIELD AVE,04-At/near private drive,02-Thru lane,01-Clear,01-Daylight,INTERSECTION,
4063,06-051658,20060428,BORDEN AVE S @ CHARLES ST E,04-At/near private drive,02-Thru lane,01-Clear,"06-Dusk, artificial",INTERSECTION,
4064,06-049828,20060424,GUELPH ST @ ST LEGER ST,03-At intersection,01-Within intersection,01-Clear,01-Daylight,INTERSECTION,
4065,06-119197,20060914,VICTORIA ST N @ RIVER RD E / RIVER RD W,04-At/near private drive,02-Thru lane,01-Clear,01-Daylight,INTERSECTION,
4066,06-117868,20060910,CLAREMONT AVE @ EARL ST,04-At/near private drive,02-Thru lane,01-Clear,01-Daylight,INTERSECTION,
4067,06-032509,20060317,EBY ST S @ HALLS LANE E,04-At/near private drive,02-Thru lane,01-Clear,01-Daylight,INTERSECTION,
4068,06-024185,20060227,ONTARIO ST N @ DUKE ST W,01-Non intersection,02-Thru lane,01-Clear,"06-Dusk, artificial",INTERSECTION,
4069,06-143004,20061104,MARGARET AVE @ FAIRFIELD AVE,04-At/near private drive,11-Not on roadway - right side,01-Clear,01-Daylight,INTERSECTION,
4070,06-156249,20061204,AHRENS ST W @ BREITHAUPT ST,99-Other,11-Not on roadway - right side,01-Clear,01-Daylight,INTERSECTION,
4071,06-161814,20061217,ONTARIO ST N @ DUKE ST W,98-Other,10-Not on roadway - left side,01-Clear,"02-Daylight, artificial",INTERSECTION,
4072,06-160876,20061215,CEDARWOODS CRES @ KINGSWAY DR,99-Other,12-Off highway,01-Clear,"08-Dark, artificial",INTERSECTION,
4073,06-160917,20061215,SAMUEL ST @ KRUG ST,03-At intersection,01-Within intersection,01-Clear,01-Daylight,INTERSECTION,
4074,06-030928,20060314,WEBER ST W @ WATER ST N,01-Non intersection,02-Thru lane,03-Snow,"08-Dark, artificial",INTERSECTION,
4075,06-061335,20060519,WOODHAVEN RD @ GREENFIELD AVE,03-At intersection,02-Thru lane,01-Clear,01-Daylight,INTERSECTION,
4076,06-054425,20060504,WILSON AVE @ FAIRWAY RD S,04-At/near private drive,02-Thru lane,01-Clear,01-Daylight,INTERSECTION,
4077,06-027097,20060306,ROSS AVE @ FRANKLIN ST N,03-At intersection,01-Within intersection,01-Clear,01-Daylight,INTERSECTION,
4078,06-120607,20060916,YORK ST @ GILDNER ST,04-At/near private drive,09-Right shoulder,01-Clear,07-Dark,INTERSECTION,
4079,06-028073,20060308,KING ST W @ ONTARIO ST S / ONTARIO ST N,01-Non intersection,02-Thru lane,01-Clear,01-Daylight,INTERSECTION,
4080,06-029847,20060311,KING ST E @ CAMERON ST S / CAMERON ST N,04-At/near private drive,12-Off highway,01-Clear,01-Daylight,INTERSECTION,
4081,06-037927,20060330,PARK ST @ STEWART ST,01-Non intersection,01-Within intersection,01-Clear,01-Daylight,INTERSECTION,
4082,06-036082,20060326,BLACKWELL DR @ MONTANA CRES,04-At/near private drive,02-Thru lane,01-Clear,01-Daylight,INTERSECTION,
4083,06-056470,20060508,DUKE ST W @ BREITHAUPT ST,03-At intersection,01-Within intersection,01-Clear,01-Daylight,INTERSECTION,
4084,06-115822,20060906,PARK ST @ VICTORIA ST S,04-At/near private drive,02-Thru lane,01-Clear,01-Daylight,INTERSECTION,
4085,06-160642,20061214,KING ST E @ FREDERICK ST / BENTON ST,01-Non intersection,03-Left turn lane,01-Clear,01-Daylight,INTERSECTION,
4086,06-158099,20061208,MADISON AVE N @ KING ST E / MADISON AVE S,01-Non intersection,02-Thru lane,01-Clear,01-Daylight,INTERSECTION,
4087,06-057675,20060511,RIVER RD E @ HOLBORN DR,03-At intersection,01-Within intersection,02-Rain,01-Daylight,INTERSECTION,
4088,06-142913,20061103,RUTHERFORD DR @ KINZIE AVE,03-At intersection,02-Thru lane,01-Clear,01-Daylight,INTERSECTION,
4089,06-127370,20060930,DOON MILLS DR @ TILT DR,01-Non intersection,02-Thru lane,01-Clear,01-Daylight,INTERSECTION,
4090,06-116762,20060909,KEEWATIN AVE @ GLENCLIFFE CRT,01-Non intersection,02-Thru lane,01-Clear,01-Daylight,INTERSECTION,
4091,06-118033,20060912,STIRLING AVE S @ GREENBROOK DR,02-Intersection related,02-Thru lane,02-Rain,01-Daylight,INTERSECTION,
4092,06-161507,20061215,OTTAWA ST N @ RIVER RD E,04-At/near private drive,02-Thru lane,01-Clear,01-Daylight,INTERSECTION,
4093,06-120432,20060916,WINDFLOWER DR @ FOXGLOVE CRES,01-Non intersection,02-Thru lane,01-Clear,01-Daylight,INTERSECTION,
4094,06-113823,20060903,CONNAUGHT ST @ EIGHTH AVE,03-At intersection,01-Within intersection,01-Clear,01-Daylight,INTERSECTION,
4095,06-111077,20060828,DEER RIDGE DR @ TERRACE WOOD DR,04-At/near private drive,09-Right shoulder,01-Clear,01-Daylight,INTERSECTION,
4096,06-115404,20060906,MARINA RD @ GLASGOW ST,01-Non intersection,02-Thru lane,01-Clear,01-Daylight,INTERSECTION,
4097,06-107378,20060821,MILL ST @ HEIMAN ST,03-At intersection,01-Within intersection,01-Clear,01-Daylight,INTERSECTION,
4098,06-032659,20060318,KING ST W @ WATER ST N / WATER ST S,04-At/near private drive,02-Thru lane,01-Clear,01-Daylight,INTERSECTION,
4099,06-038070,20060329,QUEEN ST S @ JOSEPH ST,03-At intersection,02-Thru lane,01-Clear,01-Daylight,INTERSECTION,
4100,06-036285,20060326,INDIAN RD @ MCGEE AVE,01-Non intersection,11-Not on roadway - right side,01-Clear,01-Daylight,INTERSECTION,
4101,06-037112,20060328,COMMONWEALTH CRES @ ISABELLA ST,04-At/near private drive,09-Right shoulder,01-Clear,01-Daylight,INTERSECTION,
4102,06-035680,20060325,QUEEN ST S @ JOSEPH ST,02-Intersection related,02-Thru lane,02-Rain,01-Daylight,INTERSECTION,
4103,06-048291,20060421,QUEEN ST S @ JOSEPH ST,03-At intersection,01-Within intersection,02-Rain,01-Daylight,INTERSECTION,
4104,06-052445,20060430,STIRLING AVE S @ MILL ST,03-At intersection,01-Within intersection,01-Clear,01-Daylight,INTERSECTION,
4105,06-051449,20060428,KING ST W @ ONTARIO ST S / ONTARIO ST N,02-Intersection related,02-Thru lane,01-Clear,01-Daylight,INTERSECTION,
4106,06-007838,20060118,STIRLING AVE S @ GREENBROOK DR,02-Intersection related,02-Thru lane,01-Clear,01-Daylight,INTERSECTION,
4107,06-007804,20060119,COUNTRY HILL DR @ BLOCK LINE RD,02-Intersection related,02-Thru lane,01-Clear,01-Daylight,INTERSECTION,
4108,06-057349,20060508,GLASGOW ST @ BELMONT AVE W,04-At/near private drive,03-Left turn lane,01-Clear,01-Daylight,INTERSECTION,
4109,06-154129,20061129,STIRLING AVE S @ MILL ST,02-Intersection related,02-Thru lane,02-Rain,"08-Dark, artificial",INTERSECTION,
4110,06-154570,20061130,OLD COUNTRY DR @ STRASBURG RD,03-At intersection,02-Thru lane,02-Rain,01-Daylight,INTERSECTION,
4111,06-157192,20061206,QUEENS BLVD @ BELMONT AVE W / BELMONT AVE E,03-At intersection,01-Within intersection,03-Snow,01-Daylight,INTERSECTION,
4112,06-007997,20060118,SCOTT ST @ DUKE ST E,02-Intersection related,02-Thru lane,04-Freezing Rain,01-Daylight,INTERSECTION,
4113,06-157995,20061208,HIGHLAND RD E @ DELAWARE AVE,03-At intersection,02-Thru lane,01-Clear,01-Daylight,INTERSECTION,
4114,06-111016,20060825,SHANLEY ST @ WATERLOO ST,04-At/near private drive,02-Thru lane,01-Clear,01-Daylight,INTERSECTION,
4115,06-164800,20061224,EAST AVE @ KRUG ST,01-Non intersection,10-Not on roadway - left side,01-Clear,07-Dark,INTERSECTION,
4116,06-157933,20061208,HERITAGE DR @ OAKHURST CRES,03-At intersection,02-Thru lane,01-Clear,01-Daylight,INTERSECTION,
4117,06-164982,20061224,LORRAINE AVE @ MONTCALM DR,02-Intersection related,01-Within intersection,01-Clear,"08-Dark, artificial",INTERSECTION,
4118,06-036198,20060326,EAST AVE @ KRUG ST,03-At intersection,01-Within intersection,01-Clear,01-Daylight,INTERSECTION,
4119,06-034676,20060319,TU LANE ST @ KING ST E,01-Non intersection,02-Thru lane,01-Clear,01-Daylight,INTERSECTION,
4120,06-037733,20060326,GLEN RD @ PLEASANT AVE,04-At/near private drive,02-Thru lane,01-Clear,01-Daylight,INTERSECTION,
4121,06-039955,20060403,UNION BLVD @ PARK ST,01-Non intersection,02-Thru lane,02-Rain,01-Daylight,INTERSECTION,
4122,07-090187,20070722,JUBILEE DR @ DAVID ST / COURTLAND AVE W,02-Intersection related,02-Thru lane,01-Clear,01-Daylight,INTERSECTION,
4123,07-088532,20070718,ACTIVA AVE @ SNOWDROP CRES,01-Non intersection,02-Thru lane,01-Clear,"08-Dark, artificial",INTERSECTION,
4124,07-117662,20070916,GOODRICH DR @ WILSON AVE,02-Intersection related,09-Right shoulder,01-Clear,01-Daylight,INTERSECTION,
4125,07-123373,20070927,PINE ST @ MARY ST,01-Non intersection,09-Right shoulder,01-Clear,07-Dark,INTERSECTION,
4126,07-152894,20071130,PATRICIA AVE @ QUEENS BLVD,01-Non intersection,02-Thru lane,01-Clear,01-Daylight,INTERSECTION,
4127,07-146590,20071116,GLASGOW ST @ EDEN AVE,05-At railway crossing,11-Not on roadway - right side,01-Clear,"08-Dark, artificial",INTERSECTION,
4128,07-119383,20070920,SADDLEWOOD DR @ THOMAS SLEE DR / PEARWOOD CRT,04-At/near private drive,02-Thru lane,01-Clear,01-Daylight,INTERSECTION,
4129,07-113694,20070908,COUNTRY HILL DR @ CEDARHILL CRES,02-Intersection related,01-Within intersection,01-Clear,01-Daylight,INTERSECTION,
4130,07-080640,20070702,WEBER ST E @ SIMEON ST,03-At intersection,11-Not on roadway - right side,01-Clear,01-Daylight,INTERSECTION,
4131,07-157781,20071211,CHARLES ST E @ MADISON AVE S,01-Non intersection,08-Left shoulder,04-Freezing Rain,07-Dark,INTERSECTION,
4132,06-009041,20060121,WAVERLY RD @ STRANGE ST,01-Non intersection,12-Off highway,01-Clear,,INTERSECTION,
4133,06-022365,20060223,BORDEN AVE N @ KING ST E / BORDEN AVE S,03-At intersection,01-Within intersection,01-Clear,01-Daylight,INTERSECTION,
4134,06-020748,20060218,KING ST E @ QUEEN ST N,02-Intersection related,02-Thru lane,01-Clear,01-Daylight,INTERSECTION,
4135,07-161726,20071220,ST LEGER ST @ BLUCHER ST / BLUCHER BLVD,03-At intersection,01-Within intersection,01-Clear,05-Dusk,INTERSECTION,
4136,07-161284,20071219,SPADINA RD E @ QUEENS BLVD / SPADINA RD W,03-At intersection,01-Within intersection,01-Clear,"08-Dark, artificial",INTERSECTION,
4137,07-082637,20070706,KING ST W @ ONTARIO ST S / ONTARIO ST N,01-Non intersection,02-Thru lane,01-Clear,01-Daylight,INTERSECTION,
4138,07-098954,20070807,QUEENS BLVD @ BELMONT AVE W / BELMONT AVE E,02-Intersection related,02-Thru lane,01-Clear,01-Daylight,INTERSECTION,
4139,07-160973,20071219,ANVIL ST @ DOON VILLAGE RD,01-Non intersection,12-Off highway,01-Clear,"08-Dark, artificial",INTERSECTION,
4140,07-126417,20071004,SPORTSWORLD DR @ GATEWAY PARK DR / HELDMANN RD,01-Non intersection,04-Right turn lane,01-Clear,01-Daylight,INTERSECTION,
4141,07-123487,20070928,STECKLE PL @ TRILLIUM DR,01-Non intersection,02-Thru lane,01-Clear,01-Daylight,INTERSECTION,
4142,07-083208,20070707,HOMER WATSON BLVD @ HOFFMAN ST,02-Intersection related,10-Not on roadway - left side,01-Clear,01-Daylight,INTERSECTION,
4143,07-143851,20071109,RIVERBANK DR @ KING ST E,04-At/near private drive,10-Not on roadway - left side,02-Rain,07-Dark,INTERSECTION,
4144,06-023832,20060226,GLASGOW ST @ PARK ST,02-Intersection related,02-Thru lane,03-Snow,"08-Dark, artificial",INTERSECTION,
4145,07-098423,20070808,KING ST E @ QUEEN ST N,01-Non intersection,02-Thru lane,01-Clear,01-Daylight,INTERSECTION,
4146,07-093518,20070729,STRASBURG RD @ BARWOOD CRES,03-At intersection,01-Within intersection,01-Clear,01-Daylight,INTERSECTION,
4147,07-160529,20071218,MAX BECKER DR @ ISABELLA ST,02-Intersection related,02-Thru lane,01-Clear,01-Daylight,INTERSECTION,
4148,07-158888,20071214,SHANLEY ST @ WATERLOO ST,02-Intersection related,10-Not on roadway - left side,01-Clear,01-Daylight,INTERSECTION,
4149,07-108316,20070828,ONTARIO ST N @ DUKE ST W,02-Intersection related,02-Thru lane,01-Clear,01-Daylight,INTERSECTION,
4150,07-108142,20070827,BLOCK LINE RD @ STRASBURG RD,03-At intersection,02-Thru lane,01-Clear,01-Daylight,INTERSECTION,
4151,07-104314,20070820,DEVON ST @ JUBILEE DR / PARK ST,01-Non intersection,02-Thru lane,01-Clear,01-Daylight,INTERSECTION,
4152,07-098499,20070802,WILSON AVE @ KINGSWAY DR,02-Intersection related,02-Thru lane,02-Rain,01-Daylight,INTERSECTION,
4153,06-007481,20060118,LAWRENCE AVE @ KARN ST,02-Intersection related,02-Thru lane,03-Snow,01-Daylight,INTERSECTION,
4154,06-021256,20060220,QUEENS BLVD @ BELMONT AVE W / BELMONT AVE E,03-At intersection,01-Within intersection,01-Clear,01-Daylight,INTERSECTION,
4155,06-014597,20060204,STRASBURG RD @ HURON RD,03-At intersection,01-Within intersection,03-Snow,01-Daylight,INTERSECTION,
4156,06-015171,20060205,VANIER DR @ SIEBERT AVE,03-At intersection,02-Thru lane,03-Snow,01-Daylight,INTERSECTION,