OBJECTID,ACCIDENTNUM,ACCIDENTDATE,LOCATION,ACCIDENT_LOCATION,IMPACT_LOCATION,ENVIRONMENT_CONDITION,LIGHT,COLLISION_TYPE,TRAFFICCOLLISIONSID
4157,07-161702,20071220,QUEENS BLVD @ ELM RIDGE DR,01-Non intersection,02-Thru lane,01-Clear,01-Daylight,INTERSECTION,
4158,07-154686,20071204,WILHELM ST @ AHRENS ST W,02-Intersection related,01-Within intersection,03-Snow,01-Daylight,INTERSECTION,
4159,07-103369,20070718,KINZIE AVE @ RIVER RD E,03-At intersection,01-Within intersection,01-Clear,01-Daylight,INTERSECTION,
4160,07-096538,20070804,WATER ST N @ DUKE ST W,03-At intersection,01-Within intersection,01-Clear,01-Daylight,INTERSECTION,
4161,07-100342,20070812,QUEENS BLVD @ ELM RIDGE DR,03-At intersection,10-Not on roadway - left side,01-Clear,"08-Dark, artificial",INTERSECTION,
4162,07-042332,20070413,FREDERICK ST @ LANCASTER ST E / ELLEN ST E,01-Non intersection,02-Thru lane,01-Clear,01-Daylight,INTERSECTION,
4163,07-112016,20070905,SCENIC WOOD CRES @ THALER AVE / FERGUS AVE,01-Non intersection,02-Thru lane,01-Clear,01-Daylight,INTERSECTION,
4164,06-007436,20060118,SCOTT ST @ SPETZ ST,03-At intersection,02-Thru lane,03-Snow,01-Daylight,INTERSECTION,
4165,06-015310,20060205,GOODRICH DR @ WILSON AVE,04-At/near private drive,10-Not on roadway - left side,03-Snow,"08-Dark, artificial",INTERSECTION,
4166,05-106028,20060930,MCGARRY DR @ PINEHURST CRES,01-Non intersection,02-Thru lane,01-Clear,01-Daylight,INTERSECTION,
4167,07-068333,20070608,FIRST AVE @ KINGSWAY DR / SECOND AVE,03-At intersection,01-Within intersection,01-Clear,01-Daylight,INTERSECTION,
4168,07-007950,20070120,DEVON ST @ JUBILEE DR / PARK ST,02-Intersection related,02-Thru lane,05-Drifting Snow,"08-Dark, artificial",INTERSECTION,
4169,07-163570,20071224,DEVON ST @ JUBILEE DR / PARK ST,01-Non intersection,02-Thru lane,01-Clear,"08-Dark, artificial",INTERSECTION,
4170,07-106053,20070824,CHURCH ST @ MADISON AVE S,02-Intersection related,11-Not on roadway - right side,01-Clear,01-Daylight,INTERSECTION,
4171,07-108735,20070828,BELMONT AVE W @ KARN ST,03-At intersection,01-Within intersection,01-Clear,01-Daylight,INTERSECTION,
4172,07-066070,20070602,WESTFOREST TRAIL @ HIDDEN CREEK DR,01-Non intersection,09-Right shoulder,01-Clear,07-Dark,INTERSECTION,
4173,07-109169,20070830,OTTAWA ST S @ STRASBURG RD,04-At/near private drive,02-Thru lane,01-Clear,01-Daylight,INTERSECTION,
4174,07-104560,20070821,HURON RD @ MILL PARK DR / WILSON AVE,01-Non intersection,09-Right shoulder,01-Clear,"08-Dark, artificial",INTERSECTION,
4175,07-163352,20071224,WESTHEIGHTS DR @ WINDING WAY,01-Non intersection,02-Thru lane,03-Snow,01-Daylight,INTERSECTION,
4176,07-149658,20071123,BELMONT AVE W @ GAGE AVE,03-At intersection,02-Thru lane,01-Clear,01-Daylight,INTERSECTION,
4177,07-158126,20071211,MCKENZIE AVE @ SHELDON AVE N,04-At/near private drive,02-Thru lane,01-Clear,01-Daylight,INTERSECTION,
4178,07-154096,20071203,ROLLING MEADOWS DR @ DRIFTWOOD DR,03-At intersection,01-Within intersection,01-Clear,01-Daylight,INTERSECTION,
4179,07-098447,20070808,CHARLES ST E @ SYDNEY ST S,03-At intersection,01-Within intersection,01-Clear,01-Daylight,INTERSECTION,
4180,06-010118,20060124,MAUSSER AVE @ LORNE AVE,03-At intersection,01-Within intersection,03-Snow,07-Dark,INTERSECTION,
4181,06-022178,20060222,MT HOPE ST @ PARK ST,03-At intersection,01-Within intersection,01-Clear,01-Daylight,INTERSECTION,
4182,07-046824,20070423,ERINBROOK DR @ THE COUNTRY WAY,03-At intersection,01-Within intersection,01-Clear,01-Daylight,INTERSECTION,
4183,07-161484,20071220,JOSEPH ST @ VICTORIA ST S,01-Non intersection,02-Thru lane,01-Clear,01-Daylight,INTERSECTION,
4184,07-158182,20071212,FRANKLIN ST S @ GREENFIELD AVE,03-At intersection,01-Within intersection,01-Clear,"06-Dusk, artificial",INTERSECTION,
4185,07-111958,20070905,WESTHEIGHTS DR @ BLACKWELL DR,04-At/near private drive,02-Thru lane,01-Clear,01-Daylight,INTERSECTION,
4186,07-089678,20070721,GLASGOW ST @ UNIVERSITY AVE W,01-Non intersection,02-Thru lane,01-Clear,01-Daylight,INTERSECTION,
4187,07-158156,20071208,KING ST W @ COLLEGE ST,01-Non intersection,02-Thru lane,,01-Daylight,INTERSECTION,
4188,07-154293,20071203,QUEEN ST S @ CHARLES ST W / CHARLES ST E,01-Non intersection,02-Thru lane,03-Snow,01-Daylight,INTERSECTION,
4189,06-015050,20060205,SPADINA RD E @ MILL ST,02-Intersection related,02-Thru lane,03-Snow,01-Daylight,INTERSECTION,
4190,06-006395,20060115,HIGHLAND RD E @ RUBY ST,04-At/near private drive,02-Thru lane,01-Clear,07-Dark,INTERSECTION,
4191,07-027126,20070308,STANLEY AVE @ SCHWEITZER ST,01-Non intersection,02-Thru lane,01-Clear,01-Daylight,INTERSECTION,
4192,07-026773,20070307,UNION BLVD @ YORK ST,03-At intersection,01-Within intersection,01-Clear,01-Daylight,INTERSECTION,
4193,07-028340,20070310,PINEDALE DR @ WILLIAMSBURG RD,02-Intersection related,11-Not on roadway - right side,01-Clear,"08-Dark, artificial",INTERSECTION,
4194,07-099534,20070810,BELMONT AVE W @ GAGE AVE,03-At intersection,01-Within intersection,01-Clear,01-Daylight,INTERSECTION,
4195,07-117037,20070915,ROSENEATH CRES @ LAURENTIAN DR,01-Non intersection,02-Thru lane,01-Clear,01-Daylight,INTERSECTION,
4196,07-153835,20071202,DOON SOUTH DR @ DOON VILLAGE RD,03-At intersection,02-Thru lane,"07-Fog, mist, smoke, dust",01-Daylight,INTERSECTION,
4197,07-024882,20070303,CHANDLER DR @ STRASBURG RD,04-At/near private drive,11-Not on roadway - right side,03-Snow,"08-Dark, artificial",INTERSECTION,
4198,07-033277,20070323,HIGHVIEW DR @ OLD PARK LANE,01-Non intersection,11-Not on roadway - right side,01-Clear,"08-Dark, artificial",INTERSECTION,
4199,07-149283,20071122,HICKORY HEIGHTS CRES @ FOREST HILL DR,01-Non intersection,02-Thru lane,01-Clear,01-Daylight,INTERSECTION,
4200,07-165116,20071227,WESTHEIGHTS DR @ WINDING WAY,01-Non intersection,02-Thru lane,01-Clear,07-Dark,INTERSECTION,
4201,07-102849,20070817,WATERLOO ST @ WELLINGTON ST N,03-At intersection,01-Within intersection,01-Clear,01-Daylight,INTERSECTION,
4202,07-164709,20071228,OTTAWA ST S @ STRASBURG RD,04-At/near private drive,02-Thru lane,01-Clear,01-Daylight,INTERSECTION,
4203,07-070203,20070611,AMELIA ST @ COLTON CIR,04-At/near private drive,99-Other,01-Clear,01-Daylight,INTERSECTION,
4204,07-062929,20070528,SPORTSWORLD DR @ GATEWAY PARK DR / HELDMANN RD,04-At/near private drive,02-Thru lane,01-Clear,01-Daylight,INTERSECTION,
4205,07-088069,20070618,MAUSSER AVE @ STIRLING AVE S,03-At intersection,02-Thru lane,01-Clear,01-Daylight,INTERSECTION,
4206,07-077157,20070625,PROSPECT AVE @ WILFRED AVE,02-Intersection related,01-Within intersection,01-Clear,01-Daylight,INTERSECTION,
4207,07-074224,20070620,MCKENZIE AVE @ SHELDON AVE N,04-At/near private drive,12-Off highway,01-Clear,01-Daylight,INTERSECTION,
4208,07-068106,20070608,WESTFOREST TRAIL @ HIDDEN CREEK DR,01-Non intersection,02-Thru lane,01-Clear,,INTERSECTION,
4209,07-158197,20071212,OTTAWA ST N @ RIVER RD E,04-At/near private drive,04-Right turn lane,03-Snow,"08-Dark, artificial",INTERSECTION,
4210,06-023020,20060224,WILSON AVE @ FAIRWAY RD S,04-At/near private drive,02-Thru lane,01-Clear,07-Dark,INTERSECTION,
4211,06-022930,20060224,MORGAN AVE @ FAIRWAY RD N,01-Non intersection,02-Thru lane,01-Clear,01-Daylight,INTERSECTION,
4212,07-165959,20071231,PERTH RD @ PLEASANT AVE,03-At intersection,01-Within intersection,01-Clear,01-Daylight,INTERSECTION,
4213,07-154693,20071203,WABANAKI DR @ WILSON AVE,01-Non intersection,02-Thru lane,03-Snow,01-Daylight,INTERSECTION,
4214,07-106201,20070824,UNION BLVD @ PARK ST,03-At intersection,01-Within intersection,01-Clear,01-Daylight,INTERSECTION,
4215,07-148989,20071121,WESTHEIGHTS DR @ DRIFTWOOD DR,01-Non intersection,02-Thru lane,02-Rain,01-Daylight,INTERSECTION,
4216,07-153424,20071201,STRASBURG RD @ HURON RD,,,,,INTERSECTION,
4217,07-152401,20071129,FOUR SEASONS CRT @ COUNTRY HILL DR,04-At/near private drive,11-Not on roadway - right side,03-Snow,01-Daylight,INTERSECTION,
4218,07-152575,20071129,ORCHID CRES @ GREY FOX DR,01-Non intersection,02-Thru lane,03-Snow,07-Dark,INTERSECTION,
4219,06-023578,20060226,ACTIVA AVE @ MAX BECKER DR,01-Non intersection,11-Not on roadway - right side,05-Drifting Snow,"08-Dark, artificial",INTERSECTION,
4220,07-116764,20070914,GLASGOW ST @ PARK ST,03-At intersection,01-Within intersection,01-Clear,01-Daylight,INTERSECTION,
4221,07-118011,20070917,DOON SOUTH DR @ ROBERT FERRIE DR,02-Intersection related,02-Thru lane,01-Clear,01-Daylight,INTERSECTION,
4222,07-118935,20070919,MONTCALM DR @ INDIAN RD,03-At intersection,01-Within intersection,01-Clear,01-Daylight,INTERSECTION,
4223,07-084611,20070710,CONNAUGHT ST @ EIGHTH AVE,03-At intersection,01-Within intersection,01-Clear,01-Daylight,INTERSECTION,
4224,06-154383,20061130,PIPERS GREEN CRT @ ERINBROOK DR,04-At/near private drive,02-Thru lane,02-Rain,01-Daylight,INTERSECTION,
4225,06-147439,20061114,MAPLE AVE @ ARNOLD ST,04-At/near private drive,02-Thru lane,01-Clear,01-Daylight,INTERSECTION,
4226,06-156311,20061204,ROTHSAY AVE @ SMETANA DR,01-Non intersection,08-Left shoulder,01-Clear,01-Daylight,INTERSECTION,
4227,06-053985,20060503,BORDEN AVE S @ NYBERG ST,04-At/near private drive,11-Not on roadway - right side,01-Clear,01-Daylight,INTERSECTION,
4228,06-063175,20060523,YORK ST @ GILDNER ST,01-Non intersection,02-Thru lane,01-Clear,01-Daylight,INTERSECTION,
4229,06-082455,20060630,KING ST E @ QUEEN ST N,03-At intersection,01-Within intersection,01-Clear,"08-Dark, artificial",INTERSECTION,
4230,06-084182,20060704,HEIMAN ST @ HIGHLAND RD E,03-At intersection,01-Within intersection,01-Clear,01-Daylight,INTERSECTION,
4231,06-085550,20060707,STIRLING AVE S @ MILL ST,03-At intersection,01-Within intersection,01-Clear,01-Daylight,INTERSECTION,
4232,06-075413,20060617,CHARLES ST E @ PRESTON ST,03-At intersection,01-Within intersection,01-Clear,01-Daylight,INTERSECTION,
4233,06-055190,20060505,WILSON AVE @ KINGSWAY DR,02-Intersection related,03-Left turn lane,02-Rain,"08-Dark, artificial",INTERSECTION,
4234,06-054868,20060505,SHELDON AVE S @ CHARLES ST E,02-Intersection related,02-Thru lane,01-Clear,01-Daylight,INTERSECTION,
4235,06-056351,20060508,DUKE ST W @ BREITHAUPT ST,03-At intersection,01-Within intersection,01-Clear,01-Daylight,INTERSECTION,
4236,06-083045,20060702,SHANLEY ST @ DUKE ST W,04-At/near private drive,12-Off highway,01-Clear,07-Dark,INTERSECTION,
4237,06-048132,20060421,ST LEGER ST @ BLUCHER ST / BLUCHER BLVD,03-At intersection,01-Within intersection,01-Clear,01-Daylight,INTERSECTION,
4238,06-047924,20060419,AHRENS ST W @ BREITHAUPT ST,03-At intersection,01-Within intersection,01-Clear,"08-Dark, artificial",INTERSECTION,
4239,06-053516,20060502,WILSON AVE @ WEBSTER RD,01-Non intersection,02-Thru lane,01-Clear,01-Daylight,INTERSECTION,
4240,06-068190,20060602,WATER ST N @ DUKE ST W,03-At intersection,01-Within intersection,01-Clear,01-Daylight,INTERSECTION,
4241,06-081747,20060629,KING ST E @ SCOTT ST,01-Non intersection,02-Thru lane,01-Clear,01-Daylight,INTERSECTION,
4242,06-154414,20061130,ONTARIO ST N @ DUKE ST W,03-At intersection,99-Other,02-Rain,01-Daylight,INTERSECTION,
4243,06-155786,20061213,WILSON AVE @ KINGSWAY DR,03-At intersection,01-Within intersection,01-Clear,07-Dark,INTERSECTION,
4244,06-155798,20061203,BLOCK LINE RD @ STRASBURG RD,03-At intersection,01-Within intersection,01-Clear,"08-Dark, artificial",INTERSECTION,
4245,06-086275,20060708,DONNENWERTH DR @ ACTIVA AVE,01-Non intersection,02-Thru lane,01-Clear,01-Daylight,INTERSECTION,
4246,06-059572,20060515,QUEENS BLVD @ BELMONT AVE W / BELMONT AVE E,03-At intersection,01-Within intersection,01-Clear,01-Daylight,INTERSECTION,
4247,06-060494,20060517,WESTHEIGHTS DR @ DRIFTWOOD DR,03-At intersection,01-Within intersection,01-Clear,01-Daylight,INTERSECTION,
4248,06-095499,20060728,CONNAUGHT ST @ EIGHTH AVE,01-Non intersection,02-Thru lane,01-Clear,07-Dark,INTERSECTION,
4249,06-069359,20060604,FRANKLIN ST S @ KINGSWAY DR,03-At intersection,01-Within intersection,01-Clear,01-Daylight,INTERSECTION,
4250,06-068868,20060603,HOMER WATSON BLVD @ STIRLING AVE S,01-Non intersection,02-Thru lane,02-Rain,"08-Dark, artificial",INTERSECTION,
4251,06-070453,20060607,WOOLWICH ST @ SUNBRIDGE CRES,01-Non intersection,02-Thru lane,01-Clear,"08-Dark, artificial",INTERSECTION,
4252,06-166078,20061221,GLASGOW ST @ PARK ST,04-At/near private drive,02-Thru lane,01-Clear,"06-Dusk, artificial",INTERSECTION,
4253,06-127213,20061001,ACTIVA AVE @ MAX BECKER DR,01-Non intersection,02-Thru lane,01-Clear,"08-Dark, artificial",INTERSECTION,
4254,06-128252,20061003,EDEN AVE @ MT HOPE ST,04-At/near private drive,02-Thru lane,02-Rain,01-Daylight,INTERSECTION,
4255,06-124686,20060925,COUNTRY HILL DR @ OLD COUNTRY DR,04-At/near private drive,11-Not on roadway - right side,01-Clear,01-Daylight,INTERSECTION,
4256,06-125396,20060927,ST GEORGE ST @ PETER ST,03-At intersection,01-Within intersection,01-Clear,01-Daylight,INTERSECTION,
4257,06-079715,20060625,TRAYNOR AVE @ VANIER DR,03-At intersection,01-Within intersection,01-Clear,01-Daylight,INTERSECTION,
4258,06-080452,20060626,ALPINE RD @ FLINT DR,02-Intersection related,08-Left shoulder,01-Clear,"08-Dark, artificial",INTERSECTION,
4259,06-081815,20060629,QUEEN ST N @ LANCASTER ST W / LANCASTER ST E,02-Intersection related,02-Thru lane,01-Clear,01-Daylight,INTERSECTION,
4260,06-135657,20061019,HOLBORN DR @ OLD CHICOPEE DR,03-At intersection,01-Within intersection,02-Rain,01-Daylight,INTERSECTION,
4261,06-116782,20060909,RIVER RD E @ HOLBORN DR,03-At intersection,01-Within intersection,01-Clear,01-Daylight,INTERSECTION,
4262,06-092921,20060721,CHERRY ST @ STRANGE ST,01-Non intersection,02-Thru lane,01-Clear,01-Daylight,INTERSECTION,
4263,06-091479,20060719,KINGSWOOD DR @ STRASBURG RD,02-Intersection related,09-Right shoulder,01-Clear,01-Daylight,INTERSECTION,
4264,06-154182,20061129,QUEEN ST N @ MARGARET AVE / OTTO ST,03-At intersection,02-Thru lane,02-Rain,01-Daylight,INTERSECTION,
4265,06-115111,20060906,COMMONWEALTH CRES @ ISABELLA ST,01-Non intersection,02-Thru lane,01-Clear,01-Daylight,INTERSECTION,
4266,06-011205,20060127,GREY FOX DR @ WILDERNESS DR / WATERCRESS CRT,03-At intersection,01-Within intersection,01-Clear,01-Daylight,INTERSECTION,
4267,06-001321,20060102,DOON VILLAGE RD @ MILLWOOD CRES,03-At intersection,01-Within intersection,01-Clear,"08-Dark, artificial",INTERSECTION,
4268,06-004657,20060111,WEBER ST E @ SHELDON AVE N,01-Non intersection,02-Thru lane,01-Clear,"08-Dark, artificial",INTERSECTION,
4269,06-017404,20060210,RUTHERFORD DR @ KINZIE AVE,04-At/near private drive,02-Thru lane,03-Snow,,INTERSECTION,
4270,06-021655,20060221,WESTMOUNT RD E @ LAURENTIAN DR,04-At/near private drive,02-Thru lane,01-Clear,01-Daylight,INTERSECTION,
4271,06-019833,20060216,EBY ST S @ HALLS LANE E,02-Intersection related,02-Thru lane,02-Rain,01-Daylight,INTERSECTION,
4272,06-009482,20060117,STRASBURG RD @ HURON RD,01-Non intersection,02-Thru lane,01-Clear,01-Daylight,INTERSECTION,
4273,06-019943,20060216,SHANLEY ST @ WATERLOO ST,02-Intersection related,01-Within intersection,04-Freezing Rain,"08-Dark, artificial",INTERSECTION,
4274,06-022424,20060223,AHRENS ST W @ BREITHAUPT ST,01-Non intersection,02-Thru lane,01-Clear,01-Daylight,INTERSECTION,
4275,06-119783,20060915,QUEEN ST S @ JOSEPH ST,01-Non intersection,02-Thru lane,01-Clear,01-Daylight,INTERSECTION,
4276,06-118731,20060913,BIEHN DR @ OLD HURON RD / OLD HURON PL,03-At intersection,02-Thru lane,02-Rain,01-Daylight,INTERSECTION,
4277,06-118975,20060914,WILSON AVE @ WEBSTER RD,03-At intersection,02-Thru lane,01-Clear,01-Daylight,INTERSECTION,
4278,06-115331,20060906,WILSON AVE @ BALFOUR CRES,04-At/near private drive,02-Thru lane,01-Clear,01-Daylight,INTERSECTION,
4279,06-111036,20060828,GUERIN AVE @ KINZIE AVE,03-At intersection,11-Not on roadway - right side,01-Clear,01-Daylight,INTERSECTION,
4280,06-112692,20060901,DEER RIDGE DR @ CANDLE CRES,03-At intersection,08-Left shoulder,01-Clear,07-Dark,INTERSECTION,
4281,06-164899,20061224,FRANKLIN ST S @ KINGSWAY DR,03-At intersection,01-Within intersection,01-Clear,01-Daylight,INTERSECTION,
4282,06-060807,20060518,BLACKHORNE DR @ STRASBURG RD,03-At intersection,02-Thru lane,02-Rain,01-Daylight,INTERSECTION,
4283,06-073358,20060613,MANCHESTER RD @ RIVER RD E,03-At intersection,01-Within intersection,01-Clear,01-Daylight,INTERSECTION,
4284,06-077620,20060621,UNION BLVD @ BELMONT AVE W,03-At intersection,01-Within intersection,01-Clear,01-Daylight,INTERSECTION,
4285,06-054226,20060503,WATER ST N @ DUKE ST W,03-At intersection,01-Within intersection,01-Clear,01-Daylight,INTERSECTION,
4286,06-086184,20060708,LANCASTER ST E @ KRUG ST / CEDAR ST N,02-Intersection related,01-Within intersection,01-Clear,01-Daylight,INTERSECTION,
4287,06-061463,20060519,EDEN AVE @ MT HOPE ST,01-Non intersection,02-Thru lane,01-Clear,01-Daylight,INTERSECTION,
4288,06-058706,20060512,BLACKWELL DR @ MONTANA CRES,01-Non intersection,02-Thru lane,02-Rain,05-Dusk,INTERSECTION,
4289,06-059653,20060514,WEST AVE @ VICTORIA ST S / STRANGE ST,04-At/near private drive,02-Thru lane,01-Clear,"08-Dark, artificial",INTERSECTION,
4290,06-061390,20060519,MT HOPE ST @ PARK ST,02-Intersection related,02-Thru lane,01-Clear,01-Daylight,INTERSECTION,
4291,06-144962,20061108,HIGHLAND RD E @ SPADINA RD E,02-Intersection related,01-Within intersection,01-Clear,07-Dark,INTERSECTION,
4292,06-148322,20061116,QUEEN ST S @ JOSEPH ST,03-At intersection,01-Within intersection,02-Rain,01-Daylight,INTERSECTION,
4293,06-147382,20061114,KINZIE AVE @ RIVER RD E,03-At intersection,02-Thru lane,02-Rain,01-Daylight,INTERSECTION,
4294,06-141114,20061031,TRUSSLER RD @ HIGHVIEW DR,01-Non intersection,02-Thru lane,01-Clear,01-Daylight,INTERSECTION,
4295,06-136276,20061019,KING ST E @ MORGAN AVE,01-Non intersection,02-Thru lane,01-Clear,01-Daylight,INTERSECTION,
4296,06-064137,20060525,DUKE ST W @ BREITHAUPT ST,03-At intersection,01-Within intersection,01-Clear,01-Daylight,INTERSECTION,
4297,06-055303,20060506,COMMONWEALTH CRES @ ISABELLA ST,99-Other,12-Off highway,02-Rain,07-Dark,INTERSECTION,
4298,06-066048,20060529,DUKE ST W @ LOUISA ST,03-At intersection,02-Thru lane,01-Clear,01-Daylight,INTERSECTION,
4299,06-128540,20061003,HOLBORN DR @ OLD CHICOPEE DR,03-At intersection,01-Within intersection,01-Clear,07-Dark,INTERSECTION,
4300,06-155178,20061201,DOON VILLAGE RD @ BECHTEL DR,03-At intersection,02-Thru lane,06-Strong wind,"08-Dark, artificial",INTERSECTION,
4301,06-158062,20061208,WESTHEIGHTS DR @ AUTUMN HILL CRES,04-At/near private drive,11-Not on roadway - right side,03-Snow,01-Daylight,INTERSECTION,
4302,06-160428,20061214,TRUSSLER RD @ PLAINS RD,01-Non intersection,02-Thru lane,01-Clear,01-Daylight,INTERSECTION,
4303,06-160418,20061214,ARDELT AVE @ HANSON AVE,03-At intersection,02-Thru lane,01-Clear,"08-Dark, artificial",INTERSECTION,
4304,06-135816,20061019,DUKE ST E @ FREDERICK ST,01-Non intersection,02-Thru lane,01-Clear,01-Daylight,INTERSECTION,
4305,06-136856,20061021,WILSON AVE @ FAIRWAY RD S,01-Non intersection,02-Thru lane,01-Clear,"08-Dark, artificial",INTERSECTION,
4306,06-157275,20061206,KING ST E @ QUEEN ST N,03-At intersection,01-Within intersection,01-Clear,07-Dark,INTERSECTION,
4307,06-157030,20061206,CHARLES ST E @ SYDNEY ST S,02-Intersection related,11-Not on roadway - right side,03-Snow,01-Daylight,INTERSECTION,
4308,06-153031,20061127,ACTIVA AVE @ COPPER LEAF ST,01-Non intersection,02-Thru lane,01-Clear,"08-Dark, artificial",INTERSECTION,
4309,06-148695,20061117,YOUNG ST @ DUKE ST W,03-At intersection,01-Within intersection,01-Clear,01-Daylight,INTERSECTION,
4310,06-117646,20060911,WATER ST N @ DUKE ST W,02-Intersection related,02-Thru lane,01-Clear,01-Daylight,INTERSECTION,
4311,06-123650,20060922,RIVER RD E @ HALLIWELL DR,03-At intersection,11-Not on roadway - right side,02-Rain,"08-Dark, artificial",INTERSECTION,
4312,06-128365,20061003,PATRICIA AVE @ QUEENS BLVD,04-At/near private drive,02-Thru lane,01-Clear,01-Daylight,INTERSECTION,
4313,06-123468,20060923,SPADINA RD E @ QUEENS BLVD / SPADINA RD W,03-At intersection,01-Within intersection,02-Rain,07-Dark,INTERSECTION,
4314,06-015407,20060206,WEBER ST E @ KINZIE AVE,04-At/near private drive,02-Thru lane,03-Snow,01-Daylight,INTERSECTION,
4315,06-010238,20060124,MORGAN AVE @ CENTREVILLE ST,01-Non intersection,10-Not on roadway - left side,03-Snow,"08-Dark, artificial",INTERSECTION,
4316,06-005240,20060113,WATER ST N @ DUKE ST W,01-Non intersection,02-Thru lane,01-Clear,01-Daylight,INTERSECTION,
4317,06-014642,20060204,LAWRENCE AVE @ HIGHLAND RD W,04-At/near private drive,11-Not on roadway - right side,03-Snow,01-Daylight,INTERSECTION,
4318,06-014652,20060204,MORRISON RD @ QUINTE CRES,01-Non intersection,11-Not on roadway - right side,03-Snow,01-Daylight,INTERSECTION,
4319,06-124346,20060924,SPADINA RD E @ QUEENS BLVD / SPADINA RD W,02-Intersection related,02-Thru lane,02-Rain,01-Daylight,INTERSECTION,
4320,06-121915,20060919,TALBOT ST @ BELMONT AVE W,03-At intersection,01-Within intersection,01-Clear,01-Daylight,INTERSECTION,
4321,06-103670,20060813,EAST AVE @ KRUG ST,01-Non intersection,02-Thru lane,01-Clear,01-Daylight,INTERSECTION,
4322,06-108563,20060823,QUEENS BLVD @ BELMONT AVE W / BELMONT AVE E,03-At intersection,01-Within intersection,01-Clear,01-Daylight,INTERSECTION,
4323,06-146309,20061109,SPADINA RD E @ MILL ST,03-At intersection,01-Within intersection,01-Clear,"08-Dark, artificial",INTERSECTION,
4324,06-080746,20060627,HOMER WATSON BLVD @ OTTAWA ST S,01-Non intersection,02-Thru lane,01-Clear,01-Daylight,INTERSECTION,
4325,06-069108,20060604,BROKEN OAK CRES @ WESTHEIGHTS DR,01-Non intersection,10-Not on roadway - left side,,"08-Dark, artificial",INTERSECTION,
4326,06-120140,20060916,WABANAKI DR @ WILSON AVE,03-At intersection,01-Within intersection,01-Clear,"08-Dark, artificial",INTERSECTION,
4327,06-123815,20060923,RIVER RD E @ ISLINGTON AVE,01-Non intersection,02-Thru lane,01-Clear,01-Daylight,INTERSECTION,
4328,06-092480,20060721,GREENBROOK DR @ VILLAGE RD / FOREST HILL DR,02-Intersection related,02-Thru lane,01-Clear,01-Daylight,INTERSECTION,
4329,06-063648,20060524,BORDEN AVE S @ CHARLES ST E,04-At/near private drive,02-Thru lane,01-Clear,01-Daylight,INTERSECTION,
4330,06-017318,20060210,HIGHLAND RD W @ WESTHEIGHTS DR / WESTFOREST TRAIL,04-At/near private drive,02-Thru lane,01-Clear,01-Daylight,INTERSECTION,
4331,06-016743,20060207,MCGARRY DR @ FORESTWOOD DR,01-Non intersection,02-Thru lane,01-Clear,01-Daylight,INTERSECTION,
4332,06-015054,20060204,SHANLEY ST @ MOORE AVE,04-At/near private drive,09-Right shoulder,05-Drifting Snow,"08-Dark, artificial",INTERSECTION,
4333,06-007824,20060118,QUEEN ST N @ MARGARET AVE / OTTO ST,01-Non intersection,02-Thru lane,03-Snow,01-Daylight,INTERSECTION,
4334,06-015636,20060206,ZELLER DR @ SUSAN CRES / JANET CRT,04-At/near private drive,09-Right shoulder,03-Snow,01-Daylight,INTERSECTION,
4335,06-059498,20060515,BLOCK LINE RD @ STRASBURG RD,01-Non intersection,02-Thru lane,01-Clear,01-Daylight,INTERSECTION,
4336,06-067575,20060601,OLD COUNTRY DR @ STRASBURG RD,01-Non intersection,01-Within intersection,01-Clear,01-Daylight,INTERSECTION,
4337,06-069769,20060605,BELMONT AVE W @ HIGHLAND RD W,04-At/near private drive,02-Thru lane,01-Clear,01-Daylight,INTERSECTION,
4338,06-151304,20061123,KING ST W @ GAUKEL ST,03-At intersection,02-Thru lane,01-Clear,01-Daylight,INTERSECTION,
4339,06-066274,20060529,GUELPH ST @ MARGARET AVE,03-At intersection,02-Thru lane,01-Clear,01-Daylight,INTERSECTION,
4340,06-063115,20060523,PARK ST @ STEWART ST,02-Intersection related,02-Thru lane,01-Clear,01-Daylight,INTERSECTION,
4341,06-060926,20060518,QUEEN ST N @ WEBER ST W / WEBER ST E,04-At/near private drive,02-Thru lane,01-Clear,01-Daylight,INTERSECTION,
4342,06-060159,20060516,CHURCH ST @ EBY ST S,04-At/near private drive,02-Thru lane,02-Rain,"02-Daylight, artificial",INTERSECTION,
4343,06-026967,20060306,CEDAR ST N @ KING ST E / CEDAR ST S,03-At intersection,01-Within intersection,01-Clear,07-Dark,INTERSECTION,
4344,06-075676,20060617,QUEENS BLVD @ WARREN RD,01-Non intersection,02-Thru lane,01-Clear,01-Daylight,INTERSECTION,