OBJECTID,ACCIDENTNUM,ACCIDENTDATE,LOCATION,ACCIDENT_LOCATION,IMPACT_LOCATION,ENVIRONMENT_CONDITION,LIGHT,COLLISION_TYPE,TRAFFICCOLLISIONSID
4345,06-074415,20060615,CHURCH ST @ BENTON ST,04-At/near private drive,09-Right shoulder,01-Clear,01-Daylight,INTERSECTION,
4346,06-079651,20060625,ROBERT FERRIE DR @ BRIDLERIDGE ST,04-At/near private drive,02-Thru lane,01-Clear,01-Daylight,INTERSECTION,
4347,06-147403,20061114,GLASGOW ST @ BELMONT AVE W,02-Intersection related,03-Left turn lane,01-Clear,01-Daylight,INTERSECTION,
4348,06-151465,20061123,CEDAR ST N @ KING ST E / CEDAR ST S,03-At intersection,01-Within intersection,01-Clear,"08-Dark, artificial",INTERSECTION,
4349,06-155701,20061202,SOUTH DR @ PERTH RD,02-Intersection related,09-Right shoulder,02-Rain,"04-Dawn, artificial",INTERSECTION,
4350,06-160207,20061213,SEABROOK DR @ WOODBINE AVE,03-At intersection,12-Off highway,,,INTERSECTION,
4351,06-157504,20061207,ARDELT AVE @ HANSON AVE,10-Parking lot,12-Off highway,06-Strong wind,01-Daylight,INTERSECTION,
4352,06-065468,20060528,HAZELGLEN DR @ MOOREGATE CRES,01-Non intersection,02-Thru lane,01-Clear,07-Dark,INTERSECTION,
4353,06-066852,20060530,EDWIN ST @ BLUCHER BLVD,03-At intersection,01-Within intersection,01-Clear,01-Daylight,INTERSECTION,
4354,06-063287,20060523,BLACKWELL DR @ CLAYCROFT CRES,04-At/near private drive,02-Thru lane,01-Clear,01-Daylight,INTERSECTION,
4355,06-123191,20060922,MELROSE AVE @ KRUG ST,03-At intersection,01-Within intersection,01-Clear,01-Daylight,INTERSECTION,
4356,06-103330,20060812,GLASGOW ST @ PARK ST,03-At intersection,01-Within intersection,01-Clear,01-Daylight,INTERSECTION,
4357,06-152633,20061126,TRILLIUM DR @ STRASBURG RD,01-Non intersection,10-Not on roadway - left side,01-Clear,"08-Dark, artificial",INTERSECTION,
4358,06-161512,20061216,WATERLOO ST @ GUELPH ST,03-At intersection,01-Within intersection,01-Clear,01-Daylight,INTERSECTION,
4359,06-139348,20061022,OLD COUNTRY DR @ STRASBURG RD,02-Intersection related,02-Thru lane,02-Rain,05-Dusk,INTERSECTION,
4360,06-142805,20061104,BLACKWELL DR @ CLAYCROFT CRES,01-Non intersection,09-Right shoulder,01-Clear,"08-Dark, artificial",INTERSECTION,
4361,06-138171,20061024,WESTHEIGHTS DR @ WINDING WAY,04-At/near private drive,02-Thru lane,01-Clear,05-Dusk,INTERSECTION,
4362,06-134513,20061016,NATCHEZ RD @ MATTHEW ST,03-At intersection,01-Within intersection,01-Clear,01-Daylight,INTERSECTION,
4363,06-158122,20061208,SETTLERS DR @ THE COUNTRY WAY,04-At/near private drive,11-Not on roadway - right side,03-Snow,"08-Dark, artificial",INTERSECTION,
4364,06-099122,20060804,TURNER AVE @ FREDERICK ST,01-Non intersection,10-Not on roadway - left side,02-Rain,07-Dark,INTERSECTION,
4365,06-145760,20061109,KING ST E @ PANDORA AVE N / PANDORA AVE S,01-Non intersection,02-Thru lane,01-Clear,01-Daylight,INTERSECTION,
4366,06-145191,20061107,BLEAMS RD @ THISTLEDOWN DR / TRILLIUM DR,04-At/near private drive,02-Thru lane,01-Clear,01-Daylight,INTERSECTION,
4367,06-159812,20061212,BREITHAUPT ST @ MARGARET AVE,03-At intersection,02-Thru lane,01-Clear,"08-Dark, artificial",INTERSECTION,
4368,06-156217,20061204,STIRLING AVE S @ MILL ST,04-At/near private drive,02-Thru lane,01-Clear,01-Daylight,INTERSECTION,
4369,06-164062,20061222,WABANAKI DR @ WILSON AVE,02-Intersection related,03-Left turn lane,02-Rain,01-Daylight,INTERSECTION,
4370,06-113495,20060902,WILSON AVE @ KINGSWAY DR,03-At intersection,02-Thru lane,02-Rain,01-Daylight,INTERSECTION,
4371,06-013344,20060201,CEDAR ST S @ CHURCH ST,03-At intersection,01-Within intersection,01-Clear,01-Daylight,INTERSECTION,
4372,06-016838,20060209,SPADINA RD E @ MILL ST,03-At intersection,01-Within intersection,01-Clear,01-Daylight,INTERSECTION,
4373,06-010365,20060125,CARTIER DR @ KIMBERLY CRES,02-Intersection related,10-Not on roadway - left side,01-Clear,01-Daylight,INTERSECTION,
4374,06-010552,20060125,CHURCH ST @ MADISON AVE S,04-At/near private drive,11-Not on roadway - right side,01-Clear,"08-Dark, artificial",INTERSECTION,
4375,06-010136,20060124,KELLY DR @ QUEENS BLVD,01-Non intersection,11-Not on roadway - right side,03-Snow,"08-Dark, artificial",INTERSECTION,
4376,06-150419,20061121,BLOCK LINE RD @ KINGSWOOD DR,03-At intersection,01-Within intersection,01-Clear,07-Dark,INTERSECTION,
4377,06-130938,20061008,HIDDEN VALLEY RD @ WABANAKI DR,01-Non intersection,02-Thru lane,01-Clear,"08-Dark, artificial",INTERSECTION,
4378,06-133473,20061013,ROCK AVE @ EARL ST,02-Intersection related,08-Left shoulder,01-Clear,01-Daylight,INTERSECTION,
4379,06-134388,20061016,GUELPH ST @ ST LEGER ST,03-At intersection,01-Within intersection,01-Clear,01-Daylight,INTERSECTION,
4380,06-090410,20060717,RIVER RD E @ LORRAINE AVE,03-At intersection,02-Thru lane,01-Clear,01-Daylight,INTERSECTION,
4381,06-056858,20060509,FRANKLIN ST N @ WEBER ST E,04-At/near private drive,02-Thru lane,01-Clear,01-Daylight,INTERSECTION,
4382,06-055596,20060506,QUEENS BLVD @ BELMONT AVE W / BELMONT AVE E,03-At intersection,01-Within intersection,01-Clear,01-Daylight,INTERSECTION,
4383,06-071385,20060609,BRECKENRIDGE DR @ GIBSON DR,01-Non intersection,02-Thru lane,01-Clear,"08-Dark, artificial",INTERSECTION,
4384,06-054034,20060503,FISCHER HALLMAN RD @ QUEENS BLVD,04-At/near private drive,02-Thru lane,01-Clear,01-Daylight,INTERSECTION,
4385,06-113369,20060902,RIVER RD E @ LORRAINE AVE,03-At intersection,02-Thru lane,02-Rain,01-Daylight,INTERSECTION,
4386,06-104233,20060814,QUEEN ST N @ DUKE ST E / DUKE ST W,01-Non intersection,09-Right shoulder,01-Clear,01-Daylight,INTERSECTION,
4387,06-110023,20060826,BLUCHER ST @ MARGARET AVE,04-At/near private drive,02-Thru lane,01-Clear,01-Daylight,INTERSECTION,
4388,06-108213,20060822,DOON SOUTH DR @ ROBERT FERRIE DR,01-Non intersection,02-Thru lane,01-Clear,01-Daylight,INTERSECTION,
4389,06-064569,20060526,WATERLOO ST @ WELLINGTON ST N,03-At intersection,02-Thru lane,01-Clear,01-Daylight,INTERSECTION,
4390,06-053413,20060502,KING ST W @ YOUNG ST,02-Intersection related,02-Thru lane,01-Clear,01-Daylight,INTERSECTION,
4391,06-050037,20060425,DUKE ST W @ BREITHAUPT ST,02-Intersection related,01-Within intersection,01-Clear,01-Daylight,INTERSECTION,
4392,06-064981,20060526,WEST AVE @ HOMEWOOD AVE,04-At/near private drive,02-Thru lane,01-Clear,01-Daylight,INTERSECTION,
4393,06-065572,20060528,RIVER RD E @ FREDERICK ST,04-At/near private drive,02-Thru lane,01-Clear,01-Daylight,INTERSECTION,
4394,06-062914,20060522,RUTHERFORD DR @ KINZIE AVE,01-Non intersection,11-Not on roadway - right side,01-Clear,"08-Dark, artificial",INTERSECTION,
4395,05-056235,20050516,KING ST W @ GAUKEL ST,02-Intersection related,02-Thru lane,01-Clear,01-Daylight,INTERSECTION,
4396,05-153154,20051123,HICKSON DR @ CRAIG DR,01-Non intersection,10-Not on roadway - left side,03-Snow,"04-Dawn, artificial",INTERSECTION,
4397,05-146295,20051111,COURTLAND AVE E @ KENT AVE,04-At/near private drive,02-Thru lane,01-Clear,01-Daylight,INTERSECTION,
4398,05-154482,20051125,EAST AVE @ BORDEN AVE N,04-At/near private drive,02-Thru lane,01-Clear,"08-Dark, artificial",INTERSECTION,
4399,05-160858,20051210,BLUCHER ST @ ELLIS AVE,04-At/near private drive,02-Thru lane,01-Clear,01-Daylight,INTERSECTION,
4400,05-163027,20051215,RIVER RD E @ KENORA DR,01-Non intersection,11-Not on roadway - right side,03-Snow,01-Daylight,INTERSECTION,
4401,05-164708,20051219,PATRICIA AVE @ QUEENS BLVD,01-Non intersection,02-Thru lane,01-Clear,01-Daylight,INTERSECTION,
4402,06-114723,20060905,FIRST AVE @ KINGSWAY DR / SECOND AVE,02-Intersection related,02-Thru lane,01-Clear,01-Daylight,INTERSECTION,
4403,06-128138,20061002,WESTMEADOW DR @ BANKSIDE DR / WESTFOREST TRAIL,03-At intersection,01-Within intersection,02-Rain,07-Dark,INTERSECTION,
4404,06-113566,20060902,WESTMEADOW DR @ BANKSIDE DR / WESTFOREST TRAIL,03-At intersection,02-Thru lane,02-Rain,07-Dark,INTERSECTION,
4405,05-155384,20051128,DUMFRIES AVE @ CHAPEL ST,01-Non intersection,11-Not on roadway - right side,02-Rain,01-Daylight,INTERSECTION,
4406,05-154750,20051127,SHAFTSBURY DR @ HOLBORN DR,01-Non intersection,11-Not on roadway - right side,01-Clear,07-Dark,INTERSECTION,
4407,05-153763,20051125,QUEENS BLVD @ OVERLEA DR,01-Non intersection,11-Not on roadway - right side,03-Snow,01-Daylight,INTERSECTION,
4408,05-157687,20051203,CEDAR ST S @ WHITNEY PL,04-At/near private drive,10-Not on roadway - left side,01-Clear,01-Daylight,INTERSECTION,
4409,05-143553,20051105,EDENBRIDGE DR @ DARLINGTON PL,02-Intersection related,02-Thru lane,02-Rain,07-Dark,INTERSECTION,
4410,05-141609,20051101,WILSON AVE @ FAIRWAY RD S,04-At/near private drive,02-Thru lane,01-Clear,"08-Dark, artificial",INTERSECTION,
4411,05-133312,20051015,KING ST W @ FRANCIS ST S / FRANCIS ST N,01-Non intersection,02-Thru lane,02-Rain,01-Daylight,INTERSECTION,
4412,05-146499,20051112,HOMER WATSON BLVD @ STIRLING AVE S,03-At intersection,11-Not on roadway - right side,01-Clear,07-Dark,INTERSECTION,
4413,05-010234,20050127,WELLINGTON ST N @ SHIRLEY AVE / RIVERBEND DR,03-At intersection,01-Within intersection,01-Clear,07-Dark,INTERSECTION,
4414,05-006793,20050119,TRAYNOR AVE @ BELWOOD CRES,02-Intersection related,02-Thru lane,03-Snow,01-Daylight,INTERSECTION,
4415,05-012148,20050202,WATER ST N @ DUKE ST W,03-At intersection,01-Within intersection,01-Clear,01-Daylight,INTERSECTION,
4416,05-008533,20050124,STIRLING AVE S @ HIGHLAND RD E,03-At intersection,01-Within intersection,01-Clear,01-Daylight,INTERSECTION,
4417,05-016686,20050214,ACTIVA AVE @ DAVID BERGEY DR,01-Non intersection,02-Thru lane,04-Freezing Rain,03-Dawn,INTERSECTION,
4418,05-060010,20050524,WELLINGTON ST N @ ST LEGER ST,03-At intersection,01-Within intersection,01-Clear,01-Daylight,INTERSECTION,
4419,05-151269,20051119,DOON VALLEY DR @ PINNACLE DR,02-Intersection related,11-Not on roadway - right side,01-Clear,01-Daylight,INTERSECTION,
4420,05-154123,20051125,CYPRUS DR @ BIRCHCLIFF AVE,04-At/near private drive,99-Other,01-Clear,05-Dusk,INTERSECTION,
4421,05-155945,20051129,KING ST E @ MONTGOMERY RD / DIXON ST,01-Non intersection,02-Thru lane,01-Clear,"08-Dark, artificial",INTERSECTION,
4422,05-137278,20051023,HOMER WATSON BLVD @ STIRLING AVE S,03-At intersection,01-Within intersection,02-Rain,"08-Dark, artificial",INTERSECTION,
4423,05-135982,20051020,STIRLING AVE S @ MILL ST,01-Non intersection,04-Right turn lane,01-Clear,01-Daylight,INTERSECTION,
4424,05-135234,20051019,STIRLING AVE S @ HIGHLAND RD E,03-At intersection,01-Within intersection,01-Clear,01-Daylight,INTERSECTION,
4425,05-138673,20051027,CHARLES ST E @ SYDNEY ST S,03-At intersection,01-Within intersection,01-Clear,01-Daylight,INTERSECTION,
4426,05-006353,20050118,RIVER RD E @ OLD CHICOPEE DR,01-Non intersection,07-Passing lane,01-Clear,01-Daylight,INTERSECTION,
4427,05-007900,20050122,QUEEN ST N @ MARGARET AVE / OTTO ST,02-Intersection related,02-Thru lane,03-Snow,01-Daylight,INTERSECTION,
4428,06-111895,20060830,KING ST W @ COLLEGE ST,01-Non intersection,02-Thru lane,01-Clear,01-Daylight,INTERSECTION,
4429,06-069638,20060605,WILSON AVE @ WEBSTER RD,02-Intersection related,02-Thru lane,01-Clear,01-Daylight,INTERSECTION,
4430,06-074388,20060615,KENNETH AVE @ FRANKLIN ST N,03-At intersection,01-Within intersection,01-Clear,01-Daylight,INTERSECTION,
4431,06-064542,20060526,STIRLING AVE S @ MILL ST,03-At intersection,01-Within intersection,01-Clear,01-Daylight,INTERSECTION,
4432,06-104006,20060814,LOUISA ST @ MARGARET AVE,01-Non intersection,02-Thru lane,01-Clear,01-Daylight,INTERSECTION,
4433,06-105160,20060816,QUEENS BLVD @ BELMONT AVE W / BELMONT AVE E,04-At/near private drive,02-Thru lane,01-Clear,01-Daylight,INTERSECTION,
4434,06-107559,20060821,LAWRENCE AVE @ HIGHLAND RD W,01-Non intersection,02-Thru lane,01-Clear,01-Daylight,INTERSECTION,
4435,06-104770,20060815,BELMONT AVE W @ ROCK AVE,01-Non intersection,01-Within intersection,01-Clear,01-Daylight,INTERSECTION,
4436,06-020731,20060218,HOLLYRIDGE CRES @ HIDDEN CREEK DR,04-At/near private drive,02-Thru lane,01-Clear,01-Daylight,INTERSECTION,
4437,06-010407,20060125,ROYAL ORCHARD PL @ ROYAL ORCHARD DR,03-At intersection,09-Right shoulder,01-Clear,01-Daylight,INTERSECTION,
4438,06-015377,20060206,GOODRICH DR @ WILSON AVE,04-At/near private drive,02-Thru lane,03-Snow,01-Daylight,INTERSECTION,
4439,06-010735,20060126,STIRLING AVE S @ PLEASANT AVE,01-Non intersection,99-Other,,,INTERSECTION,
4440,06-004932,20060112,STIRLING AVE S @ KING ST E / STIRLING AVE N,03-At intersection,01-Within intersection,01-Clear,01-Daylight,INTERSECTION,
4441,06-004133,20060110,ONTARIO ST N @ DUKE ST W,01-Non intersection,09-Right shoulder,01-Clear,01-Daylight,INTERSECTION,
4442,06-002739,20060107,GREEN VALLEY DR @ PIONEER DR,02-Intersection related,02-Thru lane,03-Snow,01-Daylight,INTERSECTION,
4443,06-004957,20060112,MARGARET AVE @ UNION ST,03-At intersection,01-Within intersection,01-Clear,"08-Dark, artificial",INTERSECTION,
4444,06-005247,20060113,CEDARWOODS CRES @ KINGSWAY DR,04-At/near private drive,02-Thru lane,02-Rain,01-Daylight,INTERSECTION,
4445,06-142505,20061101,QUEEN ST S @ COURTLAND AVE W,01-Non intersection,02-Thru lane,01-Clear,01-Daylight,INTERSECTION,
4446,06-000456,20060111,ANDREW ST @ SHANLEY ST,01-Non intersection,02-Thru lane,01-Clear,01-Daylight,INTERSECTION,
4447,06-000917,20060102,KRAFT AVE @ JEAN AVE,04-At/near private drive,02-Thru lane,99-Other,01-Daylight,INTERSECTION,
4448,06-066609,20060530,MANSION ST @ CHESTNUT ST,01-Non intersection,10-Not on roadway - left side,01-Clear,01-Daylight,INTERSECTION,
4449,06-087544,20060707,CEDAR ST S @ CHURCH ST,01-Non intersection,02-Thru lane,01-Clear,,INTERSECTION,
4450,06-059056,20060514,DIXON ST @ ECKERT ST,02-Intersection related,02-Thru lane,01-Clear,01-Daylight,INTERSECTION,
4451,06-063119,20060523,UNION BLVD @ PARK ST,02-Intersection related,02-Thru lane,01-Clear,01-Daylight,INTERSECTION,
4452,06-060631,20060517,BLOCK LINE RD @ KINGSWOOD DR,03-At intersection,01-Within intersection,01-Clear,07-Dark,INTERSECTION,
4453,06-064054,20060525,STIRLING AVE S @ HIGHLAND RD E,03-At intersection,01-Within intersection,01-Clear,01-Daylight,INTERSECTION,
4454,06-064164,20060525,QUEEN ST N @ ROY ST,02-Intersection related,02-Thru lane,01-Clear,01-Daylight,INTERSECTION,
4455,06-090991,20060718,UNION BLVD @ BELMONT AVE W,02-Intersection related,04-Right turn lane,01-Clear,01-Daylight,INTERSECTION,
4456,06-087716,20060711,KING ST E @ QUEEN ST N,01-Non intersection,02-Thru lane,01-Clear,01-Daylight,INTERSECTION,
4457,06-079615,20060625,WILSON AVE @ FAIRWAY RD S,04-At/near private drive,11-Not on roadway - right side,01-Clear,01-Daylight,INTERSECTION,
4458,06-076664,20060619,MEINZINGER AVE @ HOFFMAN ST,04-At/near private drive,08-Left shoulder,01-Clear,01-Daylight,INTERSECTION,
4459,06-080264,20060626,WESTMOUNT RD W @ KARN ST,04-At/near private drive,11-Not on roadway - right side,01-Clear,01-Daylight,INTERSECTION,
4460,06-075671,20060617,MARLBOROUGH AVE @ BELMONT AVE W,03-At intersection,01-Within intersection,01-Clear,01-Daylight,INTERSECTION,
4461,06-093401,20060723,HAZELGLEN DR @ MOOREGATE CRES,01-Non intersection,02-Thru lane,02-Rain,01-Daylight,INTERSECTION,
4462,06-106554,20060819,BREITHAUPT ST @ MARGARET AVE,03-At intersection,01-Within intersection,02-Rain,01-Daylight,INTERSECTION,
4463,06-015883,20060207,GLASGOW ST @ UNIVERSITY AVE W,99-Other,12-Off highway,03-Snow,01-Daylight,INTERSECTION,
4464,06-067070,20060531,MANSION ST @ FILBERT ST,03-At intersection,01-Within intersection,01-Clear,01-Daylight,INTERSECTION,
4465,06-071640,20060609,QUEEN ST S @ ST GEORGE ST,04-At/near private drive,02-Thru lane,01-Clear,01-Daylight,INTERSECTION,
4466,06-159455,20061211,STIRLING AVE S @ HIGHLAND RD E,02-Intersection related,02-Thru lane,01-Clear,01-Daylight,INTERSECTION,
4467,06-140258,20061029,KINGSWAY DR @ GREENFIELD AVE,02-Intersection related,08-Left shoulder,01-Clear,01-Daylight,INTERSECTION,
4468,06-078435,20060622,QUEEN ST S @ JOSEPH ST,02-Intersection related,02-Thru lane,01-Clear,01-Daylight,INTERSECTION,
4469,06-098878,20060803,FRANKLIN ST N @ BRADLEY DR,03-At intersection,01-Within intersection,02-Rain,01-Daylight,INTERSECTION,
4470,06-104248,20060814,WALTER ST @ GLASGOW ST,01-Non intersection,08-Left shoulder,01-Clear,01-Daylight,INTERSECTION,
4471,06-098299,20060802,DUKE ST W @ WELLINGTON ST N,02-Intersection related,12-Off highway,01-Clear,01-Daylight,INTERSECTION,
4472,06-139424,20061027,HIGHLAND RD E @ HOFFMAN ST,03-At intersection,12-Off highway,02-Rain,07-Dark,INTERSECTION,
4473,06-146176,20061110,MILL ST @ MADISON AVE S,02-Intersection related,02-Thru lane,01-Clear,"08-Dark, artificial",INTERSECTION,
4474,06-154384,20061130,BRIDGE ST W @ WOOLWICH ST,04-At/near private drive,02-Thru lane,02-Rain,01-Daylight,INTERSECTION,
4475,06-106839,20060820,NOTTINGHAM AVE @ MANCHESTER RD,02-Intersection related,02-Thru lane,01-Clear,"08-Dark, artificial",INTERSECTION,
4476,06-106456,20060819,PINE ST @ MARY ST,02-Intersection related,02-Thru lane,01-Clear,01-Daylight,INTERSECTION,
4477,06-104180,20060814,RIVER RD E @ KRUG ST,02-Intersection related,01-Within intersection,01-Clear,01-Daylight,INTERSECTION,
4478,06-057544,20060510,GUELPH ST @ MARGARET AVE,03-At intersection,02-Thru lane,01-Clear,07-Dark,INTERSECTION,
4479,06-149795,20061119,TALBOT ST @ BELMONT AVE W,03-At intersection,01-Within intersection,01-Clear,01-Daylight,INTERSECTION,
4480,06-144407,20061107,TRILLIUM DR @ MCBRINE DR,03-At intersection,01-Within intersection,02-Rain,01-Daylight,INTERSECTION,
4481,06-154961,20061201,KELLY DR @ QUEENS BLVD,01-Non intersection,02-Thru lane,01-Clear,01-Daylight,INTERSECTION,
4482,06-155883,20061203,CLARK AVE @ SIEBERT AVE,01-Non intersection,02-Thru lane,01-Clear,"08-Dark, artificial",INTERSECTION,
4483,06-007312,20060118,NINTH AVE @ KINGSWAY DR,03-At intersection,02-Thru lane,03-Snow,01-Daylight,INTERSECTION,
4484,06-007552,20060118,NINTH AVE @ GREENFIELD AVE,04-At/near private drive,02-Thru lane,03-Snow,"06-Dusk, artificial",INTERSECTION,
4485,06-007592,20060118,MILL ST @ BORDEN PKY,02-Intersection related,02-Thru lane,03-Snow,"08-Dark, artificial",INTERSECTION,
4486,06-007005,20060117,WAVERLY RD @ STRANGE ST,01-Non intersection,12-Off highway,02-Rain,01-Daylight,INTERSECTION,
4487,06-022236,20060220,SHIRLEY AVE @ BINGEMANS CENTRE DR,01-Non intersection,02-Thru lane,01-Clear,07-Dark,INTERSECTION,
4488,06-135038,20061017,HANSON AVE @ HAYWARD AVE,03-At intersection,02-Thru lane,02-Rain,07-Dark,INTERSECTION,
4489,06-134875,20061017,MCGARRY DR @ FORESTWOOD DR,02-Intersection related,02-Thru lane,02-Rain,01-Daylight,INTERSECTION,
4490,06-153159,20061127,HANSON AVE @ HAYWARD AVE,01-Non intersection,02-Thru lane,01-Clear,01-Daylight,INTERSECTION,
4491,06-120141,20060916,TREMAINE DR @ FAIRWAY CRES,01-Non intersection,02-Thru lane,01-Clear,01-Daylight,INTERSECTION,
4492,06-126360,20060929,CHAPEL ST @ EAST AVE,03-At intersection,01-Within intersection,01-Clear,01-Daylight,INTERSECTION,
4493,06-129136,20061005,BELMONT AVE W @ VICTORIA ST S,04-At/near private drive,03-Left turn lane,03-Snow,01-Daylight,INTERSECTION,
4494,06-164169,20061222,FRANKLIN ST N @ BRADLEY DR,01-Non intersection,09-Right shoulder,02-Rain,"08-Dark, artificial",INTERSECTION,
4495,06-108423,20060823,UNION BLVD @ PARK ST,02-Intersection related,03-Left turn lane,01-Clear,01-Daylight,INTERSECTION,
4496,06-142465,20061103,KRUG ST @ RIVER RD E,03-At intersection,02-Thru lane,01-Clear,01-Daylight,INTERSECTION,
4497,06-142056,20061102,BELMONT AVE W @ GAGE AVE,03-At intersection,01-Within intersection,01-Clear,01-Daylight,INTERSECTION,
4498,06-043913,20060412,PIONEER DR @ OLD CARRIAGE DR,03-At intersection,01-Within intersection,02-Rain,01-Daylight,INTERSECTION,
4499,06-042873,20060410,KING ST W @ COLLEGE ST,01-Non intersection,11-Not on roadway - right side,01-Clear,01-Daylight,INTERSECTION,
4500,06-159282,20061211,QUEENS BLVD @ BELMONT AVE W / BELMONT AVE E,01-Non intersection,02-Thru lane,01-Clear,01-Daylight,INTERSECTION,
4501,06-159508,20061211,TRILLIUM DR @ HURON RD,99-Other,02-Thru lane,06-Strong wind,"08-Dark, artificial",INTERSECTION,
4502,06-155188,20061201,BELMONT AVE W @ CLAREMONT AVE,02-Intersection related,01-Within intersection,02-Rain,"08-Dark, artificial",INTERSECTION,
4503,06-126896,20060930,HIGHBROOK ST @ HIGHBROOK CRES,01-Non intersection,11-Not on roadway - right side,01-Clear,07-Dark,INTERSECTION,
4504,06-130721,20061008,KING ST E @ QUEEN ST N,02-Intersection related,01-Within intersection,01-Clear,01-Daylight,INTERSECTION,
4505,06-141164,20061031,HAZELGLEN DR @ INGLESIDE DR,02-Intersection related,11-Not on roadway - right side,01-Clear,01-Daylight,INTERSECTION,
4506,06-137265,20061022,MILL ST @ HEIMAN ST,03-At intersection,02-Thru lane,02-Rain,01-Daylight,INTERSECTION,
4507,06-157144,20061206,RIVER RD E @ LORRAINE AVE,03-At intersection,02-Thru lane,03-Snow,01-Daylight,INTERSECTION,
4508,06-127862,20061002,LORRAINE AVE @ CONFEDERATION DR,03-At intersection,01-Within intersection,01-Clear,01-Daylight,INTERSECTION,
4509,06-118278,20060912,WATERLOO ST @ WELLINGTON ST N,03-At intersection,01-Within intersection,02-Rain,01-Daylight,INTERSECTION,
4510,06-111182,20060828,STIRLING AVE S @ PLEASANT AVE,02-Intersection related,01-Within intersection,02-Rain,07-Dark,INTERSECTION,
4511,06-086296,20060708,DOON VILLAGE RD @ MILLWOOD CRES,02-Intersection related,02-Thru lane,01-Clear,01-Daylight,INTERSECTION,
4512,06-084112,20060704,SCHNEIDER AVE @ DAVID ST,01-Non intersection,02-Thru lane,01-Clear,01-Daylight,INTERSECTION,
4513,06-058145,20060511,HANSON AVE @ HAYWARD AVE,02-Intersection related,04-Right turn lane,02-Rain,01-Daylight,INTERSECTION,
4514,06-062311,20060521,OPRINGTON DR @ BENESFORT DR,03-At intersection,01-Within intersection,02-Rain,01-Daylight,INTERSECTION,
4515,06-064832,20060527,WILSON AVE @ WEBSTER RD,02-Intersection related,02-Thru lane,01-Clear,07-Dark,INTERSECTION,
4516,06-148350,20061116,SUFFOLK AVE @ CHELSEA RD,01-Non intersection,02-Thru lane,02-Rain,01-Daylight,INTERSECTION,
4517,06-159905,20061212,RIVER RD E @ KRUG ST,03-At intersection,01-Within intersection,02-Rain,07-Dark,INTERSECTION,
4518,06-137870,20061024,KING ST E @ CAMERON ST S / CAMERON ST N,03-At intersection,01-Within intersection,01-Clear,"04-Dawn, artificial",INTERSECTION,
4519,06-001326,20060101,WELLINGTON ST N @ SHIRLEY AVE / RIVERBEND DR,03-At intersection,11-Not on roadway - right side,,,INTERSECTION,
4520,06-127764,20061002,ARDELT AVE @ HANSON AVE,01-Non intersection,02-Thru lane,01-Clear,01-Daylight,INTERSECTION,
4521,06-006242,20060227,QUEEN ST N @ DUKE ST E / DUKE ST W,03-At intersection,01-Within intersection,01-Clear,"08-Dark, artificial",INTERSECTION,
4522,06-024844,20060301,DUMFRIES AVE @ KRUG ST,03-At intersection,01-Within intersection,01-Clear,01-Daylight,INTERSECTION,
4523,06-031019,20060314,MILL ST @ HEIMAN ST,01-Non intersection,12-Off highway,05-Drifting Snow,"08-Dark, artificial",INTERSECTION,
4524,06-068176,20060601,WELLINGTON ST N @ WEBER ST W,01-Non intersection,02-Thru lane,01-Clear,01-Daylight,INTERSECTION,
4525,06-065156,20060527,PIONEER DR @ HOMER WATSON BLVD,01-Non intersection,02-Thru lane,01-Clear,01-Daylight,INTERSECTION,
4526,06-144374,20061107,MORGAN AVE @ SOUTHILL DR,01-Non intersection,02-Thru lane,02-Rain,01-Daylight,INTERSECTION,
4527,06-144445,20061107,LAWRENCE AVE @ HIGHLAND RD W,04-At/near private drive,02-Thru lane,02-Rain,05-Dusk,INTERSECTION,
4528,06-143695,20061105,WEST AVE @ VICTORIA ST S / STRANGE ST,01-Non intersection,12-Off highway,01-Clear,"08-Dark, artificial",INTERSECTION,
4529,06-060423,20060516,TRAYNOR AVE @ BELWOOD CRES,02-Intersection related,02-Thru lane,01-Clear,01-Daylight,INTERSECTION,
4530,06-094930,20060726,GRAND RIVER BLVD @ ONEIDA PL,02-Intersection related,01-Within intersection,01-Clear,05-Dusk,INTERSECTION,
4531,06-097362,20060731,RITTENHOUSE RD @ TUERR DR,04-At/near private drive,02-Thru lane,01-Clear,01-Daylight,INTERSECTION,
4532,06-093868,20060724,WATER ST S @ CHARLES ST W,04-At/near private drive,02-Thru lane,01-Clear,01-Daylight,INTERSECTION,
4533,06-087106,20060710,GLASGOW ST @ PARK ST,02-Intersection related,02-Thru lane,02-Rain,01-Daylight,INTERSECTION,
4534,06-010353,20060124,GREY FOX DR @ WILDERNESS DR / WATERCRESS CRT,04-At/near private drive,09-Right shoulder,04-Freezing Rain,"08-Dark, artificial",INTERSECTION,