OBJECTID,ACCIDENTNUM,ACCIDENTDATE,LOCATION,ACCIDENT_LOCATION,IMPACT_LOCATION,ENVIRONMENT_CONDITION,LIGHT,COLLISION_TYPE,TRAFFICCOLLISIONSID
4535,06-015748,20060206,WABANAKI DR @ WILSON AVE,01-Non intersection,02-Thru lane,01-Clear,01-Daylight,INTERSECTION,
4536,06-022939,20060224,JOSEPH ST @ LINDEN AVE,02-Intersection related,02-Thru lane,01-Clear,01-Daylight,INTERSECTION,
4537,06-026383,20060304,MILL ST @ MADISON AVE S,02-Intersection related,01-Within intersection,01-Clear,01-Daylight,INTERSECTION,
4538,06-015695,20060205,FISCHER HALLMAN RD @ WESTMOUNT RD E / MAX BECKER DR,01-Non intersection,02-Thru lane,03-Snow,01-Daylight,INTERSECTION,
4539,06-015664,20060205,WAVERLY RD @ GAGE AVE,01-Non intersection,02-Thru lane,03-Snow,"06-Dusk, artificial",INTERSECTION,
4540,06-043716,20060412,LAURENTIAN DR @ BLOCK LINE RD,03-At intersection,01-Within intersection,02-Rain,01-Daylight,INTERSECTION,
4541,06-040588,20060405,BURN PL @ BELMONT AVE W,03-At intersection,01-Within intersection,02-Rain,01-Daylight,INTERSECTION,
4542,06-128174,20061002,HANSON AVE @ HAYWARD AVE,02-Intersection related,10-Not on roadway - left side,01-Clear,07-Dark,INTERSECTION,
4543,06-132173,20061011,HIDDEN VALLEY RD @ WABANAKI DR,01-Non intersection,11-Not on roadway - right side,01-Clear,01-Daylight,INTERSECTION,
4544,06-071221,20060607,WEBER ST E @ KINZIE AVE,04-At/near private drive,02-Thru lane,01-Clear,01-Daylight,INTERSECTION,
4545,06-133758,20061014,SOUTHDALE AVE @ HOFFMAN ST,01-Non intersection,02-Thru lane,01-Clear,"08-Dark, artificial",INTERSECTION,
4546,06-142470,20061103,RIVER RD E @ HOLBORN DR,03-At intersection,01-Within intersection,01-Clear,01-Daylight,INTERSECTION,
4547,06-142337,20061103,FRANKLIN ST S @ KINGSWAY DR,02-Intersection related,03-Left turn lane,01-Clear,01-Daylight,INTERSECTION,
4548,06-141977,20061101,QUEENS BLVD @ ELM RIDGE DR,03-At intersection,01-Within intersection,01-Clear,"06-Dusk, artificial",INTERSECTION,
4549,06-143027,20061104,BORDEN AVE N @ KING ST E / BORDEN AVE S,02-Intersection related,02-Thru lane,01-Clear,01-Daylight,INTERSECTION,
4550,06-031562,20060316,YOUNG ST @ DUKE ST W,03-At intersection,09-Right shoulder,01-Clear,01-Daylight,INTERSECTION,
4551,06-025582,20060303,TRILLIUM DR @ HURON RD,07-Overpass or bridge,10-Not on roadway - left side,01-Clear,"08-Dark, artificial",INTERSECTION,
4552,06-044467,20060413,KARN ST @ WEICHEL ST,04-At/near private drive,02-Thru lane,01-Clear,01-Daylight,INTERSECTION,
4553,06-040599,20060405,BIRKSHIRE CRT @ LORRAINE AVE,03-At intersection,02-Thru lane,03-Snow,01-Daylight,INTERSECTION,
4554,06-134074,20061015,BLOCK LINE RD @ STRASBURG RD,03-At intersection,01-Within intersection,01-Clear,01-Daylight,INTERSECTION,
4555,06-047700,20060420,LOUISA ST @ ST LEGER ST,03-At intersection,01-Within intersection,01-Clear,01-Daylight,INTERSECTION,
4556,06-051962,20060428,PIONEER DR @ DOON VILLAGE RD,04-At/near private drive,02-Thru lane,01-Clear,"08-Dark, artificial",INTERSECTION,
4557,06-049767,20060423,HERITAGE DR @ INDIAN RD,02-Intersection related,02-Thru lane,02-Rain,"08-Dark, artificial",INTERSECTION,
4558,06-126435,20060928,PARK ST @ AGNES ST,05-At railway crossing,02-Thru lane,01-Clear,01-Daylight,INTERSECTION,
4559,06-119148,20060914,BELMONT AVE W @ GAGE AVE,03-At intersection,01-Within intersection,01-Clear,01-Daylight,INTERSECTION,
4560,06-132482,20061012,UNION ST @ LANCASTER ST W,01-Non intersection,02-Thru lane,01-Clear,01-Daylight,INTERSECTION,
4561,06-136661,20061021,WESTHEIGHTS DR @ ROLLING MEADOWS DR,02-Intersection related,01-Within intersection,01-Clear,01-Daylight,INTERSECTION,
4562,06-053445,20060502,HOMER WATSON BLVD @ MANITOU DR / DOON VILLAGE RD,01-Non intersection,02-Thru lane,01-Clear,01-Daylight,INTERSECTION,
4563,06-054081,20060426,QUEENS BLVD @ WARREN RD,02-Intersection related,05-Right turn channel,01-Clear,01-Daylight,INTERSECTION,
4564,06-055827,20060507,SHELLEY DR @ VANIER DR,01-Non intersection,02-Thru lane,01-Clear,"08-Dark, artificial",INTERSECTION,
4565,06-048096,20060421,PIONEER DR @ UPPER CANADA DR,04-At/near private drive,02-Thru lane,02-Rain,01-Daylight,INTERSECTION,
4566,06-084161,20060704,QUEENS BLVD @ WESTHEIGHTS DR,03-At intersection,01-Within intersection,01-Clear,01-Daylight,INTERSECTION,
4567,06-076996,20060620,QUEEN ST S @ JOSEPH ST,02-Intersection related,02-Thru lane,01-Clear,01-Daylight,INTERSECTION,
4568,06-080824,20060627,GLASGOW ST @ PARK ST,02-Intersection related,02-Thru lane,01-Clear,01-Daylight,INTERSECTION,
4569,06-132701,20061012,QUEENS BLVD @ BELMONT AVE W / BELMONT AVE E,02-Intersection related,02-Thru lane,03-Snow,01-Daylight,INTERSECTION,
4570,06-164636,20061223,STIRLING AVE S @ HIGHLAND RD E,02-Intersection related,02-Thru lane,02-Rain,"08-Dark, artificial",INTERSECTION,
4571,06-165553,20061226,WELLINGTON ST N @ MARGARET AVE,03-At intersection,01-Within intersection,01-Clear,"08-Dark, artificial",INTERSECTION,
4572,06-137212,20061022,SAMUEL ST @ CHAPEL ST,03-At intersection,01-Within intersection,01-Clear,01-Daylight,INTERSECTION,
4573,06-117328,20060910,FRANKLIN ST S @ KINGSWAY DR,03-At intersection,01-Within intersection,01-Clear,01-Daylight,INTERSECTION,
4574,06-117641,20060911,HIGHLAND RD E @ SPADINA RD E,03-At intersection,01-Within intersection,01-Clear,01-Daylight,INTERSECTION,
4575,06-128900,20061004,CHAPEL ST @ EAST AVE,03-At intersection,01-Within intersection,01-Clear,01-Daylight,INTERSECTION,
4576,06-129774,20061006,COURTLAND AVE E @ PETER ST,01-Non intersection,02-Thru lane,01-Clear,01-Daylight,INTERSECTION,
4577,06-053665,20060502,MARGARET AVE @ UNION ST,03-At intersection,04-Right turn lane,01-Clear,"02-Daylight, artificial",INTERSECTION,
4578,06-047295,20060419,WILSON AVE @ WEBSTER RD,04-At/near private drive,02-Thru lane,01-Clear,01-Daylight,INTERSECTION,
4579,06-070230,20060605,DOON MILLS DR @ APPLE RIDGE DR,04-At/near private drive,02-Thru lane,01-Clear,01-Daylight,INTERSECTION,
4580,06-087170,20060708,PIONEER DR @ OLD CARRIAGE DR,01-Non intersection,02-Thru lane,01-Clear,01-Daylight,INTERSECTION,
4581,06-070133,20060605,BELMONT AVE W @ JACK AVE,01-Non intersection,02-Thru lane,01-Clear,01-Daylight,INTERSECTION,
4582,06-069535,20060605,ROSS AVE @ FRANKLIN ST N,01-Non intersection,02-Thru lane,01-Clear,01-Daylight,INTERSECTION,
4583,06-067224,20060531,DAIMLER DR @ OLD CHICOPEE DR,02-Intersection related,02-Thru lane,01-Clear,01-Daylight,INTERSECTION,
4584,06-077057,20060620,HOMER WATSON BLVD @ HOFFMAN ST,02-Intersection related,02-Thru lane,01-Clear,01-Daylight,INTERSECTION,
4585,06-084538,20060705,MCGARRY DR @ MEADOWBROOK DR,01-Non intersection,02-Thru lane,01-Clear,01-Daylight,INTERSECTION,
4586,06-139710,20061028,EAST AVE @ KRUG ST,03-At intersection,01-Within intersection,02-Rain,01-Daylight,INTERSECTION,
4587,06-145679,20061110,INDIAN RD @ MCGEE AVE,01-Non intersection,11-Not on roadway - right side,01-Clear,01-Daylight,INTERSECTION,
4588,06-147129,20061107,FIRST AVE @ ECKERT ST,01-Non intersection,02-Thru lane,02-Rain,07-Dark,INTERSECTION,
4589,06-151125,20061122,WILDERNESS DR @ BUSH CLOVER CRES / ACTIVA AVE,03-At intersection,01-Within intersection,01-Clear,07-Dark,INTERSECTION,
4590,06-010126,20060124,HIGHLAND RD W @ WESTHEIGHTS DR / WESTFOREST TRAIL,04-At/near private drive,09-Right shoulder,03-Snow,"08-Dark, artificial",INTERSECTION,
4591,06-122272,20060920,PIONEER DR @ PERIN PL / VINTAGE CRES,01-Non intersection,02-Thru lane,01-Clear,01-Daylight,INTERSECTION,
4592,06-023442,20060225,HIGHLAND RD W @ GLASGOW ST,01-Non intersection,09-Right shoulder,01-Clear,01-Daylight,INTERSECTION,
4593,06-024942,20060203,GLASGOW ST @ WESTMOUNT RD W,01-Non intersection,02-Thru lane,01-Clear,01-Daylight,INTERSECTION,
4594,06-015936,20060206,GLASGOW ST @ UNIVERSITY AVE W,01-Non intersection,02-Thru lane,03-Snow,01-Daylight,INTERSECTION,
4595,06-087594,20060711,QUEENS BLVD @ REX DR,04-At/near private drive,02-Thru lane,01-Clear,01-Daylight,INTERSECTION,
4596,06-077106,20060620,BREITHAUPT ST @ MOORE AVE,04-At/near private drive,02-Thru lane,01-Clear,01-Daylight,INTERSECTION,
4597,06-135001,20061017,WATER ST S @ JUBILEE DR,01-Non intersection,02-Thru lane,02-Rain,05-Dusk,INTERSECTION,
4598,06-136921,20061021,PAULANDER DR @ VICTORIA ST S,01-Non intersection,02-Thru lane,01-Clear,"08-Dark, artificial",INTERSECTION,
4599,06-023000,20060224,KINGSWAY DR @ GREENFIELD AVE,02-Intersection related,11-Not on roadway - right side,01-Clear,"06-Dusk, artificial",INTERSECTION,
4600,06-121624,20060919,HOMER WATSON BLVD @ OTTAWA ST S,01-Non intersection,02-Thru lane,01-Clear,01-Daylight,INTERSECTION,
4601,06-118391,20060912,SPADINA RD E @ MILL ST,03-At intersection,01-Within intersection,02-Rain,"06-Dusk, artificial",INTERSECTION,
4602,06-118666,20060912,PIONEER DR @ BLACK WALNUT DR,01-Non intersection,02-Thru lane,02-Rain,"08-Dark, artificial",INTERSECTION,
4603,06-105595,20060815,HIDDEN VALLEY RD @ WABANAKI DR,01-Non intersection,02-Thru lane,01-Clear,,INTERSECTION,
4604,06-018656,20060213,QUEENS BLVD @ BELMONT AVE W / BELMONT AVE E,03-At intersection,01-Within intersection,03-Snow,"08-Dark, artificial",INTERSECTION,
4605,06-020674,20060218,KING ST W @ GAUKEL ST,03-At intersection,01-Within intersection,01-Clear,01-Daylight,INTERSECTION,
4606,06-016632,20060209,KING ST W @ FRANCIS ST S / FRANCIS ST N,02-Intersection related,02-Thru lane,01-Clear,01-Daylight,INTERSECTION,
4607,06-045382,20060415,LOUISA ST @ MOORE AVE,01-Non intersection,02-Thru lane,01-Clear,01-Daylight,INTERSECTION,
4608,06-043556,20060411,HOFFMAN ST @ KEHL ST,04-At/near private drive,02-Thru lane,01-Clear,"06-Dusk, artificial",INTERSECTION,
4609,06-020665,20060218,CONESTOGA COLLEGE BLVD @ HOMER WATSON BLVD,01-Non intersection,02-Thru lane,01-Clear,01-Daylight,INTERSECTION,
4610,06-018857,20060213,CEDAR ST N @ KING ST E / CEDAR ST S,01-Non intersection,09-Right shoulder,03-Snow,01-Daylight,INTERSECTION,
4611,06-049396,20060423,DUKE ST W @ BREITHAUPT ST,03-At intersection,01-Within intersection,01-Clear,01-Daylight,INTERSECTION,
4612,06-052880,20060501,LORRAINE AVE @ MONTCALM DR,01-Non intersection,02-Thru lane,01-Clear,01-Daylight,INTERSECTION,
4613,06-054157,20060503,RIVER RD E @ ISLINGTON AVE,01-Non intersection,02-Thru lane,01-Clear,01-Daylight,INTERSECTION,
4614,06-080228,20060626,RIVER RD E @ LORRAINE AVE,01-Non intersection,02-Thru lane,02-Rain,01-Daylight,INTERSECTION,
4615,06-093389,20060723,REYBURN AVE @ TRAYNOR AVE,01-Non intersection,02-Thru lane,02-Rain,01-Daylight,INTERSECTION,
4616,06-134033,20061015,STIRLING AVE S @ HIGHLAND RD E,04-At/near private drive,02-Thru lane,01-Clear,01-Daylight,INTERSECTION,
4617,06-134785,20061017,MILL ST @ HEIMAN ST,04-At/near private drive,02-Thru lane,02-Rain,01-Daylight,INTERSECTION,
4618,06-087021,20060710,CHANDLER DR @ STRASBURG RD,01-Non intersection,02-Thru lane,02-Rain,01-Daylight,INTERSECTION,
4619,06-091014,20060718,KING ST E @ QUEEN ST N,02-Intersection related,02-Thru lane,01-Clear,01-Daylight,INTERSECTION,
4620,06-084969,20060706,WESTHEIGHTS DR @ DRIFTWOOD DR,03-At intersection,01-Within intersection,01-Clear,01-Daylight,INTERSECTION,
4621,06-090573,20060717,GLASGOW ST @ PARK ST,02-Intersection related,04-Right turn lane,01-Clear,01-Daylight,INTERSECTION,
4622,06-043500,20060411,ACTIVA AVE @ BRIDLEWREATH ST,04-At/near private drive,09-Right shoulder,01-Clear,01-Daylight,INTERSECTION,
4623,06-044569,20060413,BREITHAUPT ST @ WATERLOO ST,01-Non intersection,02-Thru lane,01-Clear,"08-Dark, artificial",INTERSECTION,
4624,06-165903,20061227,EBY ST S @ EBY ST N / KING ST E,03-At intersection,01-Within intersection,01-Clear,"08-Dark, artificial",INTERSECTION,
4625,06-157586,20061207,WESTHEIGHTS DR @ DRIFTWOOD DR,03-At intersection,02-Thru lane,01-Clear,01-Daylight,INTERSECTION,
4626,06-053428,20060502,CEDAR ST N @ DUKE ST E,03-At intersection,01-Within intersection,01-Clear,01-Daylight,INTERSECTION,
4627,06-117267,20060910,ROSS AVE @ FRANKLIN ST N,03-At intersection,01-Within intersection,01-Clear,01-Daylight,INTERSECTION,
4628,06-123749,20060923,WILSON AVE @ FAIRWAY RD S,01-Non intersection,02-Thru lane,01-Clear,01-Daylight,INTERSECTION,
4629,06-122419,20060920,BELMONT AVE W @ GAGE AVE,01-Non intersection,02-Thru lane,01-Clear,01-Daylight,INTERSECTION,
4630,06-118629,20060912,KINGSWOOD DR @ FLINT DR,04-At/near private drive,09-Right shoulder,02-Rain,"08-Dark, artificial",INTERSECTION,
4631,06-129727,20061006,ROSE ST @ KRUG ST,01-Non intersection,02-Thru lane,01-Clear,01-Daylight,INTERSECTION,
4632,06-129764,20061006,FOURTH AVE @ KINGSWAY DR,02-Intersection related,02-Thru lane,01-Clear,01-Daylight,INTERSECTION,
4633,06-055333,20060506,DEER RIDGE DR @ TERRACE WOOD DR,03-At intersection,01-Within intersection,01-Clear,"02-Daylight, artificial",INTERSECTION,
4634,06-054224,20060503,OVERLEA DR @ RALGREEN CRES,02-Intersection related,01-Within intersection,01-Clear,01-Daylight,INTERSECTION,
4635,06-092308,20060721,QUEEN ST N @ LANCASTER ST W / LANCASTER ST E,03-At intersection,02-Thru lane,01-Clear,01-Daylight,INTERSECTION,
4636,06-083903,20060703,HERITAGE DR @ OAKHURST CRES,01-Non intersection,02-Thru lane,01-Clear,"08-Dark, artificial",INTERSECTION,
4637,06-137647,20061023,STRASBURG RD @ BARWOOD CRES,04-At/near private drive,03-Left turn lane,01-Clear,01-Daylight,INTERSECTION,
4638,06-162422,20061218,KING ST W @ WATER ST N / WATER ST S,02-Intersection related,01-Within intersection,01-Clear,01-Daylight,INTERSECTION,
4639,06-154995,20061201,RIVER RD E @ FREDERICK ST,02-Intersection related,02-Thru lane,03-Snow,"08-Dark, artificial",INTERSECTION,
4640,06-148230,20061116,QUEENS BLVD @ HAHN PL,02-Intersection related,02-Thru lane,01-Clear,01-Daylight,INTERSECTION,
4641,06-153397,20061127,NINTH AVE @ CAIT AVE,04-At/near private drive,02-Thru lane,01-Clear,"08-Dark, artificial",INTERSECTION,
4642,06-124792,20060925,COURTLAND AVE E @ KENT AVE,01-Non intersection,02-Thru lane,01-Clear,01-Daylight,INTERSECTION,
4643,06-126878,20060930,UNION BLVD @ AVONDALE AVE,03-At intersection,01-Within intersection,02-Rain,01-Daylight,INTERSECTION,
4644,06-129570,20061006,RITTENHOUSE RD @ BLOCK LINE RD,03-At intersection,01-Within intersection,01-Clear,01-Daylight,INTERSECTION,
4645,06-104067,20060814,WATER ST S @ JOSEPH ST,03-At intersection,01-Within intersection,01-Clear,01-Daylight,INTERSECTION,
4646,06-051629,20060428,DUKE ST W @ BREITHAUPT ST,02-Intersection related,01-Within intersection,01-Clear,01-Daylight,INTERSECTION,
4647,06-049610,20060424,GUELPH ST @ ST VINCENT ST / ARNOLD ST,02-Intersection related,01-Within intersection,01-Clear,01-Daylight,INTERSECTION,
4648,06-088218,20060712,SHOEMAKER ST @ STRASBURG RD,01-Non intersection,02-Thru lane,02-Rain,01-Daylight,INTERSECTION,
4649,06-087148,20060710,DUKE ST E @ EBY ST N,02-Intersection related,02-Thru lane,01-Clear,01-Daylight,INTERSECTION,
4650,06-074153,20060614,WAKE ROBIN DR @ WINDFLOWER DR,04-At/near private drive,10-Not on roadway - left side,01-Clear,"08-Dark, artificial",INTERSECTION,
4651,06-089492,20060714,UNION BLVD @ BELMONT AVE W,01-Non intersection,02-Thru lane,01-Clear,01-Daylight,INTERSECTION,
4652,00-092482,20060721,GREENBROOK DR @ VILLAGE RD / FOREST HILL DR,02-Intersection related,02-Thru lane,01-Clear,01-Daylight,INTERSECTION,
4653,06-092077,20060720,SOUTH DR @ PERTH RD,01-Non intersection,02-Thru lane,01-Clear,01-Daylight,INTERSECTION,
4654,06-090632,20060717,SHANLEY ST @ DEKAY ST,03-At intersection,01-Within intersection,01-Clear,01-Daylight,INTERSECTION,
4655,06-028111,20060308,WEBER ST W @ LOUISA ST,01-Non intersection,09-Right shoulder,01-Clear,01-Daylight,INTERSECTION,
4656,06-153273,20061127,KING ST W @ YOUNG ST,01-Non intersection,,01-Clear,01-Daylight,INTERSECTION,
4657,06-151802,20061124,WELLINGTON ST N @ SHIRLEY AVE / RIVERBEND DR,01-Non intersection,02-Thru lane,01-Clear,01-Daylight,INTERSECTION,
4658,06-017620,20060211,GLASGOW ST @ BELMONT AVE W,02-Intersection related,01-Within intersection,01-Clear,01-Daylight,INTERSECTION,
4659,06-020735,20060218,SHANLEY ST @ WATERLOO ST,03-At intersection,01-Within intersection,01-Clear,01-Daylight,INTERSECTION,
4660,06-015215,20060205,WABANAKI DR @ WILSON AVE,02-Intersection related,04-Right turn lane,03-Snow,05-Dusk,INTERSECTION,
4661,06-163933,20061222,BLOCK LINE RD @ STRASBURG RD,03-At intersection,01-Within intersection,02-Rain,01-Daylight,INTERSECTION,
4662,06-037420,20060329,RIVER RD E @ GIBSON DR,01-Non intersection,02-Thru lane,01-Clear,01-Daylight,INTERSECTION,
4663,06-038568,20060331,PIONEER DR @ DOON VILLAGE RD,03-At intersection,01-Within intersection,02-Rain,05-Dusk,INTERSECTION,
4664,06-040517,20060405,QUEEN ST N @ LANCASTER ST W / LANCASTER ST E,03-At intersection,01-Within intersection,01-Clear,01-Daylight,INTERSECTION,
4665,06-053389,20060502,AHRENS ST W @ BREITHAUPT ST,03-At intersection,01-Within intersection,01-Clear,01-Daylight,INTERSECTION,
4666,06-091916,20060720,PATRICIA AVE @ QUEENS BLVD,04-At/near private drive,02-Thru lane,02-Rain,01-Daylight,INTERSECTION,
4667,06-090372,20060717,WILSON AVE @ WEBSTER RD,02-Intersection related,11-Not on roadway - right side,01-Clear,01-Daylight,INTERSECTION,
4668,06-075148,20060616,MISTY CRT @ MISTY ST,04-At/near private drive,02-Thru lane,01-Clear,"08-Dark, artificial",INTERSECTION,
4669,06-023163,20060225,WINDSOR CRES @ SPADINA RD E,03-At intersection,09-Right shoulder,01-Clear,07-Dark,INTERSECTION,
4670,06-015143,20060205,WABANAKI DR @ WILSON AVE,02-Intersection related,03-Left turn lane,03-Snow,"06-Dusk, artificial",INTERSECTION,
4671,06-020777,20060218,MANSION ST @ LANCASTER ST E,02-Intersection related,04-Right turn lane,01-Clear,07-Dark,INTERSECTION,
4672,06-024764,20060301,KINGSWOOD DR @ GRACEFIELD CRES,03-At intersection,02-Thru lane,01-Clear,01-Daylight,INTERSECTION,
4673,06-045083,20060415,BLACKWELL DR @ MONTEAGLE CRES,01-Non intersection,02-Thru lane,01-Clear,03-Dawn,INTERSECTION,
4674,06-043907,20060412,BLOCK LINE RD @ KINGSWOOD DR,04-At/near private drive,02-Thru lane,02-Rain,01-Daylight,INTERSECTION,
4675,06-041560,20060407,DOON MILLS DR @ DOON SOUTH DR,03-At intersection,01-Within intersection,01-Clear,01-Daylight,INTERSECTION,
4676,06-020239,20060217,KING ST E @ QUEEN ST N,02-Intersection related,02-Thru lane,01-Clear,01-Daylight,INTERSECTION,
4677,06-054136,20060503,DONNENWERTH DR @ ACTIVA AVE,01-Non intersection,02-Thru lane,01-Clear,01-Daylight,INTERSECTION,
4678,06-050026,20060425,GLASGOW ST @ BELMONT AVE W,01-Non intersection,02-Thru lane,01-Clear,01-Daylight,INTERSECTION,
4679,06-129582,20061006,SPADINA RD W @ NORTH DR,03-At intersection,01-Within intersection,01-Clear,01-Daylight,INTERSECTION,
4680,06-126210,20060929,RITTENHOUSE RD @ BLOCK LINE RD,01-Non intersection,11-Not on roadway - right side,01-Clear,,INTERSECTION,
4681,06-157117,20061206,AGNES ST @ WALTER ST,02-Intersection related,02-Thru lane,03-Snow,01-Daylight,INTERSECTION,
4682,06-007494,20060118,QUEEN ST N @ WEBER ST W / WEBER ST E,04-At/near private drive,02-Thru lane,03-Snow,01-Daylight,INTERSECTION,
4683,06-039805,20060403,UPPER CANADA DR @ DOON VILLAGE RD,04-At/near private drive,09-Right shoulder,01-Clear,01-Daylight,INTERSECTION,
4684,06-030918,20060314,HIGHLAND RD W @ GLASGOW ST,01-Non intersection,02-Thru lane,03-Snow,05-Dusk,INTERSECTION,
4685,06-032769,20060318,QUEENS BLVD @ OVERLEA DR,01-Non intersection,02-Thru lane,01-Clear,"08-Dark, artificial",INTERSECTION,
4686,06-030933,20060314,GLASGOW ST @ UNIVERSITY AVE W,01-Non intersection,09-Right shoulder,05-Drifting Snow,05-Dusk,INTERSECTION,
4687,06-040680,20060405,OTTAWA ST S @ STRASBURG RD,04-At/near private drive,02-Thru lane,01-Clear,01-Daylight,INTERSECTION,
4688,06-031033,20060314,PAULANDER DR @ LAWRENCE AVE,03-At intersection,02-Thru lane,03-Snow,07-Dark,INTERSECTION,
4689,06-163324,20061220,WILSON AVE @ KINGSWAY DR,02-Intersection related,02-Thru lane,01-Clear,"08-Dark, artificial",INTERSECTION,
4690,06-074420,20060615,BREITHAUPT ST @ MOORE AVE,03-At intersection,01-Within intersection,01-Clear,01-Daylight,INTERSECTION,
4691,06-050902,20060427,AHRENS ST W @ WELLINGTON ST N,03-At intersection,01-Within intersection,01-Clear,01-Daylight,INTERSECTION,
4692,06-119198,20060914,RIVERBEND DR @ GUELPH ST,03-At intersection,02-Thru lane,01-Clear,01-Daylight,INTERSECTION,
4693,06-163264,20061220,SHOEMAKER ST @ STRASBURG RD,01-Non intersection,02-Thru lane,01-Clear,01-Daylight,INTERSECTION,
4694,06-110598,20060827,MANOR DR @ GRAND RIVER BLVD,04-At/near private drive,02-Thru lane,01-Clear,01-Daylight,INTERSECTION,
4695,06-105954,20060818,QUEEN ST N @ ROY ST,01-Non intersection,02-Thru lane,01-Clear,01-Daylight,INTERSECTION,
4696,06-157321,20061206,RIVER RD E @ ISLINGTON AVE,02-Intersection related,02-Thru lane,03-Snow,"08-Dark, artificial",INTERSECTION,
4697,06-154584,20061130,HIGHLAND RD E @ SPADINA RD E,03-At intersection,02-Thru lane,02-Rain,07-Dark,INTERSECTION,
4698,06-051491,20060428,AHRENS ST W @ WELLINGTON ST N,03-At intersection,01-Within intersection,01-Clear,01-Daylight,INTERSECTION,
4699,06-049973,20060425,RIVER RD E @ HALLIWELL DR,03-At intersection,01-Within intersection,01-Clear,01-Daylight,INTERSECTION,
4700,06-031037,20060314,GUELPH ST @ ST LEGER ST,02-Intersection related,10-Not on roadway - left side,03-Snow,"02-Daylight, artificial",INTERSECTION,
4701,06-102288,20060810,BELMONT AVE W @ GAGE AVE,03-At intersection,01-Within intersection,01-Clear,01-Daylight,INTERSECTION,
4702,06-098356,20060802,GLASGOW ST @ PARK ST,02-Intersection related,02-Thru lane,01-Clear,01-Daylight,INTERSECTION,
4703,06-156140,20061204,MARLBOROUGH AVE @ BELMONT AVE W,04-At/near private drive,11-Not on roadway - right side,03-Snow,"08-Dark, artificial",INTERSECTION,
4704,06-074824,20060616,MCINTYRE DR @ TRILLIUM DR,03-At intersection,01-Within intersection,01-Clear,01-Daylight,INTERSECTION,
4705,06-073232,20060612,LAURENTIAN DR @ DUNSMERE DR,02-Intersection related,03-Left turn lane,,01-Daylight,INTERSECTION,
4706,06-149325,20061118,WILSON AVE @ KINGSWAY DR,04-At/near private drive,04-Right turn lane,01-Clear,01-Daylight,INTERSECTION,
4707,06-152117,20061125,BENESFORT DR @ BENESFORT CRES,04-At/near private drive,02-Thru lane,"07-Fog, mist, smoke, dust","08-Dark, artificial",INTERSECTION,
4708,06-111487,20060829,QUEEN ST N @ GOUDIES LANE,02-Intersection related,02-Thru lane,01-Clear,01-Daylight,INTERSECTION,
4709,06-159832,20061212,KING ST W @ ONTARIO ST S / ONTARIO ST N,03-At intersection,01-Within intersection,01-Clear,"08-Dark, artificial",INTERSECTION,
4710,06-048347,20060421,HAMEL AVE @ LANCASTER ST W,04-At/near private drive,02-Thru lane,01-Clear,01-Daylight,INTERSECTION,
4711,06-048344,20060421,AHRENS ST W @ BREITHAUPT ST,03-At intersection,01-Within intersection,01-Clear,01-Daylight,INTERSECTION,
4712,06-065667,20060528,BLOCK LINE RD @ STRASBURG RD,03-At intersection,02-Thru lane,01-Clear,01-Daylight,INTERSECTION,
4713,06-066749,20060530,LINDEN AVE @ MICHAEL ST,04-At/near private drive,02-Thru lane,01-Clear,01-Daylight,INTERSECTION,
4714,06-112442,20060831,BRAUN ST @ SHANLEY ST,03-At intersection,10-Not on roadway - left side,01-Clear,01-Daylight,INTERSECTION,
4715,06-110537,20060807,AUTUMN RIDGE TRAIL @ WOODCREST CRT,04-At/near private drive,02-Thru lane,01-Clear,01-Daylight,INTERSECTION,
4716,06-103839,20060813,SIEBERT AVE @ WOODHAVEN RD,01-Non intersection,02-Thru lane,01-Clear,01-Daylight,INTERSECTION,
4717,06-112229,20060831,ACTIVA AVE @ SNOWDROP CRES,02-Intersection related,02-Thru lane,01-Clear,01-Daylight,INTERSECTION,
4718,06-152368,20061125,WESTHEIGHTS DR @ TRAILVIEW DR,01-Non intersection,02-Thru lane,01-Clear,01-Daylight,INTERSECTION,
4719,06-157851,20061208,CONWAY DR @ WAYNE DR,01-Non intersection,01-Within intersection,03-Snow,01-Daylight,INTERSECTION,
4720,06-158890,20061210,QUEENS BLVD @ BELMONT AVE W / BELMONT AVE E,01-Non intersection,02-Thru lane,01-Clear,01-Daylight,INTERSECTION,
4721,06-033036,20060319,OLDFIELD DR @ SHAFTSBURY DR,03-At intersection,02-Thru lane,01-Clear,01-Daylight,INTERSECTION,
4722,06-160530,20061214,STIRLING AVE S @ KING ST E / STIRLING AVE N,03-At intersection,02-Thru lane,01-Clear,01-Daylight,INTERSECTION,