OBJECTID,ACCIDENTNUM,ACCIDENTDATE,LOCATION,ACCIDENT_LOCATION,IMPACT_LOCATION,ENVIRONMENT_CONDITION,LIGHT,COLLISION_TYPE,TRAFFICCOLLISIONSID
4723,06-033688,20060321,QUEEN ST N @ LANCASTER ST W / LANCASTER ST E,04-At/near private drive,10-Not on roadway - left side,01-Clear,01-Daylight,INTERSECTION,
4724,06-032962,20060318,YOUNG ST @ ROY ST,02-Intersection related,12-Off highway,01-Clear,01-Daylight,INTERSECTION,
4725,06-033660,20060321,FISCHER HALLMAN RD @ FOREST HILL DR,01-Non intersection,02-Thru lane,01-Clear,01-Daylight,INTERSECTION,
4726,06-059669,20060506,MCGARRY DR @ ELM RIDGE DR,03-At intersection,01-Within intersection,01-Clear,01-Daylight,INTERSECTION,
4727,06-096262,20060729,AHRENS ST W @ YOUNG ST,03-At intersection,01-Within intersection,01-Clear,01-Daylight,INTERSECTION,
4728,06-142624,20061103,WESTHEIGHTS DR @ DRIFTWOOD DR,02-Intersection related,02-Thru lane,01-Clear,01-Daylight,INTERSECTION,
4729,06-020543,20060218,WILSON AVE @ KINGSWAY DR,01-Non intersection,04-Right turn lane,03-Snow,01-Daylight,INTERSECTION,
4730,06-015201,20060205,WABANAKI DR @ WILSON AVE,02-Intersection related,04-Right turn lane,03-Snow,"06-Dusk, artificial",INTERSECTION,
4731,06-022002,20060222,RIVER RD E @ HALLIWELL DR,02-Intersection related,01-Within intersection,01-Clear,01-Daylight,INTERSECTION,
4732,06-018657,20060211,BLEAMS RD @ FALLOWFIELD DR,01-Non intersection,02-Thru lane,06-Strong wind,"08-Dark, artificial",INTERSECTION,
4733,06-031121,20060315,OLDFIELD DR @ BRIERDALE DR,04-At/near private drive,11-Not on roadway - right side,01-Clear,"04-Dawn, artificial",INTERSECTION,
4734,06-022485,20060223,EBY ST S @ EBY ST N / KING ST E,01-Non intersection,02-Thru lane,99-Other,01-Daylight,INTERSECTION,
4735,06-047796,20060420,KINGSWAY DR @ GREENFIELD AVE,03-At intersection,01-Within intersection,01-Clear,01-Daylight,INTERSECTION,
4736,06-042077,20060408,HILLMOUNT ST @ SHELLEY DR,02-Intersection related,08-Left shoulder,01-Clear,01-Daylight,INTERSECTION,
4737,06-033220,20060320,WAKE ROBIN DR @ WINDFLOWER DR,04-At/near private drive,02-Thru lane,01-Clear,01-Daylight,INTERSECTION,
4738,06-055337,20060506,STOKE DR @ FISCHER HALLMAN RD,01-Non intersection,02-Thru lane,01-Clear,01-Daylight,INTERSECTION,
4739,06-046538,20060418,AHRENS ST W @ WELLINGTON ST N,02-Intersection related,02-Thru lane,01-Clear,01-Daylight,INTERSECTION,
4740,06-053442,20060501,TUERR DR @ THE COUNTRY WAY,04-At/near private drive,11-Not on roadway - right side,01-Clear,01-Daylight,INTERSECTION,
4741,06-044341,20060413,KING ST W @ COLLEGE ST,01-Non intersection,02-Thru lane,01-Clear,01-Daylight,INTERSECTION,
4742,06-094411,20060725,QUEEN ST N @ ST LEGER ST,03-At intersection,02-Thru lane,01-Clear,01-Daylight,INTERSECTION,
4743,06-141128,20061031,CHARLES ST E @ SYDNEY ST S,03-At intersection,01-Within intersection,01-Clear,01-Daylight,INTERSECTION,
4744,06-140728,20061030,STIRLING AVE S @ KING ST E / STIRLING AVE N,02-Intersection related,02-Thru lane,01-Clear,01-Daylight,INTERSECTION,
4745,06-145277,20061109,RIVER RD E @ HOLBORN DR,02-Intersection related,02-Thru lane,01-Clear,01-Daylight,INTERSECTION,
4746,06-005505,20060113,KING ST E @ QUEEN ST N,02-Intersection related,02-Thru lane,02-Rain,,INTERSECTION,
4747,06-031195,20060314,QUEEN ST N @ MARGARET AVE / OTTO ST,03-At intersection,02-Thru lane,01-Clear,"08-Dark, artificial",INTERSECTION,
4748,06-030449,20060313,RIVER RD E @ KRUG ST,03-At intersection,01-Within intersection,01-Clear,,INTERSECTION,
4749,06-031722,20060316,BELMONT AVE W @ CLAREMONT AVE,03-At intersection,01-Within intersection,01-Clear,01-Daylight,INTERSECTION,
4750,06-046534,20060418,DUKE ST W @ WELLINGTON ST N,03-At intersection,02-Thru lane,01-Clear,01-Daylight,INTERSECTION,
4751,06-045928,20060416,STIRLING AVE S @ GREENBROOK DR,04-At/near private drive,11-Not on roadway - right side,01-Clear,"06-Dusk, artificial",INTERSECTION,
4752,06-143072,20061104,WESTMOUNT RD W @ QUEENS BLVD / WESTMOUNT RD E,04-At/near private drive,02-Thru lane,01-Clear,01-Daylight,INTERSECTION,
4753,06-141718,20061101,FREDERICK ST @ MERNER AVE,01-Non intersection,02-Thru lane,01-Clear,01-Daylight,INTERSECTION,
4754,06-039672,20060403,UNION BLVD @ PARK ST,03-At intersection,01-Within intersection,02-Rain,01-Daylight,INTERSECTION,
4755,06-164528,20061223,MCGARRY DR @ ROYAL ORCHARD DR,03-At intersection,02-Thru lane,02-Rain,01-Daylight,INTERSECTION,
4756,06-130759,20061008,BLUCHER ST @ MARGARET AVE,03-At intersection,01-Within intersection,01-Clear,01-Daylight,INTERSECTION,
4757,06-137344,20061022,MOOREGATE CRES @ HAZELGLEN DR,02-Intersection related,01-Within intersection,02-Rain,,INTERSECTION,
4758,05-00574969,20050623,BELMONT AVE W @ GAGE AVE,01-Non intersection,02-Thru lane,01-Clear,01-Daylight,INTERSECTION,
4759,05-041533,20050413,OTTAWA ST N @ KING ST E / OTTAWA ST S,04-At/near private drive,02-Thru lane,01-Clear,01-Daylight,INTERSECTION,
4760,05-018218,20050218,RIVER RD E @ FREDERICK ST,02-Intersection related,02-Thru lane,01-Clear,01-Daylight,INTERSECTION,
4761,05-019743,20050222,KING ST W @ GAUKEL ST,03-At intersection,01-Within intersection,03-Snow,01-Daylight,INTERSECTION,
4762,05-024192,20050304,STIRLING AVE S @ MILL ST,02-Intersection related,02-Thru lane,01-Clear,01-Daylight,INTERSECTION,
4763,05-025606,20050309,KINZIE AVE @ RIVER RD E,03-At intersection,02-Thru lane,01-Clear,01-Daylight,INTERSECTION,
4764,05-024905,20050306,COPPER LEAF ST @ MAX BECKER DR,04-At/near private drive,02-Thru lane,01-Clear,01-Daylight,INTERSECTION,
4765,05-157415,20051202,RIVER RD E @ HOLBORN DR,04-At/near private drive,02-Thru lane,01-Clear,"08-Dark, artificial",INTERSECTION,
4766,05-157398,20051202,ACTIVA AVE @ BRIDLEWREATH ST,01-Non intersection,02-Thru lane,01-Clear,"06-Dusk, artificial",INTERSECTION,
4767,05-155419,20051125,HOMER WATSON BLVD @ STIRLING AVE S,01-Non intersection,02-Thru lane,03-Snow,01-Daylight,INTERSECTION,
4768,06-010333,20060125,PIONEER DR @ BLACK WALNUT DR,04-At/near private drive,02-Thru lane,03-Snow,01-Daylight,INTERSECTION,
4769,06-007302,20060118,BRYBECK CRES @ WESTMOUNT RD W / CHOPIN DR,01-Non intersection,02-Thru lane,03-Snow,01-Daylight,INTERSECTION,
4770,06-015550,20060205,BRYBECK CRES @ WESTMOUNT RD W / CHOPIN DR,04-At/near private drive,02-Thru lane,01-Clear,01-Daylight,INTERSECTION,
4771,05-166184,20051222,BELMONT AVE W @ VICTORIA ST S,01-Non intersection,02-Thru lane,01-Clear,"08-Dark, artificial",INTERSECTION,
4772,05-125790,20050930,RIVER RD E @ LORRAINE AVE,02-Intersection related,02-Thru lane,01-Clear,"08-Dark, artificial",INTERSECTION,
4773,05-158623,20051205,KING ST E @ CAMERON ST S / CAMERON ST N,01-Non intersection,02-Thru lane,01-Clear,05-Dusk,INTERSECTION,
4774,05-155480,20051126,YOUNG ST @ DUKE ST W,03-At intersection,01-Within intersection,01-Clear,"06-Dusk, artificial",INTERSECTION,
4775,05-150348,20051117,BLOCK LINE RD @ STRASBURG RD,02-Intersection related,02-Thru lane,03-Snow,"08-Dark, artificial",INTERSECTION,
4776,05-157219,20051202,WATER ST N @ FRANCIS ST N,01-Non intersection,02-Thru lane,01-Clear,01-Daylight,INTERSECTION,
4777,05-155159,20051128,CHARLES ST E @ PRESTON ST,02-Intersection related,01-Within intersection,01-Clear,01-Daylight,INTERSECTION,
4778,05-148821,20051116,QUEENS BLVD @ WARREN RD,04-At/near private drive,12-Off highway,03-Snow,05-Dusk,INTERSECTION,
4779,05-160450,20051209,MILL ST @ LANSDOWNE BLVD,04-At/near private drive,01-Within intersection,01-Clear,01-Daylight,INTERSECTION,
4780,05-160507,20051209,CHANDLER DR @ STRASBURG RD,01-Non intersection,10-Not on roadway - left side,01-Clear,"06-Dusk, artificial",INTERSECTION,
4781,05-160114,20051208,CEDAR CREST ST @ SUGAR MAPLE ST,04-At/near private drive,11-Not on roadway - right side,03-Snow,07-Dark,INTERSECTION,
4782,05-080750,20050704,FOREST HILL DR @ BUTTONWOOD DR,02-Intersection related,02-Thru lane,01-Clear,01-Daylight,INTERSECTION,
4783,05-016556,20050214,HOMER WATSON BLVD @ STIRLING AVE S,01-Non intersection,02-Thru lane,04-Freezing Rain,01-Daylight,INTERSECTION,
4784,05-009954,20050125,WELLINGTON ST N @ LANCASTER ST W,04-At/near private drive,02-Thru lane,,"02-Daylight, artificial",INTERSECTION,
4785,05-011495,20050131,YORK ST @ GILDNER ST,04-At/near private drive,02-Thru lane,01-Clear,01-Daylight,INTERSECTION,
4786,05-010230,20050128,ERINBROOK DR @ TILLSLEY DR,02-Intersection related,02-Thru lane,01-Clear,01-Daylight,INTERSECTION,
4787,05-006832,20050118,GLASGOW ST @ BELMONT AVE W,02-Intersection related,02-Thru lane,01-Clear,01-Daylight,INTERSECTION,
4788,05-009288,20050126,HERITAGE DR @ OAKHURST CRES,01-Non intersection,02-Thru lane,01-Clear,"08-Dark, artificial",INTERSECTION,
4789,05-018917,20050220,MAX BECKER DR @ COMMONWEALTH ST,03-At intersection,09-Right shoulder,01-Clear,07-Dark,INTERSECTION,
4790,05-020981,20050225,WAVERLY RD @ GAGE AVE,01-Non intersection,11-Not on roadway - right side,03-Snow,05-Dusk,INTERSECTION,
4791,05-022543,20050301,COPPER LEAF ST @ COTTON GRASS ST,01-Non intersection,10-Not on roadway - left side,01-Clear,01-Daylight,INTERSECTION,
4792,05-024944,20050307,AHRENS ST W @ BREITHAUPT ST,03-At intersection,01-Within intersection,02-Rain,01-Daylight,INTERSECTION,
4793,05-016608,20050214,PIONEER DR @ BECHTEL DR,01-Non intersection,02-Thru lane,04-Freezing Rain,01-Daylight,INTERSECTION,
4794,05-016816,20050501,FOUR SEASONS CRT @ COUNTRY HILL DR,01-Non intersection,02-Thru lane,04-Freezing Rain,01-Daylight,INTERSECTION,
4795,05-016716,20050212,MONTCALM DR @ INDIAN RD,01-Non intersection,02-Thru lane,01-Clear,01-Daylight,INTERSECTION,
4796,05-066940,20050607,GUELPH ST @ MARGARET AVE,04-At/near private drive,02-Thru lane,01-Clear,01-Daylight,INTERSECTION,
4797,05-024983,20050226,WESTHEIGHTS DR @ DRIFTWOOD DR,01-Non intersection,02-Thru lane,01-Clear,01-Daylight,INTERSECTION,
4798,05-023622,20050302,QUEEN ST S @ JOSEPH ST,02-Intersection related,02-Thru lane,01-Clear,01-Daylight,INTERSECTION,
4799,05-025090,20050307,HOMER WATSON BLVD @ STIRLING AVE S,99-Other,03-Left turn lane,99-Other,01-Daylight,INTERSECTION,
4800,05-162551,20051214,PIONEER DR @ DOON VILLAGE RD,03-At intersection,01-Within intersection,01-Clear,01-Daylight,INTERSECTION,
4801,05-164765,20051219,DOON MILLS DR @ PINE VALLEY DR,01-Non intersection,02-Thru lane,01-Clear,01-Daylight,INTERSECTION,
4802,06-166687,20061229,FREDERICK ST @ LANCASTER ST E / ELLEN ST E,04-At/near private drive,02-Thru lane,01-Clear,"08-Dark, artificial",INTERSECTION,
4803,06-049701,20060422,SCENIC WOOD CRES @ THALER AVE / FERGUS AVE,04-At/near private drive,09-Right shoulder,02-Rain,"08-Dark, artificial",INTERSECTION,
4804,06-124123,20060924,DEVON ST @ JUBILEE DR / PARK ST,01-Non intersection,02-Thru lane,02-Rain,"08-Dark, artificial",INTERSECTION,
4805,06-024047,20060227,FIRST AVE @ KINGSWAY DR / SECOND AVE,03-At intersection,01-Within intersection,01-Clear,01-Daylight,INTERSECTION,
4806,05-155540,20051128,RIVER RD E @ HOLBORN DR,02-Intersection related,02-Thru lane,02-Rain,07-Dark,INTERSECTION,
4807,05-134533,20051017,WELLINGTON ST N @ MARGARET AVE,03-At intersection,01-Within intersection,01-Clear,01-Daylight,INTERSECTION,
4808,05-135783,20051020,RIVER RD E @ HOLBORN DR,02-Intersection related,02-Thru lane,01-Clear,01-Daylight,INTERSECTION,
4809,05-129854,20051008,BELMONT AVE W @ GAGE AVE,03-At intersection,01-Within intersection,01-Clear,01-Daylight,INTERSECTION,
4810,05-157274,20051202,UNION BLVD @ DUNBAR RD,01-Non intersection,11-Not on roadway - right side,03-Snow,01-Daylight,INTERSECTION,
4811,05-020163,20050225,HALLS LANE W @ WATER ST S,04-At/near private drive,02-Thru lane,01-Clear,05-Dusk,INTERSECTION,
4812,05-022419,20050301,ONTARIO ST N @ DUKE ST W,03-At intersection,99-Other,03-Snow,01-Daylight,INTERSECTION,
4813,05-150330,20051117,BELMONT AVE W @ GAGE AVE,04-At/near private drive,11-Not on roadway - right side,03-Snow,"08-Dark, artificial",INTERSECTION,
4814,05-147315,20051113,BANKSIDE DR @ OPRINGTON DR,02-Intersection related,02-Thru lane,01-Clear,01-Daylight,INTERSECTION,
4815,05-142204,20051103,NINTH AVE @ KINGSWAY DR,03-At intersection,01-Within intersection,01-Clear,01-Daylight,INTERSECTION,
4816,05-148577,20051116,UNION BLVD @ YORK ST,03-At intersection,01-Within intersection,01-Clear,01-Daylight,INTERSECTION,
4817,05-009368,20050126,KINGSWAY DR @ GREENFIELD AVE,01-Non intersection,02-Thru lane,03-Snow,"08-Dark, artificial",INTERSECTION,
4818,05-165317,20051220,COURTLAND AVE E @ STIRLING AVE S,04-At/near private drive,02-Thru lane,01-Clear,"08-Dark, artificial",INTERSECTION,
4819,05-157836,20051203,RIVER RD E @ HOLBORN DR,02-Intersection related,04-Right turn lane,01-Clear,"08-Dark, artificial",INTERSECTION,
4820,05-162926,20051214,STAUFFER DR @ CARYNDALE DR,01-Non intersection,02-Thru lane,01-Clear,07-Dark,INTERSECTION,
4821,05-162697,20051214,LOUISA ST @ MOORE AVE,02-Intersection related,10-Not on roadway - left side,01-Clear,"08-Dark, artificial",INTERSECTION,
4822,05-007878,20050120,DRIFTWOOD DR @ YELLOW BIRCH DR,01-Non intersection,09-Right shoulder,03-Snow,"08-Dark, artificial",INTERSECTION,
4823,05-009034,20050125,CONNAUGHT ST @ FRANKLIN ST S,04-At/near private drive,02-Thru lane,01-Clear,01-Daylight,INTERSECTION,
4824,05-008207,20050123,KINZIE AVE @ THALER AVE,03-At intersection,01-Within intersection,01-Clear,01-Daylight,INTERSECTION,
4825,05-008781,20050124,PIONEER DR @ BLACK WALNUT DR,01-Non intersection,02-Thru lane,01-Clear,01-Daylight,INTERSECTION,
4826,05-067917,20050608,PARK ST @ GREEN ST,02-Intersection related,02-Thru lane,01-Clear,01-Daylight,INTERSECTION,
4827,05-167667,20051226,TRILLIUM DR @ WASHBURN DR,01-Non intersection,11-Not on roadway - right side,01-Clear,01-Daylight,INTERSECTION,
4828,05-162961,20050301,WAVERLY RD @ STRANGE ST,01-Non intersection,11-Not on roadway - right side,03-Snow,01-Daylight,INTERSECTION,
4829,05-167002,20051224,PAULANDER DR @ LAWRENCE AVE,01-Non intersection,03-Left turn lane,01-Clear,01-Daylight,INTERSECTION,
4830,05-016206,20050213,UNION BLVD @ BELMONT AVE W,99-Other,12-Off highway,01-Clear,,INTERSECTION,
4831,05-020526,20050224,KING ST E @ CAMERON ST S / CAMERON ST N,02-Intersection related,01-Within intersection,01-Clear,01-Daylight,INTERSECTION,
4832,05-078087,20050628,GLASGOW ST @ PARK ST,03-At intersection,02-Thru lane,01-Clear,01-Daylight,INTERSECTION,
4833,05-059548,20050523,WESTHEIGHTS DR @ MCGARRY DR,02-Intersection related,02-Thru lane,01-Clear,01-Daylight,INTERSECTION,
4834,06-006788,20060116,KINGSWAY DR @ ST JEROME AVE,01-Non intersection,02-Thru lane,01-Clear,"08-Dark, artificial",INTERSECTION,
4835,06-006573,20060116,DOON VALLEY DR @ CONESTOGA COLLEGE BLVD,01-Non intersection,02-Thru lane,01-Clear,01-Daylight,INTERSECTION,
4836,06-134546,20061016,KING ST E @ QUEEN ST N,02-Intersection related,11-Not on roadway - right side,01-Clear,01-Daylight,INTERSECTION,
4837,06-146402,20061111,RESURRECTION DR @ NORTHMANOR CRES,02-Intersection related,02-Thru lane,01-Clear,07-Dark,INTERSECTION,
4838,06-139785,20061028,JUBILEE DR @ DAVID ST / COURTLAND AVE W,01-Non intersection,02-Thru lane,02-Rain,01-Daylight,INTERSECTION,
4839,06-108631,20060823,FISCHER HALLMAN RD @ QUEENS BLVD,01-Non intersection,02-Thru lane,01-Clear,01-Daylight,INTERSECTION,
4840,06-098846,20060803,DUKE ST W @ BREITHAUPT ST,03-At intersection,01-Within intersection,01-Clear,01-Daylight,INTERSECTION,
4841,06-099224,20060804,INGLESIDE DR @ DALEGROVE DR,02-Intersection related,02-Thru lane,01-Clear,01-Daylight,INTERSECTION,
4842,06-095650,20060728,WESTHEIGHTS DR @ WESTVIEW CRES,03-At intersection,02-Thru lane,01-Clear,01-Daylight,INTERSECTION,
4843,06-095881,20060728,CEDAR ST N @ KING ST E / CEDAR ST S,03-At intersection,01-Within intersection,01-Clear,01-Daylight,INTERSECTION,
4844,06-107424,20060821,HILLMOUNT ST @ SHELLEY DR,01-Non intersection,02-Thru lane,01-Clear,01-Daylight,INTERSECTION,
4845,06-102188,20060810,PEBBLECREEK DR @ COUNTRY CLAIR ST,04-At/near private drive,02-Thru lane,01-Clear,01-Daylight,INTERSECTION,
4846,06-103706,20060809,PERTH RD @ PLEASANT AVE,04-At/near private drive,02-Thru lane,01-Clear,01-Daylight,INTERSECTION,
4847,06-135826,20061019,BELMONT AVE W @ KARN ST,01-Non intersection,02-Thru lane,01-Clear,01-Daylight,INTERSECTION,
4848,06-000564,20060102,WELLINGTON ST N @ MARGARET AVE,01-Non intersection,09-Right shoulder,02-Rain,01-Daylight,INTERSECTION,
4849,06-106452,20060818,MANCHESTER RD @ RIVER RD E,03-At intersection,01-Within intersection,01-Clear,01-Daylight,INTERSECTION,
4850,06-000772,20060102,STIRLING AVE S @ HIGHLAND RD E,03-At intersection,01-Within intersection,02-Rain,"08-Dark, artificial",INTERSECTION,
4851,06-000365,20060101,DUKE ST W @ LOUISA ST,01-Non intersection,02-Thru lane,01-Clear,"08-Dark, artificial",INTERSECTION,
4852,06-011199,20060127,ROCKWAY DR @ DOON RD,03-At intersection,01-Within intersection,01-Clear,01-Daylight,INTERSECTION,
4853,06-007041,20060117,WATER ST N @ FRANCIS ST N,02-Intersection related,02-Thru lane,01-Clear,01-Daylight,INTERSECTION,
4854,06-004470,20060110,AMELIA ST @ AMELIA CRT,04-At/near private drive,09-Right shoulder,01-Clear,07-Dark,INTERSECTION,
4855,06-016007,20060207,DUMFRIES AVE @ KRUG ST,03-At intersection,99-Other,03-Snow,01-Daylight,INTERSECTION,
4856,06-011342,20060127,KING ST E @ MORGAN AVE,04-At/near private drive,02-Thru lane,01-Clear,"08-Dark, artificial",INTERSECTION,
4857,06-010689,20060126,TRUSSLER RD @ PLAINS RD,01-Non intersection,02-Thru lane,01-Clear,07-Dark,INTERSECTION,
4858,06-004786,20060112,STIRLING AVE S @ KING ST E / STIRLING AVE N,01-Non intersection,02-Thru lane,01-Clear,01-Daylight,INTERSECTION,
4859,06-128533,20061003,GLASGOW ST @ ABERDEEN RD,03-At intersection,02-Thru lane,01-Clear,"06-Dusk, artificial",INTERSECTION,
4860,06-003493,20060109,KEEWATIN AVE @ STANMORE AVE,03-At intersection,02-Thru lane,01-Clear,01-Daylight,INTERSECTION,
4861,06-002843,20060107,DINISON CRES @ ALBION ST,03-At intersection,01-Within intersection,01-Clear,01-Daylight,INTERSECTION,
4862,06-002764,20060107,WESTFOREST TRAIL @ HIDDEN CREEK DR,04-At/near private drive,02-Thru lane,03-Snow,01-Daylight,INTERSECTION,
4863,06-129806,20061006,HIGHLAND RD E @ SPADINA RD E,01-Non intersection,02-Thru lane,01-Clear,01-Daylight,INTERSECTION,
4864,06-122847,20060921,QUEEN ST N @ DUKE ST E / DUKE ST W,03-At intersection,02-Thru lane,01-Clear,"08-Dark, artificial",INTERSECTION,
4865,06-068258,20060601,CHARLES ST W @ GAUKEL ST,03-At intersection,02-Thru lane,01-Clear,01-Daylight,INTERSECTION,
4866,06-138607,20061025,WINDERMERE CRT @ ROLLING MEADOWS DR,01-Non intersection,11-Not on roadway - right side,01-Clear,"08-Dark, artificial",INTERSECTION,
4867,06-081811,20060629,GUELPH ST @ MARGARET AVE,03-At intersection,01-Within intersection,01-Clear,01-Daylight,INTERSECTION,
4868,06-091011,20060718,KING ST E @ SCOTT ST,04-At/near private drive,02-Thru lane,01-Clear,01-Daylight,INTERSECTION,
4869,06-099462,20060727,QUEEN ST S @ JOSEPH ST,01-Non intersection,02-Thru lane,01-Clear,01-Daylight,INTERSECTION,
4870,06-088963,20060714,MANCHESTER RD @ RIVER RD E,01-Non intersection,02-Thru lane,01-Clear,01-Daylight,INTERSECTION,
4871,06-100783,20060803,OTTAWA ST S @ INTERNATIONAL PL / WILDERNESS DR,01-Non intersection,02-Thru lane,01-Clear,"08-Dark, artificial",INTERSECTION,
4872,06-096563,20060729,WATER ST N @ FRANCIS ST N,04-At/near private drive,09-Right shoulder,01-Clear,"08-Dark, artificial",INTERSECTION,
4873,06-094828,20060720,GREY FOX DR @ QUEEN CHARLOTTE CRES / WOODPOPPY CRT,04-At/near private drive,02-Thru lane,01-Clear,"08-Dark, artificial",INTERSECTION,
4874,06-155791,20061203,ORCHARD MILL CRES @ DOON VALLEY DR,03-At intersection,01-Within intersection,01-Clear,"08-Dark, artificial",INTERSECTION,
4875,06-165732,20061227,GATEWAY PARK DR @ TU LANE ST,03-At intersection,01-Within intersection,01-Clear,01-Daylight,INTERSECTION,
4876,06-156669,20061205,HERITAGE DR @ LORRAINE AVE,02-Intersection related,01-Within intersection,01-Clear,01-Daylight,INTERSECTION,
4877,06-007407,20060118,TALBOT ST @ BELMONT AVE W,04-At/near private drive,02-Thru lane,02-Rain,01-Daylight,INTERSECTION,
4878,06-105493,20060817,GLASGOW ST @ BELMONT AVE W,03-At intersection,01-Within intersection,01-Clear,01-Daylight,INTERSECTION,
4879,06-098924,20060803,CEDAR ST N @ KING ST E / CEDAR ST S,03-At intersection,01-Within intersection,01-Clear,01-Daylight,INTERSECTION,
4880,06-100292,20060806,LANCASTER ST E @ IRVIN ST / BRUBACHER ST,03-At intersection,01-Within intersection,01-Clear,01-Daylight,INTERSECTION,
4881,06-015162,20060205,MILL ST @ HEIMAN ST,01-Non intersection,11-Not on roadway - right side,03-Snow,01-Daylight,INTERSECTION,
4882,06-002447,20060106,QUEENS BLVD @ SILVERSPRING CRES,99-Other,12-Off highway,01-Clear,"08-Dark, artificial",INTERSECTION,
4883,06-011745,20060128,KINGSWAY DR @ GREENFIELD AVE,03-At intersection,,01-Clear,01-Daylight,INTERSECTION,
4884,06-010334,20060125,SIEBERT AVE @ WOODHAVEN RD,02-Intersection related,02-Thru lane,03-Snow,01-Daylight,INTERSECTION,
4885,06-004348,20060111,KENNETH AVE @ FRANKLIN ST N,03-At intersection,01-Within intersection,01-Clear,01-Daylight,INTERSECTION,
4886,06-003392,20060109,GREY FOX DR @ QUEEN CHARLOTTE CRES / WOODPOPPY CRT,02-Intersection related,11-Not on roadway - right side,01-Clear,"08-Dark, artificial",INTERSECTION,
4887,06-003464,20060109,KINZIE AVE @ HAROLD AVE,01-Non intersection,11-Not on roadway - right side,,,INTERSECTION,
4888,06-012310,20060210,STIRLING AVE S @ MILL ST,03-At intersection,01-Within intersection,01-Clear,01-Daylight,INTERSECTION,
4889,06-014768,20060204,QUEENS BLVD @ ELM RIDGE DR,02-Intersection related,10-Not on roadway - left side,03-Snow,"08-Dark, artificial",INTERSECTION,
4890,06-016319,20060208,KING ST E @ CAMERON ST S / CAMERON ST N,02-Intersection related,02-Thru lane,01-Clear,01-Daylight,INTERSECTION,
4891,06-165350,20061224,DOON SOUTH DR @ ROBERT FERRIE DR,02-Intersection related,02-Thru lane,01-Clear,"08-Dark, artificial",INTERSECTION,
4892,06-015184,20060205,TRAYNOR AVE @ VANIER DR,01-Non intersection,02-Thru lane,01-Clear,"06-Dusk, artificial",INTERSECTION,
4893,06-015644,20060206,VERONICA DR @ BANCROFT ST,04-At/near private drive,02-Thru lane,03-Snow,01-Daylight,INTERSECTION,
4894,06-009607,20060123,QUEEN ST S @ JOSEPH ST,03-At intersection,02-Thru lane,01-Clear,01-Daylight,INTERSECTION,
4895,06-010820,20060126,WILSON AVE @ TRAYNOR AVE,03-At intersection,01-Within intersection,01-Clear,01-Daylight,INTERSECTION,
4896,06-009464,20060123,QUEEN ST S @ JOSEPH ST,03-At intersection,03-Left turn lane,01-Clear,"08-Dark, artificial",INTERSECTION,
4897,06-017488,20060211,QUEENS BLVD @ ELM RIDGE DR,01-Non intersection,02-Thru lane,01-Clear,"08-Dark, artificial",INTERSECTION,
4898,06-015192,20060205,MILL ST @ HEIMAN ST,01-Non intersection,09-Right shoulder,03-Snow,01-Daylight,INTERSECTION,
4899,06-024733,20060301,STRASBURG RD @ HURON RD,03-At intersection,01-Within intersection,01-Clear,01-Daylight,INTERSECTION,
4900,06-015193,20060205,MILL ST @ HEIMAN ST,01-Non intersection,02-Thru lane,03-Snow,01-Daylight,INTERSECTION,
4901,06-098315,20060802,CEDAR ST S @ CHURCH ST,03-At intersection,01-Within intersection,01-Clear,01-Daylight,INTERSECTION,
4902,06-157600,20061207,WILSON AVE @ FAIRWAY RD S,01-Non intersection,02-Thru lane,01-Clear,01-Daylight,INTERSECTION,
4903,06-074843,20060616,GUELPH ST @ EDWIN ST,03-At intersection,02-Thru lane,01-Clear,01-Daylight,INTERSECTION,
4904,06-070391,20060606,QUEEN ST S @ JOSEPH ST,02-Intersection related,02-Thru lane,01-Clear,01-Daylight,INTERSECTION,
4905,06-066776,20060530,COURTLAND AVE E @ BORDEN AVE S,04-At/near private drive,02-Thru lane,01-Clear,01-Daylight,INTERSECTION,
4906,06-007343,20060118,MANSION ST @ ELLEN ST E,04-At/near private drive,11-Not on roadway - right side,04-Freezing Rain,01-Daylight,INTERSECTION,
4907,06-157406,20061207,GUELPH ST @ ST LEGER ST,02-Intersection related,02-Thru lane,01-Clear,03-Dawn,INTERSECTION,
4908,06-157580,20061207,GRAND RIVER BLVD @ MORRISON RD,03-At intersection,01-Within intersection,01-Clear,01-Daylight,INTERSECTION,
4909,06-164015,20061222,WOODHAVEN RD @ GREENFIELD AVE,03-At intersection,01-Within intersection,02-Rain,01-Daylight,INTERSECTION,
4910,06-007034,20060117,YORK ST @ MT HOPE ST,01-Non intersection,12-Off highway,04-Freezing Rain,01-Daylight,INTERSECTION,