OBJECTID,ACCIDENTNUM,ACCIDENTDATE,LOCATION,ACCIDENT_LOCATION,IMPACT_LOCATION,ENVIRONMENT_CONDITION,LIGHT,COLLISION_TYPE,TRAFFICCOLLISIONSID
4911,06-011550,20060127,QUEENS BLVD @ HIGHLAND RD W / HIGHLAND RD E / QUEEN ST S,01-Non intersection,02-Thru lane,01-Clear,01-Daylight,INTERSECTION,
4912,06-157864,20061208,CHAPEL ST @ MERNER AVE,03-At intersection,01-Within intersection,03-Snow,01-Daylight,INTERSECTION,
4913,06-159639,20061212,RITTENHOUSE RD @ TUERR DR,04-At/near private drive,01-Within intersection,01-Clear,01-Daylight,INTERSECTION,
4914,06-014651,20060204,PAULANDER DR @ LAWRENCE AVE,04-At/near private drive,02-Thru lane,03-Snow,01-Daylight,INTERSECTION,
4915,06-010156,20060124,FIRST AVE @ KINGSWAY DR / SECOND AVE,01-Non intersection,02-Thru lane,03-Snow,07-Dark,INTERSECTION,
4916,06-007325,20060118,WEBER ST E @ MONTGOMERY RD,04-At/near private drive,12-Off highway,03-Snow,01-Daylight,INTERSECTION,
4917,06-010117,20060124,TRAYNOR AVE @ BELWOOD CRES,01-Non intersection,02-Thru lane,03-Snow,07-Dark,INTERSECTION,
4918,06-010731,20060126,CONNAUGHT ST @ EIGHTH AVE,03-At intersection,01-Within intersection,01-Clear,01-Daylight,INTERSECTION,
4919,06-010783,20060126,LORRAINE AVE @ CONFEDERATION DR,01-Non intersection,02-Thru lane,01-Clear,01-Daylight,INTERSECTION,
4920,06-023356,20060224,STIRLING AVE N @ EAST AVE,01-Non intersection,02-Thru lane,01-Clear,"08-Dark, artificial",INTERSECTION,
4921,06-007298,20060118,GREENBROOK DR @ LAKESIDE DR,03-At intersection,01-Within intersection,04-Freezing Rain,01-Daylight,INTERSECTION,
4922,06-010163,20060124,QUEENS BLVD @ BELMONT AVE W / BELMONT AVE E,02-Intersection related,11-Not on roadway - right side,02-Rain,"08-Dark, artificial",INTERSECTION,
4923,06-007706,20060118,GRAND RIVER BLVD @ UNDERHILL CRES,01-Non intersection,10-Not on roadway - left side,01-Clear,,INTERSECTION,
4924,06-004432,20060111,KING ST W @ GAUKEL ST,03-At intersection,01-Within intersection,01-Clear,01-Daylight,INTERSECTION,
4925,06-007349,20060118,UNION BLVD @ PARK ST,03-At intersection,02-Thru lane,01-Clear,01-Daylight,INTERSECTION,
4926,06-004751,20060112,COURTLAND AVE E @ STIRLING AVE S,01-Non intersection,02-Thru lane,01-Clear,01-Daylight,INTERSECTION,
4927,06-021473,20060220,WILSON AVE @ FAIRWAY RD S,04-At/near private drive,02-Thru lane,01-Clear,"08-Dark, artificial",INTERSECTION,
4928,06-005191,20060112,GLASGOW ST @ BELMONT AVE W,01-Non intersection,02-Thru lane,01-Clear,"08-Dark, artificial",INTERSECTION,
4929,06-005431,20060113,MILL ST @ HEIMAN ST,01-Non intersection,02-Thru lane,02-Rain,"08-Dark, artificial",INTERSECTION,
4930,06-007334,20060118,GREENBROOK DR @ LAKESIDE DR,03-At intersection,02-Thru lane,04-Freezing Rain,01-Daylight,INTERSECTION,
4931,06-142254,20061107,CEDAR ST N @ KING ST E / CEDAR ST S,01-Non intersection,02-Thru lane,01-Clear,07-Dark,INTERSECTION,
4932,06-142104,20061102,STIRLING AVE S @ KING ST E / STIRLING AVE N,03-At intersection,02-Thru lane,01-Clear,01-Daylight,INTERSECTION,
4933,05-002013,20050106,QUEENS BLVD @ OVERLEA DR,01-Non intersection,02-Thru lane,01-Clear,01-Daylight,INTERSECTION,
4934,05-000455,20050102,MORGAN AVE @ CENTREVILLE ST,03-At intersection,02-Thru lane,04-Freezing Rain,01-Daylight,INTERSECTION,
4935,05-031131,20050221,CHARLES ST E @ SYDNEY ST S,03-At intersection,01-Within intersection,01-Clear,01-Daylight,INTERSECTION,
4936,05-033231,20050326,CEDAR ST N @ KING ST E / CEDAR ST S,02-Intersection related,02-Thru lane,01-Clear,01-Daylight,INTERSECTION,
4937,05-030132,20050319,RIVER RD E @ FREDERICK ST,03-At intersection,01-Within intersection,01-Clear,01-Daylight,INTERSECTION,
4938,05-093446,20050729,WILSON AVE @ WEBSTER RD,03-At intersection,01-Within intersection,01-Clear,01-Daylight,INTERSECTION,
4939,05-089722,20050722,STIRLING AVE S @ PLEASANT AVE,01-Non intersection,10-Not on roadway - left side,01-Clear,01-Daylight,INTERSECTION,
4940,05-091856,20050726,WATER ST N @ DUKE ST W,02-Intersection related,02-Thru lane,01-Clear,01-Daylight,INTERSECTION,
4941,05-093237,20050728,QUEENS BLVD @ ELM RIDGE DR,03-At intersection,01-Within intersection,01-Clear,01-Daylight,INTERSECTION,
4942,05-113937,20050907,ROCKWAY DR @ DOON RD,02-Intersection related,11-Not on roadway - right side,01-Clear,01-Daylight,INTERSECTION,
4943,05-110978,20050901,BECHTEL DR @ SABRINA CRES,01-Non intersection,10-Not on roadway - left side,01-Clear,"08-Dark, artificial",INTERSECTION,
4944,05-022415,20050228,CHANDLER DR @ STRASBURG RD,01-Non intersection,02-Thru lane,03-Snow,"08-Dark, artificial",INTERSECTION,
4945,05-022626,20050228,LANCASTER ST E @ HOHNER AVE,04-At/near private drive,02-Thru lane,03-Snow,"08-Dark, artificial",INTERSECTION,
4946,05-017277,20050215,LAWRENCE AVE @ HIGHLAND RD W,04-At/near private drive,02-Thru lane,02-Rain,01-Daylight,INTERSECTION,
4947,05-019990,20050223,DOON SOUTH DR @ DOON VILLAGE RD,03-At intersection,01-Within intersection,05-Drifting Snow,01-Daylight,INTERSECTION,
4948,05-050597,20050504,CONNAUGHT ST @ EIGHTH AVE,03-At intersection,01-Within intersection,01-Clear,01-Daylight,INTERSECTION,
4949,05-029272,20050311,BELMONT AVE W @ GAGE AVE,03-At intersection,01-Within intersection,01-Clear,01-Daylight,INTERSECTION,
4950,05-131351,20051008,SAMUEL ST @ CHAPEL ST,01-Non intersection,02-Thru lane,01-Clear,"08-Dark, artificial",INTERSECTION,
4951,05-129400,20051007,ONTARIO ST N @ GOUDIES LANE,02-Intersection related,11-Not on roadway - right side,01-Clear,01-Daylight,INTERSECTION,
4952,05-129535,20051007,PATRICIA AVE @ QUEENS BLVD,01-Non intersection,01-Within intersection,,"08-Dark, artificial",INTERSECTION,
4953,05-122968,20050929,QUEEN ST S @ ST GEORGE ST,03-At intersection,01-Within intersection,02-Rain,"04-Dawn, artificial",INTERSECTION,
4954,05-083865,20050710,ROLLING MEADOWS DR @ WESTVIEW CRES,04-At/near private drive,02-Thru lane,01-Clear,01-Daylight,INTERSECTION,
4955,05-087669,20050718,WELLINGTON ST N @ MAJOR ST,03-At intersection,02-Thru lane,02-Rain,07-Dark,INTERSECTION,
4956,05-087020,20050716,MILL ST @ MADISON AVE S,04-At/near private drive,02-Thru lane,01-Clear,01-Daylight,INTERSECTION,
4957,05-058959,20050522,STRASBURG RD @ HURON RD,01-Non intersection,09-Right shoulder,01-Clear,07-Dark,INTERSECTION,
4958,05-114126,20050907,STIRLING AVE S @ HIGHLAND RD E,04-At/near private drive,02-Thru lane,01-Clear,01-Daylight,INTERSECTION,
4959,05-116007,20050911,CYPRUS DR @ BIRCHCLIFF AVE,01-Non intersection,02-Thru lane,01-Clear,01-Daylight,INTERSECTION,
4960,05-116890,20050913,WOOD ST @ PARK ST,04-At/near private drive,02-Thru lane,01-Clear,01-Daylight,INTERSECTION,
4961,05-019263,20050221,STONYBROOK DR @ GREENBROOK DR,03-At intersection,11-Not on roadway - right side,03-Snow,01-Daylight,INTERSECTION,
4962,05-012204,20050202,KING ST E @ ONWARD AVE,01-Non intersection,02-Thru lane,01-Clear,01-Daylight,INTERSECTION,
4963,05-048452,20050429,KING ST W @ GAUKEL ST,03-At intersection,01-Within intersection,01-Clear,01-Daylight,INTERSECTION,
4964,05-050795,20050504,BATTLER RD @ HURON RD,03-At intersection,01-Within intersection,01-Clear,,INTERSECTION,
4965,05-049529,20050501,HERITAGE DR @ LORRAINE AVE,04-At/near private drive,02-Thru lane,01-Clear,"06-Dusk, artificial",INTERSECTION,
4966,05-056973,20050518,GLASGOW ST @ PARK ST,04-At/near private drive,02-Thru lane,01-Clear,01-Daylight,INTERSECTION,
4967,05-057309,20050518,COUNTRY HILL DR @ MARTINGLEN CRES,04-At/near private drive,02-Thru lane,01-Clear,"08-Dark, artificial",INTERSECTION,
4968,05-113006,20050905,KING ST W @ GAUKEL ST,02-Intersection related,09-Right shoulder,01-Clear,,INTERSECTION,
4969,05-163538,20051216,CEDAR ST N @ KING ST E / CEDAR ST S,02-Intersection related,02-Thru lane,03-Snow,01-Daylight,INTERSECTION,
4970,05-158934,20051206,GLASGOW ST @ PARK ST,03-At intersection,01-Within intersection,01-Clear,01-Daylight,INTERSECTION,
4971,05-164049,20051217,STIRLING AVE S @ HIGHLAND RD E,03-At intersection,01-Within intersection,01-Clear,05-Dusk,INTERSECTION,
4972,05-090701,20050724,OVERLEA DR @ LOMBARDY CRT,02-Intersection related,11-Not on roadway - right side,01-Clear,,INTERSECTION,
4973,05-032089,20050323,KINZIE AVE @ RIVER RD E,03-At intersection,01-Within intersection,03-Snow,,INTERSECTION,
4974,05-026464,20050311,RIVER RD E @ KRUG ST,03-At intersection,11-Not on roadway - right side,03-Snow,,INTERSECTION,
4975,05-160307,20051209,BELMONT AVE W @ ARGYLE ST,01-Non intersection,02-Thru lane,01-Clear,01-Daylight,INTERSECTION,
4976,05-014871,20050209,MANSION ST @ LANCASTER ST E,03-At intersection,02-Thru lane,03-Snow,01-Daylight,INTERSECTION,
4977,05-017066,20050215,BLOCK LINE RD @ STRASBURG RD,03-At intersection,01-Within intersection,01-Clear,01-Daylight,INTERSECTION,
4978,05-016561,20050214,KINZIE AVE @ THALER AVE,02-Intersection related,02-Thru lane,04-Freezing Rain,01-Daylight,INTERSECTION,
4979,05-083756,20050710,UNION BLVD @ PARK ST,04-At/near private drive,02-Thru lane,01-Clear,01-Daylight,INTERSECTION,
4980,05-093310,20050729,WESTWOOD DR @ HUNTINGTON PL,03-At intersection,01-Within intersection,01-Clear,01-Daylight,INTERSECTION,
4981,05-058069,20050520,BELMONT AVE W @ HIGHLAND RD W,04-At/near private drive,02-Thru lane,01-Clear,01-Daylight,INTERSECTION,
4982,05-123488,20050922,MONTE CARLO ST @ CALAIS PL,04-At/near private drive,02-Thru lane,01-Clear,01-Daylight,INTERSECTION,
4983,05-121145,20050920,RIVER RD E @ CORONET LANE,04-At/near private drive,02-Thru lane,01-Clear,01-Daylight,INTERSECTION,
4984,05-018673,20050219,FRANKLIN ST S @ GREENFIELD AVE,03-At intersection,01-Within intersection,01-Clear,01-Daylight,INTERSECTION,
4985,05-016596,20050214,NOTTINGHAM AVE @ MANCHESTER RD,01-Non intersection,02-Thru lane,04-Freezing Rain,01-Daylight,INTERSECTION,
4986,05-164389,20051218,WILSON AVE @ FAIRWAY RD S,04-At/near private drive,02-Thru lane,01-Clear,01-Daylight,INTERSECTION,
4987,05-167235,20051224,COURTLAND AVE E @ SYDNEY ST S,04-At/near private drive,02-Thru lane,,"08-Dark, artificial",INTERSECTION,
4988,05-157248,20051202,SHOEMAKER ST @ STRASBURG RD,03-At intersection,04-Right turn lane,01-Clear,01-Daylight,INTERSECTION,
4989,05-164019,20051217,TRAYNOR AVE @ BALFOUR CRES,03-At intersection,01-Within intersection,01-Clear,01-Daylight,INTERSECTION,
4990,05-081370,20050704,QUEEN ST S @ CHARLES ST W / CHARLES ST E,,,,,INTERSECTION,
4991,05-093342,20050729,QUEEN ST S @ COURTLAND AVE W,04-At/near private drive,02-Thru lane,01-Clear,01-Daylight,INTERSECTION,
4992,05-096354,20050804,SPADINA RD E @ QUEENS BLVD / SPADINA RD W,01-Non intersection,02-Thru lane,01-Clear,01-Daylight,INTERSECTION,
4993,05-086135,20050715,DOMINION ST @ PARK ST,02-Intersection related,02-Thru lane,01-Clear,01-Daylight,INTERSECTION,
4994,05-054119,20050510,KING ST W @ WATER ST N / WATER ST S,01-Non intersection,02-Thru lane,01-Clear,01-Daylight,INTERSECTION,
4995,05-019016,20050220,PIONEER DR @ UPPER CANADA DR,01-Non intersection,02-Thru lane,01-Clear,01-Daylight,INTERSECTION,
4996,05-016632,20050214,AHRENS ST W @ YOUNG ST,02-Intersection related,01-Within intersection,04-Freezing Rain,01-Daylight,INTERSECTION,
4997,05-020133,20050223,MAX BECKER DR @ ISABELLA ST,04-At/near private drive,02-Thru lane,01-Clear,01-Daylight,INTERSECTION,
4998,05-020847,20050224,LOUISA ST @ AHRENS ST W,04-At/near private drive,02-Thru lane,01-Clear,01-Daylight,INTERSECTION,
4999,05-102946,20050816,HIGHLAND RD E @ HOFFMAN ST,02-Intersection related,02-Thru lane,01-Clear,01-Daylight,INTERSECTION,
5000,05-114279,20050908,KING ST E @ QUEEN ST N,03-At intersection,02-Thru lane,01-Clear,01-Daylight,INTERSECTION,
5001,05-127771,20051003,ERINBROOK DR @ KILLARNEY CRES,01-Non intersection,02-Thru lane,01-Clear,07-Dark,INTERSECTION,
5002,05-047018,20050426,EIGHTH AVE @ WILSON AVE,02-Intersection related,02-Thru lane,01-Clear,01-Daylight,INTERSECTION,
5003,05-092322,20050727,BUSH CLOVER CRES @ ACTIVA AVE,01-Non intersection,02-Thru lane,01-Clear,01-Daylight,INTERSECTION,
5004,05-054469,20050512,HOMER WATSON BLVD @ HOFFMAN ST,01-Non intersection,02-Thru lane,01-Clear,01-Daylight,INTERSECTION,
5005,05-073765,20050620,HARTWOOD AVE @ MARGARET AVE,04-At/near private drive,02-Thru lane,01-Clear,01-Daylight,INTERSECTION,
5006,05-065078,20050603,RIVER RD E @ FREDERICK ST,02-Intersection related,02-Thru lane,01-Clear,,INTERSECTION,
5007,05-114810,20050909,STRASBURG RD @ HURON RD,03-At intersection,01-Within intersection,01-Clear,01-Daylight,INTERSECTION,
5008,05-121465,20050921,ONTARIO ST N @ DUKE ST W,01-Non intersection,02-Thru lane,01-Clear,01-Daylight,INTERSECTION,
5009,05-003087,20050109,RIVER RD E @ LORRAINE AVE,03-At intersection,01-Within intersection,01-Clear,01-Daylight,INTERSECTION,
5010,05-051562,20050506,HEARTHWAY ST @ HEARTHWOOD DR,04-At/near private drive,02-Thru lane,01-Clear,01-Daylight,INTERSECTION,
5011,05-04993540,20050502,KINGSWAY DR @ ST JEROME AVE,02-Intersection related,02-Thru lane,01-Clear,01-Daylight,INTERSECTION,
5012,05-053097,20050509,PIONEER DR @ DOON VILLAGE RD,03-At intersection,01-Within intersection,01-Clear,01-Daylight,INTERSECTION,
5013,05-045385,20050421,MOUNTAIN LAUREL CRES @ BLUE LACE CRES,04-At/near private drive,02-Thru lane,01-Clear,01-Daylight,INTERSECTION,
5014,05-122077,20050923,KING ST W @ ONTARIO ST S / ONTARIO ST N,03-At intersection,01-Within intersection,01-Clear,01-Daylight,INTERSECTION,
5015,05-116827,20050913,BLOCK LINE RD @ STRASBURG RD,02-Intersection related,02-Thru lane,01-Clear,01-Daylight,INTERSECTION,
5016,05-118552,20050916,CONNAUGHT ST @ FRANKLIN ST S,02-Intersection related,01-Within intersection,02-Rain,01-Daylight,INTERSECTION,
5017,05-081603,20050206,KING ST E @ CAMERON ST S / CAMERON ST N,03-At intersection,01-Within intersection,01-Clear,01-Daylight,INTERSECTION,
5018,05-072242,20050617,WESTWOOD DR @ INWOOD DR,02-Intersection related,02-Thru lane,01-Clear,01-Daylight,INTERSECTION,
5019,05-085110,20050713,BELMONT AVE W @ GAGE AVE,03-At intersection,01-Within intersection,01-Clear,01-Daylight,INTERSECTION,
5020,05-122127,20050923,MOWAT BLVD @ CHANDLER DR,04-At/near private drive,02-Thru lane,01-Clear,01-Daylight,INTERSECTION,
5021,05-121287,20050922,WELLINGTON ST N @ SHIRLEY AVE / RIVERBEND DR,01-Non intersection,11-Not on roadway - right side,01-Clear,"08-Dark, artificial",INTERSECTION,
5022,05-016529,20050214,KRUG ST @ RIVER RD E,01-Non intersection,02-Thru lane,04-Freezing Rain,01-Daylight,INTERSECTION,
5023,05-017843,20050217,HIGHLAND RD E @ SPADINA RD E,01-Non intersection,02-Thru lane,03-Snow,01-Daylight,INTERSECTION,
5024,05-050300,20050503,KINZIE AVE @ HUBER ST,01-Non intersection,02-Thru lane,01-Clear,01-Daylight,INTERSECTION,
5025,05-118380,20050916,LAWRENCE AVE @ HIGHLAND RD W,04-At/near private drive,02-Thru lane,02-Rain,01-Daylight,INTERSECTION,
5026,05-118612,20050109,AHRENS ST W @ BREITHAUPT ST,03-At intersection,01-Within intersection,02-Rain,01-Daylight,INTERSECTION,
5027,05-110395,20050831,KINGSWOOD DR @ GRACEFIELD CRES,01-Non intersection,12-Off highway,01-Clear,"08-Dark, artificial",INTERSECTION,
5028,05-120106,20050919,QUEEN ST S @ SCHNEIDER AVE,01-Non intersection,02-Thru lane,01-Clear,01-Daylight,INTERSECTION,
5029,05-113440,20050906,CHARLES ST E @ SYDNEY ST S,03-At intersection,01-Within intersection,01-Clear,01-Daylight,INTERSECTION,
5030,05-159107,20051206,DUKE ST W @ BREITHAUPT ST,03-At intersection,01-Within intersection,01-Clear,"08-Dark, artificial",INTERSECTION,
5031,05-153281,20051124,RIVER RD E @ HOLBORN DR,02-Intersection related,02-Thru lane,03-Snow,01-Daylight,INTERSECTION,
5032,05-143355,20051105,QUEEN ST S @ JOSEPH ST,04-At/near private drive,02-Thru lane,02-Rain,01-Daylight,INTERSECTION,
5033,05-050108,20050503,MCGARRY DR @ FISCHER HALLMAN RD,04-At/near private drive,04-Right turn lane,01-Clear,01-Daylight,INTERSECTION,
5034,05-048416,20050427,NINTH AVE @ GREENFIELD AVE,03-At intersection,02-Thru lane,01-Clear,01-Daylight,INTERSECTION,
5035,05-067941,20050609,KING ST W @ ONTARIO ST S / ONTARIO ST N,01-Non intersection,02-Thru lane,01-Clear,01-Daylight,INTERSECTION,
5036,05-080709,20050704,TRILLIUM DR @ WASHBURN DR,04-At/near private drive,02-Thru lane,01-Clear,01-Daylight,INTERSECTION,
5037,05-019745,20050222,GLASGOW ST @ BELMONT AVE W,02-Intersection related,03-Left turn lane,05-Drifting Snow,01-Daylight,INTERSECTION,
5038,05-019596,20050227,STIRLING AVE S @ MILL ST,03-At intersection,01-Within intersection,01-Clear,01-Daylight,INTERSECTION,
5039,05-016690,20050214,QUEENS BLVD @ EAGEN DR,03-At intersection,11-Not on roadway - right side,02-Rain,01-Daylight,INTERSECTION,
5040,05-096980,20050805,EAST AVE @ PANDORA AVE N,04-At/near private drive,02-Thru lane,01-Clear,01-Daylight,INTERSECTION,
5041,05-098406,20050808,NORTH DR @ QUEENS BLVD,04-At/near private drive,11-Not on roadway - right side,01-Clear,01-Daylight,INTERSECTION,
5042,05-116045,20050911,EAST AVE @ BORDEN AVE N,02-Intersection related,02-Thru lane,01-Clear,01-Daylight,INTERSECTION,
5043,05-016602,20050214,TRAYNOR AVE @ BELWOOD CRES,01-Non intersection,09-Right shoulder,04-Freezing Rain,01-Daylight,INTERSECTION,
5044,05-016708,20050214,ROBERTSON CRES @ BIEHN DR / KILKERRAN CRES,01-Non intersection,09-Right shoulder,04-Freezing Rain,01-Daylight,INTERSECTION,
5045,05-152688,20051122,BRENTWOOD AVE @ JACKSON AVE,01-Non intersection,02-Thru lane,01-Clear,"08-Dark, artificial",INTERSECTION,
5046,05-153307,20051124,KING ST W @ GAUKEL ST,01-Non intersection,02-Thru lane,03-Snow,01-Daylight,INTERSECTION,
5047,05-105243,20050821,ELLEN ST W @ QUEEN ST N / ELLEN ST E,03-At intersection,01-Within intersection,01-Clear,,INTERSECTION,
5048,05-091659,20050726,SHANLEY ST @ DUKE ST W,99-Other,12-Off highway,01-Clear,01-Daylight,INTERSECTION,
5049,05-086038,20050715,WABANAKI DR @ WILSON AVE,02-Intersection related,02-Thru lane,01-Clear,01-Daylight,INTERSECTION,
5050,05-157302,20051202,GLASGOW ST @ WESTWOOD DR,01-Non intersection,11-Not on roadway - right side,03-Snow,01-Daylight,INTERSECTION,
5051,05-160906,20051210,GLASGOW ST @ UNIVERSITY AVE W,01-Non intersection,02-Thru lane,01-Clear,01-Daylight,INTERSECTION,
5052,05-095463,20050802,HIGHLAND RD W @ WESTHEIGHTS DR / WESTFOREST TRAIL,01-Non intersection,03-Left turn lane,01-Clear,01-Daylight,INTERSECTION,
5053,05-025901,20050309,SHERWOOD AVE @ KRUG ST,03-At intersection,01-Within intersection,01-Clear,"08-Dark, artificial",INTERSECTION,
5054,05-073762,20050618,CAMROSE CRT @ HIGHLAND CRES / FIELDGATE ST,03-At intersection,01-Within intersection,01-Clear,01-Daylight,INTERSECTION,
5055,05-016554,20050214,KINZIE AVE @ OBERMEYER DR,99-Other,12-Off highway,04-Freezing Rain,01-Daylight,INTERSECTION,
5056,05-004166,20050112,ACTIVA AVE @ MAX BECKER DR,02-Intersection related,02-Thru lane,04-Freezing Rain,01-Daylight,INTERSECTION,
5057,05-004145,20050112,BLUCHER ST @ MARGARET AVE,03-At intersection,01-Within intersection,04-Freezing Rain,01-Daylight,INTERSECTION,
5058,05-030017,20050319,HOMER WATSON BLVD @ STIRLING AVE S,02-Intersection related,12-Off highway,01-Clear,07-Dark,INTERSECTION,
5059,05-024383,20050305,STIRLING AVE S @ MILL ST,02-Intersection related,03-Left turn lane,01-Clear,,INTERSECTION,
5060,05-03458520,20050329,WESTHEIGHTS DR @ AUTUMN HILL CRES,01-Non intersection,11-Not on roadway - right side,01-Clear,"08-Dark, artificial",INTERSECTION,
5061,05-033204,20050320,UNION BLVD @ ESSON ST,01-Non intersection,02-Thru lane,03-Snow,"08-Dark, artificial",INTERSECTION,
5062,05-023360,20050226,COURTLAND AVE E @ HAYWARD AVE,04-At/near private drive,02-Thru lane,03-Snow,"08-Dark, artificial",INTERSECTION,
5063,05-164792,20051219,CEDAR ST N @ KING ST E / CEDAR ST S,04-At/near private drive,04-Right turn lane,01-Clear,01-Daylight,INTERSECTION,
5064,05-165838,20051221,FRANKLIN ST S @ KINGSWAY DR,03-At intersection,01-Within intersection,01-Clear,07-Dark,INTERSECTION,
5065,05-044981,20050421,MISTY ST @ MISTY CRES,01-Non intersection,02-Thru lane,01-Clear,01-Daylight,INTERSECTION,
5066,05-045444,20050421,BELMONT AVE W @ GAGE AVE,02-Intersection related,02-Thru lane,01-Clear,01-Daylight,INTERSECTION,
5067,05-068600,20050610,KING ST E @ QUEEN ST N,02-Intersection related,02-Thru lane,01-Clear,01-Daylight,INTERSECTION,
5068,05-069980,20050613,KING ST E @ QUEEN ST N,03-At intersection,01-Within intersection,01-Clear,01-Daylight,INTERSECTION,
5069,05-067416,20050608,KING ST E @ QUEEN ST N,02-Intersection related,02-Thru lane,01-Clear,01-Daylight,INTERSECTION,
5070,05-073275,20050619,ACTIVA AVE @ HENHOEFFER CRES,03-At intersection,01-Within intersection,01-Clear,01-Daylight,INTERSECTION,
5071,05-030352,20050319,STRASBURG RD @ MCINTYRE DR,02-Intersection related,11-Not on roadway - right side,03-Snow,07-Dark,INTERSECTION,
5072,05-051190,20050505,WESTHEIGHTS DR @ LORILEE CRES,03-At intersection,01-Within intersection,01-Clear,05-Dusk,INTERSECTION,
5073,05-050283,20050503,STRASBURG RD @ HURON RD,03-At intersection,01-Within intersection,01-Clear,01-Daylight,INTERSECTION,
5074,05-053615,20050510,BUSH CLOVER CRES @ ACTIVA AVE,04-At/near private drive,02-Thru lane,01-Clear,01-Daylight,INTERSECTION,
5075,05-089506,20050720,GOUDIES LANE @ FREDERICK ST,01-Non intersection,02-Thru lane,01-Clear,01-Daylight,INTERSECTION,
5076,05-125009,20050929,OTTAWA ST S @ HOWE DR,04-At/near private drive,02-Thru lane,01-Clear,01-Daylight,INTERSECTION,
5077,05-129734,20051008,MADISON AVE N @ KING ST E / MADISON AVE S,01-Non intersection,01-Within intersection,01-Clear,01-Daylight,INTERSECTION,
5078,05-079537,20050702,QUEENS BLVD @ REX DR,01-Non intersection,02-Thru lane,01-Clear,,INTERSECTION,
5079,05-081211,20050705,CEDAR ST N @ KING ST E / CEDAR ST S,02-Intersection related,02-Thru lane,01-Clear,01-Daylight,INTERSECTION,
5080,05-092896,20050728,MT HOPE ST @ PARK ST,03-At intersection,01-Within intersection,01-Clear,01-Daylight,INTERSECTION,
5081,05-091916,20050726,RITTENHOUSE RD @ GOUNDRY CRES,01-Non intersection,02-Thru lane,01-Clear,01-Daylight,INTERSECTION,
5082,05-078234,20050629,DUNBAR RD @ CLAREMONT AVE,03-At intersection,01-Within intersection,01-Clear,01-Daylight,INTERSECTION,
5083,05-054275,20050512,GUELPH ST @ ST LEGER ST,03-At intersection,01-Within intersection,01-Clear,01-Daylight,INTERSECTION,
5084,05-050263,20050502,HAZELGLEN DR @ MOOREGATE CRES,01-Non intersection,02-Thru lane,01-Clear,01-Daylight,INTERSECTION,
5085,05-103979,20050819,TRILLIUM DR @ STRASBURG RD,04-At/near private drive,02-Thru lane,02-Rain,01-Daylight,INTERSECTION,
5086,05-107905,20050827,HAZELGLEN DR @ SHADELAND CRES,01-Non intersection,11-Not on roadway - right side,01-Clear,01-Daylight,INTERSECTION,
5087,05-112592,20050904,PIONEER DR @ DOON VILLAGE RD,01-Non intersection,09-Right shoulder,01-Clear,,INTERSECTION,
5088,05-120850,20050921,ANVIL ST @ DOON VILLAGE RD,01-Non intersection,10-Not on roadway - left side,01-Clear,01-Daylight,INTERSECTION,
5089,05-129332,20051007,AHRENS ST W @ WELLINGTON ST N,01-Non intersection,01-Within intersection,02-Rain,01-Daylight,INTERSECTION,
5090,05-148382,20051115,AHRENS ST E @ QUEEN ST N / AHRENS ST W,03-At intersection,01-Within intersection,02-Rain,,INTERSECTION,
5091,05-154996,20051127,MISTY CRT @ MISTY ST,01-Non intersection,11-Not on roadway - right side,03-Snow,"08-Dark, artificial",INTERSECTION,
5092,05-156243,20051130,THE COUNTRY WAY @ OLD COUNTRY DR,01-Non intersection,11-Not on roadway - right side,01-Clear,01-Daylight,INTERSECTION,
5093,05-011747,20050129,BELMONT AVE W @ KARN ST,03-At intersection,01-Within intersection,01-Clear,01-Daylight,INTERSECTION,
5094,05-027161,20050312,ROSENEATH CRES @ LAURENTIAN DR,04-At/near private drive,02-Thru lane,01-Clear,01-Daylight,INTERSECTION,
5095,05-02271520,20050301,PIONEER DR @ OLD CARRIAGE DR,04-At/near private drive,02-Thru lane,03-Snow,01-Daylight,INTERSECTION,
5096,05-028828,20050316,ARDELT AVE @ HANSON AVE,03-At intersection,01-Within intersection,01-Clear,01-Daylight,INTERSECTION,
5097,05-027119,20050312,KING ST W @ ONTARIO ST S / ONTARIO ST N,02-Intersection related,02-Thru lane,03-Snow,01-Daylight,INTERSECTION,
5098,05-017228,20050215,DEVON ST @ JUBILEE DR / PARK ST,01-Non intersection,09-Right shoulder,02-Rain,01-Daylight,INTERSECTION,
5099,05-016487,20050214,THE COUNTRY WAY @ SPRING HILL PL,01-Non intersection,02-Thru lane,04-Freezing Rain,01-Daylight,INTERSECTION,