OBJECTID,ACCIDENTNUM,ACCIDENTDATE,LOCATION,ACCIDENT_LOCATION,IMPACT_LOCATION,ENVIRONMENT_CONDITION,LIGHT,COLLISION_TYPE,TRAFFICCOLLISIONSID
5100,05-016582,20050214,ROYAL ORCHARD DR @ DEERWOOD CRES,01-Non intersection,02-Thru lane,04-Freezing Rain,01-Daylight,INTERSECTION,
5101,05-025822,20050309,OLD CHICOPEE DR @ NOTCHWOOD CRT,01-Non intersection,02-Thru lane,03-Snow,01-Daylight,INTERSECTION,
5102,05-027605,20050313,PLEASANT AVE @ QUEENS BLVD,01-Non intersection,02-Thru lane,01-Clear,05-Dusk,INTERSECTION,
5103,05-115216,20050910,HAZELGLEN DR @ CHOPIN DR,01-Non intersection,11-Not on roadway - right side,01-Clear,,INTERSECTION,
5104,05-119139,20050917,CHAPEL ST @ EAST AVE,03-At intersection,01-Within intersection,01-Clear,01-Daylight,INTERSECTION,
5105,05-016612,20050214,GRAND RIVER BLVD @ ONEIDA PL,01-Non intersection,02-Thru lane,04-Freezing Rain,01-Daylight,INTERSECTION,
5106,05-016625,20050214,WATER ST N @ FRANCIS ST N,01-Non intersection,09-Right shoulder,04-Freezing Rain,01-Daylight,INTERSECTION,
5107,05-016718,20050207,QUEENS BLVD @ EAGEN DR,03-At intersection,02-Thru lane,02-Rain,01-Daylight,INTERSECTION,
5108,05-154695,20051127,GAUKEL ST @ HALLS LANE W,01-Non intersection,12-Off highway,01-Clear,"08-Dark, artificial",INTERSECTION,
5109,05-159494,20051207,RIVER RD E @ CONWAY DR,02-Intersection related,02-Thru lane,03-Snow,01-Daylight,INTERSECTION,
5110,05-028372,20050315,GLASGOW ST @ BELMONT AVE W,03-At intersection,01-Within intersection,01-Clear,01-Daylight,INTERSECTION,
5111,05-027864,20050314,SIMEON ST @ KRUG ST,03-At intersection,01-Within intersection,01-Clear,01-Daylight,INTERSECTION,
5112,05-09622630,20050804,WELLINGTON ST N @ SHIRLEY AVE / RIVERBEND DR,03-At intersection,01-Within intersection,01-Clear,01-Daylight,INTERSECTION,
5113,05-092806,20050728,KING ST W @ ONTARIO ST S / ONTARIO ST N,01-Non intersection,09-Right shoulder,01-Clear,01-Daylight,INTERSECTION,
5114,05-027018,20050312,GLASGOW ST @ PARK ST,03-At intersection,02-Thru lane,03-Snow,01-Daylight,INTERSECTION,
5115,05-021752,20050227,BLOCK LINE RD @ HIGHBROOK ST,03-At intersection,01-Within intersection,01-Clear,01-Daylight,INTERSECTION,
5116,05-053487,20050510,KING ST W @ COLLEGE ST,01-Non intersection,02-Thru lane,01-Clear,01-Daylight,INTERSECTION,
5117,05-088230,20050719,GLASGOW ST @ PARK ST,03-At intersection,02-Thru lane,01-Clear,01-Daylight,INTERSECTION,
5118,05-004141,20050112,MANCHESTER RD @ WEDGEWOOD DR,04-At/near private drive,02-Thru lane,04-Freezing Rain,01-Daylight,INTERSECTION,
5119,05-025624,20050309,FREDERICK ST @ BRUCE ST,04-At/near private drive,10-Not on roadway - left side,03-Snow,01-Daylight,INTERSECTION,
5120,05-029852,20050318,TRILLIUM DR @ STRASBURG RD,03-At intersection,01-Within intersection,01-Clear,,INTERSECTION,
5121,05-022254,20050228,GLASGOW ST @ DUNBAR RD,02-Intersection related,10-Not on roadway - left side,03-Snow,07-Dark,INTERSECTION,
5122,05-036120,20050402,HIGHLAND RD E @ MAUSSER AVE,04-At/near private drive,02-Thru lane,03-Snow,01-Daylight,INTERSECTION,
5123,05-095293,20050728,UNION BLVD @ ESSON ST,01-Non intersection,02-Thru lane,01-Clear,"08-Dark, artificial",INTERSECTION,
5124,05-038641,20050408,CARNABY CRES @ HOLBORN DR,02-Intersection related,02-Thru lane,01-Clear,01-Daylight,INTERSECTION,
5125,05-092868,20050728,BORDEN AVE N @ KING ST E / BORDEN AVE S,03-At intersection,01-Within intersection,01-Clear,01-Daylight,INTERSECTION,
5126,05-066336,20050606,BIEHN DR @ MARL MEADOW DR,03-At intersection,01-Within intersection,01-Clear,01-Daylight,INTERSECTION,
5127,05-072027,20050617,PARK ST @ CHERRY ST,06-Underpass or tunnel,02-Thru lane,01-Clear,01-Daylight,INTERSECTION,
5128,05-119905,20050919,WATER ST N @ DUKE ST W,01-Non intersection,02-Thru lane,01-Clear,01-Daylight,INTERSECTION,
5129,05-115566,20050910,KING ST E @ SCOTT ST,02-Intersection related,01-Within intersection,01-Clear,01-Daylight,INTERSECTION,
5130,05-086751,20050716,UNION BLVD @ BELMONT AVE W,02-Intersection related,01-Within intersection,02-Rain,01-Daylight,INTERSECTION,
5131,05-080773,20050704,STIRLING AVE S @ MILL ST,03-At intersection,01-Within intersection,01-Clear,01-Daylight,INTERSECTION,
5132,05-083688,20050710,HIGHLAND RD E @ SPADINA RD E,03-At intersection,01-Within intersection,01-Clear,01-Daylight,INTERSECTION,
5133,05-060312,20050524,HURON RD @ PLAINS RD,01-Non intersection,02-Thru lane,02-Rain,07-Dark,INTERSECTION,
5134,05-096387,20050804,RIVER RD E @ HOLBORN DR,03-At intersection,01-Within intersection,01-Clear,01-Daylight,INTERSECTION,
5135,05-102645,20050816,WESTHEIGHTS DR @ DRIFTWOOD DR,02-Intersection related,02-Thru lane,01-Clear,01-Daylight,INTERSECTION,
5136,05-101920,20050815,KING ST W @ ONTARIO ST S / ONTARIO ST N,01-Non intersection,02-Thru lane,01-Clear,01-Daylight,INTERSECTION,
5137,05-091334,20050725,WELLINGTON ST N @ MARGARET AVE,02-Intersection related,01-Within intersection,01-Clear,01-Daylight,INTERSECTION,
5138,05-089914,20050722,STIRLING AVE S @ KING ST E / STIRLING AVE N,02-Intersection related,02-Thru lane,01-Clear,01-Daylight,INTERSECTION,
5139,05-128343,20051005,STONYBROOK DR @ GREENBROOK DR,01-Non intersection,02-Thru lane,01-Clear,01-Daylight,INTERSECTION,
5140,05-126270,20051001,ALPINE RD @ KINGSWOOD DR,01-Non intersection,02-Thru lane,01-Clear,01-Daylight,INTERSECTION,
5141,05-109626,20050830,TRILLIUM DR @ HURON RD,02-Intersection related,02-Thru lane,01-Clear,01-Daylight,INTERSECTION,
5142,05-115421,20050910,UNION BLVD @ BELMONT AVE W,04-At/near private drive,02-Thru lane,01-Clear,01-Daylight,INTERSECTION,
5143,05-025732,20050309,HIGHVIEW DR @ HIGHVIEW PL,04-At/near private drive,02-Thru lane,01-Clear,01-Daylight,INTERSECTION,
5144,05-016580,20050214,WILDERNESS DR @ MOUNTAIN MINT CRES / PINE MARTIN CRES,02-Intersection related,11-Not on roadway - right side,04-Freezing Rain,01-Daylight,INTERSECTION,
5145,05-059450,20050523,RIVER RD E @ NIAGARA RD,01-Non intersection,02-Thru lane,01-Clear,01-Daylight,INTERSECTION,
5146,05-060681,20050526,RIVER RD E @ HALLIWELL DR,01-Non intersection,99-Other,01-Clear,01-Daylight,INTERSECTION,
5147,05-055021,20050513,STIRLING AVE S @ PLEASANT AVE,02-Intersection related,02-Thru lane,02-Rain,01-Daylight,INTERSECTION,
5148,05-014009,20050207,QUEEN ST S @ SCHNEIDER AVE,02-Intersection related,02-Thru lane,02-Rain,01-Daylight,INTERSECTION,
5149,05-099032,20050809,COUNTRY HILL DR @ OLD COUNTRY DR,03-At intersection,01-Within intersection,01-Clear,01-Daylight,INTERSECTION,
5150,05-122580,20050924,HERITAGE DR @ OAKHURST CRES,03-At intersection,08-Left shoulder,01-Clear,"08-Dark, artificial",INTERSECTION,
5151,05-123499,20050926,LAURENTIAN DR @ DARCY PL,01-Non intersection,02-Thru lane,02-Rain,01-Daylight,INTERSECTION,
5152,05-125161,20050929,WATERLOO ST @ GUELPH ST,03-At intersection,01-Within intersection,01-Clear,01-Daylight,INTERSECTION,
5153,05-064835,20050603,FISCHER HALLMAN RD @ COTTON GRASS ST,04-At/near private drive,10-Not on roadway - left side,01-Clear,01-Daylight,INTERSECTION,
5154,05-059630,20050523,GUELPH ST @ BIRCH AVE,01-Non intersection,02-Thru lane,01-Clear,01-Daylight,INTERSECTION,
5155,05-167804,20051226,KINZIE AVE @ RIVER RD E,03-At intersection,02-Thru lane,01-Clear,"08-Dark, artificial",INTERSECTION,
5156,05-016030,20050212,VILLAGE RD @ WESTMOUNT RD E,01-Non intersection,02-Thru lane,01-Clear,01-Daylight,INTERSECTION,
5157,05-016616,20050214,GRAND RIVER BLVD @ MORRISON RD,02-Intersection related,11-Not on roadway - right side,04-Freezing Rain,03-Dawn,INTERSECTION,
5158,05-014760,20050208,WAVERLY RD @ GAGE AVE,03-At intersection,02-Thru lane,03-Snow,01-Daylight,INTERSECTION,
5159,05-019676,20050222,KING ST E @ SCOTT ST,01-Non intersection,02-Thru lane,03-Snow,01-Daylight,INTERSECTION,
5160,05-014739,20050209,DOON SOUTH DR @ DOON VILLAGE RD,03-At intersection,01-Within intersection,03-Snow,01-Daylight,INTERSECTION,
5161,05-016757,20050214,DIXON ST @ PLYMOUTH RD,01-Non intersection,01-Within intersection,02-Rain,01-Daylight,INTERSECTION,
5162,05-021058,20050225,WAVERLY RD @ GAGE AVE,03-At intersection,02-Thru lane,03-Snow,07-Dark,INTERSECTION,
5163,05-020984,20050225,OTTAWA ST N @ RIVER RD E,04-At/near private drive,02-Thru lane,03-Snow,05-Dusk,INTERSECTION,
5164,05-120535,20050920,GENEVA CRES @ SELKIRK DR,03-At intersection,01-Within intersection,01-Clear,01-Daylight,INTERSECTION,
5165,05-123788,20050926,HILDA PL @ DAVID ST,,,01-Clear,07-Dark,INTERSECTION,
5166,05-004766,20050113,HERITAGE DR @ LORRAINE AVE,01-Non intersection,12-Off highway,03-Snow,01-Daylight,INTERSECTION,
5167,05-002781,20050108,RIVER RD E @ KRUG ST,01-Non intersection,02-Thru lane,01-Clear,01-Daylight,INTERSECTION,
5168,05-164418,20051216,STRANGE ST @ DOMINION ST,03-At intersection,99-Other,01-Clear,01-Daylight,INTERSECTION,
5169,05-166512,20051223,MORGAN AVE @ CENTREVILLE ST,01-Non intersection,02-Thru lane,02-Rain,01-Daylight,INTERSECTION,
5170,05-164857,20051219,STRASBURG RD @ MCINTYRE DR,03-At intersection,01-Within intersection,01-Clear,01-Daylight,INTERSECTION,
5171,05-027055,20050311,HAWKSWOOD DR @ EAGLECREST ST,01-Non intersection,02-Thru lane,01-Clear,01-Daylight,INTERSECTION,
5172,05-027554,20050313,WATERLOO ST @ WELLINGTON ST N,03-At intersection,01-Within intersection,01-Clear,01-Daylight,INTERSECTION,
5173,05-031456,20050322,WAVERLY RD @ STRANGE ST,04-At/near private drive,02-Thru lane,01-Clear,01-Daylight,INTERSECTION,
5174,05-065010,20050603,RITTENHOUSE RD @ BLOCK LINE RD,03-At intersection,02-Thru lane,01-Clear,01-Daylight,INTERSECTION,
5175,05-081135,20050705,FISCHER HALLMAN RD @ QUEENS BLVD,04-At/near private drive,02-Thru lane,01-Clear,01-Daylight,INTERSECTION,
5176,05-025900,20050309,BELMONT AVE W @ CLAREMONT AVE,01-Non intersection,02-Thru lane,01-Clear,01-Daylight,INTERSECTION,
5177,05-024244,20050305,ACTIVA AVE @ COPPER LEAF ST,01-Non intersection,02-Thru lane,01-Clear,01-Daylight,INTERSECTION,
5178,05-104415,20050820,LYDIA ST @ KRUG ST,03-At intersection,01-Within intersection,01-Clear,01-Daylight,INTERSECTION,
5179,05-105623,20050822,WELLINGTON ST N @ SHIRLEY AVE / RIVERBEND DR,02-Intersection related,02-Thru lane,01-Clear,01-Daylight,INTERSECTION,
5180,05-003873,20050111,WESTHEIGHTS DR @ AUTUMN HILL CRES,03-At intersection,01-Within intersection,01-Clear,01-Daylight,INTERSECTION,
5181,05-004315,20050112,LACKNER BLVD @ OLDFIELD DR / ZELLER DR,01-Non intersection,02-Thru lane,04-Freezing Rain,01-Daylight,INTERSECTION,
5182,05-001294,20050104,GREEN VALLEY DR @ PIONEER DR,04-At/near private drive,02-Thru lane,01-Clear,01-Daylight,INTERSECTION,
5183,05-049122,20050430,STAUFFER DR @ CARYNDALE DR,03-At intersection,11-Not on roadway - right side,01-Clear,07-Dark,INTERSECTION,
5184,05-041059,20050413,DUMFRIES AVE @ KRUG ST,02-Intersection related,01-Within intersection,01-Clear,01-Daylight,INTERSECTION,
5185,05-059159,20050522,MCGARRY DR @ FORESTWOOD DR,01-Non intersection,02-Thru lane,01-Clear,01-Daylight,INTERSECTION,
5186,05-022188,20050228,HOMER WATSON BLVD @ HOFFMAN ST,02-Intersection related,11-Not on roadway - right side,03-Snow,01-Daylight,INTERSECTION,
5187,05-150629,20051117,CARWOOD AVE @ DIXON ST,01-Non intersection,02-Thru lane,03-Snow,07-Dark,INTERSECTION,
5188,05-151993,20051121,RIVER RD E @ CONWAY DR,03-At intersection,02-Thru lane,01-Clear,01-Daylight,INTERSECTION,
5189,05-150712,20051117,WABANAKI DR @ WILSON AVE,03-At intersection,11-Not on roadway - right side,04-Freezing Rain,"08-Dark, artificial",INTERSECTION,
5190,05-157340,20051202,GREENBROOK DR @ WARREN RD,02-Intersection related,02-Thru lane,01-Clear,"06-Dusk, artificial",INTERSECTION,
5191,05-136439,20051021,DEVONGLEN DR @ CENTURY HILL DR,04-At/near private drive,02-Thru lane,01-Clear,,INTERSECTION,
5192,05-131353,20051011,MAUSSER AVE @ STIRLING AVE S,02-Intersection related,01-Within intersection,02-Rain,"02-Daylight, artificial",INTERSECTION,
5193,05-129445,20051007,EDENBRIDGE DR @ DARLINGTON PL,02-Intersection related,,01-Clear,01-Daylight,INTERSECTION,
5194,05-105556,20050822,HALIFAX DR @ CONFEDERATION DR,04-At/near private drive,02-Thru lane,01-Clear,01-Daylight,INTERSECTION,
5195,05-108125,20050827,HANSON AVE @ HAYWARD AVE,03-At intersection,02-Thru lane,02-Rain,01-Daylight,INTERSECTION,
5196,05-106207,20050821,KING ST W @ ONTARIO ST S / ONTARIO ST N,01-Non intersection,02-Thru lane,01-Clear,01-Daylight,INTERSECTION,
5197,05-051296,20050506,BECHTEL DR @ SABRINA CRES,01-Non intersection,02-Thru lane,01-Clear,03-Dawn,INTERSECTION,
5198,05-014124,20050207,DOON SOUTH DR @ FOREST EDGE TRAIL,01-Non intersection,02-Thru lane,02-Rain,,INTERSECTION,
5199,05-047603,20050427,COURTLAND AVE E @ BORDEN AVE S,04-At/near private drive,02-Thru lane,02-Rain,01-Daylight,INTERSECTION,
5200,05-052436,20050508,CARWOOD AVE @ DIXON ST,02-Intersection related,09-Right shoulder,01-Clear,01-Daylight,INTERSECTION,
5201,05-043895,20050419,KING ST W @ FRANCIS ST S / FRANCIS ST N,03-At intersection,01-Within intersection,01-Clear,01-Daylight,INTERSECTION,
5202,05-114140,20050908,WESTHEIGHTS DR @ MCGARRY DR,01-Non intersection,02-Thru lane,01-Clear,01-Daylight,INTERSECTION,
5203,05-150650,20051117,ACTIVA AVE @ DAVID BERGEY DR,03-At intersection,02-Thru lane,03-Snow,"08-Dark, artificial",INTERSECTION,
5204,05-136276,20051021,UNION BLVD @ PARK ST,03-At intersection,01-Within intersection,01-Clear,01-Daylight,INTERSECTION,
5205,05-166039,20051221,WAVERLY RD @ STRANGE ST,01-Non intersection,02-Thru lane,01-Clear,01-Daylight,INTERSECTION,
5206,05-166103,20051222,ONTARIO ST S @ JOSEPH ST,02-Intersection related,02-Thru lane,01-Clear,01-Daylight,INTERSECTION,
5207,05-153127,20051123,PIONEER DR @ BLACK WALNUT DR,01-Non intersection,02-Thru lane,03-Snow,"08-Dark, artificial",INTERSECTION,
5208,05-130478,20051009,KING ST E @ QUEEN ST N,01-Non intersection,02-Thru lane,01-Clear,01-Daylight,INTERSECTION,
5209,05-153084,20051117,DRIFTWOOD DR @ HIGHVIEW DR,02-Intersection related,11-Not on roadway - right side,03-Snow,"08-Dark, artificial",INTERSECTION,
5210,05-143752,20051106,DOON VILLAGE RD @ BECHTEL DR,01-Non intersection,04-Right turn lane,01-Clear,"08-Dark, artificial",INTERSECTION,
5211,05-055445,20050514,HARTWOOD AVE @ ELLIS AVE,03-At intersection,01-Within intersection,02-Rain,01-Daylight,INTERSECTION,
5212,05-054817,20050513,CONNAUGHT ST @ TRAYNOR AVE,01-Non intersection,02-Thru lane,01-Clear,01-Daylight,INTERSECTION,
5213,05-056281,20050516,WEICHEL ST @ BELTON DR,01-Non intersection,02-Thru lane,01-Clear,01-Daylight,INTERSECTION,
5214,05-001671,20050105,LORRAINE AVE @ BAIRD AVE,03-At intersection,01-Within intersection,01-Clear,01-Daylight,INTERSECTION,
5215,05-004066,20050112,HERITAGE DR @ INDIAN RD,02-Intersection related,02-Thru lane,04-Freezing Rain,01-Daylight,INTERSECTION,
5216,05-114850,20050909,STIRLING AVE N @ EAST AVE,03-At intersection,01-Within intersection,01-Clear,01-Daylight,INTERSECTION,
5217,05-043862,20050418,GREEN VALLEY DR @ ARROWHEAD CRES,01-Non intersection,02-Thru lane,01-Clear,"08-Dark, artificial",INTERSECTION,
5218,05-039923,20050410,FOLKSTONE CRES @ FOLKSTONE PL,01-Non intersection,02-Thru lane,01-Clear,"08-Dark, artificial",INTERSECTION,
5219,05-043901,20050418,GREEN VALLEY DR @ ARROWHEAD CRES,01-Non intersection,02-Thru lane,01-Clear,"08-Dark, artificial",INTERSECTION,
5220,05-019748,20050222,VANIER DR @ WALTON AVE,01-Non intersection,02-Thru lane,03-Snow,01-Daylight,INTERSECTION,
5221,05-155479,20051128,COUNTRY HILL DR @ OLD COUNTRY DR,04-At/near private drive,02-Thru lane,02-Rain,01-Daylight,INTERSECTION,
5222,05-155792,20051128,WATER ST N @ DUKE ST W,01-Non intersection,02-Thru lane,01-Clear,01-Daylight,INTERSECTION,
5223,05-006052,20050117,HOMER WATSON BLVD @ HOFFMAN ST,03-At intersection,01-Within intersection,01-Clear,01-Daylight,INTERSECTION,
5224,05-039319,20050409,KING ST E @ FREDERICK ST / BENTON ST,01-Non intersection,02-Thru lane,01-Clear,01-Daylight,INTERSECTION,
5225,05-074185,20050621,PIONEER DR @ OLD CARRIAGE DR,04-At/near private drive,02-Thru lane,01-Clear,01-Daylight,INTERSECTION,
5226,05-076680,20050626,ACTIVA AVE @ HACKBERRY ST / GREY FOX DR,04-At/near private drive,02-Thru lane,01-Clear,01-Daylight,INTERSECTION,
5227,05-008337,20050122,VANIER DR @ SIEBERT AVE,02-Intersection related,02-Thru lane,01-Clear,"08-Dark, artificial",INTERSECTION,
5228,05-004119,20050112,MONTCALM DR @ INDIAN RD,03-At intersection,01-Within intersection,04-Freezing Rain,01-Daylight,INTERSECTION,
5229,05-000870,20050103,KING ST W @ GREEN ST,04-At/near private drive,02-Thru lane,01-Clear,01-Daylight,INTERSECTION,
5230,05-000584,20050102,ERINBROOK DR @ RITTENHOUSE RD,03-At intersection,01-Within intersection,02-Rain,01-Daylight,INTERSECTION,
5231,05-003036,20050109,ACTIVA AVE @ MAX BECKER DR,02-Intersection related,01-Within intersection,04-Freezing Rain,03-Dawn,INTERSECTION,
5232,05-004067,20050112,MCLENNAN PARK GATE @ BLOCK LINE RD,03-At intersection,02-Thru lane,04-Freezing Rain,01-Daylight,INTERSECTION,
5233,05-030329,20050319,GUELPH ST @ MARGARET AVE,03-At intersection,01-Within intersection,03-Snow,"08-Dark, artificial",INTERSECTION,
5234,13-217311,20130908,KING ST E @ PANDORA AVE N / PANDORA AVE S,02-Intersection related,02-Thru lane,01-Clear,01-Daylight,INTERSECTION,
5235,13-217378,20130917,STECKLE PL @ TRILLIUM DR,03-At intersection,01-Within intersection,01-Clear,01-Daylight,INTERSECTION,
5236,13-217529,20130917,CHARLES ST E @ SYDNEY ST S,02-Intersection related,02-Thru lane,01-Clear,01-Daylight,INTERSECTION,
5237,13-245066,20131019,CEDARWOODS CRES @ KINGSWAY DR,03-At intersection,01-Within intersection,02-Rain,01-Daylight,INTERSECTION,
5238,13-245562,20131021,WILSON AVE @ WEBSTER RD,03-At intersection,02-Thru lane,02-Rain,07-Dark,INTERSECTION,
5239,13-254258,20131031,WILSON AVE @ WEBSTER RD,03-At intersection,01-Within intersection,02-Rain,01-Daylight,INTERSECTION,
5240,13-269023,20131119,LANCASTER ST E @ IRVIN ST / BRUBACHER ST,02-Intersection related,02-Thru lane,01-Clear,01-Daylight,INTERSECTION,
5241,13-218294,20130918,UNION BLVD @ PARK ST,02-Intersection related,02-Thru lane,01-Clear,01-Daylight,INTERSECTION,
5242,13-218851,20130917,MORRISON RD @ WATERBEND CRES / SIMS ESTATE DR,02-Intersection related,09-Right shoulder,01-Clear,01-Daylight,INTERSECTION,
5243,13-229591,20131001,CEDAR ST N @ DUKE ST E,03-At intersection,01-Within intersection,01-Clear,"08-Dark, artificial",INTERSECTION,
5244,13-229886,20131002,JUBILEE DR @ DAVID ST / COURTLAND AVE W,03-At intersection,01-Within intersection,01-Clear,01-Daylight,INTERSECTION,
5245,13-230165,20131002,JUBILEE DR @ DAVID ST / COURTLAND AVE W,03-At intersection,01-Within intersection,01-Clear,01-Daylight,INTERSECTION,
5246,13-247014,20131022,UNION BLVD @ ESSON ST,02-Intersection related,01-Within intersection,01-Clear,01-Daylight,INTERSECTION,
5247,13-247318,20131023,BLOCK LINE RD @ STRASBURG RD,03-At intersection,01-Within intersection,01-Clear,01-Daylight,INTERSECTION,
5248,13-231829,20131004,BORDEN AVE N @ KING ST E / BORDEN AVE S,02-Intersection related,02-Thru lane,01-Clear,01-Daylight,INTERSECTION,
5249,13-231976,20131004,MT HOPE ST @ PARK ST,02-Intersection related,02-Thru lane,"07-Fog, mist, smoke, dust","08-Dark, artificial",INTERSECTION,
5250,13-232734,20131005,HOMER WATSON BLVD @ STIRLING AVE S,02-Intersection related,02-Thru lane,01-Clear,"08-Dark, artificial",INTERSECTION,
5251,13-233307,20131006,WESTHEIGHTS DR @ BLACKWELL DR,03-At intersection,02-Thru lane,01-Clear,01-Daylight,INTERSECTION,
5252,13-250266,20131026,FIFTH AVE @ KINGSWAY DR,03-At intersection,02-Thru lane,03-Snow,01-Daylight,INTERSECTION,
5253,13-250499,20131026,MORGAN AVE @ PEPPERWOOD CRES,02-Intersection related,02-Thru lane,01-Clear,"08-Dark, artificial",INTERSECTION,
5254,13-234170,20131007,BIEHN DR @ MARL MEADOW DR,02-Intersection related,02-Thru lane,01-Clear,01-Daylight,INTERSECTION,
5255,13-234720,20131008,AHRENS ST W @ WELLINGTON ST N,02-Intersection related,02-Thru lane,01-Clear,01-Daylight,INTERSECTION,
5256,13-250844,20131027,UNION BLVD @ PARK ST,02-Intersection related,01-Within intersection,02-Rain,01-Daylight,INTERSECTION,
5257,13-253479,20131030,UNION BLVD @ PARK ST,02-Intersection related,02-Thru lane,01-Clear,01-Daylight,INTERSECTION,
5258,13-234772,20131008,TRILLIUM DR @ WASHBURN DR,03-At intersection,02-Thru lane,01-Clear,01-Daylight,INTERSECTION,
5259,13-235854,20131009,PEACH BLOSSOM CRES @ DAVID BERGEY DR,03-At intersection,01-Within intersection,01-Clear,01-Daylight,INTERSECTION,
5260,13-236355,20131010,KING ST E @ SCOTT ST,03-At intersection,02-Thru lane,01-Clear,01-Daylight,INTERSECTION,
5261,13-251942,20131028,STIRLING AVE S @ MILL ST,03-At intersection,01-Within intersection,01-Clear,01-Daylight,INTERSECTION,
5262,13-252806,20131029,QUEEN ST N @ MARGARET AVE / OTTO ST,03-At intersection,02-Thru lane,01-Clear,01-Daylight,INTERSECTION,
5263,13-237244,20131012,KING ST E @ SCOTT ST,02-Intersection related,02-Thru lane,01-Clear,01-Daylight,INTERSECTION,
5264,13-236703,20131010,CEDAR ST N @ KING ST E / CEDAR ST S,03-At intersection,01-Within intersection,01-Clear,01-Daylight,INTERSECTION,
5265,13-236793,20131010,PATRICIA AVE @ SPADINA RD W,03-At intersection,01-Within intersection,01-Clear,01-Daylight,INTERSECTION,
5266,13-238597,20131012,KING ST E @ QUEEN ST N,03-At intersection,01-Within intersection,01-Clear,"08-Dark, artificial",INTERSECTION,
5267,13-264522,20131113,SCOTT ST @ SPETZ ST,02-Intersection related,02-Thru lane,01-Clear,05-Dusk,INTERSECTION,
5268,13-239732,20131013,NINTH AVE @ KINGSWAY DR,03-At intersection,02-Thru lane,01-Clear,01-Daylight,INTERSECTION,
5269,13-240957,20131015,TU LANE ST @ KING ST E,03-At intersection,02-Thru lane,01-Clear,07-Dark,INTERSECTION,
5270,13-241221,20131016,DEVON ST @ JUBILEE DR / PARK ST,02-Intersection related,09-Right shoulder,01-Clear,01-Daylight,INTERSECTION,
5271,13-220756,20130921,WILSON AVE @ KINGSWAY DR,03-At intersection,02-Thru lane,01-Clear,01-Daylight,INTERSECTION,
5272,13-241227,20131016,HOMER WATSON BLVD @ HOFFMAN ST,03-At intersection,02-Thru lane,02-Rain,01-Daylight,INTERSECTION,
5273,13-241258,20131016,HOMER WATSON BLVD @ HOFFMAN ST,02-Intersection related,02-Thru lane,01-Clear,01-Daylight,INTERSECTION,
5274,13-241391,20131015,BELMONT AVE W @ GAGE AVE,02-Intersection related,02-Thru lane,01-Clear,01-Daylight,INTERSECTION,
5275,13-241556,20131015,OLD COUNTRY DR @ STRASBURG RD,02-Intersection related,02-Thru lane,01-Clear,01-Daylight,INTERSECTION,
5276,13-219308,20130910,BELMONT AVE W @ GAGE AVE,03-At intersection,02-Thru lane,01-Clear,01-Daylight,INTERSECTION,
5277,13-219825,20130920,BELMONT AVE W @ HIGHLAND RD W,02-Intersection related,02-Thru lane,01-Clear,01-Daylight,INTERSECTION,
5278,13-220065,20130920,DUKE ST W @ BREITHAUPT ST,03-At intersection,01-Within intersection,01-Clear,01-Daylight,INTERSECTION,
5279,13-242067,20131017,CEDARWOODS CRES @ KINGSWAY DR,03-At intersection,01-Within intersection,02-Rain,"08-Dark, artificial",INTERSECTION,
5280,13-220232,20130920,DUKE ST W @ BREITHAUPT ST,02-Intersection related,01-Within intersection,02-Rain,07-Dark,INTERSECTION,
5281,13-222286,20130923,FOXGLOVE CRES @ PROSPERITY DR,03-At intersection,01-Within intersection,01-Clear,01-Daylight,INTERSECTION,
5282,13-222449,20130923,RUTHERFORD DR @ KINZIE AVE,03-At intersection,01-Within intersection,01-Clear,01-Daylight,INTERSECTION,
5283,13-222992,20130924,MORRISON RD @ WATERBEND CRES / SIMS ESTATE DR,03-At intersection,01-Within intersection,01-Clear,01-Daylight,INTERSECTION,
5284,13-224357,20130926,UNION BLVD @ BELMONT AVE W,03-At intersection,04-Right turn lane,01-Clear,01-Daylight,INTERSECTION,
5285,13-224667,20130926,DUKE ST E @ EBY ST N,02-Intersection related,02-Thru lane,01-Clear,01-Daylight,INTERSECTION,
5286,13-224850,20130925,STIRLING AVE S @ MILL ST,03-At intersection,02-Thru lane,01-Clear,01-Daylight,INTERSECTION,
5287,13-225509,20130925,KARN ST @ BRYBECK CRES,02-Intersection related,02-Thru lane,01-Clear,01-Daylight,INTERSECTION,
5288,13-226999,20130928,QUEEN ST N @ ROY ST,02-Intersection related,02-Thru lane,01-Clear,07-Dark,INTERSECTION,
5289,13-228174,20130930,QUEEN ST N @ DUKE ST E / DUKE ST W,02-Intersection related,02-Thru lane,02-Rain,01-Daylight,INTERSECTION,
5290,13-255901,20131101,WELLINGTON ST N @ MOORE AVE,03-At intersection,01-Within intersection,02-Rain,07-Dark,INTERSECTION,