OBJECTID,ACCIDENTNUM,ACCIDENTDATE,LOCATION,ACCIDENT_LOCATION,IMPACT_LOCATION,ENVIRONMENT_CONDITION,LIGHT,COLLISION_TYPE,TRAFFICCOLLISIONSID
5291,05-008629,20050123,LOUISA ST @ ST VINCENT ST,02-Intersection related,02-Thru lane,03-Snow,"06-Dusk, artificial",INTERSECTION,
5292,05-017166,20050215,COUNTRY HILL DR @ OLD COUNTRY DR,02-Intersection related,11-Not on roadway - right side,02-Rain,01-Daylight,INTERSECTION,
5293,05-022149,20050228,SEREDA RD @ SPRING VALLEY RD / GUELPH ST,03-At intersection,01-Within intersection,02-Rain,01-Daylight,INTERSECTION,
5294,05-020879,20050225,COLTON CIR @ AMELIA ST,01-Non intersection,,,,INTERSECTION,
5295,05-021763,20050227,WESTWOOD DR @ INADALE CRT,04-At/near private drive,02-Thru lane,01-Clear,01-Daylight,INTERSECTION,
5296,05-005836,20050116,HOMER WATSON BLVD @ MANITOU DR / DOON VILLAGE RD,01-Non intersection,02-Thru lane,01-Clear,01-Daylight,INTERSECTION,
5297,05-023063,20050301,WILLIAMSBURG RD @ DINISON CRES,02-Intersection related,11-Not on roadway - right side,03-Snow,07-Dark,INTERSECTION,
5298,05-023385,20050303,UPPER CANADA DR @ DOON VILLAGE RD,01-Non intersection,02-Thru lane,01-Clear,01-Daylight,INTERSECTION,
5299,05-022363,20050301,MILL ST @ LANSDOWNE BLVD,02-Intersection related,10-Not on roadway - left side,03-Snow,01-Daylight,INTERSECTION,
5300,05-054298,20050512,QUEEN ST N @ DUKE ST E / DUKE ST W,03-At intersection,01-Within intersection,01-Clear,01-Daylight,INTERSECTION,
5301,05-025708,20050309,WATER ST N @ DUKE ST W,02-Intersection related,02-Thru lane,01-Clear,01-Daylight,INTERSECTION,
5302,05-056955,20050518,GUELPH ST @ MARGARET AVE,03-At intersection,01-Within intersection,01-Clear,01-Daylight,INTERSECTION,
5303,05-142060,20051102,HALIFAX DR @ HERITAGE DR,04-At/near private drive,10-Not on roadway - left side,01-Clear,"08-Dark, artificial",INTERSECTION,
5304,05-021308,20050224,BELMONT AVE W @ HIGHLAND RD W,04-At/near private drive,02-Thru lane,01-Clear,"08-Dark, artificial",INTERSECTION,
5305,05-000954,20050125,WELLINGTON ST N @ LANCASTER ST W,04-At/near private drive,02-Thru lane,03-Snow,"02-Daylight, artificial",INTERSECTION,
5306,05-110016,20050831,BREITHAUPT ST @ WATERLOO ST,01-Non intersection,02-Thru lane,02-Rain,01-Daylight,INTERSECTION,
5307,05-103973,20050819,QUEENS BLVD @ ELM RIDGE DR,03-At intersection,01-Within intersection,02-Rain,01-Daylight,INTERSECTION,
5308,05-003323,20050110,BORDEN AVE S @ NYBERG ST,04-At/near private drive,02-Thru lane,01-Clear,01-Daylight,INTERSECTION,
5309,05-095933,20050803,BATTLER RD @ STRASBURG RD,04-At/near private drive,02-Thru lane,01-Clear,01-Daylight,INTERSECTION,
5310,05-096805,20050805,WEBER ST E @ KINZIE AVE,04-At/near private drive,02-Thru lane,01-Clear,01-Daylight,INTERSECTION,
5311,05-096830,20050805,PATRICIA AVE @ QUEENS BLVD,04-At/near private drive,02-Thru lane,01-Clear,01-Daylight,INTERSECTION,
5312,05-055298,20050514,CEDAR ST N @ KING ST E / CEDAR ST S,04-At/near private drive,02-Thru lane,01-Clear,01-Daylight,INTERSECTION,
5313,05-022925,20050302,WATERLOO ST @ WELLINGTON ST N,03-At intersection,01-Within intersection,01-Clear,01-Daylight,INTERSECTION,
5314,05-140807,20051031,SCOTT ST @ DUKE ST E,03-At intersection,01-Within intersection,01-Clear,01-Daylight,INTERSECTION,
5315,05-148783,20051116,EPHRAIM ST @ BRUCE ST,02-Intersection related,02-Thru lane,03-Snow,"08-Dark, artificial",INTERSECTION,
5316,05-153774,20051125,WELLINGTON ST N @ ST LEGER ST,03-At intersection,02-Thru lane,01-Clear,01-Daylight,INTERSECTION,
5317,05-139460,20051028,KINGSWAY DR @ GREENFIELD AVE,02-Intersection related,02-Thru lane,01-Clear,05-Dusk,INTERSECTION,
5318,05-137224,20051023,KINZIE AVE @ OBERMEYER DR,01-Non intersection,10-Not on roadway - left side,02-Rain,01-Daylight,INTERSECTION,
5319,05-136616,20051022,DUMFRIES AVE @ KRUG ST,03-At intersection,01-Within intersection,01-Clear,01-Daylight,INTERSECTION,
5320,05-135796,20051012,PARK ST @ VICTORIA ST S,04-At/near private drive,02-Thru lane,01-Clear,01-Daylight,INTERSECTION,
5321,05-104024,20050819,WESTHEIGHTS DR @ DRIFTWOOD DR,02-Intersection related,02-Thru lane,01-Clear,01-Daylight,INTERSECTION,
5322,05-097515,20050805,DRIFTWOOD DR @ YELLOW BIRCH DR,01-Non intersection,02-Thru lane,01-Clear,01-Daylight,INTERSECTION,
5323,05-124672,20050928,WATERLOO ST @ WELLINGTON ST N,03-At intersection,01-Within intersection,01-Clear,01-Daylight,INTERSECTION,
5324,05-071799,20050616,WELLINGTON ST N @ SHIRLEY AVE / RIVERBEND DR,01-Non intersection,02-Thru lane,01-Clear,01-Daylight,INTERSECTION,
5325,05-081698,20050706,CHARLES ST E @ STIRLING AVE S,04-At/near private drive,02-Thru lane,01-Clear,01-Daylight,INTERSECTION,
5326,05-081233,20050705,TRILLIUM DR @ BEASLEY DR,03-At intersection,01-Within intersection,01-Clear,01-Daylight,INTERSECTION,
5327,05-064390,20050602,OTTAWA ST N @ FRANKLIN ST N,01-Non intersection,11-Not on roadway - right side,01-Clear,01-Daylight,INTERSECTION,
5328,05-152795,20051123,DOON VILLAGE RD @ MILLWOOD CRES,03-At intersection,01-Within intersection,01-Clear,01-Daylight,INTERSECTION,
5329,05-159377,20051207,KINGSWAY DR @ ST JEROME AVE,03-At intersection,01-Within intersection,05-Drifting Snow,01-Daylight,INTERSECTION,
5330,05-159100,20051206,BELMONT AVE W @ ROCK AVE,04-At/near private drive,02-Thru lane,03-Snow,05-Dusk,INTERSECTION,
5331,05-141209,20051101,LAURENTIAN DR @ BLOCK LINE RD,03-At intersection,01-Within intersection,02-Rain,01-Daylight,INTERSECTION,
5332,05-135047,20051018,KING ST W @ ONTARIO ST S / ONTARIO ST N,01-Non intersection,02-Thru lane,01-Clear,07-Dark,INTERSECTION,
5333,05-138940,20051027,OLDFIELD DR @ EDENBRIDGE DR,03-At intersection,01-Within intersection,01-Clear,"06-Dusk, artificial",INTERSECTION,
5334,05-147208,20051113,FOUR SEASONS CRT @ COUNTRY HILL DR,01-Non intersection,08-Left shoulder,01-Clear,01-Daylight,INTERSECTION,
5335,05-008636,20050124,STIRLING AVE S @ PLEASANT AVE,01-Non intersection,11-Not on roadway - right side,01-Clear,"02-Daylight, artificial",INTERSECTION,
5336,05-072301,20050616,THALER AVE @ FAIRWAY RD N,04-At/near private drive,02-Thru lane,01-Clear,"08-Dark, artificial",INTERSECTION,
5337,05-069357,20050611,RITTENHOUSE RD @ JULIA CRES,01-Non intersection,02-Thru lane,01-Clear,05-Dusk,INTERSECTION,
5338,05-003641,20050111,DUKE ST W @ BREITHAUPT ST,03-At intersection,01-Within intersection,01-Clear,01-Daylight,INTERSECTION,
5339,05-016819,20050214,MEINZINGER AVE @ BORDEN PKY,01-Non intersection,11-Not on roadway - right side,02-Rain,01-Daylight,INTERSECTION,
5340,05-025048,20050307,KING ST W @ ONTARIO ST S / ONTARIO ST N,01-Non intersection,02-Thru lane,01-Clear,01-Daylight,INTERSECTION,
5341,05-031624,20050322,RIVER RD E @ ROSEMOUNT DR,03-At intersection,01-Within intersection,01-Clear,01-Daylight,INTERSECTION,
5342,05-026627,20050310,WESTWOOD DR @ DAYMAN CRT,04-At/near private drive,02-Thru lane,01-Clear,"08-Dark, artificial",INTERSECTION,
5343,05-098352,20050808,COPPER LEAF ST @ COTTON GRASS ST,03-At intersection,01-Within intersection,01-Clear,01-Daylight,INTERSECTION,
5344,05-154085,20051125,BATTLER RD @ HURON RD,02-Intersection related,02-Thru lane,03-Snow,"08-Dark, artificial",INTERSECTION,
5345,05-078629,20050630,CLAREMONT AVE @ EARL ST,03-At intersection,01-Within intersection,01-Clear,01-Daylight,INTERSECTION,
5346,05-075618,20050624,TRAYNOR AVE @ VANIER DR,04-At/near private drive,02-Thru lane,01-Clear,01-Daylight,INTERSECTION,
5347,05-007460,20050121,MARLBOROUGH AVE @ BELMONT AVE W,04-At/near private drive,11-Not on roadway - right side,01-Clear,01-Daylight,INTERSECTION,
5348,05-010275,20050128,MISTY ST @ MISTY CRES,04-At/near private drive,02-Thru lane,01-Clear,01-Daylight,INTERSECTION,
5349,05-006582,20050118,STIRLING AVE S @ PLEASANT AVE,04-At/near private drive,11-Not on roadway - right side,01-Clear,,INTERSECTION,
5350,05-015809,20050211,KRUG ST @ ETON DR,01-Non intersection,02-Thru lane,03-Snow,"08-Dark, artificial",INTERSECTION,
5351,05-022537,20050301,MAX BECKER DR @ BRIDLEWREATH ST,03-At intersection,01-Within intersection,03-Snow,01-Daylight,INTERSECTION,
5352,05-019823,20050222,UNION BLVD @ BELMONT AVE W,03-At intersection,01-Within intersection,01-Clear,01-Daylight,INTERSECTION,
5353,05-016610,20050214,GUELPH ST @ MARGARET AVE,02-Intersection related,02-Thru lane,04-Freezing Rain,01-Daylight,INTERSECTION,
5354,05-064327,20050602,ELMSDALE DR @ CHANDLER DR,01-Non intersection,02-Thru lane,01-Clear,01-Daylight,INTERSECTION,
5355,05-121693,20050922,MORGAN AVE @ CENTREVILLE ST,04-At/near private drive,02-Thru lane,02-Rain,"08-Dark, artificial",INTERSECTION,
5356,05-122991,20050925,PIONEER DR @ DOON VILLAGE RD,03-At intersection,02-Thru lane,02-Rain,03-Dawn,INTERSECTION,
5357,05-016352,20050213,WILDERNESS DR @ BUSH CLOVER CRES / ACTIVA AVE,03-At intersection,01-Within intersection,01-Clear,01-Daylight,INTERSECTION,
5358,05-017310,20050215,AMHERST DR @ DURHAM ST,03-At intersection,01-Within intersection,02-Rain,01-Daylight,INTERSECTION,
5359,05-006669,20050119,PIONEER DR @ BLACK WALNUT DR,01-Non intersection,11-Not on roadway - right side,03-Snow,,INTERSECTION,
5360,05-022403,20050301,WEST AVE @ VICTORIA ST S / STRANGE ST,01-Non intersection,02-Thru lane,03-Snow,01-Daylight,INTERSECTION,
5361,05-022210,20050228,WOOLWICH ST @ SUNBRIDGE CRES,04-At/near private drive,10-Not on roadway - left side,03-Snow,"08-Dark, artificial",INTERSECTION,
5362,05-021325,20050226,MORGAN AVE @ CENTREVILLE ST,03-At intersection,02-Thru lane,01-Clear,01-Daylight,INTERSECTION,
5363,05-025923,20050309,ANDREW ST @ BRAUN ST,02-Intersection related,02-Thru lane,01-Clear,01-Daylight,INTERSECTION,
5364,05-013955,20050207,WELLINGTON ST N @ MARGARET AVE,03-At intersection,01-Within intersection,01-Clear,01-Daylight,INTERSECTION,
5365,05-055432,20050514,FRANKLIN ST S @ KINGSWAY DR,03-At intersection,01-Within intersection,02-Rain,01-Daylight,INTERSECTION,
5366,05-064361,20050602,EBY ST S @ EBY ST N / KING ST E,03-At intersection,01-Within intersection,01-Clear,01-Daylight,INTERSECTION,
5367,05-060272,20050520,QUEENS BLVD @ CECILE DR,03-At intersection,02-Thru lane,01-Clear,01-Daylight,INTERSECTION,
5368,05-001345,20050104,PIONEER DR @ PERIN PL / VINTAGE CRES,01-Non intersection,02-Thru lane,01-Clear,"08-Dark, artificial",INTERSECTION,
5369,05-001023,20050103,GUERIN AVE @ KINZIE AVE,02-Intersection related,01-Within intersection,01-Clear,01-Daylight,INTERSECTION,
5370,05-096408,20050804,EBY ST S @ EBY ST N / KING ST E,03-At intersection,01-Within intersection,01-Clear,01-Daylight,INTERSECTION,
5371,05-099774,20050811,GLASGOW ST @ BELMONT AVE W,03-At intersection,01-Within intersection,01-Clear,01-Daylight,INTERSECTION,
5372,05-104060,20050819,HIGHLAND RD E @ SPADINA RD E,02-Intersection related,02-Thru lane,02-Rain,01-Daylight,INTERSECTION,
5373,05-022443,20050228,WAVERLY RD @ GAGE AVE,01-Non intersection,02-Thru lane,03-Snow,05-Dusk,INTERSECTION,
5374,05-023278,20050303,ACTIVA AVE @ DAVID BERGEY DR,01-Non intersection,02-Thru lane,01-Clear,01-Daylight,INTERSECTION,
5375,05-016766,20050214,MATTHEW ST @ ROTHSAY AVE,02-Intersection related,02-Thru lane,04-Freezing Rain,01-Daylight,INTERSECTION,
5376,05-017528,20050215,DOON VALLEY DR @ CONESTOGA COLLEGE BLVD,02-Intersection related,02-Thru lane,02-Rain,01-Daylight,INTERSECTION,
5377,05-082147,20050707,WILSON AVE @ WEBSTER RD,02-Intersection related,02-Thru lane,01-Clear,01-Daylight,INTERSECTION,
5378,05-157283,20051202,LAWRENCE AVE @ HIGHLAND RD W,01-Non intersection,02-Thru lane,01-Clear,01-Daylight,INTERSECTION,
5379,05-148576,20051115,LORRAINE AVE @ BAIRD AVE,03-At intersection,01-Within intersection,02-Rain,"08-Dark, artificial",INTERSECTION,
5380,05-150462,20051117,CHANDLER DR @ STRASBURG RD,01-Non intersection,02-Thru lane,03-Snow,07-Dark,INTERSECTION,
5381,05-118415,20050916,MAPLE AVE @ ARNOLD ST,03-At intersection,01-Within intersection,02-Rain,01-Daylight,INTERSECTION,
5382,05-131338,20051011,BELMONT AVE W @ JACK AVE,03-At intersection,02-Thru lane,01-Clear,01-Daylight,INTERSECTION,
5383,05-131739,20051012,COURTLAND AVE E @ BALZER RD,04-At/near private drive,11-Not on roadway - right side,02-Rain,01-Daylight,INTERSECTION,
5384,05-131313,20051011,HOMER WATSON BLVD @ OTTAWA ST S,01-Non intersection,02-Thru lane,01-Clear,01-Daylight,INTERSECTION,
5385,05-106584,20050824,KING ST E @ BETZNER AVE S / BETZNER AVE N,04-At/near private drive,02-Thru lane,01-Clear,01-Daylight,INTERSECTION,
5386,05-106666,20050824,QUEENS BLVD @ WESTHEIGHTS DR,01-Non intersection,01-Within intersection,01-Clear,01-Daylight,INTERSECTION,
5387,05-060477,20050525,WATERLOO ST @ WELLINGTON ST N,03-At intersection,01-Within intersection,01-Clear,01-Daylight,INTERSECTION,
5388,05-061855,20050528,HEIMAN ST @ TAMROTH CLOSE,01-Non intersection,02-Thru lane,01-Clear,01-Daylight,INTERSECTION,
5389,05-062218,20050529,DEVON ST @ JUBILEE DR / PARK ST,01-Non intersection,02-Thru lane,01-Clear,"08-Dark, artificial",INTERSECTION,
5390,05-095200,20050802,MAX BECKER DR @ BRIDLEWREATH ST,03-At intersection,01-Within intersection,01-Clear,01-Daylight,INTERSECTION,
5391,05-096300,20050804,KINGSWAY DR @ ST JEROME AVE,03-At intersection,02-Thru lane,01-Clear,01-Daylight,INTERSECTION,
5392,05-160313,20051208,MILL ST @ MADISON AVE S,01-Non intersection,02-Thru lane,01-Clear,01-Daylight,INTERSECTION,
5393,05-160942,20051210,WILSON AVE @ FAIRWAY RD S,04-At/near private drive,02-Thru lane,01-Clear,01-Daylight,INTERSECTION,
5394,05-158583,20051205,LOUISA ST @ ST LEGER ST,03-At intersection,02-Thru lane,03-Snow,01-Daylight,INTERSECTION,
5395,05-153626,20051124,MORGAN AVE @ CENTREVILLE ST,01-Non intersection,02-Thru lane,03-Snow,"08-Dark, artificial",INTERSECTION,
5396,05-150391,20051117,ST CLAIR AVE @ STIRLING AVE S,01-Non intersection,11-Not on roadway - right side,03-Snow,"08-Dark, artificial",INTERSECTION,
5397,05-150319,20051117,QUEENS BLVD @ SILVERSPRING CRES,01-Non intersection,11-Not on roadway - right side,03-Snow,"08-Dark, artificial",INTERSECTION,
5398,05-147237,20051112,GUELPH ST @ BIRCH AVE,04-At/near private drive,02-Thru lane,01-Clear,07-Dark,INTERSECTION,
5399,05-150642,20051117,MT HOPE ST @ PARK ST,03-At intersection,01-Within intersection,03-Snow,07-Dark,INTERSECTION,
5400,05-150704,20051117,PAULANDER DR @ VICTORIA ST S,01-Non intersection,02-Thru lane,03-Snow,07-Dark,INTERSECTION,
5401,05-057414,20050519,LUELLA ST @ CHESTNUT ST,04-At/near private drive,11-Not on roadway - right side,01-Clear,03-Dawn,INTERSECTION,
5402,05-068258,20050609,TALBOT ST @ PATRICIA AVE,01-Non intersection,02-Thru lane,01-Clear,,INTERSECTION,
5403,05-016799,20050214,AUTUMN RIDGE TRAIL @ WOODCREST CRT,01-Non intersection,02-Thru lane,04-Freezing Rain,01-Daylight,INTERSECTION,
5404,05-007790,20050122,LOUISA ST @ MOORE AVE,03-At intersection,01-Within intersection,01-Clear,07-Dark,INTERSECTION,
5405,05-014053,20050207,QUEENS BLVD @ ELM RIDGE DR,02-Intersection related,01-Within intersection,02-Rain,01-Daylight,INTERSECTION,
5406,05-163499,20051216,KINZIE AVE @ THALER AVE,03-At intersection,02-Thru lane,01-Clear,01-Daylight,INTERSECTION,
5407,05-162169,20051213,PARK ST @ GREEN ST,03-At intersection,01-Within intersection,01-Clear,01-Daylight,INTERSECTION,
5408,05-159540,20051207,FRANKLIN ST N @ DREGER AVE,02-Intersection related,02-Thru lane,01-Clear,05-Dusk,INTERSECTION,
5409,05-165152,20051220,CENTURY HILL DR @ SOUTHWOOD DR,03-At intersection,01-Within intersection,01-Clear,01-Daylight,INTERSECTION,
5410,05-159766,20051208,DEVON ST @ JUBILEE DR / PARK ST,01-Non intersection,09-Right shoulder,,,INTERSECTION,
5411,05-006998,20050120,BIEHN DR @ KILKERRAN CRES,01-Non intersection,02-Thru lane,01-Clear,03-Dawn,INTERSECTION,
5412,05-008163,20050123,DUKE ST W @ BREITHAUPT ST,01-Non intersection,02-Thru lane,01-Clear,,INTERSECTION,
5413,05-009309,20050126,MAX BECKER DR @ COMMONWEALTH ST,01-Non intersection,02-Thru lane,01-Clear,01-Daylight,INTERSECTION,
5414,05-009595,20050127,MORGAN AVE @ GREENDALE CRES,02-Intersection related,10-Not on roadway - left side,01-Clear,,INTERSECTION,
5415,05-004061,20050112,KING ST E @ CAMERON ST S / CAMERON ST N,03-At intersection,01-Within intersection,04-Freezing Rain,01-Daylight,INTERSECTION,
5416,05-007207,20050120,FERGUS AVE @ WEBER ST E,04-At/near private drive,02-Thru lane,01-Clear,"08-Dark, artificial",INTERSECTION,
5417,05-007107,20050120,STECKLE PL @ TRILLIUM DR,04-At/near private drive,02-Thru lane,01-Clear,01-Daylight,INTERSECTION,
5418,05-008236,20050123,BIEHN DR @ BLACK WALNUT DR,02-Intersection related,02-Thru lane,01-Clear,01-Daylight,INTERSECTION,
5419,05-007111,20050120,KING ST E @ SCOTT ST,01-Non intersection,02-Thru lane,01-Clear,01-Daylight,INTERSECTION,
5420,05-016646,20050214,SCOTT ST @ IRVIN ST,02-Intersection related,10-Not on roadway - left side,04-Freezing Rain,01-Daylight,INTERSECTION,
5421,05-016620,20050214,HURON RD @ MILL PARK DR / WILSON AVE,01-Non intersection,11-Not on roadway - right side,02-Rain,01-Daylight,INTERSECTION,
5422,05-002024,20050106,QUEENS BLVD @ WARREN RD,01-Non intersection,11-Not on roadway - right side,03-Snow,"08-Dark, artificial",INTERSECTION,
5423,05-004077,20050112,GLASGOW ST @ PARK ST,02-Intersection related,02-Thru lane,04-Freezing Rain,01-Daylight,INTERSECTION,
5424,05-164393,20051218,KELLY DR @ QUEENS BLVD,03-At intersection,01-Within intersection,01-Clear,01-Daylight,INTERSECTION,
5425,05-157155,20051202,STECKLE PL @ TRILLIUM DR,01-Non intersection,02-Thru lane,01-Clear,01-Daylight,INTERSECTION,
5426,05-024142,20050305,KING ST W @ ONTARIO ST S / ONTARIO ST N,01-Non intersection,02-Thru lane,01-Clear,01-Daylight,INTERSECTION,
5427,05-022716,20050301,LOUISA ST @ AHRENS ST W,02-Intersection related,11-Not on roadway - right side,03-Snow,"08-Dark, artificial",INTERSECTION,
5428,05-082165,20050707,MARKWOOD DR @ CHOPIN DR,01-Non intersection,02-Thru lane,01-Clear,01-Daylight,INTERSECTION,
5429,05-078338,20050629,BREITHAUPT ST @ MARGARET AVE,02-Intersection related,02-Thru lane,01-Clear,01-Daylight,INTERSECTION,
5430,05-082119,20050707,LORRAINE AVE @ CARSON DR,02-Intersection related,02-Thru lane,01-Clear,01-Daylight,INTERSECTION,
5431,05-077950,20050628,FRANKLIN ST S @ KINGSWAY DR,03-At intersection,01-Within intersection,01-Clear,01-Daylight,INTERSECTION,
5432,05-065549,20050604,KING ST W @ GAUKEL ST,02-Intersection related,02-Thru lane,01-Clear,01-Daylight,INTERSECTION,
5433,05-057526,20050519,GLASGOW ST @ BELMONT AVE W,03-At intersection,02-Thru lane,01-Clear,01-Daylight,INTERSECTION,
5434,05-060964,20050526,GREY FOX DR @ QUEEN CHARLOTTE CRES / WOODPOPPY CRT,03-At intersection,01-Within intersection,01-Clear,01-Daylight,INTERSECTION,
5435,05-037811,20050406,FRANKLIN ST N @ WEBER ST E,01-Non intersection,02-Thru lane,01-Clear,01-Daylight,INTERSECTION,
5436,05-023895,20050304,GLASGOW ST @ BELMONT AVE W,01-Non intersection,02-Thru lane,01-Clear,01-Daylight,INTERSECTION,
5437,05-020546,20050224,SCOTT ST @ DUKE ST E,03-At intersection,01-Within intersection,01-Clear,01-Daylight,INTERSECTION,
5438,05-022828,20050302,KARN ST @ BRYBECK CRES,03-At intersection,01-Within intersection,03-Snow,01-Daylight,INTERSECTION,
5439,05-105687,20050822,KING ST E @ PANDORA AVE N / PANDORA AVE S,04-At/near private drive,02-Thru lane,01-Clear,01-Daylight,INTERSECTION,
5440,05-105662,20050822,WELLINGTON ST N @ ST LEGER ST,03-At intersection,99-Other,01-Clear,01-Daylight,INTERSECTION,
5441,05-022800,20050302,ZELLER DR @ ZELLER CRT,02-Intersection related,02-Thru lane,03-Snow,01-Daylight,INTERSECTION,
5442,05-024157,20050305,DONNENWERTH DR @ ACTIVA AVE,03-At intersection,01-Within intersection,01-Clear,01-Daylight,INTERSECTION,
5443,05-152097,20051117,WESTHEIGHTS DR @ DRIFTWOOD DR,02-Intersection related,02-Thru lane,03-Snow,"08-Dark, artificial",INTERSECTION,
5444,05-150421,20051117,STRANGE ST @ DOMINION ST,03-At intersection,01-Within intersection,03-Snow,07-Dark,INTERSECTION,
5445,05-151266,20051119,UNION ST @ BOND ST,02-Intersection related,02-Thru lane,01-Clear,01-Daylight,INTERSECTION,
5446,05-148547,20051116,DOON SOUTH DR @ WINDRUSH TRAIL,02-Intersection related,99-Other,02-Rain,"08-Dark, artificial",INTERSECTION,
5447,05-150446,20051118,VANIER DR @ SIEBERT AVE,02-Intersection related,02-Thru lane,03-Snow,"08-Dark, artificial",INTERSECTION,
5448,05-150197,20051117,OTTAWA ST N @ RIVER RD E,04-At/near private drive,02-Thru lane,01-Clear,01-Daylight,INTERSECTION,
5449,05-155423,20051128,OTTAWA ST N @ RIVER RD E,04-At/near private drive,03-Left turn lane,02-Rain,07-Dark,INTERSECTION,
5450,05-135141,20051019,RIDGEMERE CRT @ RIDGEMERE ST,01-Non intersection,02-Thru lane,01-Clear,01-Daylight,INTERSECTION,
5451,05-137812,20051024,KING ST W @ WELLINGTON ST N / WELLINGTON ST S,04-At/near private drive,02-Thru lane,02-Rain,"08-Dark, artificial",INTERSECTION,
5452,05-138431,20051026,ALPINE RD @ KINGSWOOD DR,03-At intersection,01-Within intersection,01-Clear,01-Daylight,INTERSECTION,
5453,05-156882,20051201,SPADINA RD E @ MILL ST,02-Intersection related,02-Thru lane,03-Snow,"08-Dark, artificial",INTERSECTION,
5454,05-151130,20051119,MARL MEADOW DR @ MARL MEADOW CRT,04-At/near private drive,02-Thru lane,01-Clear,01-Daylight,INTERSECTION,
5455,05-106886,20050825,FERGUS AVE @ WEBER ST E,04-At/near private drive,12-Off highway,01-Clear,01-Daylight,INTERSECTION,
5456,05-107467,20050826,RIVER RD E @ GIBSON DR,02-Intersection related,02-Thru lane,01-Clear,01-Daylight,INTERSECTION,
5457,05-053433,20050510,KING ST E @ PANDORA AVE N / PANDORA AVE S,03-At intersection,01-Within intersection,02-Rain,01-Daylight,INTERSECTION,
5458,05-107301,20050826,OLD CHICOPEE DR @ KENORA DR,01-Non intersection,11-Not on roadway - right side,01-Clear,07-Dark,INTERSECTION,
5459,05-105187,20050821,MANOR DR @ GRAND RIVER BLVD,04-At/near private drive,02-Thru lane,01-Clear,01-Daylight,INTERSECTION,
5460,05-150579,20051117,MCGARRY DR @ ELM RIDGE DR,01-Non intersection,02-Thru lane,04-Freezing Rain,"08-Dark, artificial",INTERSECTION,
5461,05-137087,20051022,GREENFIELD AVE @ FIFTH AVE,04-At/near private drive,02-Thru lane,01-Clear,01-Daylight,INTERSECTION,
5462,05-157173,20051202,OLD MILL RD @ DOON VALLEY DR,03-At intersection,01-Within intersection,01-Clear,01-Daylight,INTERSECTION,
5463,05-150357,20051117,STIRLING AVE S @ PLEASANT AVE,01-Non intersection,02-Thru lane,03-Snow,"08-Dark, artificial",INTERSECTION,
5464,05-156901,20051201,DIXON ST @ ROCKWAY DR,04-At/near private drive,02-Thru lane,01-Clear,01-Daylight,INTERSECTION,
5465,05-158683,20051205,KING ST E @ BETZNER AVE S / BETZNER AVE N,04-At/near private drive,02-Thru lane,01-Clear,01-Daylight,INTERSECTION,
5466,05-146675,20051112,CEDAR ST N @ KING ST E / CEDAR ST S,01-Non intersection,04-Right turn lane,01-Clear,01-Daylight,INTERSECTION,
5467,05-136887,20051022,CHANDLER DR @ WOODFERN CRT,03-At intersection,11-Not on roadway - right side,02-Rain,07-Dark,INTERSECTION,
5468,05-152171,20050101,UNION BLVD @ PARK ST,03-At intersection,01-Within intersection,02-Rain,07-Dark,INTERSECTION,
5469,05-150638,20051118,OLDFIELD DR @ BRIERDALE DR,04-At/near private drive,02-Thru lane,03-Snow,01-Daylight,INTERSECTION,
5470,05-153132,20051123,RIVER RD E @ LORRAINE AVE,03-At intersection,01-Within intersection,03-Snow,"04-Dawn, artificial",INTERSECTION,
5471,05-150288,20051117,QUEEN ST S @ JOSEPH ST,03-At intersection,01-Within intersection,03-Snow,07-Dark,INTERSECTION,
5472,05-013882,20050207,GLASGOW ST @ YORK ST,04-At/near private drive,02-Thru lane,01-Clear,01-Daylight,INTERSECTION,
5473,05-011840,20050201,STRANGE ST @ PARK ST,01-Non intersection,02-Thru lane,01-Clear,01-Daylight,INTERSECTION,
5474,05-114171,20050908,FRANKLIN ST N @ PROSPECT AVE,03-At intersection,01-Within intersection,01-Clear,01-Daylight,INTERSECTION,
5475,05-117561,20050914,OLD COUNTRY DR @ STRASBURG RD,03-At intersection,01-Within intersection,02-Rain,01-Daylight,INTERSECTION,
5476,05-016647,20050401,GUELPH ST @ ST LEGER ST,03-At intersection,02-Thru lane,04-Freezing Rain,01-Daylight,INTERSECTION,
5477,05-016695,20050214,ERINBROOK DR @ RITTENHOUSE RD,03-At intersection,01-Within intersection,04-Freezing Rain,01-Daylight,INTERSECTION,
5478,05-017644,20050216,DONNENWERTH DR @ ACTIVA AVE,03-At intersection,01-Within intersection,01-Clear,01-Daylight,INTERSECTION,