OBJECTID,ACCIDENTNUM,ACCIDENTDATE,LOCATION,ACCIDENT_LOCATION,IMPACT_LOCATION,ENVIRONMENT_CONDITION,LIGHT,COLLISION_TYPE,TRAFFICCOLLISIONSID
5479,05-167643,20051224,GLASGOW ST @ BELMONT AVE W,04-At/near private drive,02-Thru lane,01-Clear,"06-Dusk, artificial",INTERSECTION,
5480,05-152379,20051114,KING ST E @ QUEEN ST N,01-Non intersection,02-Thru lane,01-Clear,07-Dark,INTERSECTION,
5481,05-006768,20050119,HOMER WATSON BLVD @ STIRLING AVE S,01-Non intersection,01-Within intersection,03-Snow,01-Daylight,INTERSECTION,
5482,05-010691,20050129,WESTMEADOW DR @ WESTFOREST TRAIL,03-At intersection,01-Within intersection,01-Clear,01-Daylight,INTERSECTION,
5483,05-008338,20050123,DOON SOUTH DR @ WINDRUSH TRAIL,03-At intersection,02-Thru lane,01-Clear,01-Daylight,INTERSECTION,
5484,05-007926,20050122,MISTY ST @ MISTY CRES,02-Intersection related,01-Within intersection,03-Snow,01-Daylight,INTERSECTION,
5485,05-077417,20050627,GREENFIELD AVE @ TRAYNOR AVE,01-Non intersection,11-Not on roadway - right side,01-Clear,05-Dusk,INTERSECTION,
5486,05-078566,20050630,STAUFFER DR @ REIDEL DR,03-At intersection,12-Off highway,01-Clear,01-Daylight,INTERSECTION,
5487,05-012428,20050203,WESTMOUNT RD W @ WESTWOOD DR,01-Non intersection,02-Thru lane,01-Clear,01-Daylight,INTERSECTION,
5488,05-009511,20050126,WESTHEIGHTS DR @ BLACKWELL DR,04-At/near private drive,02-Thru lane,01-Clear,"08-Dark, artificial",INTERSECTION,
5489,05-009563,20050126,KENSINGTON AVE @ PERKELL PL,01-Non intersection,02-Thru lane,01-Clear,01-Daylight,INTERSECTION,
5490,05-016856,20050214,ROSS AVE @ WILFRED AVE,01-Non intersection,02-Thru lane,03-Snow,01-Daylight,INTERSECTION,
5491,05-020158,20050222,WATERLOO ST @ WELLINGTON ST N,03-At intersection,01-Within intersection,01-Clear,01-Daylight,INTERSECTION,
5492,05-020091,20050223,WELLINGTON ST N @ LANCASTER ST W,04-At/near private drive,12-Off highway,01-Clear,01-Daylight,INTERSECTION,
5493,05-001739,20050105,SAMUEL ST @ CHAPEL ST,03-At intersection,01-Within intersection,01-Clear,01-Daylight,INTERSECTION,
5494,05-004206,20050112,SHELLEY DR @ VANIER DR,03-At intersection,01-Within intersection,02-Rain,01-Daylight,INTERSECTION,
5495,05-010955,20050130,RIVER RD E @ HOLBORN DR,03-At intersection,01-Within intersection,01-Clear,01-Daylight,INTERSECTION,
5496,05-008770,20050124,LANCASTER ST E @ KRUG ST / CEDAR ST N,02-Intersection related,01-Within intersection,01-Clear,01-Daylight,INTERSECTION,
5497,05-059627,20050523,LORNE AVE @ GOTTSCHEER CRT,01-Non intersection,02-Thru lane,01-Clear,01-Daylight,INTERSECTION,
5498,05-060799,20050526,DUMFRIES AVE @ KRUG ST,03-At intersection,01-Within intersection,01-Clear,01-Daylight,INTERSECTION,
5499,05-061367,20050527,CONNAUGHT ST @ EIGHTH AVE,03-At intersection,01-Within intersection,01-Clear,01-Daylight,INTERSECTION,
5500,05-063193,20050531,BELMONT AVE W @ GAGE AVE,04-At/near private drive,07-Passing lane,01-Clear,01-Daylight,INTERSECTION,
5501,05-063738,20050601,WEST AVE @ BROCK ST,04-At/near private drive,02-Thru lane,01-Clear,01-Daylight,INTERSECTION,
5502,05-066951,20050607,DOMINION ST @ PARK ST,01-Non intersection,02-Thru lane,01-Clear,01-Daylight,INTERSECTION,
5503,05-016813,20050214,STOKE DR @ TRELAWNEY ST,01-Non intersection,02-Thru lane,04-Freezing Rain,01-Daylight,INTERSECTION,
5504,05-016858,20050214,THE COUNTRY WAY @ COLONY DR,01-Non intersection,10-Not on roadway - left side,02-Rain,01-Daylight,INTERSECTION,
5505,05-016733,20050214,MASSEY AVE @ VANIER DR,01-Non intersection,02-Thru lane,04-Freezing Rain,01-Daylight,INTERSECTION,
5506,05-032045,20050323,WILSON AVE @ FAIRWAY RD S,04-At/near private drive,02-Thru lane,03-Snow,01-Daylight,INTERSECTION,
5507,05-031230,20050321,SHIRLEY AVE @ BINGEMANS CENTRE DR,01-Non intersection,10-Not on roadway - left side,01-Clear,01-Daylight,INTERSECTION,
5508,05-101012,20050811,ST LEGER ST @ HERMIE PL,04-At/near private drive,02-Thru lane,01-Clear,01-Daylight,INTERSECTION,
5509,05-125513,20050929,WESTMOUNT RD W @ QUEENS BLVD / WESTMOUNT RD E,04-At/near private drive,02-Thru lane,01-Clear,01-Daylight,INTERSECTION,
5510,05-123514,20050926,CEDAR ST N @ KING ST E / CEDAR ST S,04-At/near private drive,02-Thru lane,02-Rain,01-Daylight,INTERSECTION,
5511,05-117374,20050914,HOMER WATSON BLVD @ OTTAWA ST S,01-Non intersection,02-Thru lane,01-Clear,03-Dawn,INTERSECTION,
5512,05-116864,20050913,KING ST E @ FAIRVIEW AVE,01-Non intersection,02-Thru lane,01-Clear,01-Daylight,INTERSECTION,
5513,05-047825,20050428,WILFRED AVE @ KENNETH AVE,03-At intersection,01-Within intersection,01-Clear,01-Daylight,INTERSECTION,
5514,05-045973,20050423,MAX BECKER DR @ BRIDLEWREATH ST,03-At intersection,01-Within intersection,02-Rain,01-Daylight,INTERSECTION,
5515,05-044875,20050420,ARDELT AVE @ HANSON AVE,03-At intersection,02-Thru lane,01-Clear,01-Daylight,INTERSECTION,
5516,05-034308,20050501,ROCHEFORT ST @ MADELEINE ST,99-Other,12-Off highway,01-Clear,01-Daylight,INTERSECTION,
5517,05-120447,20050920,KING ST E @ FREDERICK ST / BENTON ST,01-Non intersection,02-Thru lane,01-Clear,01-Daylight,INTERSECTION,
5518,05-147696,20051114,HIGHLAND RD E @ SPADINA RD E,04-At/near private drive,02-Thru lane,01-Clear,01-Daylight,INTERSECTION,
5519,05-143916,20051105,THALER AVE @ FAIRWAY RD N,01-Non intersection,02-Thru lane,01-Clear,"08-Dark, artificial",INTERSECTION,
5520,05-145440,20051108,WOODHAVEN RD @ WILSON AVE,02-Intersection related,02-Thru lane,01-Clear,07-Dark,INTERSECTION,
5521,05-147719,20051114,ABERDEEN RD @ CLAREMONT AVE,04-At/near private drive,02-Thru lane,01-Clear,01-Daylight,INTERSECTION,
5522,05-032187,20050324,CHANDLER DR @ STRASBURG RD,01-Non intersection,02-Thru lane,01-Clear,03-Dawn,INTERSECTION,
5523,05-069198,20050611,CHARLES ST W @ GAUKEL ST,01-Non intersection,02-Thru lane,01-Clear,01-Daylight,INTERSECTION,
5524,05-078298,20050629,WAVERLY RD @ STRANGE ST,03-At intersection,01-Within intersection,01-Clear,01-Daylight,INTERSECTION,
5525,05-142903,20051103,QUEEN ST N @ LANCASTER ST W / LANCASTER ST E,02-Intersection related,02-Thru lane,01-Clear,01-Daylight,INTERSECTION,
5526,05-003392,20050108,FIRST AVE @ KINGSWAY DR / SECOND AVE,02-Intersection related,02-Thru lane,03-Snow,01-Daylight,INTERSECTION,
5527,05-118614,20050916,WESTMEADOW DR @ BANKSIDE DR / WESTFOREST TRAIL,03-At intersection,01-Within intersection,02-Rain,01-Daylight,INTERSECTION,
5528,05-145356,20051109,UPPER CANADA DR @ DOON VILLAGE RD,01-Non intersection,02-Thru lane,02-Rain,01-Daylight,INTERSECTION,
5529,05-163587,20051215,LOUISA ST @ MOORE AVE,03-At intersection,01-Within intersection,03-Snow,"08-Dark, artificial",INTERSECTION,
5530,05-168568,20051228,HAZELGLEN DR @ CHOPIN DR,,,,,INTERSECTION,
5531,05-169657,20051231,DOON SOUTH DR @ DOON VILLAGE RD,03-At intersection,01-Within intersection,03-Snow,01-Daylight,INTERSECTION,
5532,05-164624,20051219,TRILLIUM DR @ STRASBURG RD,02-Intersection related,02-Thru lane,03-Snow,07-Dark,INTERSECTION,
5533,05-127245,20051003,UNION BLVD @ PARK ST,03-At intersection,01-Within intersection,01-Clear,01-Daylight,INTERSECTION,
5534,05-127857,20051004,BLOCK LINE RD @ STRASBURG RD,03-At intersection,01-Within intersection,01-Clear,01-Daylight,INTERSECTION,
5535,05-142238,20051103,HOMER WATSON BLVD @ STIRLING AVE S,03-At intersection,03-Left turn lane,01-Clear,01-Daylight,INTERSECTION,
5536,05-169696,20051231,LAURENTIAN DR @ BLOCK LINE RD,03-At intersection,01-Within intersection,03-Snow,01-Daylight,INTERSECTION,
5537,05-097950,20050807,KING ST W @ ONTARIO ST S / ONTARIO ST N,01-Non intersection,02-Thru lane,01-Clear,01-Daylight,INTERSECTION,
5538,05-098996,20050809,KINZIE AVE @ THALER AVE,03-At intersection,01-Within intersection,01-Clear,01-Daylight,INTERSECTION,
5539,05-045095,20050421,QUEEN ST S @ BROCK ST,01-Non intersection,11-Not on roadway - right side,01-Clear,01-Daylight,INTERSECTION,
5540,05-041453,20050414,ONTARIO ST S @ CHARLES ST W,04-At/near private drive,02-Thru lane,01-Clear,01-Daylight,INTERSECTION,
5541,05-095475,20050802,PARK ST @ CHERRY ST,01-Non intersection,02-Thru lane,01-Clear,01-Daylight,INTERSECTION,
5542,05-123635,20050926,BLOCK LINE RD @ HOMER WATSON BLVD,01-Non intersection,02-Thru lane,01-Clear,01-Daylight,INTERSECTION,
5543,05-111323,20050902,HIGHLAND RD E @ RUBY ST,02-Intersection related,02-Thru lane,01-Clear,01-Daylight,INTERSECTION,
5544,05-113260,20050906,VICTORIA ST N @ FREDERICK ST,04-At/near private drive,02-Thru lane,01-Clear,01-Daylight,INTERSECTION,
5545,05-035520,20050401,DOON VALLEY DR @ PINNACLE DR,03-At intersection,01-Within intersection,01-Clear,01-Daylight,INTERSECTION,
5546,05-117479,20050914,KING ST W @ FRANCIS ST S / FRANCIS ST N,01-Non intersection,02-Thru lane,01-Clear,01-Daylight,INTERSECTION,
5547,05-126275,20051001,MELROSE AVE @ KRUG ST,03-At intersection,01-Within intersection,01-Clear,01-Daylight,INTERSECTION,
5548,05-074125,20050621,KING ST E @ FREDERICK ST / BENTON ST,01-Non intersection,02-Thru lane,01-Clear,01-Daylight,INTERSECTION,
5549,05-127802,20051004,CONFEDERATION DR @ TUPPER CRES,01-Non intersection,10-Not on roadway - left side,01-Clear,01-Daylight,INTERSECTION,
5550,05-043816,20050418,DAIMLER DR @ OLD CHICOPEE DR,03-At intersection,02-Thru lane,01-Clear,"08-Dark, artificial",INTERSECTION,
5551,05-113833,20050907,MANITOU DR @ WEBSTER RD,04-At/near private drive,02-Thru lane,01-Clear,01-Daylight,INTERSECTION,
5552,05-144909,20051108,ACTIVA AVE @ PERIWINKLE ST,04-At/near private drive,02-Thru lane,01-Clear,01-Daylight,INTERSECTION,
5553,05-142805,20051103,GLASGOW ST @ BELMONT AVE W,01-Non intersection,02-Thru lane,01-Clear,01-Daylight,INTERSECTION,
5554,05-142726,20051104,BRIARMEADOW DR @ TISDALE CRT,04-At/near private drive,02-Thru lane,02-Rain,01-Daylight,INTERSECTION,
5555,05-137805,20051025,STIRLING AVE S @ HIGHLAND RD E,01-Non intersection,02-Thru lane,01-Clear,01-Daylight,INTERSECTION,
5556,05-132511,20051014,DUKE ST E @ FREDERICK ST,04-At/near private drive,11-Not on roadway - right side,01-Clear,01-Daylight,INTERSECTION,
5557,05-132186,20051013,MORGAN AVE @ SOUTHILL DR,02-Intersection related,02-Thru lane,01-Clear,01-Daylight,INTERSECTION,
5558,05-131416,20051011,FIRST AVE @ ECKERT ST,06-Underpass or tunnel,10-Not on roadway - left side,02-Rain,"08-Dark, artificial",INTERSECTION,
5559,05-147586,20051114,FRANKLIN ST S @ KINGSWAY DR,02-Intersection related,02-Thru lane,01-Clear,01-Daylight,INTERSECTION,
5560,05-143451,20051105,WILSON AVE @ KINGSWAY DR,03-At intersection,02-Thru lane,02-Rain,"06-Dusk, artificial",INTERSECTION,
5561,05-142811,20051104,OTONABEE DR @ BLEAMS RD,01-Non intersection,09-Right shoulder,01-Clear,01-Daylight,INTERSECTION,
5562,05-148739,20051116,STIRLING AVE S @ KING ST E / STIRLING AVE N,03-At intersection,02-Thru lane,01-Clear,01-Daylight,INTERSECTION,
5563,05-159741,20051208,MARGARET AVE @ FAIRFIELD AVE,01-Non intersection,02-Thru lane,01-Clear,01-Daylight,INTERSECTION,
5564,05-166438,20051223,BORDEN AVE N @ KING ST E / BORDEN AVE S,02-Intersection related,04-Right turn lane,02-Rain,01-Daylight,INTERSECTION,
5565,05-142749,20051101,QUEENS BLVD @ BELMONT AVE W / BELMONT AVE E,02-Intersection related,02-Thru lane,02-Rain,05-Dusk,INTERSECTION,
5566,05-142056,20051029,PAULANDER DR @ LAWRENCE AVE,03-At intersection,01-Within intersection,01-Clear,01-Daylight,INTERSECTION,
5567,05-137591,20051024,COUNTRY HILL DR @ CHERRY HILL DR,02-Intersection related,01-Within intersection,01-Clear,01-Daylight,INTERSECTION,
5568,05-169245,20051223,ARDELT AVE @ HANSON AVE,03-At intersection,01-Within intersection,02-Rain,01-Daylight,INTERSECTION,
5569,05-095904,20050803,RIVER RD E @ KENORA DR,03-At intersection,01-Within intersection,01-Clear,01-Daylight,INTERSECTION,
5570,05-085749,20050714,WILSON AVE @ KINGSWAY DR,02-Intersection related,03-Left turn lane,02-Rain,01-Daylight,INTERSECTION,
5571,05-075325,20050623,BORDEN AVE N @ KING ST E / BORDEN AVE S,02-Intersection related,02-Thru lane,01-Clear,01-Daylight,INTERSECTION,
5572,05-071116,20050614,FRANKLIN ST N @ WEBER ST E,04-At/near private drive,03-Left turn lane,01-Clear,01-Daylight,INTERSECTION,
5573,05-086340,20050715,TALBOT ST @ BELMONT AVE W,01-Non intersection,02-Thru lane,01-Clear,01-Daylight,INTERSECTION,
5574,05-045331,20050409,HIGHLAND RD E @ RUBY ST,03-At intersection,01-Within intersection,01-Clear,01-Daylight,INTERSECTION,
5575,05-040408,20050411,OTTAWA ST N @ RIVER RD E,04-At/near private drive,02-Thru lane,01-Clear,01-Daylight,INTERSECTION,
5576,05-062850,20050530,RIVER RD E @ FREDERICK ST,02-Intersection related,02-Thru lane,01-Clear,01-Daylight,INTERSECTION,
5577,05-088315,20050718,CLAREMONT AVE @ EARL ST,03-At intersection,01-Within intersection,01-Clear,01-Daylight,INTERSECTION,
5578,05-087340,20050717,RIVER RD E @ ISLINGTON AVE,01-Non intersection,02-Thru lane,02-Rain,"08-Dark, artificial",INTERSECTION,
5579,05-082521,20050707,FOXGLOVE CRES @ EVERGLADE CRES,01-Non intersection,02-Thru lane,01-Clear,01-Daylight,INTERSECTION,
5580,05-065487,20050604,QUEENS BLVD @ BELMONT AVE W / BELMONT AVE E,04-At/near private drive,02-Thru lane,01-Clear,01-Daylight,INTERSECTION,
5581,05-128463,20051005,BRUNSWICK AVE @ GUELPH ST,03-At intersection,01-Within intersection,01-Clear,01-Daylight,INTERSECTION,
5582,05-066495,20050606,WILSON AVE @ WEBSTER RD,03-At intersection,02-Thru lane,01-Clear,01-Daylight,INTERSECTION,
5583,05-111829,20050903,QUEENS BLVD @ WARREN RD,03-At intersection,04-Right turn lane,01-Clear,01-Daylight,INTERSECTION,
5584,05-141722,20051102,GREEN VALLEY DR @ ARROWHEAD CRES,01-Non intersection,02-Thru lane,01-Clear,01-Daylight,INTERSECTION,
5585,05-138107,20051025,COUNTRY HILL DR @ OLD COUNTRY DR,04-At/near private drive,02-Thru lane,01-Clear,,INTERSECTION,
5586,05-129391,20051007,DUMFRIES AVE @ KRUG ST,03-At intersection,01-Within intersection,01-Clear,01-Daylight,INTERSECTION,
5587,05-129847,20051007,QUEENS BLVD @ HIGHLAND RD W / HIGHLAND RD E / QUEEN ST S,04-At/near private drive,02-Thru lane,02-Rain,"08-Dark, artificial",INTERSECTION,
5588,05-100961,20050813,FRANKLIN ST N @ WEBER ST E,04-At/near private drive,02-Thru lane,01-Clear,01-Daylight,INTERSECTION,
5589,05-133297,20051015,HIGHLAND RD W @ WESTHEIGHTS DR / WESTFOREST TRAIL,01-Non intersection,02-Thru lane,01-Clear,01-Daylight,INTERSECTION,
5590,05-127304,20051003,WEBER ST W @ LOUISA ST,01-Non intersection,02-Thru lane,01-Clear,01-Daylight,INTERSECTION,
5591,05-095257,20050802,KING ST W @ YOUNG ST,03-At intersection,01-Within intersection,01-Clear,01-Daylight,INTERSECTION,
5592,05-092362,20050727,ELM RIDGE DR @ HILLBROOK CRES,04-At/near private drive,02-Thru lane,01-Clear,01-Daylight,INTERSECTION,
5593,05-163238,20051215,VANIER DR @ SIEBERT AVE,02-Intersection related,09-Right shoulder,03-Snow,07-Dark,INTERSECTION,
5594,05-168934,20051229,KING ST E @ DANE ST,03-At intersection,03-Left turn lane,02-Rain,01-Daylight,INTERSECTION,
5595,05-164377,20051218,GREENBROOK DR @ LAKESIDE DR,03-At intersection,01-Within intersection,01-Clear,01-Daylight,INTERSECTION,
5596,05-136880,20051022,BELMONT AVE W @ KARN ST,03-At intersection,02-Thru lane,02-Rain,,INTERSECTION,
5597,05-136685,20051022,HAZELGLEN DR @ MOOREGATE CRES,02-Intersection related,02-Thru lane,01-Clear,01-Daylight,INTERSECTION,
5598,05-148347,20051115,UNION BLVD @ ESSON ST,02-Intersection related,02-Thru lane,02-Rain,05-Dusk,INTERSECTION,
5599,05-159758,20051206,AHRENS ST W @ BREITHAUPT ST,01-Non intersection,02-Thru lane,01-Clear,07-Dark,INTERSECTION,
5600,05-164904,20051219,OTTAWA ST N @ RIVER RD E,01-Non intersection,02-Thru lane,01-Clear,01-Daylight,INTERSECTION,
5601,06-014208,20050203,HIGHLAND RD W @ GLASGOW ST,01-Non intersection,11-Not on roadway - right side,01-Clear,"08-Dark, artificial",INTERSECTION,
5602,05-147915,20051114,SPRINGMOUNT DR @ SPRINGMOUNT PL,01-Non intersection,11-Not on roadway - right side,01-Clear,"08-Dark, artificial",INTERSECTION,
5603,05-139940,20051029,STIRLING AVE S @ PLEASANT AVE,01-Non intersection,02-Thru lane,01-Clear,01-Daylight,INTERSECTION,
5604,05-157471,20051202,BRIDLEWREATH ST @ DONNENWERTH DR,03-At intersection,11-Not on roadway - right side,03-Snow,07-Dark,INTERSECTION,
5605,05-168332,20051228,STOKE DR @ WEXFORD CRES,01-Non intersection,11-Not on roadway - right side,02-Rain,"04-Dawn, artificial",INTERSECTION,
5606,05-036563,20050403,CENTREVILLE ST @ JANSEN AVE,03-At intersection,01-Within intersection,03-Snow,01-Daylight,INTERSECTION,
5607,05-030083,20050318,SHANLEY ST @ WATERLOO ST,01-Non intersection,02-Thru lane,01-Clear,"08-Dark, artificial",INTERSECTION,
5608,05-031374,20050222,GLASGOW ST @ DUNBAR RD,01-Non intersection,02-Thru lane,01-Clear,01-Daylight,INTERSECTION,
5609,05-169254,20051209,SPADINA RD E @ QUEENS BLVD / SPADINA RD W,02-Intersection related,02-Thru lane,03-Snow,01-Daylight,INTERSECTION,
5610,05-169767,20051231,VANIER DR @ SIEBERT AVE,03-At intersection,01-Within intersection,03-Snow,01-Daylight,INTERSECTION,
5611,05-167513,20051225,PEACH BLOSSOM CRES @ DAVID BERGEY DR,03-At intersection,02-Thru lane,03-Snow,"08-Dark, artificial",INTERSECTION,
5612,05-042501,20050416,WELLINGTON ST N @ MOORE AVE,03-At intersection,01-Within intersection,02-Rain,01-Daylight,INTERSECTION,
5613,05-084346,20050711,WILSON AVE @ FAIRWAY RD S,01-Non intersection,02-Thru lane,01-Clear,01-Daylight,INTERSECTION,
5614,05-022214,20050228,WILSON AVE @ WEBSTER RD,01-Non intersection,02-Thru lane,03-Snow,01-Daylight,INTERSECTION,
5615,05-089189,20050721,WEBER ST E @ KINZIE AVE,04-At/near private drive,02-Thru lane,01-Clear,01-Daylight,INTERSECTION,
5616,05-084762,20050712,MILL ST @ OTTAWA ST S,01-Non intersection,02-Thru lane,01-Clear,01-Daylight,INTERSECTION,
5617,05-080790,20050704,RIVER RD E @ FREDERICK ST,03-At intersection,01-Within intersection,01-Clear,01-Daylight,INTERSECTION,
5618,05-038538,20050408,FRANKLIN ST S @ KINGSWAY DR,03-At intersection,01-Within intersection,01-Clear,01-Daylight,INTERSECTION,
5619,05-044170,20050419,UNION BLVD @ ESSON ST,04-At/near private drive,11-Not on roadway - right side,01-Clear,,INTERSECTION,
5620,05-041985,20050415,BELMONT AVE W @ ADELAIDE ST,02-Intersection related,02-Thru lane,01-Clear,01-Daylight,INTERSECTION,
5621,05-027169,20050312,MEINZINGER AVE @ BORDEN PKY,02-Intersection related,11-Not on roadway - right side,01-Clear,01-Daylight,INTERSECTION,
5622,05-032567,20050325,BLUCHER ST @ AHRENS ST W,04-At/near private drive,02-Thru lane,01-Clear,,INTERSECTION,
5623,05-085808,20050714,RITTENHOUSE RD @ BLOCK LINE RD,02-Intersection related,04-Right turn lane,02-Rain,01-Daylight,INTERSECTION,
5624,05-069371,20050611,ACTIVA AVE @ MAX BECKER DR,01-Non intersection,02-Thru lane,01-Clear,"08-Dark, artificial",INTERSECTION,
5625,05-064885,20050602,DAWN RIDGE CRT @ DAWN RIDGE DR,04-At/near private drive,02-Thru lane,01-Clear,01-Daylight,INTERSECTION,
5626,05-099912,20050811,OTTAWA ST N @ RIVER RD E,01-Non intersection,02-Thru lane,01-Clear,01-Daylight,INTERSECTION,
5627,05-134104,20051016,VANIER DR @ SIEBERT AVE,04-At/near private drive,02-Thru lane,01-Clear,"06-Dusk, artificial",INTERSECTION,
5628,05-092261,20050727,STIRLING AVE S @ HIGHLAND RD E,02-Intersection related,02-Thru lane,01-Clear,01-Daylight,INTERSECTION,
5629,05-099982,20050811,GLASGOW ST @ PARK ST,03-At intersection,09-Right shoulder,01-Clear,01-Daylight,INTERSECTION,
5630,05-062722,20050530,QUEEN ST S @ JOSEPH ST,03-At intersection,01-Within intersection,01-Clear,01-Daylight,INTERSECTION,
5631,05-066799,20050606,ACTIVA AVE @ SNOWDROP CRES,01-Non intersection,11-Not on roadway - right side,01-Clear,,INTERSECTION,
5632,05-080091,20050703,KING ST E @ QUEEN ST N,03-At intersection,02-Thru lane,01-Clear,"06-Dusk, artificial",INTERSECTION,
5633,05-036624,20050403,KINGSWAY DR @ GREENFIELD AVE,02-Intersection related,02-Thru lane,01-Clear,01-Daylight,INTERSECTION,
5634,05-145254,20051106,CARWOOD AVE @ COURTLAND AVE E,04-At/near private drive,02-Thru lane,01-Clear,"08-Dark, artificial",INTERSECTION,
5635,05-131812,20051012,STRASBURG RD @ MCINTYRE DR,03-At intersection,02-Thru lane,"07-Fog, mist, smoke, dust",01-Daylight,INTERSECTION,
5636,05-127169,20051003,PARK ST @ GREEN ST,03-At intersection,01-Within intersection,01-Clear,01-Daylight,INTERSECTION,
5637,05-128234,20051005,COURTLAND AVE E @ MILL ST,01-Non intersection,02-Thru lane,01-Clear,01-Daylight,INTERSECTION,
5638,05-145180,20051109,WESTFOREST TRAIL @ HIDDEN CREEK DR,01-Non intersection,11-Not on roadway - right side,01-Clear,"08-Dark, artificial",INTERSECTION,
5639,05-109792,20050827,JUBILEE DR @ DAVID ST / COURTLAND AVE W,02-Intersection related,02-Thru lane,01-Clear,"08-Dark, artificial",INTERSECTION,
5640,05-086430,20050715,CHICOPEE PARK CRT @ GRULKE ST / FAIRWAY RD N,01-Non intersection,02-Thru lane,01-Clear,01-Daylight,INTERSECTION,
5641,05-166826,20051223,WEBER ST W @ GUELPH ST,01-Non intersection,02-Thru lane,01-Clear,"08-Dark, artificial",INTERSECTION,
5642,05-163626,20051216,ACTIVA AVE @ BERRY MOSS ST,03-At intersection,01-Within intersection,01-Clear,05-Dusk,INTERSECTION,
5643,05-161694,20051217,GLASGOW ST @ BELMONT AVE W,05-At railway crossing,01-Within intersection,01-Clear,01-Daylight,INTERSECTION,
5644,05-140447,20051030,MADISON AVE N @ KING ST E / MADISON AVE S,03-At intersection,01-Within intersection,01-Clear,01-Daylight,INTERSECTION,
5645,05-147660,20051111,HEIMAN ST @ HIGHLAND RD E,02-Intersection related,01-Within intersection,01-Clear,01-Daylight,INTERSECTION,
5646,05-128412,20051005,HOMER WATSON BLVD @ OTTAWA ST S,01-Non intersection,02-Thru lane,01-Clear,01-Daylight,INTERSECTION,
5647,06-000255,20051231,MCGARRY DR @ FORESTWOOD DR,01-Non intersection,02-Thru lane,03-Snow,"08-Dark, artificial",INTERSECTION,
5648,05-165340,20051220,WESTFOREST TRAIL @ HIDDEN CREEK DR,02-Intersection related,02-Thru lane,03-Snow,"08-Dark, artificial",INTERSECTION,
5649,05-168614,20051228,DOON VILLAGE RD @ BECHTEL DR,03-At intersection,01-Within intersection,02-Rain,"08-Dark, artificial",INTERSECTION,
5650,05-166681,20051223,BORDEN AVE N @ KING ST E / BORDEN AVE S,02-Intersection related,01-Within intersection,02-Rain,"08-Dark, artificial",INTERSECTION,
5651,05-123542,20050926,SEREDA RD @ SPRING VALLEY RD / GUELPH ST,03-At intersection,01-Within intersection,02-Rain,01-Daylight,INTERSECTION,
5652,05-136828,20051022,STOKE DR @ VICTORIA ST S / OPRINGTON DR,01-Non intersection,08-Left shoulder,02-Rain,01-Daylight,INTERSECTION,
5653,05-165268,20051220,WILLIAMSBURG RD @ WILKINS DR,01-Non intersection,02-Thru lane,01-Clear,"06-Dusk, artificial",INTERSECTION,
5654,05-023623,20050303,EBY ST S @ EBY ST N / KING ST E,01-Non intersection,02-Thru lane,01-Clear,"08-Dark, artificial",INTERSECTION,
5655,05-093393,20050715,BELMONT AVE W @ VICTORIA ST S,01-Non intersection,02-Thru lane,01-Clear,01-Daylight,INTERSECTION,
5656,05-099893,20050811,VERONICA DR @ OLD CHICOPEE DR,02-Intersection related,02-Thru lane,01-Clear,01-Daylight,INTERSECTION,
5657,05-100944,20050813,DUKE ST W @ WELLINGTON ST N,02-Intersection related,02-Thru lane,01-Clear,01-Daylight,INTERSECTION,
5658,05-040781,20050412,WELLINGTON ST N @ ST LEGER ST,03-At intersection,01-Within intersection,01-Clear,01-Daylight,INTERSECTION,
5659,13-198387,20130826,WELLINGTON ST N @ SHIRLEY AVE / RIVERBEND DR,03-At intersection,02-Thru lane,02-Rain,,INTERSECTION,
5660,13-199852,20130827,JUBILEE DR @ DAVID ST / COURTLAND AVE W,02-Intersection related,02-Thru lane,02-Rain,07-Dark,INTERSECTION,
5661,13-204115,20130902,HURON RD @ NEWCASTLE DR / PARKVALE DR,03-At intersection,02-Thru lane,01-Clear,01-Daylight,INTERSECTION,
5662,13-204843,20130903,SHANLEY ST @ WATERLOO ST,03-At intersection,01-Within intersection,01-Clear,01-Daylight,INTERSECTION,
5663,13-206091,20130904,GLEN RD @ PLEASANT AVE,03-At intersection,01-Within intersection,01-Clear,01-Daylight,INTERSECTION,
5664,13-136068,20130615,SIENNA CRES @ ROCHEFORT ST / WOODBINE AVE,02-Intersection related,02-Thru lane,01-Clear,01-Daylight,INTERSECTION,
5665,13-145386,20130625,WELLINGTON ST N @ MARGARET AVE,03-At intersection,01-Within intersection,02-Rain,01-Daylight,INTERSECTION,
5666,13-148137,20130628,KING ST W @ ONTARIO ST S / ONTARIO ST N,02-Intersection related,11-Not on roadway - right side,01-Clear,01-Daylight,INTERSECTION,