OBJECTID,ACCIDENTNUM,ACCIDENTDATE,LOCATION,ACCIDENT_LOCATION,IMPACT_LOCATION,ENVIRONMENT_CONDITION,LIGHT,COLLISION_TYPE,TRAFFICCOLLISIONSID
6039,14-263329,20141118,CHARLES ST E @ PRESTON ST,03-At intersection,01-Within intersection,03-Snow,01-Daylight,INTERSECTION,
6040,14-195468,20140829,KING ST E @ QUEEN ST N,02-Intersection related,02-Thru lane,01-Clear,01-Daylight,INTERSECTION,
6041,14-195478,20140829,KING ST E @ QUEEN ST N,03-At intersection,02-Thru lane,01-Clear,01-Daylight,INTERSECTION,
6042,14-262719,20141117,WESTMOUNT RD W @ QUEENS BLVD / WESTMOUNT RD E,02-Intersection related,10-Not on roadway - left side,01-Clear,07-Dark,INTERSECTION,
6043,14-259983,20141117,CHANDLER DR @ STRASBURG RD,03-At intersection,01-Within intersection,03-Snow,01-Daylight,INTERSECTION,
6044,14-254725,20141107,SPADINA RD E @ WENTWORTH AVE,03-At intersection,01-Within intersection,01-Clear,01-Daylight,INTERSECTION,
6045,14-260476,20141114,GATEWAY PARK DR @ TU LANE ST,02-Intersection related,02-Thru lane,01-Clear,05-Dusk,INTERSECTION,
6046,14-262725,20141117,KINGSWAY DR @ ST JEROME AVE,02-Intersection related,02-Thru lane,03-Snow,07-Dark,INTERSECTION,
6047,14-260140,20141114,MARL MEADOW DR @ MARL MEADOW CRES,02-Intersection related,02-Thru lane,03-Snow,01-Daylight,INTERSECTION,
6048,14-257202,20141110,WELLINGTON ST N @ MARGARET AVE,03-At intersection,01-Within intersection,01-Clear,05-Dusk,INTERSECTION,
6049,14-260397,20141114,CEDAR ST S @ ST GEORGE ST,02-Intersection related,02-Thru lane,03-Snow,01-Daylight,INTERSECTION,
6050,14-257187,20141110,WELLINGTON ST N @ MARGARET AVE,02-Intersection related,01-Within intersection,01-Clear,05-Dusk,INTERSECTION,
6051,14-262823,20141117,WABANAKI DR @ WILSON AVE,02-Intersection related,04-Right turn lane,99-Other,07-Dark,INTERSECTION,
6052,14-260014,20141114,WAVERLY RD @ GAGE AVE,03-At intersection,09-Right shoulder,03-Snow,01-Daylight,INTERSECTION,
6053,14-185242,20140816,HIGHLAND RD E @ SPADINA RD E,03-At intersection,02-Thru lane,02-Rain,01-Daylight,INTERSECTION,
6054,14-259969,20141114,DOON VILLAGE RD @ MILLWOOD CRES,02-Intersection related,11-Not on roadway - right side,03-Snow,01-Daylight,INTERSECTION,
6055,14-243636,20141024,TUDOR ST @ NEWCASTLE DR,02-Intersection related,02-Thru lane,01-Clear,01-Daylight,INTERSECTION,
6056,14-260380,20141114,PROSPECT AVE @ WILFRED AVE,02-Intersection related,02-Thru lane,01-Clear,07-Dark,INTERSECTION,
6057,14-260058,20141114,STIRLING AVE S @ PLEASANT AVE,03-At intersection,09-Right shoulder,03-Snow,01-Daylight,INTERSECTION,
6058,14-260350,20141114,WELLINGTON ST N @ MOORE AVE,02-Intersection related,02-Thru lane,01-Clear,01-Daylight,INTERSECTION,
6059,14-259988,20141114,STOKE DR @ TRELAWNEY ST,03-At intersection,01-Within intersection,03-Snow,01-Daylight,INTERSECTION,
6060,14-260163,20141114,HERITAGE DR @ KEEWATIN AVE,03-At intersection,01-Within intersection,03-Snow,01-Daylight,INTERSECTION,
6061,14-260232,20141114,WAVERLY RD @ STRANGE ST,02-Intersection related,02-Thru lane,03-Snow,01-Daylight,INTERSECTION,
6062,14-253796,20141106,TRILLIUM DR @ STRASBURG RD,03-At intersection,01-Within intersection,01-Clear,01-Daylight,INTERSECTION,
6063,14-204971,20140908,KING ST E @ QUEEN ST N,03-At intersection,01-Within intersection,01-Clear,01-Daylight,INTERSECTION,
6064,14-260091,20141114,CONNAUGHT ST @ NINTH AVE,03-At intersection,02-Thru lane,03-Snow,01-Daylight,INTERSECTION,
6065,15-114621,20150530,WILSON AVE @ TRAYNOR AVE,02-Intersection related,02-Thru lane,02-Rain,"08-Dark, artificial",INTERSECTION,
6066,15-153190,20150719,WOODHAVEN RD @ WILSON AVE,02-Intersection related,02-Thru lane,01-Clear,01-Daylight,INTERSECTION,
6067,15-128313,20150617,HOLBORN DR @ OLD CHICOPEE DR,03-At intersection,01-Within intersection,01-Clear,01-Daylight,INTERSECTION,
6068,15-140051,20150702,BLOCK LINE RD @ STRASBURG RD,02-Intersection related,03-Left turn lane,01-Clear,01-Daylight,INTERSECTION,
6069,15-055577,20150316,CHARLES ST E @ SYDNEY ST S,03-At intersection,02-Thru lane,01-Clear,01-Daylight,INTERSECTION,
6070,14-266322,20141122,MCGARRY DR @ ELM RIDGE DR,03-At intersection,01-Within intersection,02-Rain,01-Daylight,INTERSECTION,
6071,15-058077,20150319,MADISON AVE N @ KING ST E / MADISON AVE S,02-Intersection related,02-Thru lane,01-Clear,01-Daylight,INTERSECTION,
6072,15-053364,20150313,MADISON AVE N @ KING ST E / MADISON AVE S,03-At intersection,01-Within intersection,01-Clear,01-Daylight,INTERSECTION,
6073,15-039192,20150221,WEBER ST W @ HEIT LANE,02-Intersection related,02-Thru lane,03-Snow,01-Daylight,INTERSECTION,
6074,15-071283,20150506,HAMEL AVE @ LANCASTER ST W,02-Intersection related,02-Thru lane,01-Clear,01-Daylight,INTERSECTION,
6075,15-132272,20150622,GUELPH ST @ MAPLE AVE,03-At intersection,01-Within intersection,01-Clear,01-Daylight,INTERSECTION,
6076,15-133665,20150624,STIRLING AVE S @ MILL ST,03-At intersection,01-Within intersection,01-Clear,01-Daylight,INTERSECTION,
6077,15-168913,20150809,MAUSSER AVE @ STIRLING AVE S,03-At intersection,01-Within intersection,01-Clear,01-Daylight,INTERSECTION,
6078,15-080081,20150417,LANCASTER ST E @ KRUG ST / CEDAR ST N,02-Intersection related,02-Thru lane,01-Clear,01-Daylight,INTERSECTION,
6079,15-042622,20150227,SHERWOOD AVE @ KRUG ST,03-At intersection,01-Within intersection,01-Clear,01-Daylight,INTERSECTION,
6080,15-166792,20150721,BECKER ST @ KRUG ST,03-At intersection,01-Within intersection,01-Clear,01-Daylight,INTERSECTION,
6081,15-157243,20150724,FRANKLIN ST S @ KINGSWAY DR,02-Intersection related,11-Not on roadway - right side,01-Clear,01-Daylight,INTERSECTION,
6082,15-030209,20150210,KINZIE AVE @ THALER AVE,03-At intersection,01-Within intersection,01-Clear,01-Daylight,INTERSECTION,
6083,15-149435,20150714,FIRST AVE @ ECKERT ST,03-At intersection,01-Within intersection,01-Clear,01-Daylight,INTERSECTION,
6084,15-160912,20150729,STIRLING AVE N @ EAST AVE,03-At intersection,01-Within intersection,01-Clear,01-Daylight,INTERSECTION,
6085,15-165324,20150724,HEIT LANE @ DUKE ST W,02-Intersection related,02-Thru lane,01-Clear,01-Daylight,INTERSECTION,
6086,15-059802,20150321,OTTAWA ST N @ RIVER RD E,02-Intersection related,02-Thru lane,01-Clear,"08-Dark, artificial",INTERSECTION,
6087,15-165930,20150805,QUEENS BLVD @ BELMONT AVE W / BELMONT AVE E,03-At intersection,01-Within intersection,01-Clear,01-Daylight,INTERSECTION,
6088,15-070536,20150404,KING ST E @ SCOTT ST,02-Intersection related,02-Thru lane,01-Clear,01-Daylight,INTERSECTION,
6089,15-033038,20150213,KING ST E @ SCOTT ST,02-Intersection related,01-Within intersection,01-Clear,01-Daylight,INTERSECTION,
6090,14-270270,20141127,QUEEN ST N @ ROY ST,02-Intersection related,02-Thru lane,03-Snow,"08-Dark, artificial",INTERSECTION,
6091,15-026414,20150204,PATRICIA AVE @ HIGHLAND RD W,02-Intersection related,02-Thru lane,01-Clear,01-Daylight,INTERSECTION,
6092,15-068190,20150402,OTTAWA ST N @ KING ST E / OTTAWA ST S,02-Intersection related,02-Thru lane,01-Clear,01-Daylight,INTERSECTION,
6093,15-074182,20150410,EBY ST S @ EBY ST N / KING ST E,03-At intersection,01-Within intersection,06-Strong wind,01-Daylight,INTERSECTION,
6094,15-122614,20150608,KARN ST @ BRYBECK CRES,03-At intersection,01-Within intersection,02-Rain,01-Daylight,INTERSECTION,
6095,15-149856,20150715,CONNAUGHT ST @ FIFTH AVE,03-At intersection,01-Within intersection,01-Clear,07-Dark,INTERSECTION,
6096,15-070938,20150406,KING ST W @ COLLEGE ST,03-At intersection,01-Within intersection,01-Clear,01-Daylight,INTERSECTION,
6097,15-026550,20150204,GLASGOW ST @ PARK ST,02-Intersection related,02-Thru lane,03-Snow,"08-Dark, artificial",INTERSECTION,
6098,14-004861,20140105,WILSON AVE @ KINGSWAY DR,03-At intersection,01-Within intersection,03-Snow,01-Daylight,INTERSECTION,
6099,14-003123,20140105,MAX BECKER DR @ COMMONWEALTH ST,02-Intersection related,02-Thru lane,03-Snow,01-Daylight,INTERSECTION,
6100,13-295746,20131224,WILSON AVE @ FAIRWAY RD S,02-Intersection related,02-Thru lane,01-Clear,01-Daylight,INTERSECTION,
6101,14-015946,20140121,KRUG ST @ ETON DR,03-At intersection,02-Thru lane,01-Clear,01-Daylight,INTERSECTION,
6102,14-015155,20140120,KING ST E @ FAIRVIEW AVE,02-Intersection related,02-Thru lane,01-Clear,01-Daylight,INTERSECTION,
6103,14-027007,20140202,CONESTOGA COLLEGE BLVD @ HOMER WATSON BLVD,02-Intersection related,02-Thru lane,01-Clear,01-Daylight,INTERSECTION,
6104,14-011630,20140116,WABANAKI DR @ WILSON AVE,03-At intersection,01-Within intersection,03-Snow,"08-Dark, artificial",INTERSECTION,
6105,13-294728,20131223,BELMONT AVE W @ KARN ST,03-At intersection,01-Within intersection,03-Snow,07-Dark,INTERSECTION,
6106,14-010078,20140114,TRAYNOR AVE @ VANIER DR,02-Intersection related,02-Thru lane,01-Clear,01-Daylight,INTERSECTION,
6107,14-006178,20140109,STRASBURG RD @ HURON RD,03-At intersection,01-Within intersection,01-Clear,01-Daylight,INTERSECTION,
6108,13-282548,20131205,KINZIE AVE @ RIVER RD E,03-At intersection,02-Thru lane,01-Clear,01-Daylight,INTERSECTION,
6109,13-289556,20131216,STIRLING AVE S @ MILL ST,03-At intersection,01-Within intersection,01-Clear,01-Daylight,INTERSECTION,
6110,14-007883,20140111,LAURENTIAN DR @ BLOCK LINE RD,02-Intersection related,02-Thru lane,02-Rain,01-Daylight,INTERSECTION,
6111,14-008546,20140111,BLOCK LINE RD @ STRASBURG RD,03-At intersection,02-Thru lane,02-Rain,"08-Dark, artificial",INTERSECTION,
6112,13-293323,20131221,QUEEN ST N @ DUKE ST E / DUKE ST W,03-At intersection,01-Within intersection,02-Rain,"08-Dark, artificial",INTERSECTION,
6113,13-295046,20131223,WILSON AVE @ KINGSWAY DR,02-Intersection related,02-Thru lane,03-Snow,01-Daylight,INTERSECTION,
6114,14-014365,20140119,LANCASTER ST E @ KRUG ST / CEDAR ST N,03-At intersection,01-Within intersection,03-Snow,01-Daylight,INTERSECTION,
6115,13-289668,20131215,BLOCK LINE RD @ KINGSWOOD DR,03-At intersection,03-Left turn lane,03-Snow,"08-Dark, artificial",INTERSECTION,
6116,13-290084,20131217,HICKSON DR @ CRAIG DR,02-Intersection related,12-Off highway,03-Snow,01-Daylight,INTERSECTION,
6117,14-018823,20140124,WELLINGTON ST N @ ST LEGER ST,03-At intersection,02-Thru lane,03-Snow,01-Daylight,INTERSECTION,
6118,14-001130,20140102,WELLINGTON ST N @ SHIRLEY AVE / RIVERBEND DR,03-At intersection,02-Thru lane,03-Snow,01-Daylight,INTERSECTION,
6119,13-169266,20130722,SAMUEL ST @ FAIRVIEW AVE,02-Intersection related,02-Thru lane,01-Clear,01-Daylight,INTERSECTION,
6120,16-008994,20160113,WABANAKI DR @ WILSON AVE,03-At intersection,01-Within intersection,03-Snow,01-Daylight,INTERSECTION,
6121,16-028096,20160207,WABANAKI DR @ WILSON AVE,03-At intersection,01-Within intersection,01-Clear,07-Dark,INTERSECTION,
6122,16-030600,20160211,KING ST W @ ONTARIO ST S / ONTARIO ST N,03-At intersection,01-Within intersection,01-Clear,01-Daylight,INTERSECTION,
6123,16-040971,20160225,SHANLEY ST @ WATERLOO ST,03-At intersection,01-Within intersection,01-Clear,01-Daylight,INTERSECTION,
6124,16-026259,20160205,HURON RD @ NEWCASTLE DR / PARKVALE DR,03-At intersection,01-Within intersection,01-Clear,01-Daylight,INTERSECTION,
6125,15-264531,20151210,BLOCK LINE RD @ KINGSWOOD DR,03-At intersection,01-Within intersection,01-Clear,"08-Dark, artificial",INTERSECTION,
6126,16-034641,20160217,QUEEN ST S @ CHARLES ST W / CHARLES ST E,03-At intersection,01-Within intersection,03-Snow,07-Dark,INTERSECTION,
6127,16-047936,20160304,RIVERBEND DR @ GUELPH ST,02-Intersection related,02-Thru lane,01-Clear,01-Daylight,INTERSECTION,
6128,15-273630,20151223,GILDNER ST @ PARK ST,03-At intersection,01-Within intersection,01-Clear,07-Dark,INTERSECTION,
6129,16-007833,20160111,RIVER RD E @ CONWAY DR,02-Intersection related,02-Thru lane,01-Clear,01-Daylight,INTERSECTION,
6130,13-0052582,20130307,UNION BLVD @ BELMONT AVE W,03-At intersection,01-Within intersection,01-Clear,01-Daylight,INTERSECTION,
6131,14-022392,20140130,WILSON AVE @ TRAYNOR AVE,03-At intersection,02-Thru lane,01-Clear,01-Daylight,INTERSECTION,
6132,14-024839,20140202,SIEBERT AVE @ WOODHAVEN RD,02-Intersection related,02-Thru lane,03-Snow,"08-Dark, artificial",INTERSECTION,
6133,14-046639,20140302,GREENBROOK DR @ VILLAGE RD / FOREST HILL DR,03-At intersection,01-Within intersection,01-Clear,01-Daylight,INTERSECTION,
6134,14-152636,20140707,STANLEY AVE @ SCHWEITZER ST,03-At intersection,01-Within intersection,01-Clear,01-Daylight,INTERSECTION,
6135,14-263369,20141118,ROCHEFORT ST @ CANNES ST,02-Intersection related,09-Right shoulder,01-Clear,01-Daylight,INTERSECTION,
6136,14-263514,20141114,MUNROE ST @ GREENFIELD AVE,02-Intersection related,01-Within intersection,01-Clear,01-Daylight,INTERSECTION,
6137,14-263820,20141119,RESURRECTION DR @ NORTHMANOR CRES,03-At intersection,01-Within intersection,01-Clear,"08-Dark, artificial",INTERSECTION,
6138,14-148998,20141031,KING ST W @ GAUKEL ST,02-Intersection related,02-Thru lane,02-Rain,01-Daylight,INTERSECTION,
6139,14-202157,20140905,BLEAMS RD @ STRASBURG RD,03-At intersection,02-Thru lane,01-Clear,01-Daylight,INTERSECTION,
6140,16-050388,20160308,RIVER RD E @ CONWAY DR,02-Intersection related,02-Thru lane,01-Clear,01-Daylight,INTERSECTION,
6141,15-250519,20151121,PARK ST @ GREEN ST,03-At intersection,01-Within intersection,03-Snow,07-Dark,INTERSECTION,
6142,16-057832,20160318,MAX BECKER DR @ LEMONBALM ST / ACTIVA AVE,03-At intersection,01-Within intersection,01-Clear,01-Daylight,INTERSECTION,
6143,16-080390,20160416,DIXON ST @ ECKERT ST,02-Intersection related,03-Left turn lane,01-Clear,01-Daylight,INTERSECTION,
6144,16-057984,20160318,KING ST W @ ONTARIO ST S / ONTARIO ST N,02-Intersection related,02-Thru lane,01-Clear,01-Daylight,INTERSECTION,
6145,16-069895,20160402,WABANAKI DR @ WILSON AVE,03-At intersection,01-Within intersection,03-Snow,07-Dark,INTERSECTION,
6146,16-023529,20160202,QUEEN ST N @ MARGARET AVE / OTTO ST,03-At intersection,01-Within intersection,01-Clear,01-Daylight,INTERSECTION,
6147,15-025703,20150204,UNION BLVD @ BELMONT AVE W,03-At intersection,01-Within intersection,03-Snow,01-Daylight,INTERSECTION,
6148,15-267393,20151214,RIVER RD E @ LORRAINE AVE,02-Intersection related,02-Thru lane,02-Rain,05-Dusk,INTERSECTION,
6149,15-267799,20151215,WEST AVE @ HOMEWOOD AVE,02-Intersection related,02-Thru lane,01-Clear,01-Daylight,INTERSECTION,
6150,16-070548,20160403,CEDARWOODS CRES @ KINGSWAY DR,02-Intersection related,02-Thru lane,03-Snow,"08-Dark, artificial",INTERSECTION,
6151,16-007556,20160111,SCOTT ST @ DUKE ST E,02-Intersection related,02-Thru lane,01-Clear,01-Daylight,INTERSECTION,
6152,16-064390,20160326,QUEENS BLVD @ OVERLEA DR,03-At intersection,01-Within intersection,01-Clear,01-Daylight,INTERSECTION,
6153,16-057157,20160317,ZELLER DR @ SUSAN CRES,03-At intersection,01-Within intersection,01-Clear,01-Daylight,INTERSECTION,
6154,16-069605,20160402,PARK ST @ STEWART ST,02-Intersection related,02-Thru lane,01-Clear,01-Daylight,INTERSECTION,
6155,16-074180,20160408,TRILLIUM DR @ STRASBURG RD,02-Intersection related,02-Thru lane,01-Clear,01-Daylight,INTERSECTION,
6156,16-072410,20160406,MARGARET AVE @ UNION ST,03-At intersection,01-Within intersection,03-Snow,01-Daylight,INTERSECTION,
6157,16-042194,20160226,WILSON AVE @ KINGSWAY DR,03-At intersection,01-Within intersection,01-Clear,07-Dark,INTERSECTION,
6158,16-046345,20160303,LAURENTIAN DR @ DARCY PL,02-Intersection related,09-Right shoulder,01-Clear,01-Daylight,INTERSECTION,
6159,16-058155,20160318,WABANAKI DR @ WILSON AVE,02-Intersection related,02-Thru lane,01-Clear,01-Daylight,INTERSECTION,
6160,16-070883,20160404,NATCHEZ RD @ ROTHSAY AVE,03-At intersection,01-Within intersection,03-Snow,01-Daylight,INTERSECTION,
6161,16-079603,20160415,MAPLE AVE @ ARNOLD ST,03-At intersection,01-Within intersection,01-Clear,01-Daylight,INTERSECTION,
6162,16-053035,20160312,BORDEN AVE N @ KING ST E / BORDEN AVE S,02-Intersection related,02-Thru lane,01-Clear,07-Dark,INTERSECTION,
6163,16-049174,20160307,HELENA FEASBY ST @ HARDING ST,03-At intersection,01-Within intersection,01-Clear,01-Daylight,INTERSECTION,
6164,16-050190,20160308,BORDEN AVE N @ KING ST E / BORDEN AVE S,02-Intersection related,02-Thru lane,01-Clear,"08-Dark, artificial",INTERSECTION,
6165,16-049522,20160307,AHRENS ST E @ QUEEN ST N / AHRENS ST W,02-Intersection related,09-Right shoulder,01-Clear,01-Daylight,INTERSECTION,
6166,16-065326,20160327,PIONEER DR @ DOON VILLAGE RD,03-At intersection,01-Within intersection,01-Clear,"08-Dark, artificial",INTERSECTION,
6167,16-069611,20160402,SEABROOK DR @ WOODBINE AVE,02-Intersection related,02-Thru lane,01-Clear,01-Daylight,INTERSECTION,
6168,16-072386,20160406,YARROW CRT @ SWEET WILLIAM ST / ACTIVA AVE,02-Intersection related,02-Thru lane,01-Clear,01-Daylight,INTERSECTION,
6169,16-040700,20160225,WINDFLOWER DR @ WAKE ROBIN DR,03-At intersection,01-Within intersection,03-Snow,03-Dawn,INTERSECTION,
6170,16-026662,20160206,STIRLING AVE S @ PLEASANT AVE,02-Intersection related,11-Not on roadway - right side,01-Clear,07-Dark,INTERSECTION,
6171,15-226894,20151022,WILSON AVE @ WEBSTER RD,03-At intersection,01-Within intersection,01-Clear,01-Daylight,INTERSECTION,
6172,16-076337,20160411,DOMINION ST @ PARK ST,02-Intersection related,02-Thru lane,01-Clear,01-Daylight,INTERSECTION,
6173,16-084387,20160421,GLASGOW ST @ DUNBAR RD,03-At intersection,01-Within intersection,02-Rain,01-Daylight,INTERSECTION,
6174,16-045697,20160302,RIVER RD E @ HOLBORN DR,03-At intersection,01-Within intersection,01-Clear,05-Dusk,INTERSECTION,
6175,14-261101,20141114,DOON VILLAGE RD @ BECHTEL DR,02-Intersection related,04-Right turn lane,01-Clear,07-Dark,INTERSECTION,
6176,14-260555,20141114,FIRST AVE @ ECKERT ST,03-At intersection,02-Thru lane,03-Snow,03-Dawn,INTERSECTION,
6177,14-260019,20141114,FIRST AVE @ ECKERT ST,02-Intersection related,02-Thru lane,01-Clear,01-Daylight,INTERSECTION,
6178,14-257195,20141110,HIGHVIEW DR @ SUGAR MAPLE ST,02-Intersection related,01-Within intersection,01-Clear,05-Dusk,INTERSECTION,
6179,14-260224,20141114,CASEY DR @ OLDFIELD DR,03-At intersection,01-Within intersection,01-Clear,01-Daylight,INTERSECTION,
6180,14-260622,20141114,SECORD AVE @ HICKSON DR,02-Intersection related,02-Thru lane,03-Snow,01-Daylight,INTERSECTION,
6181,14-261313,20141115,CEDAR ST N @ DUKE ST E,03-At intersection,01-Within intersection,01-Clear,"08-Dark, artificial",INTERSECTION,
6182,14-260398,20141112,WILFRED AVE @ KENNETH AVE,03-At intersection,01-Within intersection,01-Clear,07-Dark,INTERSECTION,
6183,14-185364,20140816,WILSON AVE @ KINGSWAY DR,02-Intersection related,02-Thru lane,02-Rain,01-Daylight,INTERSECTION,
6184,14-260196,20141114,PERTH RD @ PLEASANT AVE,02-Intersection related,02-Thru lane,03-Snow,01-Daylight,INTERSECTION,
6185,14-260079,20141114,FIRST AVE @ ECKERT ST,02-Intersection related,02-Thru lane,01-Clear,01-Daylight,INTERSECTION,
6186,14-224311,20140929,BORDEN AVE N @ KING ST E / BORDEN AVE S,02-Intersection related,02-Thru lane,01-Clear,01-Daylight,INTERSECTION,
6187,14-260183,20141114,QUEENS BLVD @ ELM RIDGE DR,02-Intersection related,02-Thru lane,01-Clear,01-Daylight,INTERSECTION,
6188,14-256812,20141110,KING ST W @ GAUKEL ST,03-At intersection,02-Thru lane,01-Clear,01-Daylight,INTERSECTION,
6189,14-260440,20141114,STRASBURG RD @ HURON RD,03-At intersection,02-Thru lane,01-Clear,01-Daylight,INTERSECTION,
6190,14-262875,20141117,FRANKLIN ST N @ PROSPECT AVE,03-At intersection,11-Not on roadway - right side,03-Snow,"08-Dark, artificial",INTERSECTION,
6191,14-247980,20141030,SPADINA RD W @ NORTH DR,02-Intersection related,01-Within intersection,01-Clear,01-Daylight,INTERSECTION,
6192,14-204159,20140907,SPADINA RD W @ NORTH DR,03-At intersection,02-Thru lane,01-Clear,01-Daylight,INTERSECTION,
6193,14-260078,20141114,GUELPH ST @ ST LEGER ST,03-At intersection,01-Within intersection,03-Snow,01-Daylight,INTERSECTION,
6194,14-229398,20141006,DUKE ST W @ WELLINGTON ST N,03-At intersection,02-Thru lane,02-Rain,07-Dark,INTERSECTION,
6195,14-255873,20141108,BLOCK LINE RD @ KINGSWOOD DR,02-Intersection related,02-Thru lane,02-Rain,07-Dark,INTERSECTION,
6196,14-153756,20140708,FARNHAM AVE @ BELMONT AVE W,02-Intersection related,11-Not on roadway - right side,01-Clear,07-Dark,INTERSECTION,
6197,14-180275,20140810,CONNAUGHT ST @ EIGHTH AVE,03-At intersection,01-Within intersection,01-Clear,01-Daylight,INTERSECTION,
6198,14-128820,20140609,HARTWOOD AVE @ ELLIS AVE,02-Intersection related,01-Within intersection,01-Clear,01-Daylight,INTERSECTION,
6199,14-120625,20140531,KING ST W @ YOUNG ST,02-Intersection related,02-Thru lane,01-Clear,01-Daylight,INTERSECTION,
6200,14-156018,20140711,CEDAR ST N @ DUKE ST E,03-At intersection,01-Within intersection,01-Clear,01-Daylight,INTERSECTION,
6201,14-161723,20140717,BINGEMAN ST @ SAMUEL ST,03-At intersection,01-Within intersection,01-Clear,01-Daylight,INTERSECTION,
6202,14-159361,20140715,RIVER RD E @ FREDERICK ST,03-At intersection,01-Within intersection,02-Rain,01-Daylight,INTERSECTION,
6203,14-096883,20140505,WINSLOW DR @ HIGHLAND RD E,03-At intersection,02-Thru lane,01-Clear,01-Daylight,INTERSECTION,
6204,14-167491,20140725,KING ST W @ ONTARIO ST S / ONTARIO ST N,03-At intersection,02-Thru lane,01-Clear,01-Daylight,INTERSECTION,
6205,14-177912,20140807,BELMONT AVE W @ GAGE AVE,03-At intersection,01-Within intersection,01-Clear,01-Daylight,INTERSECTION,
6206,14-129665,20140610,KING ST W @ ONTARIO ST S / ONTARIO ST N,02-Intersection related,02-Thru lane,01-Clear,01-Daylight,INTERSECTION,
6207,14-194138,20140827,WINSLOW DR @ HIGHLAND RD E,03-At intersection,02-Thru lane,01-Clear,01-Daylight,INTERSECTION,
6208,14-141267,20140624,GUELPH ST @ MARGARET AVE,03-At intersection,02-Thru lane,01-Clear,01-Daylight,INTERSECTION,
6209,14-165398,20140722,HALLS LANE E @ BENTON ST,03-At intersection,11-Not on roadway - right side,01-Clear,07-Dark,INTERSECTION,
6210,14-189531,20140821,STIRLING AVE S @ MILL ST,03-At intersection,01-Within intersection,01-Clear,"08-Dark, artificial",INTERSECTION,
6211,14-180361,20140810,OLD COUNTRY DR @ STRASBURG RD,02-Intersection related,02-Thru lane,01-Clear,01-Daylight,INTERSECTION,
6212,14-094814,20140501,GLASGOW ST @ PARK ST,03-At intersection,02-Thru lane,01-Clear,01-Daylight,INTERSECTION,
6213,14-174190,20140802,LANCASTER ST E @ KRUG ST / CEDAR ST N,02-Intersection related,02-Thru lane,01-Clear,01-Daylight,INTERSECTION,
6214,14-120836,20140401,AHRENS ST E @ QUEEN ST N / AHRENS ST W,02-Intersection related,02-Thru lane,01-Clear,"08-Dark, artificial",INTERSECTION,
6215,14-160231,20140716,OVERLEA DR @ RALGREEN CRES,02-Intersection related,02-Thru lane,01-Clear,01-Daylight,INTERSECTION,
6216,14-117247,20140528,FOUR SEASONS CRT @ COUNTRY HILL DR,02-Intersection related,02-Thru lane,01-Clear,01-Daylight,INTERSECTION,
6217,14-192215,20140825,WESTHEIGHTS DR @ DRIFTWOOD DR,02-Intersection related,02-Thru lane,01-Clear,01-Daylight,INTERSECTION,
6218,14-178909,20140808,SPADINA RD E @ QUEENS BLVD / SPADINA RD W,03-At intersection,01-Within intersection,01-Clear,01-Daylight,INTERSECTION,
6219,14-166685,20140723,ELLEN ST W @ QUEEN ST N / ELLEN ST E,03-At intersection,01-Within intersection,01-Clear,01-Daylight,INTERSECTION,
6220,14-031613,20140210,LANCASTER ST W @ LOUISA ST,03-At intersection,01-Within intersection,01-Clear,07-Dark,INTERSECTION,
6221,14-110577,20140520,MARGARET AVE @ UNION ST,02-Intersection related,01-Within intersection,02-Rain,01-Daylight,INTERSECTION,
6222,14-147539,20140701,DOMINION ST @ PARK ST,02-Intersection related,02-Thru lane,01-Clear,01-Daylight,INTERSECTION,
6223,14-106258,20140515,QUEENSTON CRES @ QUEENSTON DR,02-Intersection related,02-Thru lane,01-Clear,01-Daylight,INTERSECTION,
6224,14-157491,20140713,BLOCK LINE RD @ STRASBURG RD,02-Intersection related,02-Thru lane,01-Clear,01-Daylight,INTERSECTION,
6225,14-149610,20140703,BLOCK LINE RD @ STRASBURG RD,03-At intersection,01-Within intersection,01-Clear,01-Daylight,INTERSECTION,
6226,14-158167,20140713,KINGSWOOD DR @ STRASBURG RD,02-Intersection related,02-Thru lane,01-Clear,01-Daylight,INTERSECTION,
6227,14-191079,20140822,CHARLES ST E @ CEDAR ST S,02-Intersection related,02-Thru lane,01-Clear,01-Daylight,INTERSECTION,
6228,14-124286,20140604,CHERRY ST @ STRANGE ST,02-Intersection related,11-Not on roadway - right side,01-Clear,01-Daylight,INTERSECTION,