OBJECTID,ACCIDENTNUM,ACCIDENTDATE,LOCATION,ACCIDENT_LOCATION,IMPACT_LOCATION,ENVIRONMENT_CONDITION,LIGHT,COLLISION_TYPE,TRAFFICCOLLISIONSID
6229,14-111207,20140521,CHARLES ST E @ SYDNEY ST S,03-At intersection,01-Within intersection,01-Clear,01-Daylight,INTERSECTION,
6230,14-167055,20140724,MORRISON RD @ WATERBEND CRES / SIMS ESTATE DR,03-At intersection,01-Within intersection,01-Clear,"08-Dark, artificial",INTERSECTION,
6231,14-124130,20140604,VICTORIA ST N @ MARGARET AVE,02-Intersection related,09-Right shoulder,01-Clear,01-Daylight,INTERSECTION,
6232,13-170527,20130723,STIRLING AVE S @ KING ST E / STIRLING AVE N,02-Intersection related,02-Thru lane,01-Clear,01-Daylight,INTERSECTION,
6233,13-173519,20130727,STIRLING AVE S @ KING ST E / STIRLING AVE N,03-At intersection,01-Within intersection,01-Clear,"08-Dark, artificial",INTERSECTION,
6234,13-172675,20130726,STIRLING AVE S @ MILL ST,03-At intersection,01-Within intersection,01-Clear,01-Daylight,INTERSECTION,
6235,13-173287,20130726,OLD COUNTRY DR @ STRASBURG RD,03-At intersection,02-Thru lane,01-Clear,01-Daylight,INTERSECTION,
6236,13-176118,20130730,SPADINA RD W @ NORTH DR,03-At intersection,01-Within intersection,01-Clear,01-Daylight,INTERSECTION,
6237,13-176974,20130731,UNION BLVD @ PARK ST,03-At intersection,02-Thru lane,01-Clear,01-Daylight,INTERSECTION,
6238,13-176968,20130731,WATER ST N @ DUKE ST W,03-At intersection,01-Within intersection,01-Clear,01-Daylight,INTERSECTION,
6239,13-177018,20130731,MANSION ST @ LANCASTER ST E,02-Intersection related,02-Thru lane,02-Rain,01-Daylight,INTERSECTION,
6240,13-194191,20130821,ONTARIO ST N @ GOUDIES LANE,02-Intersection related,09-Right shoulder,01-Clear,01-Daylight,INTERSECTION,
6241,13-196705,20130822,SAMUEL ST @ KRUG ST,02-Intersection related,09-Right shoulder,01-Clear,01-Daylight,INTERSECTION,
6242,13-184787,20130822,CHARLES ST E @ PRESTON ST,03-At intersection,01-Within intersection,01-Clear,01-Daylight,INTERSECTION,
6243,13-152304,20130703,KING ST W @ ONTARIO ST S / ONTARIO ST N,03-At intersection,01-Within intersection,01-Clear,01-Daylight,INTERSECTION,
6244,13-154316,20130705,GLASGOW ST @ BELMONT AVE W,02-Intersection related,02-Thru lane,01-Clear,01-Daylight,INTERSECTION,
6245,13-156843,20130708,JOSEPH ST @ GAUKEL ST,03-At intersection,02-Thru lane,01-Clear,01-Daylight,INTERSECTION,
6246,13-157815,20130709,WELLINGTON ST N @ MOORE AVE,03-At intersection,01-Within intersection,01-Clear,01-Daylight,INTERSECTION,
6247,13-159657,20130711,DOMINION ST @ PARK ST,02-Intersection related,02-Thru lane,01-Clear,01-Daylight,INTERSECTION,
6248,13-161372,20130713,WILSON AVE @ KINGSWAY DR,03-At intersection,02-Thru lane,01-Clear,01-Daylight,INTERSECTION,
6249,13-169287,20130713,UNION BLVD @ BELMONT AVE W,03-At intersection,02-Thru lane,02-Rain,"08-Dark, artificial",INTERSECTION,
6250,13-165979,20130716,MILL ST @ HEIMAN ST,03-At intersection,02-Thru lane,01-Clear,01-Daylight,INTERSECTION,
6251,13-164310,20130716,STIRLING AVE N @ EAST AVE,02-Intersection related,01-Within intersection,01-Clear,01-Daylight,INTERSECTION,
6252,13-164782,20130717,KING ST W @ WATER ST N / WATER ST S,02-Intersection related,01-Within intersection,01-Clear,01-Daylight,INTERSECTION,
6253,13-164950,20130717,BELMONT AVE W @ ARGYLE ST,02-Intersection related,11-Not on roadway - right side,01-Clear,01-Daylight,INTERSECTION,
6254,13-165725,20130718,WABANAKI DR @ WILSON AVE,03-At intersection,01-Within intersection,01-Clear,01-Daylight,INTERSECTION,
6255,13-166689,20130718,BIEHN DR @ CARYNDALE DR,03-At intersection,01-Within intersection,01-Clear,01-Daylight,INTERSECTION,
6256,13-166635,20130719,CONNAUGHT ST @ THIRD AVE,03-At intersection,02-Thru lane,01-Clear,01-Daylight,INTERSECTION,
6257,13-166846,20130719,KINZIE AVE @ RIVER RD E,03-At intersection,02-Thru lane,01-Clear,01-Daylight,INTERSECTION,
6258,13-167821,20130719,RIVER RD E @ LORRAINE AVE,03-At intersection,01-Within intersection,01-Clear,01-Daylight,INTERSECTION,
6259,13-168020,20130719,STIRLING AVE S @ KING ST E / STIRLING AVE N,03-At intersection,01-Within intersection,02-Rain,01-Daylight,INTERSECTION,
6260,13-295618,20131224,DOMINION ST @ PARK ST,02-Intersection related,03-Left turn lane,01-Clear,01-Daylight,INTERSECTION,
6261,13-167671,20130720,HOMER WATSON BLVD @ STIRLING AVE S,03-At intersection,11-Not on roadway - right side,"07-Fog, mist, smoke, dust",01-Daylight,INTERSECTION,
6262,13-167895,20130720,KING ST E @ PANDORA AVE N / PANDORA AVE S,02-Intersection related,02-Thru lane,01-Clear,01-Daylight,INTERSECTION,
6263,13-168227,20130720,HURON RD @ MILL PARK DR / WILSON AVE,02-Intersection related,11-Not on roadway - right side,01-Clear,01-Daylight,INTERSECTION,
6264,13-169312,20130721,ACTIVA AVE @ SNOWDROP CRES,03-At intersection,01-Within intersection,01-Clear,01-Daylight,INTERSECTION,
6265,13-169185,20130722,DUMFRIES AVE @ CHAPEL ST,02-Intersection related,11-Not on roadway - right side,01-Clear,07-Dark,INTERSECTION,
6266,13-052592,20130307,UNION BLVD @ BELMONT AVE W,03-At intersection,01-Within intersection,01-Clear,01-Daylight,INTERSECTION,
6267,13-115406,20130522,QUEENS BLVD @ BELMONT AVE W / BELMONT AVE E,03-At intersection,01-Within intersection,01-Clear,01-Daylight,INTERSECTION,
6268,13-127672,20130604,CEDAR ST N @ KING ST E / CEDAR ST S,03-At intersection,01-Within intersection,01-Clear,01-Daylight,INTERSECTION,
6269,16-030460,20160211,MCGARRY DR @ ELM RIDGE DR,02-Intersection related,11-Not on roadway - right side,01-Clear,"08-Dark, artificial",INTERSECTION,
6270,16-034835,20160217,QUEENS BLVD @ BELMONT AVE W / BELMONT AVE E,02-Intersection related,02-Thru lane,01-Clear,01-Daylight,INTERSECTION,
6271,15-227369,20151023,ROLLING MEADOWS DR @ TRAILWOOD CRES,02-Intersection related,11-Not on roadway - right side,01-Clear,01-Daylight,INTERSECTION,
6272,16-079642,20160415,OLD COUNTRY PL @ OLD COUNTRY DR,02-Intersection related,02-Thru lane,01-Clear,01-Daylight,INTERSECTION,
6273,16-028939,20160209,MILL PARK DR @ GREEN VALLEY DR,02-Intersection related,12-Off highway,03-Snow,07-Dark,INTERSECTION,
6274,17-096692,20170504,HOLBORN DR @ OLD CHICOPEE DR,03-At intersection,01-Within intersection,02-Rain,05-Dusk,INTERSECTION,
6275,17-098793,20170507,STRASBURG RD @ HURON RD,03-At intersection,01-Within intersection,01-Clear,01-Daylight,INTERSECTION,
6276,17-079254,20170413,MANCHESTER RD @ RIVER RD E,03-At intersection,01-Within intersection,01-Clear,01-Daylight,INTERSECTION,
6277,17-050770,20170308,MANCHESTER RD @ RIVER RD E,03-At intersection,01-Within intersection,01-Clear,"08-Dark, artificial",INTERSECTION,
6278,17-090608,20170427,MANCHESTER RD @ RIVER RD E,03-At intersection,01-Within intersection,01-Clear,01-Daylight,INTERSECTION,
6279,17-095252,20170503,BORDEN AVE N @ KING ST E / BORDEN AVE S,03-At intersection,01-Within intersection,01-Clear,01-Daylight,INTERSECTION,
6280,17-081043,20170415,LAURENTIAN DR @ DUNSMERE DR,02-Intersection related,11-Not on roadway - right side,01-Clear,01-Daylight,INTERSECTION,
6281,17-089590,20170426,LAWRENCE AVE @ HIGHLAND RD W,02-Intersection related,02-Thru lane,01-Clear,01-Daylight,INTERSECTION,
6282,17-094508,20170429,MARGARET AVE @ MAYNARD AVE,02-Intersection related,02-Thru lane,02-Rain,"08-Dark, artificial",INTERSECTION,
6283,17-101690,20170511,VANIER DR @ SIEBERT AVE,03-At intersection,01-Within intersection,01-Clear,01-Daylight,INTERSECTION,
6284,17-080275,20170414,STAUFFER DR @ REIDEL DR,02-Intersection related,12-Off highway,01-Clear,07-Dark,INTERSECTION,
6285,17-123569,20170606,KINZIE AVE @ THALER AVE,03-At intersection,01-Within intersection,01-Clear,01-Daylight,INTERSECTION,
6286,17-159429,20170706,HURON RD @ WOODBINE AVE,03-At intersection,01-Within intersection,01-Clear,01-Daylight,INTERSECTION,
6287,17-047595,20170304,RENNIE DR @ KENNETH AVE,02-Intersection related,02-Thru lane,01-Clear,01-Daylight,INTERSECTION,
6288,17-111787,20170523,BORDEN AVE N @ KING ST E / BORDEN AVE S,02-Intersection related,03-Left turn lane,01-Clear,01-Daylight,INTERSECTION,
6289,17-157672,20170714,JOSEPH ST @ LINDEN AVE,03-At intersection,01-Within intersection,01-Clear,01-Daylight,INTERSECTION,
6290,16-154177,20160716,BLOCK LINE RD @ KINGSWOOD DR,02-Intersection related,02-Thru lane,01-Clear,01-Daylight,INTERSECTION,
6291,16-174077,20160810,TRILLIUM DR @ BEASLEY DR,02-Intersection related,02-Thru lane,01-Clear,01-Daylight,INTERSECTION,
6292,16-163889,20160728,CONESTOGA COLLEGE BLVD @ PINNACLE DR,02-Intersection related,04-Right turn lane,01-Clear,01-Daylight,INTERSECTION,
6293,16-125798,20160611,CEDAR ST S @ CHURCH ST,03-At intersection,01-Within intersection,01-Clear,"08-Dark, artificial",INTERSECTION,
6294,16-151621,20160713,RAITAR AVE @ ELLIS AVE,02-Intersection related,02-Thru lane,01-Clear,01-Daylight,INTERSECTION,
6295,16-138231,20160626,FRANCIS ST S @ JOSEPH ST,03-At intersection,01-Within intersection,01-Clear,01-Daylight,INTERSECTION,
6296,16-169356,20160804,WEST AVE @ HOMEWOOD AVE,02-Intersection related,02-Thru lane,01-Clear,01-Daylight,INTERSECTION,
6297,16-166849,20160801,PARK ST @ CHERRY ST,03-At intersection,12-Off highway,01-Clear,01-Daylight,INTERSECTION,
6298,16-161799,20160726,SOUTHWOOD DR @ SANDSPRINGS CRES,03-At intersection,01-Within intersection,01-Clear,01-Daylight,INTERSECTION,
6299,16-118596,20160603,BORDEN AVE N @ KING ST E / BORDEN AVE S,02-Intersection related,11-Not on roadway - right side,01-Clear,01-Daylight,INTERSECTION,
6300,16-134086,20160621,GLASGOW ST @ EDEN AVE,03-At intersection,01-Within intersection,01-Clear,01-Daylight,INTERSECTION,
6301,16-181825,20160820,OTTAWA ST S @ ALPINE RD,02-Intersection related,02-Thru lane,01-Clear,07-Dark,INTERSECTION,
6302,16-144364,20160704,STIRLING AVE S @ HIGHLAND RD E,02-Intersection related,99-Other,01-Clear,01-Daylight,INTERSECTION,
6303,16-156363,20160719,GLASGOW ST @ PARK ST,02-Intersection related,02-Thru lane,01-Clear,01-Daylight,INTERSECTION,
6304,16-151798,20160713,WATER ST S @ JOSEPH ST,02-Intersection related,02-Thru lane,01-Clear,01-Daylight,INTERSECTION,
6305,16-157470,20160720,WABANAKI DR @ WILSON AVE,02-Intersection related,05-Right turn channel,01-Clear,07-Dark,INTERSECTION,
6306,16-182074,20160819,QUEENS BLVD @ BELMONT AVE W / BELMONT AVE E,02-Intersection related,02-Thru lane,01-Clear,01-Daylight,INTERSECTION,
6307,16-155772,20160718,KING ST E @ BETZNER AVE S / BETZNER AVE N,03-At intersection,01-Within intersection,01-Clear,01-Daylight,INTERSECTION,
6308,16-146012,20160706,HOLBORN DR @ OLD CHICOPEE DR,03-At intersection,01-Within intersection,01-Clear,01-Daylight,INTERSECTION,
6309,16-137381,20160625,WESTHEIGHTS DR @ LORILEE CRES,02-Intersection related,02-Thru lane,01-Clear,01-Daylight,INTERSECTION,
6310,16-081504,20160418,STIRLING AVE N @ EAST AVE,03-At intersection,01-Within intersection,01-Clear,01-Daylight,INTERSECTION,
6311,16-136477,20160624,COUNTRY HILL DR @ BLOCK LINE RD,03-At intersection,01-Within intersection,01-Clear,01-Daylight,INTERSECTION,
6312,16-155380,20160718,STIRLING AVE S @ KING ST E / STIRLING AVE N,03-At intersection,01-Within intersection,01-Clear,01-Daylight,INTERSECTION,
6313,16-158918,20160722,DUKE ST W @ COLLEGE ST,03-At intersection,01-Within intersection,01-Clear,01-Daylight,INTERSECTION,
6314,16-153467,20160715,LAWRENCE AVE @ KARN ST,02-Intersection related,12-Off highway,01-Clear,01-Daylight,INTERSECTION,
6315,16-144601,20160703,HILDA PL @ DAVID ST,02-Intersection related,02-Thru lane,01-Clear,01-Daylight,INTERSECTION,
6316,16-165434,20160730,CEDARWOODS CRES @ KINGSWAY DR,03-At intersection,01-Within intersection,01-Clear,01-Daylight,INTERSECTION,
6317,16-138123,20160626,WATER ST S @ JOSEPH ST,02-Intersection related,02-Thru lane,01-Clear,01-Daylight,INTERSECTION,
6318,16-134169,20160621,RIVER RD E @ LORRAINE AVE,02-Intersection related,02-Thru lane,01-Clear,05-Dusk,INTERSECTION,
6319,16-171750,20160807,CONNAUGHT ST @ FIFTH AVE,03-At intersection,01-Within intersection,01-Clear,01-Daylight,INTERSECTION,
6320,16-178985,20160813,DUKE ST E @ EBY ST N,03-At intersection,01-Within intersection,01-Clear,01-Daylight,INTERSECTION,
6321,16-141117,20160630,BELMONT AVE W @ GAGE AVE,02-Intersection related,02-Thru lane,01-Clear,01-Daylight,INTERSECTION,
6322,15-137774,20150629,DIXON ST @ ECKERT ST,02-Intersection related,02-Thru lane,01-Clear,01-Daylight,INTERSECTION,
6323,14-147754,20140701,STIRLING AVE S @ GREENBROOK DR,02-Intersection related,01-Within intersection,01-Clear,01-Daylight,INTERSECTION,
6324,14-192679,20140825,FRANKLIN ST S @ GREENFIELD AVE,03-At intersection,01-Within intersection,01-Clear,01-Daylight,INTERSECTION,
6325,14-150164,20140704,FARRIER DR @ DOON VILLAGE RD / MILLWOOD CRES,03-At intersection,01-Within intersection,01-Clear,01-Daylight,INTERSECTION,
6326,14-122544,20140602,PIONEER DR @ OLD CARRIAGE DR,02-Intersection related,11-Not on roadway - right side,01-Clear,01-Daylight,INTERSECTION,
6327,14-126912,20140607,BRIARFIELD ST @ BRIARMEADOW DR,02-Intersection related,02-Thru lane,01-Clear,01-Daylight,INTERSECTION,
6328,14-120273,20140531,PIONEER DR @ UPPER CANADA DR,02-Intersection related,02-Thru lane,01-Clear,01-Daylight,INTERSECTION,
6329,14-166640,20140724,CHARLES ST E @ SYDNEY ST S,03-At intersection,01-Within intersection,01-Clear,01-Daylight,INTERSECTION,
6330,14-116654,20140527,HIGHLAND RD E @ HOFFMAN ST,03-At intersection,01-Within intersection,01-Clear,01-Daylight,INTERSECTION,
6331,14-188225,20140815,WELLINGTON ST N @ MARGARET AVE,03-At intersection,02-Thru lane,01-Clear,01-Daylight,INTERSECTION,
6332,14-140372,20140623,HOMER WATSON BLVD @ HOMER WATSON BLVD,02-Intersection related,01-Within intersection,01-Clear,01-Daylight,INTERSECTION,
6333,14-138950,20140621,SHANLEY ST @ WATERLOO ST,03-At intersection,01-Within intersection,01-Clear,01-Daylight,INTERSECTION,
6334,14-173040,20140801,WELLINGTON ST N @ MAJOR ST,02-Intersection related,02-Thru lane,01-Clear,01-Daylight,INTERSECTION,
6335,14-166795,20140724,CHARLES ST E @ SYDNEY ST S,03-At intersection,01-Within intersection,01-Clear,01-Daylight,INTERSECTION,
6336,14-183464,20140814,CHARLES ST E @ SYDNEY ST S,03-At intersection,02-Thru lane,01-Clear,01-Daylight,INTERSECTION,
6337,14-142381,20140624,GLASGOW ST @ PARK ST,02-Intersection related,02-Thru lane,01-Clear,01-Daylight,INTERSECTION,
6338,14-144353,20140627,HEIMAN ST @ LORNE AVE / HUGO CRES,03-At intersection,02-Thru lane,01-Clear,01-Daylight,INTERSECTION,
6339,14-134039,20140615,WABANAKI DR @ WILSON AVE,03-At intersection,01-Within intersection,01-Clear,05-Dusk,INTERSECTION,
6340,14-112697,20140523,HOMER WATSON BLVD @ STIRLING AVE S,02-Intersection related,01-Within intersection,01-Clear,01-Daylight,INTERSECTION,
6341,14-195839,20140829,BORDEN AVE N @ KING ST E / BORDEN AVE S,03-At intersection,02-Thru lane,01-Clear,01-Daylight,INTERSECTION,
6342,14-165795,20140723,FRANCIS ST S @ CHARLES ST W,02-Intersection related,02-Thru lane,01-Clear,01-Daylight,INTERSECTION,
6343,14-180407,20140810,GENEVA CRES @ SELKIRK DR,02-Intersection related,02-Thru lane,01-Clear,07-Dark,INTERSECTION,
6344,14-232842,20141010,WESTHEIGHTS DR @ MCGARRY DR,02-Intersection related,02-Thru lane,01-Clear,07-Dark,INTERSECTION,
6345,14-260409,20141114,RIVER RD E @ LORRAINE AVE,02-Intersection related,04-Right turn lane,03-Snow,03-Dawn,INTERSECTION,
6346,14-261224,20141114,WILDERNESS DR @ BUSH CLOVER CRES / ACTIVA AVE,02-Intersection related,02-Thru lane,01-Clear,01-Daylight,INTERSECTION,
6347,14-242892,20141023,HOMER WATSON BLVD @ HOFFMAN ST,03-At intersection,01-Within intersection,01-Clear,"08-Dark, artificial",INTERSECTION,
6348,14-260474,20141114,SIEBERT AVE @ WOODHAVEN RD,03-At intersection,01-Within intersection,03-Snow,01-Daylight,INTERSECTION,
6349,14-260149,20141107,RICHMOND AVE @ JOSEPH ST,02-Intersection related,01-Within intersection,01-Clear,01-Daylight,INTERSECTION,
6350,14-259881,20141114,STRASBURG RD @ MCINTYRE DR,03-At intersection,02-Thru lane,03-Snow,03-Dawn,INTERSECTION,
6351,14-169761,20140728,EAST AVE @ KRUG ST,03-At intersection,01-Within intersection,02-Rain,01-Daylight,INTERSECTION,
6352,16-221395,20161006,MANCHESTER RD @ RIVER RD E,03-At intersection,01-Within intersection,01-Clear,"08-Dark, artificial",INTERSECTION,
6353,16-233648,20161022,LANCASTER ST E @ KRUG ST / CEDAR ST N,03-At intersection,01-Within intersection,01-Clear,01-Daylight,INTERSECTION,
6354,16-223829,20161009,CONNAUGHT ST @ NINTH AVE,02-Intersection related,11-Not on roadway - right side,01-Clear,01-Daylight,INTERSECTION,
6355,16-220574,20161005,HURON RD @ NEWCASTLE DR / PARKVALE DR,02-Intersection related,02-Thru lane,01-Clear,"08-Dark, artificial",INTERSECTION,
6356,16-224772,20161011,DOON VALLEY DR @ CONESTOGA COLLEGE BLVD,02-Intersection related,02-Thru lane,01-Clear,01-Daylight,INTERSECTION,
6357,16-224951,20161011,RUSSEL ST @ STIRLING AVE S,02-Intersection related,02-Thru lane,01-Clear,01-Daylight,INTERSECTION,
6358,16-218379,20161003,OLD COUNTRY DR @ STRASBURG RD,03-At intersection,01-Within intersection,01-Clear,01-Daylight,INTERSECTION,
6359,16-227566,20161014,GLASGOW ST @ PARK ST,02-Intersection related,02-Thru lane,01-Clear,01-Daylight,INTERSECTION,
6360,16-221233,20161006,BRAUN ST @ SHANLEY ST,03-At intersection,01-Within intersection,01-Clear,01-Daylight,INTERSECTION,
6361,16-114778,20160530,STIRLING AVE S @ HIGHLAND RD E,03-At intersection,01-Within intersection,01-Clear,01-Daylight,INTERSECTION,
6362,16-200509,20160911,HAZELGLEN DR @ DALEGROVE DR,02-Intersection related,02-Thru lane,01-Clear,01-Daylight,INTERSECTION,
6363,16-210242,20160923,KINGSWAY DR @ GREENFIELD AVE,02-Intersection related,02-Thru lane,01-Clear,01-Daylight,INTERSECTION,
6364,16-235830,20161025,BRUNSWICK AVE @ GUELPH ST,03-At intersection,01-Within intersection,01-Clear,"04-Dawn, artificial",INTERSECTION,
6365,16-225803,20161012,CHARLES ST E @ STIRLING AVE S,02-Intersection related,02-Thru lane,01-Clear,01-Daylight,INTERSECTION,
6366,16-210060,20160922,SPADINA RD W @ GARDEN AVE,02-Intersection related,02-Thru lane,01-Clear,07-Dark,INTERSECTION,
6367,16-204659,20160916,WILSON AVE @ FAIRWAY RD S,02-Intersection related,04-Right turn lane,01-Clear,01-Daylight,INTERSECTION,
6368,16-229295,20161016,INGLESIDE DR @ DALEGROVE DR,03-At intersection,01-Within intersection,01-Clear,"08-Dark, artificial",INTERSECTION,
6369,16-218671,20161003,APPLE RIDGE DR @ WOODFIELD ST,02-Intersection related,02-Thru lane,01-Clear,01-Daylight,INTERSECTION,
6370,16-205498,20160916,RIVER RD E @ KRUG ST,02-Intersection related,04-Right turn lane,01-Clear,01-Daylight,INTERSECTION,
6371,16-202987,20160914,DIXON ST @ ECKERT ST,02-Intersection related,02-Thru lane,01-Clear,01-Daylight,INTERSECTION,
6372,16-207647,20160920,CEDARWOODS CRES @ KINGSWAY DR,03-At intersection,01-Within intersection,01-Clear,01-Daylight,INTERSECTION,
6373,16-225632,20161012,STIRLING AVE S @ MILL ST,02-Intersection related,11-Not on roadway - right side,01-Clear,01-Daylight,INTERSECTION,
6374,16-220094,20161005,LOUISA ST @ MOORE AVE,02-Intersection related,11-Not on roadway - right side,01-Clear,01-Daylight,INTERSECTION,
6375,16-225810,20160926,BLOCK LINE RD @ STRASBURG RD,02-Intersection related,02-Thru lane,01-Clear,07-Dark,INTERSECTION,
6376,16-218609,20161003,STIRLING AVE S @ LORNE AVE / LORNE CRES,02-Intersection related,02-Thru lane,01-Clear,01-Daylight,INTERSECTION,
6377,16-189946,20160830,CEDAR ST N @ KING ST E / CEDAR ST S,02-Intersection related,02-Thru lane,01-Clear,01-Daylight,INTERSECTION,
6378,16-215289,20160929,FRANKLIN ST S @ KINGSWAY DR,03-At intersection,01-Within intersection,02-Rain,01-Daylight,INTERSECTION,
6379,16-137376,20160625,UNION BLVD @ PARK ST,03-At intersection,01-Within intersection,01-Clear,01-Daylight,INTERSECTION,
6380,16-170155,20160805,WESTMEADOW DR @ WESTFOREST TRAIL,03-At intersection,01-Within intersection,01-Clear,01-Daylight,INTERSECTION,
6381,17-150927,20170708,ONTARIO ST S @ JOSEPH ST,03-At intersection,01-Within intersection,01-Clear,01-Daylight,INTERSECTION,
6382,17-143275,20170629,JUBILEE DR @ DAVID ST / COURTLAND AVE W,02-Intersection related,02-Thru lane,02-Rain,01-Daylight,INTERSECTION,
6383,17-096232,20170504,WILSON AVE @ WEBSTER RD,02-Intersection related,02-Thru lane,02-Rain,01-Daylight,INTERSECTION,
6384,17-096058,20170504,YORK ST @ MT HOPE ST,03-At intersection,01-Within intersection,02-Rain,01-Daylight,INTERSECTION,
6385,17-088931,20170425,BELMONT AVE W @ GAGE AVE,03-At intersection,01-Within intersection,01-Clear,01-Daylight,INTERSECTION,
6386,17-094436,20170502,BELMONT AVE W @ GAGE AVE,03-At intersection,01-Within intersection,02-Rain,01-Daylight,INTERSECTION,
6387,17-103278,20170513,BELMONT AVE W @ KARN ST,02-Intersection related,02-Thru lane,01-Clear,01-Daylight,INTERSECTION,
6388,17-090893,20170427,QUEEN ST N @ DUKE ST E / DUKE ST W,02-Intersection related,02-Thru lane,01-Clear,07-Dark,INTERSECTION,
6389,17-094360,20170502,QUEENS BLVD @ BELMONT AVE W / BELMONT AVE E,03-At intersection,01-Within intersection,02-Rain,01-Daylight,INTERSECTION,
6390,17-085798,20170421,KINZIE AVE @ RIVER RD E,03-At intersection,01-Within intersection,01-Clear,01-Daylight,INTERSECTION,
6391,17-094706,20170501,RIVER RD E @ LORRAINE AVE,02-Intersection related,02-Thru lane,02-Rain,01-Daylight,INTERSECTION,
6392,17-102333,20170512,LORRAINE AVE @ CARSON DR,03-At intersection,01-Within intersection,01-Clear,01-Daylight,INTERSECTION,
6393,17-085277,20170421,CHANDLER DR @ STRASBURG RD,02-Intersection related,09-Right shoulder,02-Rain,"08-Dark, artificial",INTERSECTION,
6394,17-004724,20170107,CHARLES ST E @ SYDNEY ST S,03-At intersection,01-Within intersection,01-Clear,01-Daylight,INTERSECTION,
6395,17-004267,20170106,CHARLES ST E @ SYDNEY ST S,03-At intersection,01-Within intersection,01-Clear,"08-Dark, artificial",INTERSECTION,
6396,17-094868,20170502,ANVIL ST @ DOON VILLAGE RD,03-At intersection,01-Within intersection,02-Rain,07-Dark,INTERSECTION,
6397,17-093737,20170501,CHAPEL ST @ EAST AVE,03-At intersection,01-Within intersection,02-Rain,01-Daylight,INTERSECTION,
6398,17-105159,20170515,GLASGOW ST @ PARK ST,03-At intersection,01-Within intersection,01-Clear,01-Daylight,INTERSECTION,
6399,17-079589,20170413,GUELPH ST @ MARGARET AVE,03-At intersection,01-Within intersection,01-Clear,01-Daylight,INTERSECTION,
6400,17-156004,20170714,BLOCK LINE RD @ STRASBURG RD,02-Intersection related,02-Thru lane,01-Clear,01-Daylight,INTERSECTION,
6401,17-154239,20170629,TRILLIUM DR @ STRASBURG RD,02-Intersection related,04-Right turn lane,01-Clear,01-Daylight,INTERSECTION,
6402,17-088775,20170425,MT HOPE ST @ PARK ST,03-At intersection,01-Within intersection,02-Rain,01-Daylight,INTERSECTION,
6403,17-133115,20170616,RIVERBEND DR @ GUELPH ST,02-Intersection related,02-Thru lane,01-Clear,01-Daylight,INTERSECTION,
6404,17-104444,20170513,HURON RD @ NEWCASTLE DR / PARKVALE DR,03-At intersection,01-Within intersection,01-Clear,01-Daylight,INTERSECTION,
6405,17-137959,20170623,WABANAKI DR @ GOODRICH DR / HIDDEN VALLEY RD,02-Intersection related,02-Thru lane,02-Rain,01-Daylight,INTERSECTION,
6406,17-130607,20170614,WELLINGTON ST N @ WELLINGTON ST N,02-Intersection related,02-Thru lane,01-Clear,01-Daylight,INTERSECTION,
6407,17-107789,20170518,PIONEER DR @ DOON VILLAGE RD,03-At intersection,01-Within intersection,01-Clear,01-Daylight,INTERSECTION,
6408,17-130254,20170614,RIVER RD E @ HOLBORN DR,03-At intersection,01-Within intersection,01-Clear,01-Daylight,INTERSECTION,
6409,17-101424,20170511,JUBILEE DR @ DAVID ST / COURTLAND AVE W,03-At intersection,01-Within intersection,01-Clear,01-Daylight,INTERSECTION,
6410,17-121619,20170603,WATER ST S @ JUBILEE DR,02-Intersection related,02-Thru lane,01-Clear,01-Daylight,INTERSECTION,
6411,17-088611,20170425,RIVER RD E @ KENORA DR,03-At intersection,01-Within intersection,02-Rain,01-Daylight,INTERSECTION,
6412,17-159165,20170718,WILSON AVE @ FAIRWAY RD S,02-Intersection related,02-Thru lane,01-Clear,01-Daylight,INTERSECTION,
6413,17-101018,20170510,RIVER RD E @ LORRAINE AVE,03-At intersection,01-Within intersection,01-Clear,"08-Dark, artificial",INTERSECTION,
6414,17-128554,20170612,SPADINA RD E @ QUEENS BLVD / SPADINA RD W,03-At intersection,01-Within intersection,01-Clear,01-Daylight,INTERSECTION,