OBJECTID,ACCIDENTNUM,ACCIDENTDATE,LOCATION,ACCIDENT_LOCATION,IMPACT_LOCATION,ENVIRONMENT_CONDITION,LIGHT,COLLISION_TYPE,TRAFFICCOLLISIONSID
6415,17-112456,20170524,ST LEGER ST @ BREITHAUPT ST,03-At intersection,01-Within intersection,01-Clear,01-Daylight,INTERSECTION,
6416,17-125306,20170607,KING ST W @ WELLINGTON ST N / WELLINGTON ST S,02-Intersection related,02-Thru lane,01-Clear,01-Daylight,INTERSECTION,
6417,17-120810,20170603,FRANKLIN ST S @ KINGSWAY DR,02-Intersection related,04-Right turn lane,01-Clear,01-Daylight,INTERSECTION,
6418,17-162747,20170722,WELLINGTON ST N @ WELLINGTON ST N,03-At intersection,01-Within intersection,01-Clear,01-Daylight,INTERSECTION,
6419,17-101048,20170510,STIRLING AVE S @ KING ST E / STIRLING AVE N,03-At intersection,01-Within intersection,01-Clear,07-Dark,INTERSECTION,
6420,17-127997,20170611,CHANDLER DR @ STRASBURG RD,02-Intersection related,11-Not on roadway - right side,01-Clear,01-Daylight,INTERSECTION,
6421,17-121788,20170604,KINGSWAY DR @ THIRD AVE,02-Intersection related,02-Thru lane,01-Clear,01-Daylight,INTERSECTION,
6422,17-140720,20170626,BELMONT AVE W @ ROCK AVE,02-Intersection related,02-Thru lane,01-Clear,01-Daylight,INTERSECTION,
6423,17-147333,20170630,BENESFORT DR @ BENESFORT CRES,02-Intersection related,02-Thru lane,01-Clear,07-Dark,INTERSECTION,
6424,17-147159,20170704,WELLINGTON ST N @ SHIRLEY AVE / RIVERBEND DR,02-Intersection related,02-Thru lane,01-Clear,01-Daylight,INTERSECTION,
6425,17-118157,20170531,DUNDAS AVE @ SYDNEY ST S,03-At intersection,01-Within intersection,01-Clear,01-Daylight,INTERSECTION,
6426,17-142029,20170628,LAURENTIAN DR @ BLOCK LINE RD,03-At intersection,01-Within intersection,01-Clear,01-Daylight,INTERSECTION,
6427,17-136761,20170621,LENNOX LEWIS WAY @ BLOCK LINE RD,03-At intersection,01-Within intersection,01-Clear,01-Daylight,INTERSECTION,
6428,17-116616,20170529,TRILLIUM DR @ SHOEMAKER ST,02-Intersection related,02-Thru lane,01-Clear,01-Daylight,INTERSECTION,
6429,17-113151,20170525,TU LANE ST @ KING ST E,02-Intersection related,02-Thru lane,02-Rain,01-Daylight,INTERSECTION,
6430,17-113995,20170526,WATER ST N @ DUKE ST W,03-At intersection,01-Within intersection,01-Clear,01-Daylight,INTERSECTION,
6431,17-122578,20170605,STIRLING AVE S @ KING ST E / STIRLING AVE N,02-Intersection related,02-Thru lane,01-Clear,01-Daylight,INTERSECTION,
6432,17-013528,20170119,KING ST W @ FRANCIS ST S / FRANCIS ST N,02-Intersection related,11-Not on roadway - right side,01-Clear,01-Daylight,INTERSECTION,
6433,17-136641,20170621,KINGSWAY DR @ GREENFIELD AVE,02-Intersection related,02-Thru lane,01-Clear,01-Daylight,INTERSECTION,
6434,17-119168,20170601,WELLINGTON ST N @ SHIRLEY AVE / RIVERBEND DR,02-Intersection related,04-Right turn lane,01-Clear,01-Daylight,INTERSECTION,
6435,17-131559,20170615,WELLINGTON ST N @ SPRING VALLEY RD,03-At intersection,01-Within intersection,01-Clear,01-Daylight,INTERSECTION,
6436,17-105314,20170515,WALTER ST @ WELLINGTON ST S,02-Intersection related,02-Thru lane,01-Clear,01-Daylight,INTERSECTION,
6437,16-209205,20160922,DUKE ST W @ LOUISA ST,03-At intersection,01-Within intersection,01-Clear,01-Daylight,INTERSECTION,
6438,16-201033,20160912,HAWKSWOOD DR @ WOOLWICH ST,02-Intersection related,02-Thru lane,01-Clear,01-Daylight,INTERSECTION,
6439,16-249138,20161111,KING ST W @ GAUKEL ST,02-Intersection related,02-Thru lane,01-Clear,01-Daylight,INTERSECTION,
6440,16-277674,20161219,WILSON AVE @ TRAYNOR AVE,02-Intersection related,09-Right shoulder,03-Snow,"08-Dark, artificial",INTERSECTION,
6441,16-284820,20161117,SPORTSWORLD DR @ GATEWAY PARK DR / HELDMANN RD,02-Intersection related,02-Thru lane,01-Clear,01-Daylight,INTERSECTION,
6442,16-233746,20161022,TURNER AVE @ FREDERICK ST,02-Intersection related,02-Thru lane,01-Clear,01-Daylight,INTERSECTION,
6443,16-268833,20161206,RIVER RD E @ FREDERICK ST,02-Intersection related,02-Thru lane,02-Rain,"08-Dark, artificial",INTERSECTION,
6444,16-264097,20161201,RIVER RD E @ HOLBORN DR,02-Intersection related,02-Thru lane,02-Rain,01-Daylight,INTERSECTION,
6445,16-277922,20161219,HURON RD @ HURON RD,03-At intersection,01-Within intersection,01-Clear,01-Daylight,INTERSECTION,
6446,16-284142,20161229,HURON RD @ HURON RD,03-At intersection,01-Within intersection,03-Snow,"08-Dark, artificial",INTERSECTION,
6447,16-284354,20161230,HURON RD @ NEWCASTLE DR / PARKVALE DR,02-Intersection related,10-Not on roadway - left side,03-Snow,07-Dark,INTERSECTION,
6448,16-232430,20161020,RIVER RD E @ GRAND RIVER BLVD,02-Intersection related,02-Thru lane,02-Rain,07-Dark,INTERSECTION,
6449,16-285152,20161230,MAX BECKER DR @ COMMONWEALTH ST,02-Intersection related,02-Thru lane,03-Snow,01-Daylight,INTERSECTION,
6450,16-283407,20161228,QUEENS BLVD @ BELMONT AVE W / BELMONT AVE E,02-Intersection related,02-Thru lane,01-Clear,01-Daylight,INTERSECTION,
6451,16-275941,20161215,PARK ST @ VICTORIA ST S,02-Intersection related,02-Thru lane,03-Snow,07-Dark,INTERSECTION,
6452,16-246727,20161108,BORDEN AVE N @ KING ST E / BORDEN AVE S,02-Intersection related,03-Left turn lane,01-Clear,01-Daylight,INTERSECTION,
6453,16-277185,20161219,ACTIVA AVE @ COPPER LEAF ST,02-Intersection related,02-Thru lane,01-Clear,01-Daylight,INTERSECTION,
6454,16-277575,20161219,STIRLING AVE S @ PLEASANT AVE,02-Intersection related,02-Thru lane,01-Clear,"08-Dark, artificial",INTERSECTION,
6455,16-280003,20161223,TRILLIUM DR @ BEASLEY DR,02-Intersection related,11-Not on roadway - right side,01-Clear,01-Daylight,INTERSECTION,
6456,16-269444,20161208,WILSON AVE @ TRAYNOR AVE,02-Intersection related,02-Thru lane,03-Snow,01-Daylight,INTERSECTION,
6457,16-269944,20161209,SHOEMAKER ST @ STRASBURG RD,02-Intersection related,02-Thru lane,01-Clear,01-Daylight,INTERSECTION,
6458,16-270114,20161208,SAMUEL ST @ KRUG ST,02-Intersection related,12-Off highway,03-Snow,07-Dark,INTERSECTION,
6459,17-222354,20171001,GLASGOW ST @ PARK ST,02-Intersection related,11-Not on roadway - right side,01-Clear,01-Daylight,INTERSECTION,
6460,17-232120,20171013,HAWKSWOOD DR @ REDTAIL ST,02-Intersection related,02-Thru lane,01-Clear,01-Daylight,INTERSECTION,
6461,17-222206,20170930,VICTORIA ST S @ HAZELGLEN DR,02-Intersection related,02-Thru lane,01-Clear,07-Dark,INTERSECTION,
6462,17-206742,20170914,HURON RD @ WOODBINE AVE,02-Intersection related,02-Thru lane,01-Clear,01-Daylight,INTERSECTION,
6463,17-215216,20170923,KINZIE AVE @ OBERMEYER DR,03-At intersection,01-Within intersection,01-Clear,01-Daylight,INTERSECTION,
6464,17-198634,20170905,HOLBORN DR @ OLD CHICOPEE DR,03-At intersection,01-Within intersection,01-Clear,01-Daylight,INTERSECTION,
6465,17-226173,20171006,OPRINGTON DR @ OPRINGTON CRT / OPRINGTON PL,02-Intersection related,10-Not on roadway - left side,01-Clear,01-Daylight,INTERSECTION,
6466,17-195474,20170901,QUEENS BLVD @ BELMONT AVE W / BELMONT AVE E,03-At intersection,01-Within intersection,01-Clear,01-Daylight,INTERSECTION,
6467,17-220873,20170929,KINZIE AVE @ RIVER RD E,02-Intersection related,02-Thru lane,01-Clear,01-Daylight,INTERSECTION,
6468,17-219491,20170928,SCOTT ST @ WEBER ST E,02-Intersection related,02-Thru lane,01-Clear,01-Daylight,INTERSECTION,
6469,17-219942,20170929,YORK ST @ UNION BLVD,03-At intersection,01-Within intersection,02-Rain,01-Daylight,INTERSECTION,
6470,17-217731,20170926,WILSON AVE @ FRANKLIN ST S,02-Intersection related,02-Thru lane,01-Clear,01-Daylight,INTERSECTION,
6471,17-216852,20170925,AHRENS ST W @ YOUNG ST,03-At intersection,01-Within intersection,01-Clear,01-Daylight,INTERSECTION,
6472,17-226889,20171007,BATTLER RD @ HURON RD,03-At intersection,01-Within intersection,02-Rain,07-Dark,INTERSECTION,
6473,17-217838,20170926,BELMONT AVE W @ VICTORIA ST S,02-Intersection related,02-Thru lane,01-Clear,01-Daylight,INTERSECTION,
6474,17-226388,20171006,BELMONT AVE W @ KARN ST,03-At intersection,01-Within intersection,01-Clear,01-Daylight,INTERSECTION,
6475,17-215150,20170923,RIVER RD E @ BRADLEY DR,02-Intersection related,02-Thru lane,01-Clear,01-Daylight,INTERSECTION,
6476,17-217648,20170926,CHERRY ST @ STRANGE ST,02-Intersection related,10-Not on roadway - left side,01-Clear,01-Daylight,INTERSECTION,
6477,17-130793,20170614,FREDERICK ST @ ETHEL ST,02-Intersection related,02-Thru lane,01-Clear,01-Daylight,INTERSECTION,
6478,14-260331,20141114,WOOLWICH ST @ FALCONRIDGE DR,03-At intersection,01-Within intersection,03-Snow,"02-Daylight, artificial",INTERSECTION,
6479,15-270454,20151218,SYDNEY ST S @ BEDFORD RD,02-Intersection related,11-Not on roadway - right side,03-Snow,"08-Dark, artificial",INTERSECTION,
6480,15-253614,20151126,GLASGOW ST @ BELMONT AVE W,02-Intersection related,02-Thru lane,01-Clear,01-Daylight,INTERSECTION,
6481,15-255423,20151128,GLASGOW ST @ BELMONT AVE W,03-At intersection,01-Within intersection,01-Clear,"02-Daylight, artificial",INTERSECTION,
6482,15-243253,20151112,FRANCIS ST S @ JOSEPH ST,02-Intersection related,11-Not on roadway - right side,01-Clear,01-Daylight,INTERSECTION,
6483,15-258511,20151202,UNION BLVD @ DUNBAR RD,03-At intersection,01-Within intersection,01-Clear,"08-Dark, artificial",INTERSECTION,
6484,15-262691,20151208,WILSON AVE @ KINGSWAY DR,03-At intersection,01-Within intersection,01-Clear,01-Daylight,INTERSECTION,
6485,15-254795,20151127,WILSON AVE @ KINGSWAY DR,02-Intersection related,03-Left turn lane,02-Rain,"08-Dark, artificial",INTERSECTION,
6486,15-260538,20151205,WELLINGTON ST N @ SHIRLEY AVE / RIVERBEND DR,03-At intersection,01-Within intersection,01-Clear,01-Daylight,INTERSECTION,
6487,17-149049,20170706,FRANKLIN ST S @ KINGSWAY DR,02-Intersection related,03-Left turn lane,01-Clear,01-Daylight,INTERSECTION,
6488,17-034093,20170214,CHARLES ST E @ PRESTON ST,03-At intersection,01-Within intersection,01-Clear,01-Daylight,INTERSECTION,
6489,15-184978,20150830,BREITHAUPT ST @ WATERLOO ST,03-At intersection,01-Within intersection,01-Clear,01-Daylight,INTERSECTION,
6490,15-184980,20150830,VERONICA DR @ OLD CHICOPEE DR,03-At intersection,01-Within intersection,01-Clear,01-Daylight,INTERSECTION,
6491,15-206817,20150926,WELLINGTON ST N @ MOORE AVE,03-At intersection,02-Thru lane,01-Clear,01-Daylight,INTERSECTION,
6492,15-129429,20150618,SPADINA RD E @ MILL ST,02-Intersection related,12-Off highway,01-Clear,01-Daylight,INTERSECTION,
6493,15-187081,20150902,MANCHESTER RD @ RIVER RD E,03-At intersection,01-Within intersection,01-Clear,01-Daylight,INTERSECTION,
6494,15-208267,20150928,WELLINGTON ST N @ ST LEGER ST,03-At intersection,01-Within intersection,02-Rain,01-Daylight,INTERSECTION,
6495,15-211603,20151001,STRASBURG RD @ HURON RD,03-At intersection,01-Within intersection,01-Clear,05-Dusk,INTERSECTION,
6496,15-144034,20150707,ST LEGER ST @ BLUCHER ST / BLUCHER BLVD,03-At intersection,01-Within intersection,02-Rain,01-Daylight,INTERSECTION,
6497,15-145621,20150709,KING ST E @ PANDORA AVE N / PANDORA AVE S,03-At intersection,01-Within intersection,01-Clear,01-Daylight,INTERSECTION,
6498,15-189148,20150904,AHRENS ST W @ YOUNG ST,03-At intersection,01-Within intersection,01-Clear,"08-Dark, artificial",INTERSECTION,
6499,15-191007,20150907,RIVER RD E @ FREDERICK ST,02-Intersection related,10-Not on roadway - left side,01-Clear,01-Daylight,INTERSECTION,
6500,15-209756,20150930,ACTIVA AVE @ DAVID BERGEY DR,02-Intersection related,02-Thru lane,01-Clear,01-Daylight,INTERSECTION,
6501,15-210831,20151001,SHANLEY ST @ DUKE ST W,02-Intersection related,04-Right turn lane,01-Clear,01-Daylight,INTERSECTION,
6502,15-146482,20150710,KING ST E @ CAMERON ST S / CAMERON ST N,03-At intersection,01-Within intersection,01-Clear,01-Daylight,INTERSECTION,
6503,15-192277,20150907,COUNTRY HILL DR @ BLOCK LINE RD,02-Intersection related,02-Thru lane,02-Rain,07-Dark,INTERSECTION,
6504,15-211407,20151002,CHARLES ST E @ SYDNEY ST S,03-At intersection,01-Within intersection,01-Clear,01-Daylight,INTERSECTION,
6505,15-211575,20151002,PARK ST @ VICTORIA ST S,02-Intersection related,02-Thru lane,01-Clear,01-Daylight,INTERSECTION,
6506,15-151814,20150717,KING ST E @ SYDNEY ST N,03-At intersection,01-Within intersection,02-Rain,01-Daylight,INTERSECTION,
6507,15-196347,20150913,ACTIVA AVE @ COPPER LEAF ST,02-Intersection related,08-Left shoulder,01-Clear,01-Daylight,INTERSECTION,
6508,15-196684,20150914,BLOCK LINE RD @ KINGSWOOD DR,03-At intersection,01-Within intersection,01-Clear,01-Daylight,INTERSECTION,
6509,15-213550,20151005,CEDAR ST N @ KING ST E / CEDAR ST S,02-Intersection related,02-Thru lane,01-Clear,01-Daylight,INTERSECTION,
6510,15-213816,20151003,KING ST E @ PANDORA AVE N / PANDORA AVE S,02-Intersection related,02-Thru lane,01-Clear,01-Daylight,INTERSECTION,
6511,15-152422,20150718,PIONEER DR @ DOON VILLAGE RD,02-Intersection related,10-Not on roadway - left side,01-Clear,01-Daylight,INTERSECTION,
6512,15-159548,20150727,CHARLES ST E @ SYDNEY ST S,03-At intersection,01-Within intersection,01-Clear,01-Daylight,INTERSECTION,
6513,15-196838,20150913,RIVER RD E @ RENNIE DR,02-Intersection related,02-Thru lane,01-Clear,01-Daylight,INTERSECTION,
6514,15-196955,20150914,CHURCH ST @ MADISON AVE S,03-At intersection,01-Within intersection,01-Clear,01-Daylight,INTERSECTION,
6515,15-215943,20151008,PIONEER DR @ DOON VILLAGE RD,02-Intersection related,03-Left turn lane,01-Clear,01-Daylight,INTERSECTION,
6516,15-216121,20151008,HEIMAN ST @ HIGHLAND RD E,03-At intersection,01-Within intersection,01-Clear,01-Daylight,INTERSECTION,
6517,15-163190,20150801,WABANAKI DR @ WILSON AVE,03-At intersection,01-Within intersection,01-Clear,01-Daylight,INTERSECTION,
6518,15-163959,20150802,STRASBURG RD @ HURON RD,02-Intersection related,10-Not on roadway - left side,01-Clear,01-Daylight,INTERSECTION,
6519,15-165452,20150804,HURON RD @ WOODBINE AVE,03-At intersection,01-Within intersection,01-Clear,01-Daylight,INTERSECTION,
6520,15-197505,20150915,HURON RD @ HURON RD,02-Intersection related,02-Thru lane,01-Clear,01-Daylight,INTERSECTION,
6521,15-197651,20150915,SCOTT ST @ IRVIN ST,02-Intersection related,09-Right shoulder,01-Clear,01-Daylight,INTERSECTION,
6522,15-198612,20150916,CEDAR ST N @ KING ST E / CEDAR ST S,02-Intersection related,02-Thru lane,01-Clear,01-Daylight,INTERSECTION,
6523,15-216602,20151009,MT HOPE ST @ PARK ST,02-Intersection related,02-Thru lane,01-Clear,01-Daylight,INTERSECTION,
6524,15-169204,20150809,LYDIA ST @ KRUG ST,03-At intersection,01-Within intersection,01-Clear,01-Daylight,INTERSECTION,
6525,15-199119,20150917,MARGARET AVE @ ADAM ST,03-At intersection,01-Within intersection,01-Clear,01-Daylight,INTERSECTION,
6526,15-201804,20150919,CHERRY ST @ STRANGE ST,03-At intersection,01-Within intersection,01-Clear,"08-Dark, artificial",INTERSECTION,
6527,15-202371,20150921,BLOCK LINE RD @ FALLOWFIELD DR,02-Intersection related,11-Not on roadway - right side,01-Clear,01-Daylight,INTERSECTION,
6528,15-221816,20151015,RIVER RD E @ OLD CHICOPEE DR,03-At intersection,01-Within intersection,02-Rain,"08-Dark, artificial",INTERSECTION,
6529,15-224960,20151019,WABANAKI DR @ WILSON AVE,02-Intersection related,04-Right turn lane,01-Clear,01-Daylight,INTERSECTION,
6530,15-171420,20150812,FISCHER HALLMAN RD @ ACTIVA AVE,02-Intersection related,02-Thru lane,01-Clear,05-Dusk,INTERSECTION,
6531,15-202411,20150921,WABANAKI DR @ WILSON AVE,03-At intersection,01-Within intersection,01-Clear,01-Daylight,INTERSECTION,
6532,15-225126,20151020,BLOCK LINE RD @ STRASBURG RD,03-At intersection,01-Within intersection,01-Clear,"08-Dark, artificial",INTERSECTION,
6533,15-226210,20151021,LOUISA ST @ MOORE AVE,03-At intersection,01-Within intersection,01-Clear,01-Daylight,INTERSECTION,
6534,15-178550,20150821,CONNAUGHT ST @ FRANKLIN ST S,02-Intersection related,12-Off highway,01-Clear,07-Dark,INTERSECTION,
6535,15-233128,20151030,SPADINA RD E @ MILL ST,03-At intersection,01-Within intersection,01-Clear,"08-Dark, artificial",INTERSECTION,
6536,15-182529,20150827,QUEEN ST S @ JOSEPH ST,03-At intersection,01-Within intersection,01-Clear,01-Daylight,INTERSECTION,
6537,15-205557,20150915,FOURTH AVE @ KINGSWAY DR,02-Intersection related,02-Thru lane,01-Clear,01-Daylight,INTERSECTION,
6538,16-127113,20160613,OLD COUNTRY DR @ STRASBURG RD,02-Intersection related,02-Thru lane,01-Clear,01-Daylight,INTERSECTION,
6539,16-127637,20160614,MARGARET AVE @ MAYNARD AVE,03-At intersection,01-Within intersection,01-Clear,01-Daylight,INTERSECTION,
6540,16-095100,20160505,STIRLING AVE S @ MILL ST,03-At intersection,01-Within intersection,01-Clear,01-Daylight,INTERSECTION,
6541,16-043421,20160228,KING ST E @ MORGAN AVE,03-At intersection,01-Within intersection,01-Clear,01-Daylight,INTERSECTION,
6542,16-112240,20160527,LORRAINE AVE @ BAIRD AVE,03-At intersection,01-Within intersection,01-Clear,01-Daylight,INTERSECTION,
6543,16-092092,20160501,CEDAR ST S @ CHURCH ST,02-Intersection related,01-Within intersection,02-Rain,07-Dark,INTERSECTION,
6544,16-106057,20160519,STRASBURG RD @ HURON RD,03-At intersection,01-Within intersection,01-Clear,01-Daylight,INTERSECTION,
6545,16-123841,20160608,BLOCK LINE RD @ KINGSWOOD DR,03-At intersection,01-Within intersection,02-Rain,01-Daylight,INTERSECTION,
6546,16-113711,20160528,OLD CHICOPEE TRAIL @ DAIMLER DR,03-At intersection,11-Not on roadway - right side,01-Clear,07-Dark,INTERSECTION,
6547,16-124271,20160609,CENTURY HILL DR @ COUNTRY HILL DR,03-At intersection,01-Within intersection,01-Clear,01-Daylight,INTERSECTION,
6548,16-113251,20160527,STIRLING AVE S @ KING ST E / STIRLING AVE N,02-Intersection related,03-Left turn lane,01-Clear,01-Daylight,INTERSECTION,
6549,16-115750,20160531,STIRLING AVE S @ KING ST E / STIRLING AVE N,03-At intersection,01-Within intersection,01-Clear,01-Daylight,INTERSECTION,
6550,16-115299,20160530,HARTWOOD AVE @ ELLIS AVE,03-At intersection,01-Within intersection,01-Clear,01-Daylight,INTERSECTION,
6551,16-117950,20160602,SECORD AVE @ HICKSON DR,03-At intersection,01-Within intersection,01-Clear,05-Dusk,INTERSECTION,
6552,16-106213,20160519,FOURTH AVE @ KINGSWAY DR,03-At intersection,01-Within intersection,01-Clear,01-Daylight,INTERSECTION,
6553,16-125434,20160611,WILSON AVE @ FAIRWAY RD S,02-Intersection related,02-Thru lane,01-Clear,01-Daylight,INTERSECTION,
6554,16-106953,20160520,OTTAWA ST S @ ALPINE RD,02-Intersection related,02-Thru lane,01-Clear,01-Daylight,INTERSECTION,
6555,16-119396,20160604,ROBERTSON CRES @ BIEHN DR / KILKERRAN CRES,03-At intersection,01-Within intersection,01-Clear,01-Daylight,INTERSECTION,
6556,16-126959,20160613,WATERLOO ST @ WELLINGTON ST N,02-Intersection related,02-Thru lane,01-Clear,01-Daylight,INTERSECTION,
6557,16-124494,20160610,FRANKLIN ST N @ PENROSE AVE,02-Intersection related,02-Thru lane,01-Clear,01-Daylight,INTERSECTION,
6558,16-104513,20160517,SCHNEIDER AVE @ DAVID ST,02-Intersection related,02-Thru lane,01-Clear,01-Daylight,INTERSECTION,
6559,16-115917,20160531,DUNBAR RD @ CLAREMONT AVE,03-At intersection,01-Within intersection,01-Clear,01-Daylight,INTERSECTION,
6560,16-072345,20160406,GLASGOW ST @ DUNBAR RD,03-At intersection,01-Within intersection,03-Snow,01-Daylight,INTERSECTION,
6561,16-106617,20160520,GLASGOW ST @ PARK ST,02-Intersection related,02-Thru lane,01-Clear,01-Daylight,INTERSECTION,
6562,16-127579,20160613,BENTON ST @ ST GEORGE ST,03-At intersection,01-Within intersection,01-Clear,01-Daylight,INTERSECTION,
6563,16-088286,20160426,FIFTH AVE @ KINGSWAY DR,02-Intersection related,11-Not on roadway - right side,01-Clear,05-Dusk,INTERSECTION,
6564,16-120378,20160605,WABANAKI DR @ GOODRICH DR / HIDDEN VALLEY RD,02-Intersection related,02-Thru lane,02-Rain,01-Daylight,INTERSECTION,
6565,16-071342,20160404,RIVER RD E @ HOLBORN DR,03-At intersection,01-Within intersection,01-Clear,07-Dark,INTERSECTION,
6566,16-090965,20160430,OTTAWA ST S @ DUNDAS AVE,02-Intersection related,02-Thru lane,01-Clear,01-Daylight,INTERSECTION,
6567,16-116977,20160601,UNION BLVD @ PARK ST,02-Intersection related,02-Thru lane,01-Clear,01-Daylight,INTERSECTION,
6568,16-076176,20160406,GATEWAY PARK DR @ TU LANE ST,03-At intersection,01-Within intersection,03-Snow,01-Daylight,INTERSECTION,
6569,16-122007,20160607,GLASGOW ST @ PARK ST,03-At intersection,01-Within intersection,01-Clear,01-Daylight,INTERSECTION,
6570,16-107173,20160520,MAX BECKER DR @ HELENA FEASBY ST,03-At intersection,01-Within intersection,01-Clear,07-Dark,INTERSECTION,
6571,16-040499,20160224,QUEEN ST S @ CHURCH ST,02-Intersection related,02-Thru lane,04-Freezing Rain,"08-Dark, artificial",INTERSECTION,
6572,16-089733,20160428,BATTLER RD @ HURON RD,02-Intersection related,03-Left turn lane,01-Clear,01-Daylight,INTERSECTION,
6573,16-106224,20160519,KING ST E @ SYDNEY ST N,02-Intersection related,02-Thru lane,01-Clear,01-Daylight,INTERSECTION,
6574,16-124709,20160610,COUNTRY HILL DR @ BLOCK LINE RD,02-Intersection related,02-Thru lane,01-Clear,01-Daylight,INTERSECTION,
6575,16-104875,20160518,COUNTRY HILL DR @ BLOCK LINE RD,02-Intersection related,02-Thru lane,01-Clear,01-Daylight,INTERSECTION,
6576,16-085566,20160423,WELLINGTON ST N @ SHIRLEY AVE / RIVERBEND DR,02-Intersection related,11-Not on roadway - right side,01-Clear,07-Dark,INTERSECTION,
6577,16-115936,20160531,WABANAKI DR @ WILSON AVE,03-At intersection,01-Within intersection,01-Clear,01-Daylight,INTERSECTION,
6578,16-012745,20160118,WILSON AVE @ KINGSWAY DR,02-Intersection related,03-Left turn lane,03-Snow,07-Dark,INTERSECTION,
6579,16-102838,20160515,TU LANE ST @ KING ST E,02-Intersection related,02-Thru lane,01-Clear,01-Daylight,INTERSECTION,
6580,16-125378,20160611,BROOKFIELD CRES @ RITTENHOUSE RD,02-Intersection related,11-Not on roadway - right side,01-Clear,01-Daylight,INTERSECTION,
6581,17-031558,20170212,KINZIE AVE @ RIVER RD E,02-Intersection related,02-Thru lane,03-Snow,01-Daylight,INTERSECTION,
6582,17-042245,20170226,STRASBURG RD @ HURON RD,03-At intersection,01-Within intersection,01-Clear,07-Dark,INTERSECTION,
6583,17-042738,20170226,HURON RD @ WOODBINE AVE,03-At intersection,01-Within intersection,03-Snow,07-Dark,INTERSECTION,
6584,17-043832,20170228,BLEAMS RD @ STRASBURG RD,02-Intersection related,02-Thru lane,01-Clear,03-Dawn,INTERSECTION,
6585,17-005423,20170108,SPADINA RD W @ NORTH DR,03-At intersection,01-Within intersection,01-Clear,01-Daylight,INTERSECTION,
6586,17-005913,20170109,CHERRY ST @ STRANGE ST,02-Intersection related,02-Thru lane,01-Clear,01-Daylight,INTERSECTION,
6587,17-058907,20170319,DUMFRIES AVE @ KRUG ST,03-At intersection,01-Within intersection,01-Clear,07-Dark,INTERSECTION,
6588,17-062539,20170323,MCGARRY DR @ FORESTWOOD DR,02-Intersection related,02-Thru lane,01-Clear,01-Daylight,INTERSECTION,
6589,17-046282,20170218,HOLBORN DR @ OLD CHICOPEE DR,02-Intersection related,02-Thru lane,01-Clear,"08-Dark, artificial",INTERSECTION,
6590,17-019344,20170127,ACTIVA AVE @ COPPER LEAF ST,03-At intersection,01-Within intersection,04-Freezing Rain,01-Daylight,INTERSECTION,
6591,17-075569,20170408,UNION BLVD @ PARK ST,02-Intersection related,02-Thru lane,01-Clear,01-Daylight,INTERSECTION,
6592,17-046373,20170303,THE COUNTRY WAY @ SPRING HILL PL,02-Intersection related,02-Thru lane,01-Clear,01-Daylight,INTERSECTION,
6593,17-046653,20170303,PEBBLECREEK DR @ COUNTRY CLAIR ST,02-Intersection related,02-Thru lane,01-Clear,01-Daylight,INTERSECTION,
6594,17-021738,20170130,BELMONT AVE W @ GAGE AVE,03-At intersection,01-Within intersection,01-Clear,01-Daylight,INTERSECTION,
6595,17-023220,20170201,BROKEN OAK CRES @ WESTHEIGHTS DR,02-Intersection related,09-Right shoulder,01-Clear,01-Daylight,INTERSECTION,
6596,16-123726,20160609,CONESTOGA COLLEGE BLVD @ HOMER WATSON BLVD,02-Intersection related,02-Thru lane,01-Clear,01-Daylight,INTERSECTION,
6597,15-121917,20150609,JOSEPH ST @ GAUKEL ST,03-At intersection,01-Within intersection,01-Clear,01-Daylight,INTERSECTION,
6598,14-234317,20141013,JOSEPH ST @ GAUKEL ST,02-Intersection related,12-Off highway,01-Clear,01-Daylight,INTERSECTION,
6599,14-264222,20141119,ONTARIO ST S @ JOSEPH ST,02-Intersection related,02-Thru lane,03-Snow,01-Daylight,INTERSECTION,
6600,15-019166,20150126,ONTARIO ST S @ JOSEPH ST,02-Intersection related,10-Not on roadway - left side,01-Clear,01-Daylight,INTERSECTION,
6601,15-029441,20150204,JOSEPH ST @ VICTORIA ST S,02-Intersection related,02-Thru lane,01-Clear,01-Daylight,INTERSECTION,