OBJECTID,ACCIDENTNUM,ACCIDENTDATE,LOCATION,ACCIDENT_LOCATION,IMPACT_LOCATION,ENVIRONMENT_CONDITION,LIGHT,COLLISION_TYPE,TRAFFICCOLLISIONSID
6602,15-009916,20150114,CEDARWOODS CRES @ KINGSWAY DR,02-Intersection related,02-Thru lane,01-Clear,05-Dusk,INTERSECTION,
6603,14-286560,20141219,FRANKLIN ST S @ KINGSWAY DR,03-At intersection,01-Within intersection,01-Clear,01-Daylight,INTERSECTION,
6604,15-042984,20150227,DUNHAM AVE @ MANSION ST,03-At intersection,01-Within intersection,01-Clear,01-Daylight,INTERSECTION,
6605,15-086196,20150425,MORNINGVIEW PL @ MILL PARK DR,02-Intersection related,02-Thru lane,01-Clear,01-Daylight,INTERSECTION,
6606,15-038573,20150221,WATER ST S @ JOSEPH ST,03-At intersection,01-Within intersection,01-Clear,01-Daylight,INTERSECTION,
6607,14-227689,20141004,STIRLING AVE S @ MILL ST,03-At intersection,02-Thru lane,01-Clear,01-Daylight,INTERSECTION,
6608,14-270614,20141127,MILL ST @ HEIMAN ST,03-At intersection,02-Thru lane,03-Snow,"08-Dark, artificial",INTERSECTION,
6609,15-078398,20150415,SPADINA RD E @ MILL ST,03-At intersection,01-Within intersection,01-Clear,01-Daylight,INTERSECTION,
6610,15-111424,20150527,BLACKWELL DR @ MONTANA CRES,03-At intersection,01-Within intersection,01-Clear,01-Daylight,INTERSECTION,
6611,15-027299,20150206,GUELPH ST @ MAPLE AVE,02-Intersection related,02-Thru lane,01-Clear,01-Daylight,INTERSECTION,
6612,15-040726,20150224,MT HOPE ST @ PARK ST,03-At intersection,01-Within intersection,03-Snow,01-Daylight,INTERSECTION,
6613,15-038032,20150220,QUEEN ST S @ MILL ST,03-At intersection,01-Within intersection,01-Clear,07-Dark,INTERSECTION,
6614,15-042242,20150226,NINTH AVE @ KINGSWAY DR,03-At intersection,01-Within intersection,01-Clear,01-Daylight,INTERSECTION,
6615,15-124620,20150612,HOLBORN DR @ OLD CHICOPEE DR,03-At intersection,01-Within intersection,01-Clear,01-Daylight,INTERSECTION,
6616,15-050638,20150310,OLD COUNTRY DR @ STRASBURG RD,02-Intersection related,01-Within intersection,"07-Fog, mist, smoke, dust",07-Dark,INTERSECTION,
6617,15-001486,20150103,ONTARIO ST S @ CHARLES ST W,02-Intersection related,11-Not on roadway - right side,01-Clear,01-Daylight,INTERSECTION,
6618,15-014981,20150121,HOMER WATSON BLVD @ OLD CARRIAGE DR,02-Intersection related,02-Thru lane,01-Clear,01-Daylight,INTERSECTION,
6619,15-093514,20150504,QUEEN ST S @ CHURCH ST,02-Intersection related,02-Thru lane,01-Clear,01-Daylight,INTERSECTION,
6620,15-071348,20150406,ONTARIO ST S @ JOSEPH ST,02-Intersection related,02-Thru lane,01-Clear,01-Daylight,INTERSECTION,
6621,15-064831,20150328,RIVER RD E @ GIBSON DR,03-At intersection,01-Within intersection,01-Clear,05-Dusk,INTERSECTION,
6622,15-026004,20150204,RIVER RD E @ HALLIWELL DR,03-At intersection,01-Within intersection,03-Snow,01-Daylight,INTERSECTION,
6623,15-105034,20150518,RIVER RD E @ HICKSON DR,03-At intersection,01-Within intersection,01-Clear,"08-Dark, artificial",INTERSECTION,
6624,15-084001,20150422,PARK ST @ GREEN ST,03-At intersection,01-Within intersection,06-Strong wind,01-Daylight,INTERSECTION,
6625,15-067589,20150401,PARK ST @ GREEN ST,03-At intersection,01-Within intersection,01-Clear,01-Daylight,INTERSECTION,
6626,15-009433,20150114,PARK ST @ GREEN ST,03-At intersection,01-Within intersection,01-Clear,01-Daylight,INTERSECTION,
6627,14-233686,20141011,QUEEN ST S @ HALLS LANE W,02-Intersection related,02-Thru lane,01-Clear,01-Daylight,INTERSECTION,
6628,15-105339,20150519,QUEEN ST S @ JOSEPH ST,03-At intersection,01-Within intersection,01-Clear,01-Daylight,INTERSECTION,
6629,14-270574,20141128,QUEEN ST S @ ST GEORGE ST,01-Non intersection,02-Thru lane,01-Clear,01-Daylight,INTERSECTION,
6630,15-033166,20150213,RIVER RD E @ HOLBORN DR,03-At intersection,01-Within intersection,03-Snow,"08-Dark, artificial",INTERSECTION,
6631,15-026137,20150204,RIVER RD E @ HOLBORN DR,03-At intersection,01-Within intersection,01-Clear,07-Dark,INTERSECTION,
6632,15-041486,20150225,KINZIE AVE @ RIVER RD E,03-At intersection,01-Within intersection,01-Clear,01-Daylight,INTERSECTION,
6633,15-068644,20150402,RIVER RD E @ KRUG ST,03-At intersection,01-Within intersection,01-Clear,07-Dark,INTERSECTION,
6634,14-240096,20141020,PARK ST @ GREEN ST,03-At intersection,01-Within intersection,01-Clear,01-Daylight,INTERSECTION,
6635,15-093217,20150504,PARK ST @ CHERRY ST,02-Intersection related,02-Thru lane,01-Clear,01-Daylight,INTERSECTION,
6636,15-091056,20150430,GLASGOW ST @ PARK ST,02-Intersection related,02-Thru lane,01-Clear,01-Daylight,INTERSECTION,
6637,15-054318,20150314,GLASGOW ST @ PARK ST,03-At intersection,01-Within intersection,01-Clear,01-Daylight,INTERSECTION,
6638,15-099916,20150512,RIVER RD E @ OLD CHICOPEE DR,03-At intersection,01-Within intersection,01-Clear,01-Daylight,INTERSECTION,
6639,15-136629,20150627,WELLINGTON ST N @ SHIRLEY AVE / RIVERBEND DR,03-At intersection,01-Within intersection,02-Rain,01-Daylight,INTERSECTION,
6640,15-045534,20150303,ROBERT FERRIE DR @ FOREST CREEK DR,03-At intersection,01-Within intersection,03-Snow,01-Daylight,INTERSECTION,
6641,14-275836,20141204,UNION BLVD @ PARK ST,03-At intersection,02-Thru lane,01-Clear,01-Daylight,INTERSECTION,
6642,15-021624,20150129,QUEENS BLVD @ BELMONT AVE W / BELMONT AVE E,03-At intersection,01-Within intersection,03-Snow,07-Dark,INTERSECTION,
6643,15-002027,20150104,ROLLING MEADOWS DR @ NEWBURY DR,02-Intersection related,09-Right shoulder,04-Freezing Rain,"08-Dark, artificial",INTERSECTION,
6644,15-086114,20150425,KELLY DR @ QUEENS BLVD,02-Intersection related,11-Not on roadway - right side,01-Clear,01-Daylight,INTERSECTION,
6645,15-090910,20150501,QUEENS BLVD @ REX DR,02-Intersection related,02-Thru lane,01-Clear,01-Daylight,INTERSECTION,
6646,15-020730,20150128,SPADINA RD E @ QUEENS BLVD / SPADINA RD W,03-At intersection,01-Within intersection,01-Clear,01-Daylight,INTERSECTION,
6647,15-096036,20150507,MARLBOROUGH AVE @ ROXBOROUGH AVE,03-At intersection,01-Within intersection,01-Clear,01-Daylight,INTERSECTION,
6648,15-093149,20150504,ROYAL ORCHARD PL @ ROYAL ORCHARD DR,02-Intersection related,11-Not on roadway - right side,01-Clear,01-Daylight,INTERSECTION,
6649,15-005289,20150108,SPADINA RD E @ QUEENS BLVD / SPADINA RD W,03-At intersection,01-Within intersection,01-Clear,01-Daylight,INTERSECTION,
6650,15-046388,20150304,SPADINA RD E @ QUEENS BLVD / SPADINA RD W,03-At intersection,01-Within intersection,01-Clear,01-Daylight,INTERSECTION,
6651,15-033005,20150213,QUEENS BLVD @ BLUERIDGE AVE,03-At intersection,01-Within intersection,01-Clear,01-Daylight,INTERSECTION,
6652,17-054145,20170313,QUEEN ST N @ MARGARET AVE / OTTO ST,03-At intersection,01-Within intersection,,01-Daylight,INTERSECTION,
6653,17-068937,20170330,QUEEN ST S @ ST GEORGE ST,03-At intersection,01-Within intersection,03-Snow,01-Daylight,INTERSECTION,
6654,17-073741,20170406,QUEENS BLVD @ HIGHLAND RD W / HIGHLAND RD E / QUEEN ST S,02-Intersection related,02-Thru lane,02-Rain,01-Daylight,INTERSECTION,
6655,17-046771,20170303,ROCKWAY DR @ DOON RD,03-At intersection,01-Within intersection,01-Clear,01-Daylight,INTERSECTION,
6656,17-046833,20170303,PIONEER DR @ DOON VILLAGE RD,02-Intersection related,02-Thru lane,01-Clear,01-Daylight,INTERSECTION,
6657,17-024754,20170203,WELLINGTON ST N @ ST LEGER ST,03-At intersection,01-Within intersection,01-Clear,01-Daylight,INTERSECTION,
6658,17-067782,20170329,RIVER RD E @ LORRAINE AVE,02-Intersection related,02-Thru lane,01-Clear,"08-Dark, artificial",INTERSECTION,
6659,17-044312,20170228,CONNAUGHT ST @ SIXTH AVE,02-Intersection related,02-Thru lane,01-Clear,01-Daylight,INTERSECTION,
6660,16-255414,20161119,RUSSEL ST @ SPADINA RD E,02-Intersection related,02-Thru lane,02-Rain,07-Dark,INTERSECTION,
6661,17-048702,20170306,SPADINA RD E @ QUEENS BLVD / SPADINA RD W,03-At intersection,01-Within intersection,01-Clear,01-Daylight,INTERSECTION,
6662,17-030126,20170210,WELLINGTON ST N @ LANCASTER ST W,02-Intersection related,02-Thru lane,03-Snow,01-Daylight,INTERSECTION,
6663,15-264343,20151209,QUEEN ST S @ ST GEORGE ST,02-Intersection related,02-Thru lane,02-Rain,07-Dark,INTERSECTION,
6664,15-250495,20151121,CEDAR ST N @ KING ST E / CEDAR ST S,02-Intersection related,02-Thru lane,03-Snow,"08-Dark, artificial",INTERSECTION,
6665,16-101381,20160513,WELLINGTON ST N @ MARGARET AVE,02-Intersection related,02-Thru lane,01-Clear,01-Daylight,INTERSECTION,
6666,16-072613,20160406,WELLINGTON ST N @ MOORE AVE,03-At intersection,01-Within intersection,01-Clear,01-Daylight,INTERSECTION,
6667,16-069162,20160401,KINZIE AVE @ HUBER ST,02-Intersection related,02-Thru lane,01-Clear,07-Dark,INTERSECTION,
6668,16-100682,20160512,UPPER CANADA DR @ DOON VILLAGE RD,02-Intersection related,02-Thru lane,01-Clear,01-Daylight,INTERSECTION,
6669,16-090354,20160428,SHANLEY ST @ MOORE AVE,02-Intersection related,09-Right shoulder,01-Clear,07-Dark,INTERSECTION,
6670,16-007614,20160111,BELMONT AVE W @ GAGE AVE,02-Intersection related,11-Not on roadway - right side,01-Clear,01-Daylight,INTERSECTION,
6671,16-008266,20160112,MOWAT BLVD @ CHANDLER DR,02-Intersection related,11-Not on roadway - right side,03-Snow,01-Daylight,INTERSECTION,
6672,16-091625,20160501,RITTENHOUSE RD @ BLOCK LINE RD,03-At intersection,01-Within intersection,02-Rain,01-Daylight,INTERSECTION,
6673,16-096612,20160507,EBY ST N @ MARKET LANE,02-Intersection related,02-Thru lane,02-Rain,01-Daylight,INTERSECTION,
6674,16-076876,20160411,MILL PARK DR @ GREEN VALLEY DR,02-Intersection related,02-Thru lane,04-Freezing Rain,"08-Dark, artificial",INTERSECTION,
6675,16-080315,20160416,CEDAR ST N @ KING ST E / CEDAR ST S,02-Intersection related,02-Thru lane,01-Clear,01-Daylight,INTERSECTION,
6676,16-089710,20160428,LORRAINE AVE @ CONFEDERATION DR,03-At intersection,01-Within intersection,01-Clear,01-Daylight,INTERSECTION,
6677,16-077592,20160413,QUEENS BLVD @ HIGHLAND RD W / HIGHLAND RD E / QUEEN ST S,02-Intersection related,02-Thru lane,01-Clear,01-Daylight,INTERSECTION,
6678,16-076965,20160409,KING ST E @ FREDERICK ST / BENTON ST,02-Intersection related,02-Thru lane,01-Clear,01-Daylight,INTERSECTION,
6679,16-095872,20160506,WILSON AVE @ FAIRWAY RD S,02-Intersection related,02-Thru lane,01-Clear,01-Daylight,INTERSECTION,
6680,16-077646,20160413,NATCHEZ RD @ ROTHSAY AVE,02-Intersection related,02-Thru lane,01-Clear,01-Daylight,INTERSECTION,
6681,16-089505,20160428,QUEENS BLVD @ BELMONT AVE W / BELMONT AVE E,03-At intersection,01-Within intersection,01-Clear,01-Daylight,INTERSECTION,
6682,16-087840,20160425,HOMER WATSON BLVD @ HOMER WATSON BLVD,02-Intersection related,03-Left turn lane,01-Clear,"08-Dark, artificial",INTERSECTION,
6683,16-099032,20160510,PIONEER DR @ DOON VILLAGE RD,02-Intersection related,02-Thru lane,01-Clear,01-Daylight,INTERSECTION,
6684,16-057674,20160318,GLASGOW ST @ PARK ST,03-At intersection,01-Within intersection,01-Clear,07-Dark,INTERSECTION,
6685,16-088085,20160426,RICHMOND AVE @ JOSEPH ST,02-Intersection related,11-Not on roadway - right side,01-Clear,01-Daylight,INTERSECTION,
6686,16-089844,20160428,KINZIE AVE @ RIVER RD E,03-At intersection,01-Within intersection,01-Clear,01-Daylight,INTERSECTION,
6687,16-101751,20160514,KELLY DR @ QUEENS BLVD,02-Intersection related,11-Not on roadway - right side,01-Clear,"08-Dark, artificial",INTERSECTION,
6688,16-051939,20160308,WELLINGTON ST N @ LANCASTER ST W,02-Intersection related,02-Thru lane,01-Clear,01-Daylight,INTERSECTION,
6689,16-092682,20160502,KING ST E @ MORGAN AVE,03-At intersection,02-Thru lane,01-Clear,01-Daylight,INTERSECTION,
6690,16-068776,20160401,STRANGE ST @ PARK ST,02-Intersection related,02-Thru lane,01-Clear,01-Daylight,INTERSECTION,
6691,15-112096,20150528,OLD COUNTRY DR @ STRASBURG RD,03-At intersection,01-Within intersection,01-Clear,01-Daylight,INTERSECTION,
6692,16-070229,20160403,LOUISA ST @ ST LEGER ST,03-At intersection,01-Within intersection,01-Clear,01-Daylight,INTERSECTION,
6693,16-077333,20160413,SASAGA DR @ OTONABEE DR,03-At intersection,01-Within intersection,01-Clear,"08-Dark, artificial",INTERSECTION,
6694,16-067355,20160330,COUNTRY HILL DR @ BLOCK LINE RD,02-Intersection related,02-Thru lane,01-Clear,01-Daylight,INTERSECTION,
6695,16-088172,20160426,TRILLIUM DR @ STRASBURG RD,03-At intersection,01-Within intersection,02-Rain,03-Dawn,INTERSECTION,
6696,15-272581,20151222,CHURCH ST @ BENTON ST,03-At intersection,01-Within intersection,"07-Fog, mist, smoke, dust",01-Daylight,INTERSECTION,
6697,16-091778,20160430,KINGSWOOD DR @ GRACEFIELD CRES,02-Intersection related,02-Thru lane,01-Clear,01-Daylight,INTERSECTION,
6698,16-038195,20160221,BELMONT AVE W @ KARN ST,03-At intersection,01-Within intersection,01-Clear,05-Dusk,INTERSECTION,
6699,16-081552,20160418,QUEENS BLVD @ BELMONT AVE W / BELMONT AVE E,03-At intersection,01-Within intersection,01-Clear,01-Daylight,INTERSECTION,
6700,16-101458,20160513,RUSSEL ST @ SPADINA RD E,03-At intersection,01-Within intersection,01-Clear,01-Daylight,INTERSECTION,
6701,16-096725,20160507,CHAPEL ST @ EAST AVE,03-At intersection,01-Within intersection,01-Clear,01-Daylight,INTERSECTION,
6702,16-094980,20160503,FOURTH AVE @ KINGSWAY DR,03-At intersection,01-Within intersection,01-Clear,01-Daylight,INTERSECTION,
6703,16-087832,20160426,STRANGE ST @ DOMINION ST,02-Intersection related,02-Thru lane,02-Rain,01-Daylight,INTERSECTION,
6704,16-091779,20160501,CONNAUGHT ST @ NINTH AVE,03-At intersection,01-Within intersection,01-Clear,01-Daylight,INTERSECTION,
6705,16-269721,20161208,RESURRECTION DR @ UNIVERSITY AVE W,02-Intersection related,02-Thru lane,03-Snow,07-Dark,INTERSECTION,
6706,16-284094,20161229,PARKVALE DR @ BIANCA CRT,02-Intersection related,02-Thru lane,03-Snow,07-Dark,INTERSECTION,
6707,15-021642,20150129,QUEENS BLVD @ EAGEN DR,03-At intersection,02-Thru lane,03-Snow,"08-Dark, artificial",INTERSECTION,
6708,14-285438,20141218,PIONEER DR @ BLACK WALNUT DR,02-Intersection related,02-Thru lane,01-Clear,03-Dawn,INTERSECTION,
6709,15-027802,20150206,PIONEER DR @ OLD CARRIAGE DR,03-At intersection,01-Within intersection,03-Snow,"08-Dark, artificial",INTERSECTION,
6710,15-093875,20150505,PIONEER DR @ OLD CARRIAGE DR,03-At intersection,01-Within intersection,01-Clear,"04-Dawn, artificial",INTERSECTION,
6711,15-092248,20150502,BAXTER PL @ SPORTSWORLD DR / PIONEER TOWER RD,03-At intersection,01-Within intersection,01-Clear,07-Dark,INTERSECTION,
6712,15-042271,20150221,QUEENS BLVD @ ELM RIDGE DR,02-Intersection related,02-Thru lane,03-Snow,01-Daylight,INTERSECTION,
6713,14-270816,20141128,FISCHER HALLMAN RD @ QUEENS BLVD,02-Intersection related,02-Thru lane,01-Clear,01-Daylight,INTERSECTION,
6714,15-043102,20150227,RADCLIFFE DR @ BRIARGATE DR,03-At intersection,01-Within intersection,01-Clear,01-Daylight,INTERSECTION,
6715,14-197817,20140901,SPADINA RD E @ MILL ST,03-At intersection,09-Right shoulder,01-Clear,"08-Dark, artificial",INTERSECTION,
6716,14-182841,20140811,SPADINA RD E @ QUEENS BLVD / SPADINA RD W,03-At intersection,01-Within intersection,01-Clear,01-Daylight,INTERSECTION,
6717,14-225121,20141001,SPADINA RD E @ QUEENS BLVD / SPADINA RD W,02-Intersection related,02-Thru lane,01-Clear,01-Daylight,INTERSECTION,
6718,14-242322,20141023,PATRICIA AVE @ SPADINA RD W,02-Intersection related,02-Thru lane,01-Clear,01-Daylight,INTERSECTION,
6719,15-005806,20150109,GLEN RD @ PLEASANT AVE,03-At intersection,01-Within intersection,03-Snow,01-Daylight,INTERSECTION,
6720,15-029451,20150209,BINSCARTH RD @ PLEASANT AVE,03-At intersection,01-Within intersection,01-Clear,01-Daylight,INTERSECTION,
6721,14-235240,20141014,AHRENS ST E @ QUEEN ST N / AHRENS ST W,03-At intersection,01-Within intersection,02-Rain,01-Daylight,INTERSECTION,
6722,14-204323,20140907,RIVER RD E @ CONWAY DR,03-At intersection,01-Within intersection,01-Clear,01-Daylight,INTERSECTION,
6723,15-033051,20150213,SPORTSWORLD DR @ GATEWAY PARK DR / HELDMANN RD,02-Intersection related,02-Thru lane,01-Clear,01-Daylight,INTERSECTION,
6724,15-094280,20150505,WELLINGTON ST N @ SPRING VALLEY RD,02-Intersection related,03-Left turn lane,01-Clear,01-Daylight,INTERSECTION,
6725,15-114237,20150530,QUEEN ST N @ DUKE ST E / DUKE ST W,02-Intersection related,02-Thru lane,01-Clear,01-Daylight,INTERSECTION,
6726,15-023569,20150201,QUEEN ST N @ DUKE ST E / DUKE ST W,02-Intersection related,11-Not on roadway - right side,01-Clear,07-Dark,INTERSECTION,
6727,15-083764,20150422,QUEEN ST N @ GOUDIES LANE,02-Intersection related,11-Not on roadway - right side,01-Clear,01-Daylight,INTERSECTION,
6728,14-287011,20141220,QUEEN ST N @ LANCASTER ST W / LANCASTER ST E,03-At intersection,01-Within intersection,01-Clear,01-Daylight,INTERSECTION,
6729,15-091860,20150502,RIVER RD E @ GIBSON DR,02-Intersection related,02-Thru lane,01-Clear,01-Daylight,INTERSECTION,
6730,15-045761,20150303,RIVER RD E @ GIBSON DR,03-At intersection,02-Thru lane,03-Snow,05-Dusk,INTERSECTION,
6731,15-094991,20150506,MORGAN AVE @ SOUTHILL DR,02-Intersection related,02-Thru lane,01-Clear,01-Daylight,INTERSECTION,
6732,14-244238,20141025,HOMER WATSON BLVD @ HOFFMAN ST,02-Intersection related,02-Thru lane,01-Clear,01-Daylight,INTERSECTION,
6733,14-267918,20141124,HOMER WATSON BLVD @ STIRLING AVE S,02-Intersection related,03-Left turn lane,01-Clear,01-Daylight,INTERSECTION,
6734,15-099518,20150511,KINZIE AVE @ THALER AVE,03-At intersection,01-Within intersection,01-Clear,"08-Dark, artificial",INTERSECTION,
6735,15-072084,20150406,MELROSE AVE @ KRUG ST,02-Intersection related,02-Thru lane,01-Clear,01-Daylight,INTERSECTION,
6736,14-275210,20141204,EAST AVE @ KRUG ST,03-At intersection,01-Within intersection,01-Clear,01-Daylight,INTERSECTION,
6737,15-008642,20150113,QUEEN ST N @ MARGARET AVE / OTTO ST,03-At intersection,01-Within intersection,01-Clear,01-Daylight,INTERSECTION,
6738,15-095651,20150507,WEST AVE @ HOMEWOOD AVE,02-Intersection related,02-Thru lane,01-Clear,01-Daylight,INTERSECTION,
6739,15-037926,20150220,CRANSHAW ST @ FEATHERSTONE ST / HURON RD,03-At intersection,01-Within intersection,01-Clear,01-Daylight,INTERSECTION,
6740,14-207880,20140911,KING ST E @ FREDERICK ST / BENTON ST,03-At intersection,02-Thru lane,01-Clear,01-Daylight,INTERSECTION,
6741,14-270198,20141120,LANCASTER ST E @ KRUG ST / CEDAR ST N,03-At intersection,02-Thru lane,04-Freezing Rain,"08-Dark, artificial",INTERSECTION,
6742,15-086325,20150425,LANCASTER ST E @ KRUG ST / CEDAR ST N,02-Intersection related,02-Thru lane,01-Clear,01-Daylight,INTERSECTION,
6743,14-231495,20141009,LANCASTER ST E @ KRUG ST / CEDAR ST N,02-Intersection related,02-Thru lane,01-Clear,01-Daylight,INTERSECTION,
6744,14-238684,20141018,LYDIA ST @ KRUG ST,03-At intersection,01-Within intersection,01-Clear,01-Daylight,INTERSECTION,
6745,15-060545,20150323,MAUSSER AVE @ STIRLING AVE S,03-At intersection,01-Within intersection,01-Clear,03-Dawn,INTERSECTION,
6746,15-080021,20150417,HURON RD @ HURON RD,03-At intersection,02-Thru lane,01-Clear,01-Daylight,INTERSECTION,
6747,14-271643,20141128,HURON RD @ HURON RD,03-At intersection,02-Thru lane,01-Clear,01-Daylight,INTERSECTION,
6748,15-040401,20150224,STRASBURG RD @ HURON RD,03-At intersection,01-Within intersection,01-Clear,01-Daylight,INTERSECTION,
6749,15-041304,20150225,KING ST E @ CAMERON ST S / CAMERON ST N,03-At intersection,01-Within intersection,01-Clear,01-Daylight,INTERSECTION,
6750,15-032514,20150212,CEDAR ST N @ KING ST E / CEDAR ST S,03-At intersection,01-Within intersection,01-Clear,"08-Dark, artificial",INTERSECTION,
6751,14-138144,20140620,KING ST E @ DANE ST,03-At intersection,02-Thru lane,01-Clear,01-Daylight,INTERSECTION,
6752,15-091914,20150502,KING ST E @ PANDORA AVE N / PANDORA AVE S,02-Intersection related,02-Thru lane,01-Clear,01-Daylight,INTERSECTION,
6753,15-029268,20150208,LAURENTIAN DR @ BLOCK LINE RD,03-At intersection,02-Thru lane,03-Snow,"08-Dark, artificial",INTERSECTION,
6754,14-286570,20141219,MAX BECKER DR @ BRIDLEWREATH ST,03-At intersection,01-Within intersection,01-Clear,01-Daylight,INTERSECTION,
6755,15-062354,20150316,MAX BECKER DR @ BRIDLEWREATH ST,02-Intersection related,02-Thru lane,01-Clear,"08-Dark, artificial",INTERSECTION,
6756,15-123607,20150611,STRASBURG RD @ HURON RD,03-At intersection,01-Within intersection,01-Clear,01-Daylight,INTERSECTION,
6757,15-004388,20150107,BATTLER RD @ HURON RD,03-At intersection,01-Within intersection,01-Clear,01-Daylight,INTERSECTION,
6758,15-110088,20150525,KING ST W @ ONTARIO ST S / ONTARIO ST N,03-At intersection,01-Within intersection,01-Clear,01-Daylight,INTERSECTION,
6759,15-074866,20150411,LAWRENCE AVE @ HIGHLAND RD W,02-Intersection related,02-Thru lane,01-Clear,01-Daylight,INTERSECTION,
6760,15-002809,20150105,LORRAINE AVE @ CARSON DR,03-At intersection,02-Thru lane,03-Snow,01-Daylight,INTERSECTION,
6761,15-052576,20150312,RIVER RD E @ LORRAINE AVE,02-Intersection related,03-Left turn lane,01-Clear,01-Daylight,INTERSECTION,
6762,15-033268,20150213,TRILLIUM DR @ MCBRINE DR,03-At intersection,01-Within intersection,03-Snow,"08-Dark, artificial",INTERSECTION,
6763,15-006091,20150109,WESTHEIGHTS DR @ MCGARRY DR,02-Intersection related,02-Thru lane,03-Snow,05-Dusk,INTERSECTION,
6764,15-049817,20150309,MEADOW WOODS CRES @ ROLLING MEADOWS DR,02-Intersection related,02-Thru lane,01-Clear,01-Daylight,INTERSECTION,
6765,14-270669,20141128,ISAIAH PL @ ISAIAH DR,02-Intersection related,02-Thru lane,01-Clear,01-Daylight,INTERSECTION,
6766,15-041090,20150225,KING ST W @ ONTARIO ST S / ONTARIO ST N,03-At intersection,01-Within intersection,01-Clear,01-Daylight,INTERSECTION,
6767,17-000826,20170101,BRIDLEWREATH ST @ DONNENWERTH DR,02-Intersection related,02-Thru lane,01-Clear,"08-Dark, artificial",INTERSECTION,
6768,16-258720,20161123,PIONEER DR @ DOON VILLAGE RD,02-Intersection related,02-Thru lane,02-Rain,"08-Dark, artificial",INTERSECTION,
6769,16-204624,20160916,RIVER RD E @ GIBSON DR,02-Intersection related,02-Thru lane,01-Clear,01-Daylight,INTERSECTION,
6770,16-250137,20161112,HOMER WATSON BLVD @ HOFFMAN ST,02-Intersection related,02-Thru lane,01-Clear,"08-Dark, artificial",INTERSECTION,
6771,16-259906,20161125,HOMER WATSON BLVD @ HOFFMAN ST,02-Intersection related,02-Thru lane,02-Rain,07-Dark,INTERSECTION,
6772,16-260075,20161125,WABANAKI DR @ WILSON AVE,02-Intersection related,11-Not on roadway - right side,02-Rain,07-Dark,INTERSECTION,
6773,16-273053,20161213,CEDAR ST N @ KING ST E / CEDAR ST S,02-Intersection related,04-Right turn lane,01-Clear,01-Daylight,INTERSECTION,
6774,17-006625,20170109,CEDAR ST N @ KING ST E / CEDAR ST S,02-Intersection related,02-Thru lane,03-Snow,01-Daylight,INTERSECTION,
6775,16-277302,20161219,DEER RIDGE DR @ FALL HARVEST DR,02-Intersection related,02-Thru lane,01-Clear,01-Daylight,INTERSECTION,
6776,16-269421,20161208,WESTHEIGHTS DR @ ROLLING MEADOWS DR,02-Intersection related,02-Thru lane,01-Clear,01-Daylight,INTERSECTION,
6777,16-261364,20161127,QUEEN ST S @ JOSEPH ST,02-Intersection related,02-Thru lane,01-Clear,07-Dark,INTERSECTION,
6778,16-127162,20160613,KINGSWAY DR @ GREENFIELD AVE,03-At intersection,01-Within intersection,01-Clear,01-Daylight,INTERSECTION,
6779,16-126769,20160613,WESTMOUNT RD W @ QUEENS BLVD / WESTMOUNT RD E,02-Intersection related,02-Thru lane,01-Clear,01-Daylight,INTERSECTION,
6780,16-115225,20160530,JUBILEE DR @ DAVID ST / COURTLAND AVE W,02-Intersection related,02-Thru lane,01-Clear,01-Daylight,INTERSECTION,
6781,16-173454,20160809,STIRLING AVE S @ HIGHLAND RD E,02-Intersection related,03-Left turn lane,01-Clear,01-Daylight,INTERSECTION,
6782,16-161882,20160726,UNION BLVD @ BELMONT AVE W,02-Intersection related,02-Thru lane,01-Clear,01-Daylight,INTERSECTION,
6783,16-207177,20160919,WELLINGTON ST N @ MARGARET AVE,02-Intersection related,02-Thru lane,01-Clear,01-Daylight,INTERSECTION,
6784,15-164061,20150802,WESTHEIGHTS DR @ BLACKWELL DR,02-Intersection related,02-Thru lane,02-Rain,01-Daylight,INTERSECTION,
6785,16-187005,20160826,GOODRICH DR @ WILSON AVE,03-At intersection,01-Within intersection,01-Clear,01-Daylight,INTERSECTION,
6786,16-175819,20160812,PEBBLECREEK DR @ ZELLER DR,03-At intersection,01-Within intersection,01-Clear,01-Daylight,INTERSECTION,