OBJECTID,ACCIDENTNUM,ACCIDENTDATE,LOCATION,ACCIDENT_LOCATION,IMPACT_LOCATION,ENVIRONMENT_CONDITION,LIGHT,COLLISION_TYPE,TRAFFICCOLLISIONSID
6787,16-154892,20160717,DOON MILLS DR @ TILT DR,02-Intersection related,02-Thru lane,01-Clear,01-Daylight,INTERSECTION,
6788,16-196558,20160907,UNION BLVD @ AVONDALE AVE,03-At intersection,01-Within intersection,01-Clear,01-Daylight,INTERSECTION,
6789,16-189394,20160829,QUEENS BLVD @ BELMONT AVE W / BELMONT AVE E,03-At intersection,01-Within intersection,01-Clear,01-Daylight,INTERSECTION,
6790,16-197906,20160908,DAVID ST @ JOSEPH ST,02-Intersection related,09-Right shoulder,01-Clear,01-Daylight,INTERSECTION,
6791,16-196873,20160907,RICHMOND AVE @ JOSEPH ST,02-Intersection related,02-Thru lane,01-Clear,01-Daylight,INTERSECTION,
6792,16-147585,20160708,KING ST E @ BETZNER AVE S / BETZNER AVE N,03-At intersection,01-Within intersection,01-Clear,01-Daylight,INTERSECTION,
6793,16-155047,20160717,KINGSWOOD DR @ SELKIRK DR,02-Intersection related,02-Thru lane,01-Clear,01-Daylight,INTERSECTION,
6794,16-187478,20160827,DUMFRIES AVE @ KRUG ST,03-At intersection,01-Within intersection,01-Clear,01-Daylight,INTERSECTION,
6795,16-180629,20160818,COUNTRY HILL DR @ CHERRY HILL DR,03-At intersection,01-Within intersection,01-Clear,01-Daylight,INTERSECTION,
6796,16-154392,20160716,JUBILEE DR @ DAVID ST / COURTLAND AVE W,02-Intersection related,02-Thru lane,01-Clear,07-Dark,INTERSECTION,
6797,16-165561,20160730,LORRAINE AVE @ MONTCALM DR,03-At intersection,01-Within intersection,01-Clear,01-Daylight,INTERSECTION,
6798,16-192202,20160901,MAX BECKER DR @ COMMONWEALTH ST,02-Intersection related,10-Not on roadway - left side,01-Clear,"08-Dark, artificial",INTERSECTION,
6799,16-190655,20160831,DUKE ST W @ LOUISA ST,03-At intersection,01-Within intersection,01-Clear,01-Daylight,INTERSECTION,
6800,16-172511,20160808,FAIRFIELD AVE @ ST LEGER ST,03-At intersection,01-Within intersection,01-Clear,01-Daylight,INTERSECTION,
6801,16-191511,20160901,DOMINION ST @ PARK ST,02-Intersection related,02-Thru lane,01-Clear,03-Dawn,INTERSECTION,
6802,16-159027,20160722,PARK ST @ GREEN ST,02-Intersection related,02-Thru lane,01-Clear,01-Daylight,INTERSECTION,
6803,16-186344,20160825,FRANKLIN ST N @ TRAFALGAR AVE,02-Intersection related,02-Thru lane,01-Clear,07-Dark,INTERSECTION,
6804,16-182902,20160821,FRANKLIN ST S @ KINGSWAY DR,03-At intersection,01-Within intersection,01-Clear,01-Daylight,INTERSECTION,
6805,16-176120,20160812,WILSON AVE @ FRANKLIN ST S,02-Intersection related,11-Not on roadway - right side,01-Clear,07-Dark,INTERSECTION,
6806,16-133019,20160620,KING ST E @ GATEWAY PARK DR / LIMERICK DR,02-Intersection related,04-Right turn lane,01-Clear,01-Daylight,INTERSECTION,
6807,16-156619,20160719,JOSEPH ST @ GAUKEL ST,03-At intersection,01-Within intersection,01-Clear,05-Dusk,INTERSECTION,
6808,16-198687,20160909,GRUHN ST @ GLASGOW ST,02-Intersection related,02-Thru lane,01-Clear,01-Daylight,INTERSECTION,
6809,16-142932,20160702,QUEEN ST S @ MILL ST,02-Intersection related,02-Thru lane,01-Clear,01-Daylight,INTERSECTION,
6810,16-185369,20160824,MITCHELL ST @ QUEEN ST S,02-Intersection related,02-Thru lane,01-Clear,01-Daylight,INTERSECTION,
6811,16-156653,20160719,QUEENS BLVD @ EAGEN DR,03-At intersection,01-Within intersection,01-Clear,05-Dusk,INTERSECTION,
6812,16-157004,20160720,OVERLEA DR @ RALGREEN CRES,02-Intersection related,02-Thru lane,01-Clear,07-Dark,INTERSECTION,
6813,16-181133,20160819,ONTARIO ST S @ HALLS LANE W,03-At intersection,01-Within intersection,01-Clear,01-Daylight,INTERSECTION,
6814,16-205425,20160917,RIVER RD E @ LORRAINE AVE,03-At intersection,01-Within intersection,02-Rain,01-Daylight,INTERSECTION,
6815,16-157942,20160721,SCENIC WOOD CRES @ THALER AVE,02-Intersection related,02-Thru lane,01-Clear,01-Daylight,INTERSECTION,
6816,16-145483,20160705,HEIMAN ST @ LORNE AVE / HUGO CRES,03-At intersection,01-Within intersection,01-Clear,01-Daylight,INTERSECTION,
6817,16-199538,20160910,STRASBURG RD @ HURON RD,03-At intersection,01-Within intersection,01-Clear,01-Daylight,INTERSECTION,
6818,16-179322,20160817,MONTCALM DR @ INDIAN RD,02-Intersection related,09-Right shoulder,01-Clear,"08-Dark, artificial",INTERSECTION,
6819,16-219563,20161004,RUSSEL ST @ STIRLING AVE S,02-Intersection related,02-Thru lane,01-Clear,01-Daylight,INTERSECTION,
6820,16-249555,20161111,PARKVALE DR @ PARKVALE CRT,02-Intersection related,02-Thru lane,01-Clear,07-Dark,INTERSECTION,
6821,15-068255,20150402,LOUISA ST @ MOORE AVE,03-At intersection,01-Within intersection,01-Clear,01-Daylight,INTERSECTION,
6822,14-245810,20141027,LOUISA ST @ ST LEGER ST,03-At intersection,01-Within intersection,01-Clear,01-Daylight,INTERSECTION,
6823,15-060955,20150323,COURTLAND AVE E @ BALZER RD,02-Intersection related,02-Thru lane,01-Clear,01-Daylight,INTERSECTION,
6824,14-231370,20141009,COURTLAND AVE E @ BALZER RD,02-Intersection related,02-Thru lane,01-Clear,01-Daylight,INTERSECTION,
6825,15-124369,20150612,BELMONT AVE W @ GAGE AVE,03-At intersection,01-Within intersection,01-Clear,01-Daylight,INTERSECTION,
6826,15-050712,20150310,GLASGOW ST @ BELMONT AVE W,02-Intersection related,04-Right turn lane,01-Clear,01-Daylight,INTERSECTION,
6827,14-225765,20141002,GLASGOW ST @ BELMONT AVE W,02-Intersection related,02-Thru lane,01-Clear,01-Daylight,INTERSECTION,
6828,15-099201,20150511,BELMONT AVE W @ METZLOFF DR,03-At intersection,01-Within intersection,01-Clear,01-Daylight,INTERSECTION,
6829,14-285091,20141217,BLOCK LINE RD @ STRASBURG RD,03-At intersection,01-Within intersection,01-Clear,05-Dusk,INTERSECTION,
6830,14-268591,20141125,CEDAR ST S @ CHURCH ST,03-At intersection,01-Within intersection,01-Clear,01-Daylight,INTERSECTION,
6831,15-102396,20150515,CEDAR ST S @ CHURCH ST,03-At intersection,01-Within intersection,01-Clear,01-Daylight,INTERSECTION,
6832,14-210160,20140914,CHANDLER DR @ STRASBURG RD,02-Intersection related,02-Thru lane,01-Clear,01-Daylight,INTERSECTION,
6833,14-209697,20140913,CHARLES ST E @ BENTON ST,03-At intersection,01-Within intersection,01-Clear,01-Daylight,INTERSECTION,
6834,15-124355,20150612,CHURCH ST @ MADISON AVE S,02-Intersection related,11-Not on roadway - right side,01-Clear,01-Daylight,INTERSECTION,
6835,15-026384,20150205,DOON VALLEY DR @ CONESTOGA COLLEGE BLVD,02-Intersection related,02-Thru lane,01-Clear,01-Daylight,INTERSECTION,
6836,14-219634,20140925,CONNAUGHT ST @ NINTH AVE,02-Intersection related,01-Within intersection,01-Clear,01-Daylight,INTERSECTION,
6837,15-014077,20150119,CONNAUGHT ST @ EIGHTH AVE,03-At intersection,01-Within intersection,01-Clear,"08-Dark, artificial",INTERSECTION,
6838,15-116622,20150602,CONNAUGHT ST @ THIRD AVE,03-At intersection,01-Within intersection,01-Clear,01-Daylight,INTERSECTION,
6839,15-047019,20150305,CHARLES ST E @ SYDNEY ST S,03-At intersection,01-Within intersection,01-Clear,01-Daylight,INTERSECTION,
6840,15-102366,20150515,COUNTRY HILL DR @ BLOCK LINE RD,02-Intersection related,02-Thru lane,01-Clear,01-Daylight,INTERSECTION,
6841,15-016529,20150123,JUBILEE DR @ DAVID ST / COURTLAND AVE W,02-Intersection related,02-Thru lane,01-Clear,07-Dark,INTERSECTION,
6842,15-044785,20150302,SCHNEIDER AVE @ DAVID ST,02-Intersection related,02-Thru lane,03-Snow,01-Daylight,INTERSECTION,
6843,15-043340,20150227,DENLOW ST @ NOMAD CRT,02-Intersection related,02-Thru lane,01-Clear,"08-Dark, artificial",INTERSECTION,
6844,15-018546,20150125,BRIDLEWREATH ST @ DONNENWERTH DR,03-At intersection,01-Within intersection,01-Clear,01-Daylight,INTERSECTION,
6845,14-271135,20141128,ACTIVA AVE @ DAVID BERGEY DR,02-Intersection related,02-Thru lane,01-Clear,01-Daylight,INTERSECTION,
6846,15-102423,20150515,DOON SOUTH DR @ FOREST EDGE TRAIL,02-Intersection related,02-Thru lane,01-Clear,01-Daylight,INTERSECTION,
6847,15-018032,20150124,HOMER WATSON BLVD @ DOON SOUTH DR,02-Intersection related,12-Off highway,03-Snow,07-Dark,INTERSECTION,
6848,14-293181,20141230,HOMER WATSON BLVD @ MANITOU DR / DOON VILLAGE RD,02-Intersection related,02-Thru lane,01-Clear,01-Daylight,INTERSECTION,
6849,15-008844,20150113,FARRIER DR @ DOON VILLAGE RD / MILLWOOD CRES,03-At intersection,03-Left turn lane,01-Clear,01-Daylight,INTERSECTION,
6850,15-099425,20150511,PIONEER DR @ DOON VILLAGE RD,03-At intersection,01-Within intersection,02-Rain,05-Dusk,INTERSECTION,
6851,15-059920,20150322,DOON VILLAGE RD @ MILLWOOD CRES,02-Intersection related,10-Not on roadway - left side,01-Clear,07-Dark,INTERSECTION,
6852,15-111789,20150527,CONNAUGHT ST @ FOURTH AVE,03-At intersection,01-Within intersection,01-Clear,01-Daylight,INTERSECTION,
6853,14-267832,20141124,ORCHARD MILL CRES @ DOON VALLEY DR,02-Intersection related,02-Thru lane,01-Clear,01-Daylight,INTERSECTION,
6854,15-056112,20150317,PIONEER DR @ DOON VILLAGE RD,03-At intersection,01-Within intersection,01-Clear,01-Daylight,INTERSECTION,
6855,15-051532,20150311,CEDAR ST N @ DUKE ST E,03-At intersection,01-Within intersection,01-Clear,01-Daylight,INTERSECTION,
6856,15-024876,20150203,KENNETH AVE @ FRANKLIN ST N,03-At intersection,01-Within intersection,01-Clear,01-Daylight,INTERSECTION,
6857,14-269495,20141126,OTTAWA ST N @ FRANKLIN ST N,02-Intersection related,02-Thru lane,01-Clear,07-Dark,INTERSECTION,
6858,15-036921,20150219,AHRENS ST W @ GUELPH ST,02-Intersection related,02-Thru lane,01-Clear,01-Daylight,INTERSECTION,
6859,15-044281,20150301,GUELPH ST @ ST VINCENT ST / ARNOLD ST,03-At intersection,01-Within intersection,01-Clear,01-Daylight,INTERSECTION,
6860,15-031780,20150212,HALIFAX DR @ NATCHEZ RD,02-Intersection related,11-Not on roadway - right side,03-Snow,"08-Dark, artificial",INTERSECTION,
6861,15-107827,20150522,DUKE ST W @ COLLEGE ST,02-Intersection related,02-Thru lane,01-Clear,01-Daylight,INTERSECTION,
6862,14-263359,20141118,QUEEN ST N @ DUKE ST E / DUKE ST W,03-At intersection,01-Within intersection,03-Snow,01-Daylight,INTERSECTION,
6863,15-077637,20150413,GAUKEL ST @ HALLS LANE W,02-Intersection related,02-Thru lane,01-Clear,01-Daylight,INTERSECTION,
6864,14-238599,20141018,EBY ST S @ HALLS LANE E,03-At intersection,02-Thru lane,01-Clear,01-Daylight,INTERSECTION,
6865,15-065995,20150330,EAGEN DR @ OVERLEA DR,03-At intersection,01-Within intersection,03-Snow,01-Daylight,INTERSECTION,
6866,15-133793,20150624,EAGEN DR @ OVERLEA DR,03-At intersection,01-Within intersection,01-Clear,01-Daylight,INTERSECTION,
6867,15-084387,20150423,HANSON AVE @ HAYWARD AVE,02-Intersection related,02-Thru lane,03-Snow,01-Daylight,INTERSECTION,
6868,15-114707,20150531,HAZELGLEN DR @ MOOREGATE CRES,03-At intersection,01-Within intersection,02-Rain,"08-Dark, artificial",INTERSECTION,
6869,15-094714,20150506,STIRLING AVE N @ EAST AVE,03-At intersection,01-Within intersection,01-Clear,01-Daylight,INTERSECTION,
6870,15-022771,20150131,FIRST AVE @ ECKERT ST,02-Intersection related,10-Not on roadway - left side,01-Clear,"08-Dark, artificial",INTERSECTION,
6871,14-235556,20141014,GATEWAY PARK DR @ TU LANE ST,03-At intersection,01-Within intersection,02-Rain,01-Daylight,INTERSECTION,
6872,15-045145,20150302,HEIMAN ST @ HIGHLAND RD E,03-At intersection,01-Within intersection,01-Clear,"08-Dark, artificial",INTERSECTION,
6873,15-090292,20150430,MILL ST @ HEIMAN ST,02-Intersection related,02-Thru lane,01-Clear,01-Daylight,INTERSECTION,
6874,15-020120,20150127,CONNAUGHT ST @ EIGHTH AVE,03-At intersection,01-Within intersection,01-Clear,05-Dusk,INTERSECTION,
6875,15-045542,20150303,GLASGOW ST @ BELMONT AVE W,02-Intersection related,03-Left turn lane,03-Snow,01-Daylight,INTERSECTION,
6876,15-089898,20150430,GLASGOW ST @ BELMONT AVE W,03-At intersection,01-Within intersection,01-Clear,01-Daylight,INTERSECTION,
6877,15-110681,20150526,GLASGOW ST @ PARK ST,03-At intersection,01-Within intersection,01-Clear,01-Daylight,INTERSECTION,
6878,16-258714,20161124,THE COUNTRY WAY @ NICHOLE CRES,02-Intersection related,02-Thru lane,01-Clear,01-Daylight,INTERSECTION,
6879,16-250857,20161113,RUSSEL ST @ SPADINA RD E,02-Intersection related,02-Thru lane,01-Clear,"08-Dark, artificial",INTERSECTION,
6880,16-227478,20161014,BIRKSHIRE CRT @ LORRAINE AVE,02-Intersection related,02-Thru lane,01-Clear,01-Daylight,INTERSECTION,
6881,16-212835,20160926,DOON VALLEY DR @ CONESTOGA COLLEGE BLVD,02-Intersection related,02-Thru lane,02-Rain,01-Daylight,INTERSECTION,
6882,16-199454,20160910,GUELPH ST @ ST LEGER ST,02-Intersection related,02-Thru lane,99-Other,01-Daylight,INTERSECTION,
6883,16-242014,20161102,MT HOPE ST @ PARK ST,03-At intersection,01-Within intersection,01-Clear,01-Daylight,INTERSECTION,
6884,16-150866,20160712,MT HOPE ST @ PARK ST,03-At intersection,01-Within intersection,01-Clear,01-Daylight,INTERSECTION,
6885,16-248629,20161110,CEDAR ST S @ CHURCH ST,03-At intersection,01-Within intersection,01-Clear,01-Daylight,INTERSECTION,
6886,16-247183,20161108,STRASBURG RD @ HURON RD,03-At intersection,01-Within intersection,02-Rain,"08-Dark, artificial",INTERSECTION,
6887,16-177902,20160814,HURON RD @ HURON RD,03-At intersection,05-Right turn channel,01-Clear,01-Daylight,INTERSECTION,
6888,16-250483,20161112,BATTLER RD @ HURON RD,03-At intersection,01-Within intersection,01-Clear,07-Dark,INTERSECTION,
6889,15-227394,20151023,ZELLER DR @ WILD MEADOW ST,02-Intersection related,02-Thru lane,01-Clear,01-Daylight,INTERSECTION,
6890,15-232748,20151030,YORK ST @ MT HOPE ST,03-At intersection,01-Within intersection,01-Clear,01-Daylight,INTERSECTION,
6891,15-220164,20151013,WABANAKI DR @ WILSON AVE,03-At intersection,01-Within intersection,01-Clear,01-Daylight,INTERSECTION,
6892,15-241743,20151110,UPPER CANADA DR @ DOON VILLAGE RD,02-Intersection related,02-Thru lane,02-Rain,01-Daylight,INTERSECTION,
6893,15-253678,20151126,WILSON AVE @ WEBSTER RD,03-At intersection,01-Within intersection,01-Clear,01-Daylight,INTERSECTION,
6894,15-199863,20150918,WILSON AVE @ WEBSTER RD,03-At intersection,01-Within intersection,01-Clear,07-Dark,INTERSECTION,
6895,15-063305,20150326,WEBER ST E @ KINZIE AVE,02-Intersection related,02-Thru lane,01-Clear,01-Daylight,INTERSECTION,
6896,15-236336,20151103,WATERLOO ST @ WELLINGTON ST N,03-At intersection,01-Within intersection,01-Clear,01-Daylight,INTERSECTION,
6897,15-220295,20151013,WATER ST N @ DUKE ST W,02-Intersection related,02-Thru lane,02-Rain,07-Dark,INTERSECTION,
6898,15-226162,20151021,UNION BLVD @ PARK ST,03-At intersection,01-Within intersection,01-Clear,01-Daylight,INTERSECTION,
6899,15-238996,20151106,UNION BLVD @ PARK ST,03-At intersection,01-Within intersection,01-Clear,"08-Dark, artificial",INTERSECTION,
6900,15-197041,20150914,WILSON AVE @ FAIRWAY RD S,02-Intersection related,04-Right turn lane,01-Clear,01-Daylight,INTERSECTION,
6901,15-187991,20150903,WILSON AVE @ FAIRWAY RD S,02-Intersection related,04-Right turn lane,01-Clear,01-Daylight,INTERSECTION,
6902,15-208868,20150929,WILDERNESS DR @ BUSH CLOVER CRES / ACTIVA AVE,02-Intersection related,02-Thru lane,01-Clear,01-Daylight,INTERSECTION,
6903,15-248835,20151119,WATER ST N @ DUKE ST W,02-Intersection related,02-Thru lane,01-Clear,01-Daylight,INTERSECTION,
6904,15-205161,20150924,WABANAKI DR @ WILSON AVE,03-At intersection,01-Within intersection,01-Clear,"08-Dark, artificial",INTERSECTION,
6905,15-247265,20151117,WABANAKI DR @ WILSON AVE,03-At intersection,01-Within intersection,01-Clear,07-Dark,INTERSECTION,
6906,15-218368,20151011,STIRLING AVE S @ MILL ST,02-Intersection related,11-Not on roadway - right side,01-Clear,"08-Dark, artificial",INTERSECTION,
6907,15-259324,20151203,WESTHEIGHTS DR @ TRAILVIEW DR,02-Intersection related,02-Thru lane,02-Rain,07-Dark,INTERSECTION,
6908,15-247253,20151117,WELLINGTON ST N @ MOORE AVE,02-Intersection related,02-Thru lane,01-Clear,05-Dusk,INTERSECTION,
6909,15-242514,20151111,WELLINGTON ST N @ MARGARET AVE,03-At intersection,01-Within intersection,01-Clear,01-Daylight,INTERSECTION,
6910,15-238851,20151106,PEBBLECREEK DR @ LANDGREN CRT / COLTON CIR,02-Intersection related,09-Right shoulder,01-Clear,01-Daylight,INTERSECTION,
6911,15-208415,20150928,MCGARRY DR @ ROYAL ORCHARD DR,03-At intersection,01-Within intersection,01-Clear,01-Daylight,INTERSECTION,
6912,15-244935,20151114,MAX BECKER DR @ LEMONBALM ST / ACTIVA AVE,02-Intersection related,02-Thru lane,02-Rain,01-Daylight,INTERSECTION,
6913,15-037054,20150219,HOMER WATSON BLVD @ OTTAWA ST S,02-Intersection related,02-Thru lane,99-Other,01-Daylight,INTERSECTION,
6914,15-227665,20151023,FOREST HILL DR @ BIRCHCLIFF AVE,02-Intersection related,09-Right shoulder,01-Clear,01-Daylight,INTERSECTION,
6915,15-241693,20151110,FIRST AVE @ ECKERT ST,02-Intersection related,02-Thru lane,02-Rain,01-Daylight,INTERSECTION,
6916,15-219693,20151013,FERGUS AVE @ RUTHERFORD DR,02-Intersection related,09-Right shoulder,01-Clear,01-Daylight,INTERSECTION,
6917,15-232196,20151029,PATRICIA AVE @ QUEENS BLVD,02-Intersection related,02-Thru lane,06-Strong wind,"08-Dark, artificial",INTERSECTION,
6918,15-221703,20151015,EBY ST S @ EBY ST N / KING ST E,02-Intersection related,02-Thru lane,01-Clear,01-Daylight,INTERSECTION,
6919,15-188808,20150904,MADISON AVE N @ KING ST E / MADISON AVE S,02-Intersection related,02-Thru lane,01-Clear,01-Daylight,INTERSECTION,
6920,15-228688,20151024,HILLMOUNT ST @ SHELLEY DR,02-Intersection related,11-Not on roadway - right side,01-Clear,01-Daylight,INTERSECTION,
6921,15-192153,20150908,COURTLAND AVE E @ SHELLEY DR,03-At intersection,01-Within intersection,01-Clear,01-Daylight,INTERSECTION,
6922,15-254531,20151127,EBY ST S @ EBY ST N / KING ST E,03-At intersection,09-Right shoulder,01-Clear,01-Daylight,INTERSECTION,
6923,15-230378,20151027,CHARLES ST E @ SYDNEY ST S,03-At intersection,01-Within intersection,01-Clear,01-Daylight,INTERSECTION,
6924,15-213695,20151005,CEDAR ST S @ CHURCH ST,03-At intersection,01-Within intersection,01-Clear,01-Daylight,INTERSECTION,
6925,15-223271,20151017,CEDAR ST N @ KING ST E / CEDAR ST S,02-Intersection related,02-Thru lane,01-Clear,01-Daylight,INTERSECTION,
6926,15-180291,20150824,CEDAR ST N @ DUKE ST E,03-At intersection,01-Within intersection,01-Clear,01-Daylight,INTERSECTION,
6927,15-252144,20151124,CHERRY ST @ STRANGE ST,02-Intersection related,02-Thru lane,01-Clear,01-Daylight,INTERSECTION,
6928,15-221578,20151015,BLOCK LINE RD @ STRASBURG RD,02-Intersection related,03-Left turn lane,01-Clear,01-Daylight,INTERSECTION,
6929,15-213359,20151005,BLOCK LINE RD @ STRASBURG RD,03-At intersection,01-Within intersection,02-Rain,07-Dark,INTERSECTION,
6930,15-109928,20150525,CEDAR ST S @ CHURCH ST,03-At intersection,01-Within intersection,01-Clear,01-Daylight,INTERSECTION,
6931,15-231249,20151028,BELMONT AVE W @ ROCK AVE,02-Intersection related,02-Thru lane,02-Rain,01-Daylight,INTERSECTION,
6932,15-228330,20151023,SHANLEY ST @ WATERLOO ST,03-At intersection,01-Within intersection,01-Clear,01-Daylight,INTERSECTION,
6933,15-246187,20151116,SAMUEL ST @ KRUG ST,03-At intersection,01-Within intersection,01-Clear,01-Daylight,INTERSECTION,
6934,15-035818,20150217,MADISON AVE N @ KING ST E / MADISON AVE S,03-At intersection,01-Within intersection,01-Clear,01-Daylight,INTERSECTION,
6935,15-064664,20150327,HERITAGE DR @ LORRAINE AVE,02-Intersection related,02-Thru lane,01-Clear,01-Daylight,INTERSECTION,
6936,15-033707,20150213,GLASGOW ST @ PARK ST,02-Intersection related,02-Thru lane,03-Snow,07-Dark,INTERSECTION,
6937,15-120256,20150607,GLASGOW ST @ KNELL DR,02-Intersection related,02-Thru lane,01-Clear,07-Dark,INTERSECTION,
6938,15-011397,20150116,DEER RIDGE DR @ GRAND HILL DR,03-At intersection,99-Other,01-Clear,01-Daylight,INTERSECTION,
6939,15-078072,20150415,ELM RIDGE DR @ HILLBROOK CRES,03-At intersection,01-Within intersection,01-Clear,01-Daylight,INTERSECTION,
6940,15-006556,20150109,HIGHLAND RD E @ SPADINA RD E,02-Intersection related,02-Thru lane,01-Clear,01-Daylight,INTERSECTION,
6941,15-046044,20150303,HIGHLAND RD E @ SPADINA RD E,03-At intersection,01-Within intersection,03-Snow,01-Daylight,INTERSECTION,
6942,14-201798,20140905,FISCHER HALLMAN RD @ FOREST HILL DR,03-At intersection,02-Thru lane,01-Clear,01-Daylight,INTERSECTION,
6943,15-024575,20150202,KINGSWAY DR @ GREENFIELD AVE,02-Intersection related,02-Thru lane,01-Clear,01-Daylight,INTERSECTION,
6944,15-090103,20150429,HOFFMAN ST @ KEHL ST,02-Intersection related,02-Thru lane,01-Clear,01-Daylight,INTERSECTION,
6945,15-043679,20150228,HOLBORN DR @ OLD CHICOPEE DR,02-Intersection related,02-Thru lane,01-Clear,01-Daylight,INTERSECTION,
6946,15-074070,20150410,TRILLIUM DR @ BEASLEY DR,03-At intersection,01-Within intersection,01-Clear,01-Daylight,INTERSECTION,
6947,14-276262,20141205,CHURCH ST @ BENTON ST,03-At intersection,02-Thru lane,01-Clear,"08-Dark, artificial",INTERSECTION,
6948,15-128618,20150617,SHIRLEY DR @ BINGEMANS CENTRE DR,03-At intersection,01-Within intersection,01-Clear,01-Daylight,INTERSECTION,
6949,15-005306,20150108,ST LEGER ST @ BREITHAUPT ST,02-Intersection related,02-Thru lane,01-Clear,01-Daylight,INTERSECTION,
6950,14-207949,20140911,BRIDLEWREATH ST @ DONNENWERTH DR,03-At intersection,01-Within intersection,01-Clear,01-Daylight,INTERSECTION,
6951,14-208429,20140912,SIMEON ST @ BINGEMAN ST,02-Intersection related,11-Not on roadway - right side,01-Clear,01-Daylight,INTERSECTION,
6952,15-023802,20150129,FOREST HILL DR @ BIRCHCLIFF AVE,03-At intersection,02-Thru lane,01-Clear,01-Daylight,INTERSECTION,
6953,15-030461,20150210,HOLBORN DR @ BLACKFRIARS PL,02-Intersection related,11-Not on roadway - right side,03-Snow,01-Daylight,INTERSECTION,
6954,14-223217,20140929,BRUNSWICK AVE @ GUELPH ST,03-At intersection,01-Within intersection,01-Clear,01-Daylight,INTERSECTION,
6955,14-285287,20141217,ACTIVA AVE @ MAX BECKER DR,03-At intersection,01-Within intersection,01-Clear,"02-Daylight, artificial",INTERSECTION,
6956,15-066834,20150331,ACTIVA AVE @ BRIDLEWREATH ST,02-Intersection related,02-Thru lane,01-Clear,01-Daylight,INTERSECTION,
6957,15-011829,20150117,ACTIVA AVE @ BRIDLEWREATH ST,03-At intersection,01-Within intersection,01-Clear,"08-Dark, artificial",INTERSECTION,
6958,15-023731,20150201,GLASGOW ST @ BELMONT AVE W,03-At intersection,01-Within intersection,01-Clear,01-Daylight,INTERSECTION,
6959,14-291331,20141227,GLASGOW ST @ BELMONT AVE W,03-At intersection,01-Within intersection,01-Clear,01-Daylight,INTERSECTION,
6960,14-211854,20140915,BELMONT AVE W @ HIGHLAND RD W,03-At intersection,01-Within intersection,02-Rain,"08-Dark, artificial",INTERSECTION,
6961,15-026411,20150204,BELMONT AVE W @ KARN ST,03-At intersection,02-Thru lane,03-Snow,01-Daylight,INTERSECTION,
6962,15-122898,20150610,BLACKHORNE DR @ MCLENNAN PARK GATE,03-At intersection,01-Within intersection,01-Clear,01-Daylight,INTERSECTION,
6963,15-108212,20150523,BLACKWELL DR @ MONTEAGLE CRES,02-Intersection related,02-Thru lane,01-Clear,01-Daylight,INTERSECTION,
6964,14-264143,20141119,NINTH AVE @ CAIT AVE,02-Intersection related,10-Not on roadway - left side,03-Snow,07-Dark,INTERSECTION,
6965,15-041187,20150225,ACTIVA AVE @ BRIDLEWREATH ST,02-Intersection related,02-Thru lane,01-Clear,01-Daylight,INTERSECTION,
6966,14-286383,20141217,MAX BECKER DR @ LEMONBALM ST / ACTIVA AVE,03-At intersection,02-Thru lane,03-Snow,"08-Dark, artificial",INTERSECTION,
6967,15-045353,20150303,BURN PL @ BELMONT AVE W,02-Intersection related,02-Thru lane,02-Rain,01-Daylight,INTERSECTION,
6968,14-245062,20141026,COUNTRY HILL DR @ BLOCK LINE RD,02-Intersection related,02-Thru lane,01-Clear,01-Daylight,INTERSECTION,
6969,15-095228,20150506,BLOCK LINE RD @ HANOVER ST,02-Intersection related,02-Thru lane,01-Clear,01-Daylight,INTERSECTION,
6970,14-274018,20141202,BLOCK LINE RD @ KINGSWOOD DR,03-At intersection,01-Within intersection,03-Snow,"08-Dark, artificial",INTERSECTION,
6971,15-026118,20150204,BELMONT AVE W @ CLAREMONT AVE,02-Intersection related,01-Within intersection,01-Clear,"08-Dark, artificial",INTERSECTION,
6972,15-037219,20150219,BELMONT AVE W @ CLAREMONT AVE,03-At intersection,01-Within intersection,01-Clear,01-Daylight,INTERSECTION,
6973,15-130310,20150619,BELMONT AVE W @ CLAREMONT AVE,03-At intersection,01-Within intersection,01-Clear,01-Daylight,INTERSECTION,
6974,15-024892,20150203,BELMONT AVE W @ GAGE AVE,03-At intersection,01-Within intersection,01-Clear,01-Daylight,INTERSECTION,