OBJECTID,ACCIDENTNUM,ACCIDENTDATE,LOCATION,ACCIDENT_LOCATION,IMPACT_LOCATION,ENVIRONMENT_CONDITION,LIGHT,COLLISION_TYPE,TRAFFICCOLLISIONSID
6975,15-023833,20150130,LAURENTIAN DR @ BLOCK LINE RD,03-At intersection,02-Thru lane,01-Clear,"08-Dark, artificial",INTERSECTION,
6976,15-001276,20150102,LAURENTIAN DR @ BLOCK LINE RD,03-At intersection,01-Within intersection,01-Clear,"08-Dark, artificial",INTERSECTION,
6977,15-009687,20150114,LENNOX LEWIS WAY @ BLOCK LINE RD,02-Intersection related,02-Thru lane,01-Clear,01-Daylight,INTERSECTION,
6978,14-277752,20141207,RITTENHOUSE RD @ BLOCK LINE RD,03-At intersection,01-Within intersection,01-Clear,"08-Dark, artificial",INTERSECTION,
6979,15-099016,20150511,CEDAR ST N @ DUKE ST E,03-At intersection,01-Within intersection,01-Clear,01-Daylight,INTERSECTION,
6980,15-010628,20150115,CEDAR ST N @ DUKE ST E,03-At intersection,01-Within intersection,01-Clear,01-Daylight,INTERSECTION,
6981,14-270344,20141127,ARDELT AVE @ HANSON AVE,03-At intersection,02-Thru lane,03-Snow,"08-Dark, artificial",INTERSECTION,
6982,15-061737,20150324,ARDELT AVE @ HANSON AVE,02-Intersection related,02-Thru lane,01-Clear,01-Daylight,INTERSECTION,
6983,14-233770,20141012,TRILLIUM DR @ STRASBURG RD,03-At intersection,01-Within intersection,01-Clear,01-Daylight,INTERSECTION,
6984,15-100715,20150513,TRILLIUM DR @ STRASBURG RD,03-At intersection,01-Within intersection,01-Clear,01-Daylight,INTERSECTION,
6985,15-031600,20150211,THE COUNTRY WAY @ TUERR DR,02-Intersection related,02-Thru lane,03-Snow,07-Dark,INTERSECTION,
6986,14-268251,20141107,THE COUNTRY WAY @ TUERR DR,02-Intersection related,02-Thru lane,01-Clear,01-Daylight,INTERSECTION,
6987,14-194017,20140827,DOON SOUTH DR @ THOMAS SLEE DR,02-Intersection related,02-Thru lane,01-Clear,01-Daylight,INTERSECTION,
6988,15-038485,20150221,UNION BLVD @ BELMONT AVE W,03-At intersection,01-Within intersection,03-Snow,01-Daylight,INTERSECTION,
6989,14-233761,20141012,UNION LANE @ UNION ST,03-At intersection,01-Within intersection,01-Clear,01-Daylight,INTERSECTION,
6990,15-022431,20150130,MARGARET AVE @ UNION ST,02-Intersection related,02-Thru lane,01-Clear,01-Daylight,INTERSECTION,
6991,15-056178,20150317,DUKE ST W @ WELLINGTON ST N,02-Intersection related,02-Thru lane,01-Clear,01-Daylight,INTERSECTION,
6992,14-226385,20141003,DUKE ST W @ WELLINGTON ST N,02-Intersection related,02-Thru lane,01-Clear,01-Daylight,INTERSECTION,
6993,15-062027,20150324,LAWRENCE AVE @ HIGHLAND RD W,02-Intersection related,11-Not on roadway - right side,01-Clear,07-Dark,INTERSECTION,
6994,15-242639,20151111,RIVER RD E @ RENNIE DR,02-Intersection related,02-Thru lane,01-Clear,07-Dark,INTERSECTION,
6995,15-166950,20150806,RIVER RD E @ OLD CHICOPEE DR,03-At intersection,01-Within intersection,01-Clear,01-Daylight,INTERSECTION,
6996,15-241087,20151109,RIVER RD E @ HOLBORN DR,02-Intersection related,02-Thru lane,01-Clear,07-Dark,INTERSECTION,
6997,15-229134,20151025,LAURENTIAN DR @ BLOCK LINE RD,02-Intersection related,02-Thru lane,01-Clear,01-Daylight,INTERSECTION,
6998,15-188822,20150904,KING ST W @ ONTARIO ST S / ONTARIO ST N,02-Intersection related,02-Thru lane,01-Clear,01-Daylight,INTERSECTION,
6999,15-229612,20151022,GRUHN ST @ GLASGOW ST,02-Intersection related,02-Thru lane,01-Clear,05-Dusk,INTERSECTION,
7000,15-234447,20151031,GREENGABLE WAY @ WESTFOREST TRAIL,03-At intersection,01-Within intersection,02-Rain,"08-Dark, artificial",INTERSECTION,
7001,15-231709,20151028,RIVER RD E @ HALLIWELL DR,02-Intersection related,02-Thru lane,02-Rain,"08-Dark, artificial",INTERSECTION,
7002,15-251912,20151122,NINTH AVE @ KINGSWAY DR,02-Intersection related,02-Thru lane,03-Snow,"08-Dark, artificial",INTERSECTION,
7003,15-199350,20150917,MORGAN AVE @ GREENDALE CRES,02-Intersection related,02-Thru lane,01-Clear,01-Daylight,INTERSECTION,
7004,15-254446,20151127,KING ST E @ DEER RIDGE DR,02-Intersection related,02-Thru lane,02-Rain,01-Daylight,INTERSECTION,
7005,16-189448,20160829,ELLEN ST W @ QUEEN ST N / ELLEN ST E,03-At intersection,01-Within intersection,01-Clear,01-Daylight,INTERSECTION,
7006,16-179982,20160817,QUEENS BLVD @ BELMONT AVE W / BELMONT AVE E,03-At intersection,01-Within intersection,02-Rain,05-Dusk,INTERSECTION,
7007,16-247195,20161108,WELLINGTON ST N @ SHIRLEY AVE / RIVERBEND DR,03-At intersection,01-Within intersection,02-Rain,"08-Dark, artificial",INTERSECTION,
7008,16-251884,20161115,DUKE ST W @ LOUISA ST,03-At intersection,03-Left turn lane,01-Clear,01-Daylight,INTERSECTION,
7009,16-197120,20160907,WILSON AVE @ KINGSWAY DR,03-At intersection,01-Within intersection,02-Rain,"08-Dark, artificial",INTERSECTION,
7010,16-232350,20161020,STIRLING AVE S @ HIGHLAND RD E,03-At intersection,01-Within intersection,02-Rain,01-Daylight,INTERSECTION,
7011,16-239072,20161029,KING ST E @ MORGAN AVE,03-At intersection,01-Within intersection,01-Clear,01-Daylight,INTERSECTION,
7012,16-249705,20161112,WELLINGTON ST N @ MOORE AVE,03-At intersection,01-Within intersection,01-Clear,"08-Dark, artificial",INTERSECTION,
7013,16-201703,20160913,VANIER DR @ BONIFACE AVE,03-At intersection,01-Within intersection,01-Clear,07-Dark,INTERSECTION,
7014,16-253806,20161117,PARK ST @ GREEN ST,03-At intersection,01-Within intersection,01-Clear,01-Daylight,INTERSECTION,
7015,16-245989,20161106,KINZIE AVE @ RIVER RD E,03-At intersection,01-Within intersection,01-Clear,01-Daylight,INTERSECTION,
7016,16-186144,20160825,TRILLIUM DR @ STRASBURG RD,03-At intersection,01-Within intersection,01-Clear,01-Daylight,INTERSECTION,
7017,16-247935,20161109,SHIRLEY DR @ BINGEMANS CENTRE DR,03-At intersection,01-Within intersection,01-Clear,"08-Dark, artificial",INTERSECTION,
7018,16-247259,20161108,FRANKLIN ST S @ KINGSWAY DR,03-At intersection,01-Within intersection,"07-Fog, mist, smoke, dust",07-Dark,INTERSECTION,
7019,16-212873,20160926,BORDEN AVE N @ KING ST E / BORDEN AVE S,03-At intersection,01-Within intersection,02-Rain,01-Daylight,INTERSECTION,
7020,16-252491,20161114,QUEENS BLVD @ EAGEN DR,03-At intersection,01-Within intersection,01-Clear,01-Daylight,INTERSECTION,
7021,16-243699,20161104,ROLLING MEADOWS DR @ CONNELLY DR,02-Intersection related,02-Thru lane,01-Clear,01-Daylight,INTERSECTION,
7022,16-238167,20161028,SHELLEY DR @ VANIER DR,03-At intersection,01-Within intersection,01-Clear,01-Daylight,INTERSECTION,
7023,16-256571,20161121,LENNOX LEWIS WAY @ BLOCK LINE RD,03-At intersection,01-Within intersection,01-Clear,01-Daylight,INTERSECTION,
7024,16-215367,20160929,HUBER ST @ JANSEN AVE,02-Intersection related,02-Thru lane,02-Rain,05-Dusk,INTERSECTION,
7025,16-212732,20160926,UNION BLVD @ PARK ST,02-Intersection related,03-Left turn lane,01-Clear,01-Daylight,INTERSECTION,
7026,16-235915,20161025,BURGETZ AVE @ THALER AVE,02-Intersection related,02-Thru lane,01-Clear,01-Daylight,INTERSECTION,
7027,16-242415,20161102,LORRAINE AVE @ CARSON DR,02-Intersection related,02-Thru lane,02-Rain,01-Daylight,INTERSECTION,
7028,16-255218,20161119,DUKE ST E @ EBY ST N,02-Intersection related,02-Thru lane,03-Snow,01-Daylight,INTERSECTION,
7029,16-223744,20161009,PIONEER DR @ BLACK WALNUT DR,02-Intersection related,02-Thru lane,01-Clear,01-Daylight,INTERSECTION,
7030,16-244089,20161104,WAKE ROBIN DR @ WAKE ROBIN CRES,02-Intersection related,09-Right shoulder,01-Clear,07-Dark,INTERSECTION,
7031,16-222232,20161007,WAVERLY RD @ STRANGE ST,03-At intersection,01-Within intersection,01-Clear,01-Daylight,INTERSECTION,
7032,16-114176,20160529,QUEENS BLVD @ BLUERIDGE AVE,03-At intersection,01-Within intersection,01-Clear,01-Daylight,INTERSECTION,
7033,16-220996,20161006,BLOCK LINE RD @ KINGSWOOD DR,03-At intersection,01-Within intersection,01-Clear,01-Daylight,INTERSECTION,
7034,16-232232,20161020,MANCHESTER RD @ RIVER RD E,03-At intersection,01-Within intersection,02-Rain,01-Daylight,INTERSECTION,
7035,16-247188,20161108,GATEWAY PARK DR @ TU LANE ST,02-Intersection related,02-Thru lane,02-Rain,"08-Dark, artificial",INTERSECTION,
7036,16-206282,20160918,COURTLAND AVE E @ STIRLING AVE S,02-Intersection related,02-Thru lane,01-Clear,01-Daylight,INTERSECTION,
7037,16-201230,20160912,CEDAR ST S @ CHURCH ST,02-Intersection related,01-Within intersection,01-Clear,01-Daylight,INTERSECTION,
7038,16-230804,20161018,STIRLING AVE S @ PLEASANT AVE,02-Intersection related,02-Thru lane,01-Clear,01-Daylight,INTERSECTION,
7039,16-253757,20161117,DOON SOUTH DR @ DOON VILLAGE RD,02-Intersection related,02-Thru lane,01-Clear,01-Daylight,INTERSECTION,
7040,16-211682,20160924,STIRLING AVE S @ KING ST E / STIRLING AVE N,02-Intersection related,04-Right turn lane,01-Clear,"08-Dark, artificial",INTERSECTION,
7041,16-245543,20161106,FISCHER HALLMAN RD @ QUEENS BLVD,02-Intersection related,11-Not on roadway - right side,01-Clear,01-Daylight,INTERSECTION,
7042,16-237290,20161027,STAUFFER DR @ REIDEL DR,02-Intersection related,11-Not on roadway - right side,02-Rain,01-Daylight,INTERSECTION,
7043,16-111416,20160526,VICTORIA ST N @ DUKE ST W,02-Intersection related,02-Thru lane,01-Clear,01-Daylight,INTERSECTION,
7044,16-181456,20160819,VICTORIA ST N @ DUKE ST W,02-Intersection related,02-Thru lane,01-Clear,01-Daylight,INTERSECTION,
7045,16-237457,20161027,BORDEN AVE N @ KING ST E / BORDEN AVE S,02-Intersection related,02-Thru lane,02-Rain,01-Daylight,INTERSECTION,
7046,16-211080,20160924,BORDEN AVE N @ KING ST E / BORDEN AVE S,02-Intersection related,03-Left turn lane,01-Clear,01-Daylight,INTERSECTION,
7047,16-224972,20161011,BORDEN AVE N @ KING ST E / BORDEN AVE S,02-Intersection related,03-Left turn lane,01-Clear,01-Daylight,INTERSECTION,
7048,16-257687,20161122,BELMONT AVE W @ GAGE AVE,02-Intersection related,02-Thru lane,01-Clear,07-Dark,INTERSECTION,
7049,15-114263,20150530,STRASBURG RD @ BARWOOD CRES,02-Intersection related,02-Thru lane,02-Rain,01-Daylight,INTERSECTION,
7050,15-116394,20150602,WATERLOO ST @ WELLINGTON ST N,03-At intersection,01-Within intersection,01-Clear,01-Daylight,INTERSECTION,
7051,13-132680,20130611,STIRLING AVE S @ KING ST E / STIRLING AVE N,03-At intersection,01-Within intersection,01-Clear,01-Daylight,INTERSECTION,
7052,13-139831,20130619,QUEENS BLVD @ HIGHLAND RD W / HIGHLAND RD E / QUEEN ST S,02-Intersection related,02-Thru lane,01-Clear,01-Daylight,INTERSECTION,
7053,13-140010,20130619,MITCHELL ST @ QUEEN ST S,02-Intersection related,09-Right shoulder,01-Clear,01-Daylight,INTERSECTION,
7054,13-140860,20130620,WILSON AVE @ TRAYNOR AVE,02-Intersection related,02-Thru lane,01-Clear,01-Daylight,INTERSECTION,
7055,13-144196,20130624,SECORD AVE @ CROSBY DR,02-Intersection related,02-Thru lane,01-Clear,01-Daylight,INTERSECTION,
7056,13-145384,20130625,HOMER WATSON BLVD @ HOFFMAN ST,03-At intersection,02-Thru lane,01-Clear,01-Daylight,INTERSECTION,
7057,14-11630,20140116,WABANAKI DR @ WILSON AVE,03-At intersection,01-Within intersection,03-Snow,"08-Dark, artificial",INTERSECTION,
7058,14-024224,20140201,WABANAKI DR @ WILSON AVE,03-At intersection,01-Within intersection,03-Snow,01-Daylight,INTERSECTION,
7059,14-020434,20140127,KING ST E @ FREDERICK ST / BENTON ST,02-Intersection related,02-Thru lane,01-Clear,01-Daylight,INTERSECTION,
7060,14-020906,20140128,EDWIN ST @ FAIRFIELD AVE,03-At intersection,01-Within intersection,01-Clear,01-Daylight,INTERSECTION,
7061,14-023148,20140131,UNION BLVD @ BELMONT AVE W,03-At intersection,01-Within intersection,01-Clear,03-Dawn,INTERSECTION,
7062,14-024453,20140201,UNION BLVD @ BELMONT AVE W,03-At intersection,01-Within intersection,03-Snow,01-Daylight,INTERSECTION,
7063,14-024019,20140201,UNION BLVD @ PARK ST,03-At intersection,01-Within intersection,03-Snow,03-Dawn,INTERSECTION,
7064,13-287133,20131212,RIVERBEND DR @ BRIDGEPORT RD,02-Intersection related,09-Right shoulder,03-Snow,07-Dark,INTERSECTION,
7065,14-005300,20140108,FREDERICK ST @ LANCASTER ST E / ELLEN ST E,02-Intersection related,02-Thru lane,01-Clear,01-Daylight,INTERSECTION,
7066,14-044505,20140227,QUEEN ST N @ DUKE ST E / DUKE ST W,02-Intersection related,03-Left turn lane,01-Clear,01-Daylight,INTERSECTION,
7067,14-044860,20140228,KARN ST @ BRYBECK CRES,02-Intersection related,01-Within intersection,01-Clear,01-Daylight,INTERSECTION,
7068,14-045774,20140301,DOON SOUTH DR @ DOON VILLAGE RD,03-At intersection,01-Within intersection,01-Clear,01-Daylight,INTERSECTION,
7069,14-046021,20140301,FRANKLIN ST N @ PROSPECT AVE,03-At intersection,01-Within intersection,01-Clear,01-Daylight,INTERSECTION,
7070,14-027909,20140205,WELLINGTON ST N @ MARGARET AVE,02-Intersection related,02-Thru lane,03-Snow,"08-Dark, artificial",INTERSECTION,
7071,14-027971,20140206,BLOCK LINE RD @ HANOVER ST,02-Intersection related,02-Thru lane,01-Clear,07-Dark,INTERSECTION,
7072,14-028440,20140206,MARLBOROUGH AVE @ BELMONT AVE W,02-Intersection related,02-Thru lane,01-Clear,,INTERSECTION,
7073,14-029230,20140207,PIONEER DR @ UPPER CANADA DR,03-At intersection,01-Within intersection,01-Clear,01-Daylight,INTERSECTION,
7074,14-029484,20140207,KING ST E @ PANDORA AVE N / PANDORA AVE S,03-At intersection,09-Right shoulder,01-Clear,"08-Dark, artificial",INTERSECTION,
7075,14-046082,20140301,CEDAR ST N @ DUKE ST E,03-At intersection,01-Within intersection,03-Snow,01-Daylight,INTERSECTION,
7076,14-046736,20140301,CONESTOGA COLLEGE BLVD @ HOMER WATSON BLVD,03-At intersection,02-Thru lane,03-Snow,"08-Dark, artificial",INTERSECTION,
7077,14-046223,20140301,CONESTOGA COLLEGE BLVD @ HOMER WATSON BLVD,02-Intersection related,02-Thru lane,03-Snow,"08-Dark, artificial",INTERSECTION,
7078,14-029693,20140208,HOMER WATSON BLVD @ HOFFMAN ST,03-At intersection,01-Within intersection,01-Clear,01-Daylight,INTERSECTION,
7079,14-029723,20140208,CONESTOGA COLLEGE BLVD @ HOMER WATSON BLVD,03-At intersection,02-Thru lane,01-Clear,,INTERSECTION,
7080,14-046955,20140302,VICTORIA ST N @ RIVER RD E / RIVER RD W,02-Intersection related,02-Thru lane,01-Clear,07-Dark,INTERSECTION,
7081,14-046702,20140302,BLOCK LINE RD @ STRASBURG RD,02-Intersection related,02-Thru lane,01-Clear,01-Daylight,INTERSECTION,
7082,14-046608,20140302,TRILLIUM DR @ STRASBURG RD,02-Intersection related,08-Left shoulder,01-Clear,01-Daylight,INTERSECTION,
7083,14-46639,20140302,GREENBROOK DR @ VILLAGE RD / FOREST HILL DR,03-At intersection,01-Within intersection,01-Clear,01-Daylight,INTERSECTION,
7084,14-046685,20140302,LANCASTER ST E @ HOHNER AVE,02-Intersection related,12-Off highway,01-Clear,01-Daylight,INTERSECTION,
7085,14-036642,20140217,FRANKLIN ST N @ PROSPECT AVE,03-At intersection,01-Within intersection,01-Clear,01-Daylight,INTERSECTION,
7086,14-036761,20140217,WATERLOO ST @ WELLINGTON ST N,03-At intersection,01-Within intersection,01-Clear,05-Dusk,INTERSECTION,
7087,14-047078,20140303,MAX BECKER DR @ COMMONWEALTH ST,02-Intersection related,01-Within intersection,01-Clear,01-Daylight,INTERSECTION,
7088,14-047469,20140303,UNION BLVD @ YORK ST,02-Intersection related,02-Thru lane,01-Clear,01-Daylight,INTERSECTION,
7089,14-037056,20140218,RIVERBEND DR @ GUELPH ST,02-Intersection related,02-Thru lane,03-Snow,01-Daylight,INTERSECTION,
7090,14-037151,20140218,DUKE ST E @ MADISON AVE N,03-At intersection,01-Within intersection,03-Snow,01-Daylight,INTERSECTION,
7091,14-037377,20140218,WOOLWICH ST @ SUNBRIDGE CRES,02-Intersection related,10-Not on roadway - left side,01-Clear,01-Daylight,INTERSECTION,
7092,14-037380,20140218,QUEEN ST N @ GOUDIES LANE,02-Intersection related,02-Thru lane,01-Clear,01-Daylight,INTERSECTION,
7093,14-037822,20140219,COUNTRY HILL DR @ BLOCK LINE RD,03-At intersection,01-Within intersection,01-Clear,01-Daylight,INTERSECTION,
7094,14-043194,20140226,COUNTRY HILL DR @ BLOCK LINE RD,02-Intersection related,02-Thru lane,03-Snow,"08-Dark, artificial",INTERSECTION,
7095,14-037919,20140219,BLOCK LINE RD @ FALLOWFIELD DR,03-At intersection,02-Thru lane,01-Clear,01-Daylight,INTERSECTION,
7096,14-058096,20140317,QUEENS BLVD @ ELM RIDGE DR,02-Intersection related,02-Thru lane,01-Clear,01-Daylight,INTERSECTION,
7097,14-058590,20140317,CONESTOGA COLLEGE BLVD @ HOMER WATSON BLVD,02-Intersection related,02-Thru lane,01-Clear,01-Daylight,INTERSECTION,
7098,14-038672,20140220,MORGAN AVE @ FAIRWAY RD N,02-Intersection related,02-Thru lane,01-Clear,"04-Dawn, artificial",INTERSECTION,
7099,14-038911,20140220,CHANDLER DR @ STRASBURG RD,02-Intersection related,02-Thru lane,03-Snow,01-Daylight,INTERSECTION,
7100,14-059751,20140317,RIVER RD E @ LORRAINE AVE,02-Intersection related,03-Left turn lane,01-Clear,"08-Dark, artificial",INTERSECTION,
7101,14-059858,20140318,UNION BLVD @ PARK ST,02-Intersection related,03-Left turn lane,01-Clear,01-Daylight,INTERSECTION,
7102,14-059979,20140319,WELLINGTON ST N @ LANCASTER ST W,02-Intersection related,02-Thru lane,01-Clear,01-Daylight,INTERSECTION,
7103,14-039030,20140220,ACTIVA AVE @ ISAIAH DR,02-Intersection related,02-Thru lane,02-Rain,05-Dusk,INTERSECTION,
7104,14-039499,20140221,CEDAR ST S @ ST GEORGE ST,02-Intersection related,10-Not on roadway - left side,02-Rain,01-Daylight,INTERSECTION,
7105,14-040664,20140222,DUKE ST E @ EBY ST N,02-Intersection related,02-Thru lane,01-Clear,01-Daylight,INTERSECTION,
7106,14-041794,20140224,UNION BLVD @ AVONDALE AVE,03-At intersection,01-Within intersection,01-Clear,01-Daylight,INTERSECTION,
7107,16-240413,20161031,BRAUN ST @ SHANLEY ST,02-Intersection related,02-Thru lane,01-Clear,01-Daylight,INTERSECTION,
7108,16-258965,20161124,SHELLEY DR @ VANIER DR,02-Intersection related,02-Thru lane,01-Clear,01-Daylight,INTERSECTION,
7109,16-236341,20161026,BRENTWOOD AVE @ MONTGOMERY RD,02-Intersection related,10-Not on roadway - left side,01-Clear,01-Daylight,INTERSECTION,
7110,16-182538,20160821,HOMER WATSON BLVD @ STIRLING AVE S,02-Intersection related,10-Not on roadway - left side,02-Rain,07-Dark,INTERSECTION,
7111,16-185342,20160824,HOMER WATSON BLVD @ HOFFMAN ST,02-Intersection related,02-Thru lane,01-Clear,01-Daylight,INTERSECTION,
7112,16-214970,20160929,BELMONT AVE W @ KARN ST,02-Intersection related,02-Thru lane,02-Rain,01-Daylight,INTERSECTION,
7113,16-236432,20161026,MCGARRY DR @ FISCHER HALLMAN RD,02-Intersection related,02-Thru lane,01-Clear,01-Daylight,INTERSECTION,
7114,17-061634,20170322,BORDEN AVE N @ KING ST E / BORDEN AVE S,03-At intersection,01-Within intersection,01-Clear,01-Daylight,INTERSECTION,
7115,17-062444,20170323,FRANKLIN ST S @ KINGSWAY DR,02-Intersection related,02-Thru lane,01-Clear,01-Daylight,INTERSECTION,
7116,17-021208,20170129,SPADINA RD E @ QUEENS BLVD / SPADINA RD W,03-At intersection,01-Within intersection,01-Clear,01-Daylight,INTERSECTION,
7117,17-004300,20170106,RIVER RD E @ HOLBORN DR,02-Intersection related,02-Thru lane,01-Clear,"08-Dark, artificial",INTERSECTION,
7118,15-224586,20151019,GOODRICH DR @ WILSON AVE,02-Intersection related,02-Thru lane,01-Clear,01-Daylight,INTERSECTION,
7119,15-198603,20150916,QUEENS BLVD @ REX DR,03-At intersection,01-Within intersection,01-Clear,01-Daylight,INTERSECTION,
7120,15-252915,20151125,QUEEN ST S @ JOSEPH ST,03-At intersection,01-Within intersection,01-Clear,01-Daylight,INTERSECTION,
7121,15-194003,20150910,QUEEN ST S @ COURTLAND AVE W,02-Intersection related,03-Left turn lane,01-Clear,01-Daylight,INTERSECTION,
7122,15-234693,20151031,MORGAN AVE @ CENTREVILLE ST,03-At intersection,01-Within intersection,02-Rain,"08-Dark, artificial",INTERSECTION,
7123,15-220508,20151013,HURON RD @ HURON RD,03-At intersection,01-Within intersection,01-Clear,07-Dark,INTERSECTION,
7124,15-228375,20151023,GLASGOW ST @ DUNBAR RD,02-Intersection related,02-Thru lane,01-Clear,01-Daylight,INTERSECTION,
7125,15-222386,20151016,GLASGOW ST @ DUNBAR RD,02-Intersection related,10-Not on roadway - left side,01-Clear,01-Daylight,INTERSECTION,
7126,15-248474,20151119,GLASGOW ST @ BELMONT AVE W,02-Intersection related,02-Thru lane,01-Clear,01-Daylight,INTERSECTION,
7127,15-206480,20150926,QUEEN ST N @ ST LEGER ST,02-Intersection related,09-Right shoulder,01-Clear,01-Daylight,INTERSECTION,
7128,15-229065,20151025,QUEEN ST N @ DUKE ST E / DUKE ST W,03-At intersection,01-Within intersection,01-Clear,01-Daylight,INTERSECTION,
7129,16-274795,20161215,LOUISA ST @ AHRENS ST W,02-Intersection related,01-Within intersection,03-Snow,07-Dark,INTERSECTION,
7130,16-238321,20161028,OTTAWA ST N @ RIVER RD E,02-Intersection related,03-Left turn lane,01-Clear,01-Daylight,INTERSECTION,
7131,16-277833,20161219,KING ST E @ FAIRVIEW AVE,02-Intersection related,04-Right turn lane,01-Clear,07-Dark,INTERSECTION,
7132,16-279646,20161222,MT HOPE ST @ PARK ST,02-Intersection related,02-Thru lane,01-Clear,01-Daylight,INTERSECTION,
7133,17-006096,20170109,FISCHER HALLMAN RD @ WESTMOUNT RD E / MAX BECKER DR,02-Intersection related,02-Thru lane,03-Snow,01-Daylight,INTERSECTION,
7134,16-271386,20161211,SEREDA RD @ SPRING VALLEY RD / GUELPH ST,02-Intersection related,11-Not on roadway - right side,03-Snow,"04-Dawn, artificial",INTERSECTION,
7135,16-199435,20160910,OTTAWA ST N @ RIVER RD E,02-Intersection related,03-Left turn lane,02-Rain,01-Daylight,INTERSECTION,
7136,16-194902,20160904,OTTAWA ST S @ STRASBURG RD,02-Intersection related,02-Thru lane,01-Clear,01-Daylight,INTERSECTION,
7137,16-271102,20161210,DUKE ST W @ WELLINGTON ST N,02-Intersection related,02-Thru lane,03-Snow,"08-Dark, artificial",INTERSECTION,
7138,16-205263,20160917,HIGHLAND RD E @ HOFFMAN ST,03-At intersection,01-Within intersection,01-Clear,01-Daylight,INTERSECTION,
7139,16-259199,20161124,DUKE ST W @ WELLINGTON ST N,03-At intersection,01-Within intersection,02-Rain,07-Dark,INTERSECTION,
7140,16-249007,20161111,PARKVALE DR @ FEATHERSTONE ST,02-Intersection related,02-Thru lane,01-Clear,"08-Dark, artificial",INTERSECTION,
7141,16-205511,20160917,QUEEN ST S @ CHURCH ST,02-Intersection related,02-Thru lane,02-Rain,01-Daylight,INTERSECTION,
7142,16-264961,20161128,BELMONT AVE W @ ROCK AVE,03-At intersection,01-Within intersection,01-Clear,01-Daylight,INTERSECTION,
7143,16-274498,20161215,GLASGOW ST @ EARL ST,03-At intersection,01-Within intersection,06-Strong wind,01-Daylight,INTERSECTION,
7144,16-263238,20161130,GLASGOW ST @ BELMONT AVE W,02-Intersection related,02-Thru lane,02-Rain,01-Daylight,INTERSECTION,
7145,16-250031,20161112,GLASGOW ST @ BELMONT AVE W,03-At intersection,01-Within intersection,01-Clear,01-Daylight,INTERSECTION,
7146,16-163136,20160727,MT HOPE ST @ PARK ST,03-At intersection,01-Within intersection,01-Clear,01-Daylight,INTERSECTION,
7147,16-268192,20161206,OLD CHICOPEE DR @ EDENBRIDGE DR,03-At intersection,01-Within intersection,02-Rain,07-Dark,INTERSECTION,
7148,16-232783,20161021,HERITAGE DR @ LORRAINE AVE,03-At intersection,01-Within intersection,02-Rain,"02-Daylight, artificial",INTERSECTION,
7149,16-255468,20161119,DUKE ST W @ WELLINGTON ST N,03-At intersection,01-Within intersection,02-Rain,"08-Dark, artificial",INTERSECTION,
7150,16-269466,20161208,SIEBERT AVE @ WOODHAVEN RD,03-At intersection,01-Within intersection,01-Clear,01-Daylight,INTERSECTION,
7151,16-264867,20161202,OLD COUNTRY DR @ STRASBURG RD,03-At intersection,01-Within intersection,01-Clear,01-Daylight,INTERSECTION,
7152,16-198730,20160909,WATER ST S @ JUBILEE DR,03-At intersection,01-Within intersection,01-Clear,01-Daylight,INTERSECTION,
7153,16-205496,20160917,CHARLES ST E @ SYDNEY ST S,03-At intersection,01-Within intersection,02-Rain,01-Daylight,INTERSECTION,
7154,16-246698,20161107,MARGARET AVE @ UNION ST,03-At intersection,01-Within intersection,01-Clear,01-Daylight,INTERSECTION,
7155,15-205111,20150924,CEDAR ST N @ DUKE ST E,03-At intersection,01-Within intersection,01-Clear,01-Daylight,INTERSECTION,
7156,16-221819,20161007,KINZIE AVE @ RIVER RD E,03-At intersection,01-Within intersection,01-Clear,01-Daylight,INTERSECTION,
7157,16-274338,20161215,WESTMOUNT RD E @ GREENBROOK DR,02-Intersection related,02-Thru lane,05-Drifting Snow,01-Daylight,INTERSECTION,
7158,16-229912,20161017,MILL ST @ MADISON AVE S,02-Intersection related,02-Thru lane,01-Clear,01-Daylight,INTERSECTION,
7159,17-005560,20170108,BELMONT AVE W @ KARN ST,02-Intersection related,02-Thru lane,01-Clear,"08-Dark, artificial",INTERSECTION,
7160,16-273863,20161214,FRANKLIN ST N @ WEBER ST E,02-Intersection related,02-Thru lane,01-Clear,05-Dusk,INTERSECTION,