OBJECTID,ACCIDENTNUM,ACCIDENTDATE,LOCATION,ACCIDENT_LOCATION,IMPACT_LOCATION,ENVIRONMENT_CONDITION,LIGHT,COLLISION_TYPE,TRAFFICCOLLISIONSID
7161,16-274084,20161214,ZELLER DR @ SUSAN CRES,02-Intersection related,02-Thru lane,03-Snow,"08-Dark, artificial",INTERSECTION,
7162,14-060015,20140319,KING ST E @ QUEEN ST N,03-At intersection,01-Within intersection,01-Clear,01-Daylight,INTERSECTION,
7163,14-061188,20140320,LOCUST ST @ MANSION ST,02-Intersection related,02-Thru lane,01-Clear,"08-Dark, artificial",INTERSECTION,
7164,15-122279,20150609,EAST AVE @ PANDORA AVE N,02-Intersection related,02-Thru lane,01-Clear,01-Daylight,INTERSECTION,
7165,15-152430,20150717,DAVID ST @ JOSEPH ST,02-Intersection related,02-Thru lane,01-Clear,01-Daylight,INTERSECTION,
7166,15-150972,20150716,JOSEPH ST @ GAUKEL ST,02-Intersection related,02-Thru lane,01-Clear,01-Daylight,INTERSECTION,
7167,15-155829,20150722,BORDEN AVE N @ KING ST E / BORDEN AVE S,03-At intersection,01-Within intersection,01-Clear,07-Dark,INTERSECTION,
7168,15-157110,20150724,BLOCK LINE RD @ FALLOWFIELD DR,02-Intersection related,11-Not on roadway - right side,01-Clear,01-Daylight,INTERSECTION,
7169,15-150570,20150715,SHANLEY ST @ MOORE AVE,03-At intersection,01-Within intersection,01-Clear,01-Daylight,INTERSECTION,
7170,15-165426,20150804,MCGARRY DR @ PINEHURST CRES,03-At intersection,01-Within intersection,01-Clear,01-Daylight,INTERSECTION,
7171,15-170389,20150811,HURON RD @ WOODBINE AVE,03-At intersection,01-Within intersection,01-Clear,01-Daylight,INTERSECTION,
7172,15-032655,20150213,HOMER WATSON BLVD @ HOMER WATSON BLVD,02-Intersection related,02-Thru lane,01-Clear,01-Daylight,INTERSECTION,
7173,15-125420,20150613,CHURCH ST @ EBY ST S,02-Intersection related,02-Thru lane,01-Clear,01-Daylight,INTERSECTION,
7174,15-132401,20150622,CHANDLER DR @ LEACREST CRT,02-Intersection related,02-Thru lane,01-Clear,01-Daylight,INTERSECTION,
7175,17-006959,20170110,GREEN VALLEY DR @ PIONEER DR,02-Intersection related,02-Thru lane,02-Rain,07-Dark,INTERSECTION,
7176,17-032448,20170213,BIEHN DR @ BLACK WALNUT DR,02-Intersection related,02-Thru lane,01-Clear,03-Dawn,INTERSECTION,
7177,17-006476,20170110,WELLINGTON ST N @ SHIRLEY AVE / RIVERBEND DR,02-Intersection related,02-Thru lane,03-Snow,"08-Dark, artificial",INTERSECTION,
7178,17-012828,20170115,MEADOW WOODS CRES @ ROLLING MEADOWS DR,02-Intersection related,02-Thru lane,01-Clear,01-Daylight,INTERSECTION,
7179,16-275092,20161216,SEREDA RD @ SPRING VALLEY RD / GUELPH ST,03-At intersection,01-Within intersection,01-Clear,01-Daylight,INTERSECTION,
7180,17-005775,20170109,KINZIE AVE @ HAROLD AVE,03-At intersection,01-Within intersection,01-Clear,"08-Dark, artificial",INTERSECTION,
7181,16-191832,20160901,HOMER WATSON BLVD @ HOMER WATSON BLVD,02-Intersection related,02-Thru lane,01-Clear,01-Daylight,INTERSECTION,
7182,17-011980,20170117,HOMER WATSON BLVD @ HOFFMAN ST,03-At intersection,01-Within intersection,02-Rain,01-Daylight,INTERSECTION,
7183,17-008058,20170112,HOMER WATSON BLVD @ HOFFMAN ST,03-At intersection,01-Within intersection,01-Clear,03-Dawn,INTERSECTION,
7184,17-019012,20170126,STECKLE PL @ TRILLIUM DR,02-Intersection related,02-Thru lane,02-Rain,07-Dark,INTERSECTION,
7185,17-000413,20170101,HURON RD @ HURON RD,03-At intersection,01-Within intersection,01-Clear,01-Daylight,INTERSECTION,
7186,17-020843,20170129,QUEENSTON DR @ INDIAN RD,02-Intersection related,02-Thru lane,03-Snow,07-Dark,INTERSECTION,
7187,17-028605,20170208,DAVID ST @ JOSEPH ST,02-Intersection related,11-Not on roadway - right side,01-Clear,01-Daylight,INTERSECTION,
7188,16-278671,20161221,QUEEN ST S @ JOSEPH ST,02-Intersection related,02-Thru lane,01-Clear,01-Daylight,INTERSECTION,
7189,17-034434,20170215,RIVER RD E @ EPHRAIM ST,02-Intersection related,02-Thru lane,01-Clear,01-Daylight,INTERSECTION,
7190,17-037847,20170220,GUELPH ST @ MARGARET AVE,02-Intersection related,02-Thru lane,01-Clear,01-Daylight,INTERSECTION,
7191,16-283689,20161229,UNION BLVD @ BELMONT AVE W,03-At intersection,01-Within intersection,03-Snow,01-Daylight,INTERSECTION,
7192,17-012605,20170118,UNION BLVD @ SEVERN AVE,03-At intersection,01-Within intersection,01-Clear,03-Dawn,INTERSECTION,
7193,17-001024,20170102,STIRLING AVE S @ KING ST E / STIRLING AVE N,02-Intersection related,02-Thru lane,01-Clear,01-Daylight,INTERSECTION,
7194,17-019595,20170127,FRANKLIN ST S @ KINGSWAY DR,03-At intersection,01-Within intersection,03-Snow,01-Daylight,INTERSECTION,
7195,17-013477,20170119,KINZIE AVE @ THALER AVE,02-Intersection related,02-Thru lane,01-Clear,01-Daylight,INTERSECTION,
7196,17-040413,20170223,BLOCK LINE RD @ HANOVER ST,02-Intersection related,02-Thru lane,01-Clear,01-Daylight,INTERSECTION,
7197,17-040921,20170224,GLASGOW ST @ PARK ST,03-At intersection,01-Within intersection,01-Clear,07-Dark,INTERSECTION,
7198,17-023290,20170201,SIENNA CRES @ VERONA ST,03-At intersection,01-Within intersection,01-Clear,01-Daylight,INTERSECTION,
7199,17-013593,20170119,WABANAKI DR @ GOODRICH DR / HIDDEN VALLEY RD,03-At intersection,01-Within intersection,01-Clear,01-Daylight,INTERSECTION,
7200,17-011504,20170116,WABANAKI DR @ GOODRICH DR / HIDDEN VALLEY RD,02-Intersection related,02-Thru lane,01-Clear,01-Daylight,INTERSECTION,
7201,17-060590,20170320,STIRLING AVE S @ MILL ST,02-Intersection related,02-Thru lane,01-Clear,01-Daylight,INTERSECTION,
7202,17-035070,20170216,WATER ST S @ JOSEPH ST,02-Intersection related,11-Not on roadway - right side,01-Clear,07-Dark,INTERSECTION,
7203,17-035522,20170217,BURGETZ AVE @ KINZIE AVE,02-Intersection related,02-Thru lane,01-Clear,01-Daylight,INTERSECTION,
7204,17-036037,20170218,HIGHLAND RD E @ HOFFMAN ST,02-Intersection related,02-Thru lane,01-Clear,"08-Dark, artificial",INTERSECTION,
7205,17-039867,20170222,JOSEPH ST @ GAUKEL ST,03-At intersection,01-Within intersection,01-Clear,07-Dark,INTERSECTION,
7206,17-006931,20170110,WEST AVE @ HOMEWOOD AVE,02-Intersection related,02-Thru lane,03-Snow,05-Dusk,INTERSECTION,
7207,17-045826,20170301,GLASGOW ST @ PARK ST,02-Intersection related,02-Thru lane,02-Rain,01-Daylight,INTERSECTION,
7208,17-015209,20170121,WILSON AVE @ KINGSWAY DR,03-At intersection,01-Within intersection,"07-Fog, mist, smoke, dust",07-Dark,INTERSECTION,
7209,17-023877,20170201,WILSON AVE @ KINGSWAY DR,02-Intersection related,02-Thru lane,03-Snow,"08-Dark, artificial",INTERSECTION,
7210,17-036342,20170218,HIGHLAND RD E @ SPADINA RD E,02-Intersection related,02-Thru lane,01-Clear,01-Daylight,INTERSECTION,
7211,17-005514,20170108,WILSON AVE @ KINGSWAY DR,02-Intersection related,02-Thru lane,01-Clear,05-Dusk,INTERSECTION,
7212,17-009986,20170114,YOUNG ST @ DUKE ST W,02-Intersection related,02-Thru lane,01-Clear,01-Daylight,INTERSECTION,
7213,17-002402,20170104,MANCHESTER RD @ RIVER RD E,03-At intersection,01-Within intersection,03-Snow,01-Daylight,INTERSECTION,
7214,17-020608,20170123,DOON MILLS DR @ APPLE RIDGE DR,02-Intersection related,09-Right shoulder,03-Snow,07-Dark,INTERSECTION,
7215,17-018533,20170126,WELLINGTON ST N @ MARGARET AVE,03-At intersection,01-Within intersection,02-Rain,03-Dawn,INTERSECTION,
7216,16-273149,20161213,MAX BECKER DR @ HELENA FEASBY ST,03-At intersection,01-Within intersection,01-Clear,"08-Dark, artificial",INTERSECTION,
7217,17-012646,20170118,QUEENS BLVD @ BELMONT AVE W / BELMONT AVE E,03-At intersection,01-Within intersection,01-Clear,01-Daylight,INTERSECTION,
7218,17-009994,20170114,BELMONT AVE W @ CLAREMONT AVE,02-Intersection related,02-Thru lane,01-Clear,01-Daylight,INTERSECTION,
7219,16-284596,20161230,UNION BLVD @ BELMONT AVE W,03-At intersection,01-Within intersection,01-Clear,01-Daylight,INTERSECTION,
7220,16-276723,20161218,BLOCK LINE RD @ STRASBURG RD,03-At intersection,02-Thru lane,01-Clear,01-Daylight,INTERSECTION,
7221,16-248596,20161110,FREDERICK ST @ AVON RD,03-At intersection,01-Within intersection,01-Clear,01-Daylight,INTERSECTION,
7222,17-006821,20170110,CHARLES ST E @ SYDNEY ST S,03-At intersection,01-Within intersection,03-Snow,01-Daylight,INTERSECTION,
7223,16-263475,20161130,CHARLES ST E @ SYDNEY ST S,03-At intersection,01-Within intersection,02-Rain,01-Daylight,INTERSECTION,
7224,16-231515,20161019,SIMEON ST @ KRUG ST,03-At intersection,01-Within intersection,01-Clear,01-Daylight,INTERSECTION,
7225,16-217220,20161001,QUEEN ST N @ ST LEGER ST,03-At intersection,01-Within intersection,01-Clear,07-Dark,INTERSECTION,
7226,16-280036,20161222,WOODHAVEN RD @ GREENFIELD AVE,03-At intersection,01-Within intersection,01-Clear,01-Daylight,INTERSECTION,
7227,16-263286,20161130,RIVER RD E @ LORRAINE AVE,03-At intersection,01-Within intersection,01-Clear,01-Daylight,INTERSECTION,
7228,16-236513,20161026,AHRENS ST E @ QUEEN ST N / AHRENS ST W,03-At intersection,01-Within intersection,01-Clear,01-Daylight,INTERSECTION,
7229,16-210467,20160923,AHRENS ST E @ QUEEN ST N / AHRENS ST W,03-At intersection,01-Within intersection,01-Clear,01-Daylight,INTERSECTION,
7230,13-256981,20131103,DUKE ST W @ WELLINGTON ST N,03-At intersection,01-Within intersection,01-Clear,01-Daylight,INTERSECTION,
7231,13-258664,20131106,CHARLES ST E @ SYDNEY ST S,02-Intersection related,01-Within intersection,01-Clear,"08-Dark, artificial",INTERSECTION,
7232,13-259421,20131106,RIVER RD E @ HOLBORN DR,03-At intersection,01-Within intersection,02-Rain,"08-Dark, artificial",INTERSECTION,
7233,13-207940,20130906,STIRLING AVE S @ MILL ST,03-At intersection,02-Thru lane,01-Clear,01-Daylight,INTERSECTION,
7234,13-208519,20130907,KING ST E @ GATEWAY PARK DR / LIMERICK DR,02-Intersection related,05-Right turn channel,02-Rain,01-Daylight,INTERSECTION,
7235,13-210070,20130909,ARDELT AVE @ HANSON AVE,03-At intersection,01-Within intersection,01-Clear,03-Dawn,INTERSECTION,
7236,13-228192,20130930,STOKE DR @ LENNOX CRES,03-At intersection,01-Within intersection,01-Clear,01-Daylight,INTERSECTION,
7237,13-260280,20131101,BLOCK LINE RD @ STRASBURG RD,02-Intersection related,99-Other,01-Clear,07-Dark,INTERSECTION,
7238,13-261101,20131108,WELLINGTON ST N @ SHIRLEY AVE / RIVERBEND DR,02-Intersection related,02-Thru lane,01-Clear,07-Dark,INTERSECTION,
7239,13-210100,20130909,OLD COUNTRY DR @ STRASBURG RD,02-Intersection related,01-Within intersection,01-Clear,01-Daylight,INTERSECTION,
7240,13-211085,20130910,GLASGOW ST @ PARK ST,02-Intersection related,02-Thru lane,01-Clear,01-Daylight,INTERSECTION,
7241,13-211585,20130910,CEDARWOODS CRES @ KINGSWAY DR,03-At intersection,01-Within intersection,01-Clear,"08-Dark, artificial",INTERSECTION,
7242,13-242556,20131017,UNION ST @ SUNSET PL,03-At intersection,01-Within intersection,02-Rain,01-Daylight,INTERSECTION,
7243,13-261805,20131109,BLOCK LINE RD @ KINGSWOOD DR,03-At intersection,02-Thru lane,02-Rain,07-Dark,INTERSECTION,
7244,13-264070,20131113,GLASGOW ST @ BELMONT AVE W,02-Intersection related,02-Thru lane,01-Clear,01-Daylight,INTERSECTION,
7245,13-264430,20131113,MOOREGATE CRES @ HAZELGLEN DR,03-At intersection,01-Within intersection,01-Clear,01-Daylight,INTERSECTION,
7246,13-212671,20130912,STRASBURG RD @ HURON RD,02-Intersection related,01-Within intersection,01-Clear,01-Daylight,INTERSECTION,
7247,13-212958,20130912,HURON RD @ HURON RD,03-At intersection,02-Thru lane,01-Clear,01-Daylight,INTERSECTION,
7248,13-216483,20130915,STRASBURG RD @ HURON RD,03-At intersection,01-Within intersection,01-Clear,01-Daylight,INTERSECTION,
7249,13-212928,20130912,FIRST AVE @ ECKERT ST,02-Intersection related,02-Thru lane,02-Rain,01-Daylight,INTERSECTION,
7250,13-240522,20131015,COUNTRY HILL DR @ OLD COUNTRY DR,02-Intersection related,02-Thru lane,01-Clear,01-Daylight,INTERSECTION,
7251,13-280060,20131203,DOON VALLEY DR @ CONESTOGA COLLEGE BLVD,02-Intersection related,02-Thru lane,01-Clear,01-Daylight,INTERSECTION,
7252,14-009165,20140113,DUNHAM AVE @ MANSION ST,03-At intersection,01-Within intersection,01-Clear,"08-Dark, artificial",INTERSECTION,
7253,14-018114,20140124,WATERLOO ST @ WELLINGTON ST N,03-At intersection,01-Within intersection,01-Clear,01-Daylight,INTERSECTION,
7254,13-286320,20131211,STRANGE ST @ PARK ST,02-Intersection related,02-Thru lane,01-Clear,05-Dusk,INTERSECTION,
7255,13-280901,20131204,MILL ST @ HEIMAN ST,03-At intersection,02-Thru lane,01-Clear,01-Daylight,INTERSECTION,
7256,14-017971,20140123,GOODRICH DR @ WILSON AVE,02-Intersection related,02-Thru lane,01-Clear,01-Daylight,INTERSECTION,
7257,14-023153,20140131,GOODRICH DR @ WILSON AVE,02-Intersection related,02-Thru lane,01-Clear,01-Daylight,INTERSECTION,
7258,14-016770,20140122,DUKE ST W @ BISMARK AVE,02-Intersection related,08-Left shoulder,01-Clear,"08-Dark, artificial",INTERSECTION,
7259,14-015775,20140121,OTTAWA ST N @ KING ST E / OTTAWA ST S,02-Intersection related,,01-Clear,01-Daylight,INTERSECTION,
7260,14-020912,20140127,SPADINA RD E @ MILL ST,03-At intersection,01-Within intersection,01-Clear,01-Daylight,INTERSECTION,
7261,14-004619,20140107,ELLIS AVE @ GUELPH ST,02-Intersection related,02-Thru lane,01-Clear,01-Daylight,INTERSECTION,
7262,14-009568,20140113,GUELPH ST @ MARGARET AVE,02-Intersection related,02-Thru lane,01-Clear,01-Daylight,INTERSECTION,
7263,13-289637,20131216,GIBSON DR @ GIBSON CRT,02-Intersection related,02-Thru lane,01-Clear,01-Daylight,INTERSECTION,
7264,14-015198,20140120,SHELLEY DR @ VANIER DR,03-At intersection,01-Within intersection,01-Clear,01-Daylight,INTERSECTION,
7265,14-005738,20140105,CHARLES ST E @ CEDAR ST S,02-Intersection related,09-Right shoulder,01-Clear,01-Daylight,INTERSECTION,
7266,14-023490,20140131,EAST AVE @ BORDEN AVE N,02-Intersection related,02-Thru lane,01-Clear,01-Daylight,INTERSECTION,
7267,13-292470,20131220,RIVER RD E @ LORRAINE AVE,03-At intersection,02-Thru lane,01-Clear,01-Daylight,INTERSECTION,
7268,14-021336,20140128,RIVER RD E @ ROSEMOUNT DR,03-At intersection,01-Within intersection,01-Clear,"08-Dark, artificial",INTERSECTION,
7269,14-006754,20140110,CRANSHAW ST @ FEATHERSTONE ST / HURON RD,03-At intersection,01-Within intersection,01-Clear,01-Daylight,INTERSECTION,
7270,13-294982,20131223,QUEEN ST S @ HALLS LANE E,03-At intersection,02-Thru lane,01-Clear,01-Daylight,INTERSECTION,
7271,14-010028,20140114,BLOCK LINE RD @ FALLOWFIELD DR,03-At intersection,01-Within intersection,01-Clear,"08-Dark, artificial",INTERSECTION,
7272,14-020204,20140127,KING ST E @ DEER RIDGE DR,02-Intersection related,02-Thru lane,01-Clear,01-Daylight,INTERSECTION,
7273,14-005287,20140108,OLDFIELD DR @ SHAFTSBURY DR,02-Intersection related,01-Within intersection,01-Clear,01-Daylight,INTERSECTION,
7274,14-016453,20140121,ROSE ST @ KRUG ST,03-At intersection,02-Thru lane,01-Clear,01-Daylight,INTERSECTION,
7275,17-017294,20170121,FARRIER DR @ DOON VILLAGE RD / MILLWOOD CRES,02-Intersection related,02-Thru lane,"07-Fog, mist, smoke, dust",01-Daylight,INTERSECTION,
7276,17-006922,20170110,CHARLES ST E @ CEDAR ST S,02-Intersection related,02-Thru lane,03-Snow,01-Daylight,INTERSECTION,
7277,14-061484,20140321,STRASBURG RD @ MCINTYRE DR,02-Intersection related,02-Thru lane,01-Clear,01-Daylight,INTERSECTION,
7278,14-030428,20140209,HOMER WATSON BLVD @ HOFFMAN ST,02-Intersection related,03-Left turn lane,01-Clear,"08-Dark, artificial",INTERSECTION,
7279,14-032618,20140212,HOMER WATSON BLVD @ HOFFMAN ST,02-Intersection related,02-Thru lane,01-Clear,01-Daylight,INTERSECTION,
7280,14-042226,20140224,SAMUEL ST @ KRUG ST,03-At intersection,01-Within intersection,01-Clear,"08-Dark, artificial",INTERSECTION,
7281,14-042571,20140225,CLIFFORD RD @ JACKSON AVE,02-Intersection related,09-Right shoulder,01-Clear,01-Daylight,INTERSECTION,
7282,14-047886,20140304,TRILLIUM DR @ WASHBURN DR,02-Intersection related,02-Thru lane,01-Clear,01-Daylight,INTERSECTION,
7283,14-064381,20140325,ARROWHEAD CRES @ GREEN VALLEY DR,02-Intersection related,01-Within intersection,01-Clear,01-Daylight,INTERSECTION,
7284,14-064390,20140325,HOMER WATSON BLVD @ BEASLEY DR,02-Intersection related,02-Thru lane,01-Clear,01-Daylight,INTERSECTION,
7285,14-065091,20140326,KING ST E @ CAMERON ST S / CAMERON ST N,02-Intersection related,02-Thru lane,01-Clear,01-Daylight,INTERSECTION,
7286,14-030840,20140209,RIVER RD E @ BRADLEY DR,02-Intersection related,02-Thru lane,01-Clear,01-Daylight,INTERSECTION,
7287,14-034474,20140210,OLD ZELLER DR @ PEBBLECREEK DR,03-At intersection,08-Left shoulder,01-Clear,01-Daylight,INTERSECTION,
7288,14-031281,20140210,BLOCK LINE RD @ HANOVER ST,03-At intersection,02-Thru lane,01-Clear,01-Daylight,INTERSECTION,
7289,14-052957,20140310,TRILLIUM DR @ WASHBURN DR,02-Intersection related,02-Thru lane,01-Clear,01-Daylight,INTERSECTION,
7290,14-048006,20140304,QUEENS BLVD @ ELM RIDGE DR,03-At intersection,02-Thru lane,01-Clear,01-Daylight,INTERSECTION,
7291,14-048266,20140304,CEDAR ST N @ KING ST E / CEDAR ST S,02-Intersection related,11-Not on roadway - right side,01-Clear,01-Daylight,INTERSECTION,
7292,14-049070,20140305,MORGAN AVE @ CENTREVILLE ST,02-Intersection related,02-Thru lane,01-Clear,01-Daylight,INTERSECTION,
7293,14-066658,20140328,BLOCK LINE RD @ KINGSWOOD DR,02-Intersection related,02-Thru lane,02-Rain,01-Daylight,INTERSECTION,
7294,14-066729,20140328,WELLINGTON ST N @ SHIRLEY AVE / RIVERBEND DR,03-At intersection,11-Not on roadway - right side,02-Rain,01-Daylight,INTERSECTION,
7295,14-066942,20140328,GLEN RD @ PLEASANT AVE,03-At intersection,01-Within intersection,01-Clear,01-Daylight,INTERSECTION,
7296,14-067150,20140328,BELMONT AVE W @ HIGHLAND RD W,02-Intersection related,12-Off highway,01-Clear,07-Dark,INTERSECTION,
7297,14-032008,20140211,WILSON AVE @ KINGSWAY DR,02-Intersection related,02-Thru lane,01-Clear,01-Daylight,INTERSECTION,
7298,14-032631,20140212,HIGHLAND RD E @ HOFFMAN ST,03-At intersection,02-Thru lane,01-Clear,01-Daylight,INTERSECTION,
7299,14-032848,20140212,MORGAN AVE @ CENTREVILLE ST,03-At intersection,01-Within intersection,01-Clear,01-Daylight,INTERSECTION,
7300,14-049404,20140306,STIRLING AVE S @ PLEASANT AVE,03-At intersection,02-Thru lane,01-Clear,01-Daylight,INTERSECTION,
7301,14-049531,20140306,QUEEN ST S @ ST GEORGE ST,02-Intersection related,03-Left turn lane,01-Clear,01-Daylight,INTERSECTION,
7302,14-049707,20140306,RUSH MEADOW ST @ RUSH MEADOW CRT,02-Intersection related,02-Thru lane,01-Clear,01-Daylight,INTERSECTION,
7303,14-049994,20140306,STRASBURG RD @ HURON RD,03-At intersection,01-Within intersection,01-Clear,07-Dark,INTERSECTION,
7304,14-069026,20140331,QUEEN ST N @ DUKE ST E / DUKE ST W,02-Intersection related,02-Thru lane,01-Clear,01-Daylight,INTERSECTION,
7305,14-033362,20140213,STRASBURG RD @ HURON RD,03-At intersection,01-Within intersection,01-Clear,01-Daylight,INTERSECTION,
7306,14-033814,20140213,STRASBURG RD @ HURON RD,03-At intersection,01-Within intersection,01-Clear,01-Daylight,INTERSECTION,
7307,14-033428,20140213,WESTHEIGHTS DR @ MCGARRY DR,03-At intersection,02-Thru lane,01-Clear,01-Daylight,INTERSECTION,
7308,14-033503,20140213,RIVER RD E @ FREDERICK ST,03-At intersection,01-Within intersection,01-Clear,01-Daylight,INTERSECTION,
7309,14-055200,20140313,STRASBURG RD @ HURON RD,02-Intersection related,02-Thru lane,01-Clear,01-Daylight,INTERSECTION,
7310,14-050348,20140307,JUBILEE DR @ DAVID ST / COURTLAND AVE W,03-At intersection,02-Thru lane,01-Clear,01-Daylight,INTERSECTION,
7311,14-050217,20140307,SIMEON ST @ KRUG ST,03-At intersection,01-Within intersection,01-Clear,01-Daylight,INTERSECTION,
7312,14-050581,20140307,BLACKWELL DR @ CLAYCROFT CRES,02-Intersection related,02-Thru lane,01-Clear,01-Daylight,INTERSECTION,
7313,14-292470,20141220,RIVER RD E @ LORRAINE AVE,03-At intersection,02-Thru lane,01-Clear,01-Daylight,INTERSECTION,
7314,14-097898,20140506,AHRENS ST W @ BREITHAUPT ST,03-At intersection,11-Not on roadway - right side,01-Clear,01-Daylight,INTERSECTION,
7315,14-033444,20140213,WOODHAVEN RD @ WILSON AVE,03-At intersection,02-Thru lane,01-Clear,01-Daylight,INTERSECTION,
7316,14-033511,20140213,UNION BLVD @ BELMONT AVE W,03-At intersection,02-Thru lane,01-Clear,01-Daylight,INTERSECTION,
7317,14-033859,20140213,ELLEN ST W @ QUEEN ST N / ELLEN ST E,03-At intersection,01-Within intersection,01-Clear,07-Dark,INTERSECTION,
7318,14-050564,20140307,GUELPH ST @ EDWIN ST,03-At intersection,01-Within intersection,01-Clear,01-Daylight,INTERSECTION,
7319,14-050631,20140307,BLOCK LINE RD @ KINGSWOOD DR,03-At intersection,01-Within intersection,01-Clear,01-Daylight,INTERSECTION,
7320,14-052821,20140310,SAMUEL ST @ KRUG ST,03-At intersection,01-Within intersection,01-Clear,01-Daylight,INTERSECTION,
7321,14-083206,20140418,BELLEVIEW AVE @ BECKER ST,02-Intersection related,02-Thru lane,01-Clear,01-Daylight,INTERSECTION,
7322,14-033921,20140213,STANLEY AVE @ SCHWEITZER ST,03-At intersection,01-Within intersection,01-Clear,"08-Dark, artificial",INTERSECTION,
7323,14-034183,20140214,TRILLIUM DR @ WASHBURN DR,02-Intersection related,02-Thru lane,01-Clear,01-Daylight,INTERSECTION,
7324,14-043274,20140226,OLDFIELD DR @ WENDY CRES / MICHENER CRES,03-At intersection,01-Within intersection,01-Clear,01-Daylight,INTERSECTION,
7325,14-043621,20140226,UNION BLVD @ BELMONT AVE W,03-At intersection,01-Within intersection,01-Clear,01-Daylight,INTERSECTION,
7326,14-053665,20140311,BLACKWELL DR @ WESTHEIGHTS DR,02-Intersection related,02-Thru lane,01-Clear,01-Daylight,INTERSECTION,
7327,14-054490,20140312,UNION BLVD @ PARK ST,02-Intersection related,02-Thru lane,03-Snow,01-Daylight,INTERSECTION,
7328,14-054556,20140312,DOON SOUTH DR @ DOON VILLAGE RD,02-Intersection related,02-Thru lane,03-Snow,01-Daylight,INTERSECTION,
7329,14-055216,20140313,FRANKLIN ST S @ KINGSWAY DR,03-At intersection,01-Within intersection,01-Clear,01-Daylight,INTERSECTION,
7330,14-040511,20140222,BELMONT AVE W @ GAGE AVE,02-Intersection related,02-Thru lane,01-Clear,01-Daylight,INTERSECTION,
7331,14-073368,20140405,BELMONT AVE W @ GAGE AVE,02-Intersection related,01-Within intersection,01-Clear,"08-Dark, artificial",INTERSECTION,
7332,14-110144,20140519,BIEHN DR @ CARYNDALE DR,02-Intersection related,01-Within intersection,01-Clear,01-Daylight,INTERSECTION,
7333,14-034568,20140214,SHANLEY ST @ WATERLOO ST,03-At intersection,01-Within intersection,01-Clear,01-Daylight,INTERSECTION,
7334,14-023243,20140131,HICKORY HEIGHTS CRES @ ELM RIDGE DR,02-Intersection related,02-Thru lane,01-Clear,01-Daylight,INTERSECTION,
7335,13-275820,20131128,MANCHESTER RD @ WEDGEWOOD DR,02-Intersection related,11-Not on roadway - right side,01-Clear,"08-Dark, artificial",INTERSECTION,
7336,13-277831,20131129,MARGARET AVE @ UNION ST,03-At intersection,01-Within intersection,01-Clear,07-Dark,INTERSECTION,
7337,14-005673,20140107,TRILLIUM DR @ STRASBURG RD,02-Intersection related,02-Thru lane,01-Clear,01-Daylight,INTERSECTION,
7338,14-026797,20140204,SAMUEL ST @ STIRLING AVE N,02-Intersection related,02-Thru lane,01-Clear,01-Daylight,INTERSECTION,
7339,14-023345,20140131,ORCHID CRES @ GREY FOX DR,02-Intersection related,02-Thru lane,01-Clear,01-Daylight,INTERSECTION,
7340,13-295620,20131221,CRANSHAW ST @ FEATHERSTONE ST / HURON RD,02-Intersection related,01-Within intersection,01-Clear,01-Daylight,INTERSECTION,
7341,13-277877,20131130,WELLINGTON ST N @ MARGARET AVE,03-At intersection,12-Off highway,01-Clear,01-Daylight,INTERSECTION,
7342,13-278517,20131201,HOMER WATSON BLVD @ HOMER WATSON BLVD,02-Intersection related,02-Thru lane,01-Clear,01-Daylight,INTERSECTION,
7343,13-278657,20131130,STIRLING AVE S @ KING ST E / STIRLING AVE N,03-At intersection,01-Within intersection,01-Clear,01-Daylight,INTERSECTION,
7344,14-044356,20140227,HIGHLAND RD E @ DELAWARE AVE,02-Intersection related,02-Thru lane,05-Drifting Snow,01-Daylight,INTERSECTION,
7345,14-044157,20140227,BLACKWELL DR @ HIGH ACRES CRES,02-Intersection related,02-Thru lane,01-Clear,01-Daylight,INTERSECTION,
7346,14-044392,20140227,WAVERLY RD @ GAGE AVE,02-Intersection related,02-Thru lane,03-Snow,01-Daylight,INTERSECTION,
7347,14-055076,20140313,UNION BLVD @ BELMONT AVE W,02-Intersection related,02-Thru lane,01-Clear,01-Daylight,INTERSECTION,
7348,14-055450,20140313,DUKE ST E @ FREDERICK ST,02-Intersection related,02-Thru lane,01-Clear,01-Daylight,INTERSECTION,
7349,14-055534,20140313,MAX BECKER DR @ LEMONBALM ST / ACTIVA AVE,02-Intersection related,02-Thru lane,01-Clear,07-Dark,INTERSECTION,