OBJECTID,ACCIDENTNUM,ACCIDENTDATE,LOCATION,ACCIDENT_LOCATION,IMPACT_LOCATION,ENVIRONMENT_CONDITION,LIGHT,COLLISION_TYPE,TRAFFICCOLLISIONSID
7350,14-056349,20140314,TRILLIUM DR @ MCBRINE DR,03-At intersection,01-Within intersection,01-Clear,07-Dark,INTERSECTION,
7351,14-024357,20140201,HURON RD @ NEWCASTLE DR / PARKVALE DR,02-Intersection related,01-Within intersection,03-Snow,01-Daylight,INTERSECTION,
7352,14-026189,20140203,QUEEN ST N @ MARGARET AVE / OTTO ST,03-At intersection,03-Left turn lane,01-Clear,01-Daylight,INTERSECTION,
7353,14-026045,20140203,OLD MILL RD @ DOON VALLEY DR,02-Intersection related,02-Thru lane,01-Clear,01-Daylight,INTERSECTION,
7354,14-044196,20140227,CONNAUGHT ST @ FRANKLIN ST S,03-At intersection,01-Within intersection,01-Clear,01-Daylight,INTERSECTION,
7355,14-044940,20140228,GLASGOW ST @ BELMONT AVE W,03-At intersection,02-Thru lane,01-Clear,03-Dawn,INTERSECTION,
7356,14-044219,20140227,GLASGOW ST @ PARK ST,03-At intersection,01-Within intersection,03-Snow,01-Daylight,INTERSECTION,
7357,14-044383,20140227,CLAREMONT AVE @ BELMONT LANE W,02-Intersection related,02-Thru lane,01-Clear,01-Daylight,INTERSECTION,
7358,14-027722,20140205,BRENTWOOD AVE @ MONTGOMERY RD,03-At intersection,01-Within intersection,01-Clear,01-Daylight,INTERSECTION,
7359,14-077662,20140411,FAIRFIELD AVE @ ST LEGER ST,03-At intersection,01-Within intersection,01-Clear,01-Daylight,INTERSECTION,
7360,14-080826,20140415,FAIRFIELD AVE @ ST LEGER ST,03-At intersection,01-Within intersection,03-Snow,01-Daylight,INTERSECTION,
7361,14-038925,20140220,PAULANDER DR @ LAWRENCE AVE,03-At intersection,01-Within intersection,,01-Daylight,INTERSECTION,
7362,14-064028,20140324,PIONEER DR @ DOON VILLAGE RD,02-Intersection related,04-Right turn lane,01-Clear,01-Daylight,INTERSECTION,
7363,14-034308,20140213,FRANKLIN ST N @ WEBER ST E,02-Intersection related,02-Thru lane,01-Clear,01-Daylight,INTERSECTION,
7364,13-290390,20131216,FRANKLIN ST S @ KINGSWAY DR,02-Intersection related,02-Thru lane,03-Snow,05-Dusk,INTERSECTION,
7365,14-093855,20140429,FREDERICK ST @ SPETZ ST,02-Intersection related,02-Thru lane,01-Clear,01-Daylight,INTERSECTION,
7366,14-036085,20140216,RIVER RD E @ HOLBORN DR,03-At intersection,01-Within intersection,01-Clear,01-Daylight,INTERSECTION,
7367,14-062284,20140322,RIVER RD E @ HOLBORN DR,03-At intersection,01-Within intersection,01-Clear,01-Daylight,INTERSECTION,
7368,14-076228,20140409,GIBSON DR @ BAIRD AVE,02-Intersection related,02-Thru lane,01-Clear,01-Daylight,INTERSECTION,
7369,14-090097,20140426,GLASGOW ST @ ORCHARD PARK CRES,02-Intersection related,02-Thru lane,01-Clear,01-Daylight,INTERSECTION,
7370,14-082348,20140417,RIVER RD E @ LORRAINE AVE,02-Intersection related,04-Right turn lane,01-Clear,01-Daylight,INTERSECTION,
7371,14-044840,20140228,RIVERBEND DR @ BRIDGEPORT RD,03-At intersection,01-Within intersection,01-Clear,01-Daylight,INTERSECTION,
7372,14-118639,20140529,GOODRICH DR @ WILSON AVE,03-At intersection,04-Right turn lane,01-Clear,01-Daylight,INTERSECTION,
7373,14-037160,20140218,HEIT LANE @ DUKE ST W,02-Intersection related,02-Thru lane,03-Snow,01-Daylight,INTERSECTION,
7374,14-091614,20140428,RIVERBEND DR @ GUELPH ST,02-Intersection related,01-Within intersection,01-Clear,01-Daylight,INTERSECTION,
7375,14-081180,20140415,RUSKVIEW RD @ SWEETBRIAR DR,03-At intersection,01-Within intersection,03-Snow,01-Daylight,INTERSECTION,
7376,14-067492,20140329,HIGHLAND RD E @ SPADINA RD E,02-Intersection related,03-Left turn lane,01-Clear,01-Daylight,INTERSECTION,
7377,14-073429,20140405,HIGHLAND RD E @ SPADINA RD E,02-Intersection related,11-Not on roadway - right side,01-Clear,"08-Dark, artificial",INTERSECTION,
7378,14-075919,20140408,HOMER WATSON BLVD @ STIRLING AVE S,03-At intersection,04-Right turn lane,01-Clear,05-Dusk,INTERSECTION,
7379,14-089647,20140426,HURON RD @ MILL PARK DR / WILSON AVE,02-Intersection related,12-Off highway,01-Clear,07-Dark,INTERSECTION,
7380,14-094297,20140501,SHERWOOD AVE @ KRUG ST,03-At intersection,02-Thru lane,01-Clear,01-Daylight,INTERSECTION,
7381,14-107660,20140517,SHUH AVE @ FRANKLIN ST N,02-Intersection related,09-Right shoulder,01-Clear,"08-Dark, artificial",INTERSECTION,
7382,14-083912,20140419,BLOCK LINE RD @ FALLOWFIELD DR,02-Intersection related,11-Not on roadway - right side,01-Clear,01-Daylight,INTERSECTION,
7383,14-090782,20140427,BLOCK LINE RD @ KINGSWOOD DR,02-Intersection related,02-Thru lane,01-Clear,01-Daylight,INTERSECTION,
7384,14-065671,20140326,BLOCK LINE RD @ KINGSWOOD DR,03-At intersection,02-Thru lane,01-Clear,07-Dark,INTERSECTION,
7385,14-082589,20140417,BORDEN AVE N @ KING ST E / BORDEN AVE S,03-At intersection,01-Within intersection,01-Clear,01-Daylight,INTERSECTION,
7386,14-100969,20140502,KING ST E @ CAMERON ST S / CAMERON ST N,02-Intersection related,02-Thru lane,02-Rain,01-Daylight,INTERSECTION,
7387,14-075821,20140409,KING ST E @ DANE ST,02-Intersection related,02-Thru lane,01-Clear,01-Daylight,INTERSECTION,
7388,14-083861,20140419,KING ST E @ FREDERICK ST / BENTON ST,02-Intersection related,02-Thru lane,01-Clear,03-Dawn,INTERSECTION,
7389,14-077037,20140410,KING ST E @ FREDERICK ST / BENTON ST,02-Intersection related,02-Thru lane,01-Clear,01-Daylight,INTERSECTION,
7390,16-117597,20160602,DUKE ST E @ EBY ST N,03-At intersection,01-Within intersection,01-Clear,01-Daylight,INTERSECTION,
7391,16-138942,20160624,WILSON AVE @ TRAYNOR AVE,02-Intersection related,02-Thru lane,01-Clear,"08-Dark, artificial",INTERSECTION,
7392,16-124159,20160610,WILSON AVE @ TRAYNOR AVE,02-Intersection related,02-Thru lane,01-Clear,01-Daylight,INTERSECTION,
7393,16-129382,20160616,PIONEER DR @ DOON VILLAGE RD,03-At intersection,01-Within intersection,01-Clear,01-Daylight,INTERSECTION,
7394,16-162181,20160726,BORDEN AVE N @ KING ST E / BORDEN AVE S,02-Intersection related,03-Left turn lane,01-Clear,01-Daylight,INTERSECTION,
7395,16-147750,20160708,BORDEN AVE N @ KING ST E / BORDEN AVE S,02-Intersection related,02-Thru lane,01-Clear,01-Daylight,INTERSECTION,
7396,16-127078,20160514,EBY ST S @ EBY ST N / KING ST E,03-At intersection,01-Within intersection,01-Clear,01-Daylight,INTERSECTION,
7397,16-126221,20160612,KELLY DR @ QUEENS BLVD,02-Intersection related,02-Thru lane,01-Clear,01-Daylight,INTERSECTION,
7398,15-089378,20150429,GLASGOW ST @ PARK ST,03-At intersection,01-Within intersection,01-Clear,01-Daylight,INTERSECTION,
7399,16-140303,20160629,STIRLING AVE S @ KING ST E / STIRLING AVE N,02-Intersection related,11-Not on roadway - right side,01-Clear,01-Daylight,INTERSECTION,
7400,16-117363,20160602,ROLLING MEADOWS DR @ DRIFTWOOD DR,03-At intersection,01-Within intersection,01-Clear,01-Daylight,INTERSECTION,
7401,16-136536,20160624,WILSON AVE @ WEBSTER RD,03-At intersection,01-Within intersection,01-Clear,01-Daylight,INTERSECTION,
7402,16-090098,20160429,STIRLING AVE S @ HIGHLAND RD E,02-Intersection related,03-Left turn lane,01-Clear,01-Daylight,INTERSECTION,
7403,16-148508,20160708,COTTON GRASS ST @ COMMONWEALTH ST,02-Intersection related,02-Thru lane,01-Clear,01-Daylight,INTERSECTION,
7404,16-133600,20160620,JOSEPH ST @ VICTORIA ST S,02-Intersection related,02-Thru lane,01-Clear,01-Daylight,INTERSECTION,
7405,16-112696,20160527,QUEENS BLVD @ HIGHLAND RD W / HIGHLAND RD E / QUEEN ST S,02-Intersection related,02-Thru lane,01-Clear,01-Daylight,INTERSECTION,
7406,16-134796,20160622,BORDEN AVE N @ KING ST E / BORDEN AVE S,02-Intersection related,02-Thru lane,01-Clear,01-Daylight,INTERSECTION,
7407,16-093606,20160503,OTTAWA ST S @ STRASBURG RD,02-Intersection related,03-Left turn lane,01-Clear,01-Daylight,INTERSECTION,
7408,16-159465,20160722,HURON RD @ HURON RD,03-At intersection,01-Within intersection,01-Clear,01-Daylight,INTERSECTION,
7409,16-147959,20160708,MAX BECKER DR @ COMMONWEALTH ST,03-At intersection,01-Within intersection,01-Clear,01-Daylight,INTERSECTION,
7410,16-147715,20160708,CAMERON ST N @ WEBER ST E,02-Intersection related,02-Thru lane,01-Clear,01-Daylight,INTERSECTION,
7411,17-106771,20170516,PEBBLECREEK DR @ ZELLER DR,02-Intersection related,02-Thru lane,01-Clear,01-Daylight,INTERSECTION,
7412,17-117433,20170530,WELLINGTON ST N @ WELLINGTON ST N,03-At intersection,01-Within intersection,01-Clear,01-Daylight,INTERSECTION,
7413,17-129741,20170613,RIVER RD E @ LORRAINE AVE,03-At intersection,01-Within intersection,01-Clear,01-Daylight,INTERSECTION,
7414,17-122036,20170604,BUERKLE CRT @ DOON MILLS DR,02-Intersection related,02-Thru lane,01-Clear,01-Daylight,INTERSECTION,
7415,17-096631,20170505,DOON VALLEY DR @ PINNACLE DR,03-At intersection,01-Within intersection,02-Rain,01-Daylight,INTERSECTION,
7416,17-095860,20170504,UPPER CANADA DR @ DOON VILLAGE RD,03-At intersection,01-Within intersection,01-Clear,01-Daylight,INTERSECTION,
7417,17-126043,20170609,GLASGOW ST @ BELMONT AVE W,03-At intersection,01-Within intersection,01-Clear,01-Daylight,INTERSECTION,
7418,17-053932,20170312,YOUNG ST @ DUKE ST W,02-Intersection related,11-Not on roadway - right side,01-Clear,"08-Dark, artificial",INTERSECTION,
7419,17-144646,20170701,EBY ST S @ EBY ST N / KING ST E,02-Intersection related,09-Right shoulder,01-Clear,07-Dark,INTERSECTION,
7420,17-104218,20170514,BLOCK LINE RD @ STRASBURG RD,02-Intersection related,99-Other,01-Clear,01-Daylight,INTERSECTION,
7421,17-154861,20170712,SAMUEL ST @ FREDERICK ST,02-Intersection related,02-Thru lane,01-Clear,01-Daylight,INTERSECTION,
7422,17-153545,20170711,BELMONT AVE W @ GAGE AVE,02-Intersection related,02-Thru lane,01-Clear,01-Daylight,INTERSECTION,
7423,17-118173,20170531,BLOCK LINE RD @ STRASBURG RD,03-At intersection,01-Within intersection,01-Clear,01-Daylight,INTERSECTION,
7424,17-136662,20170621,BLOCK LINE RD @ STRASBURG RD,03-At intersection,01-Within intersection,01-Clear,01-Daylight,INTERSECTION,
7425,17-094387,20170502,ST LEGER ST @ BLUCHER ST / BLUCHER BLVD,02-Intersection related,02-Thru lane,02-Rain,01-Daylight,INTERSECTION,
7426,17-002561,20170104,BORDEN AVE N @ KING ST E / BORDEN AVE S,03-At intersection,01-Within intersection,03-Snow,05-Dusk,INTERSECTION,
7427,17-075195,20170408,STIRLING AVE S @ MILL ST,03-At intersection,01-Within intersection,01-Clear,01-Daylight,INTERSECTION,
7428,16-111826,20160526,MILL ST @ HEIMAN ST,03-At intersection,01-Within intersection,01-Clear,01-Daylight,INTERSECTION,
7429,17-147955,20170705,SHANLEY ST @ MOORE AVE,03-At intersection,01-Within intersection,01-Clear,01-Daylight,INTERSECTION,
7430,17-096093,20170504,GAUKEL ST @ HALLS LANE W,03-At intersection,01-Within intersection,02-Rain,01-Daylight,INTERSECTION,
7431,17-124507,20170607,WILDERNESS DR @ BUSH CLOVER CRES / ACTIVA AVE,03-At intersection,01-Within intersection,01-Clear,01-Daylight,INTERSECTION,
7432,17-141586,20170626,DOMINION ST @ PARK ST,02-Intersection related,02-Thru lane,01-Clear,01-Daylight,INTERSECTION,
7433,17-133358,20170617,GREENFIELD AVE @ TRAYNOR AVE,03-At intersection,01-Within intersection,01-Clear,01-Daylight,INTERSECTION,
7434,17-096577,20170505,NINTH AVE @ GREENFIELD AVE,03-At intersection,01-Within intersection,02-Rain,01-Daylight,INTERSECTION,
7435,17-155170,20170713,DOMINION ST @ PARK ST,02-Intersection related,02-Thru lane,02-Rain,01-Daylight,INTERSECTION,
7436,17-142532,20170628,UNION BLVD @ PARK ST,03-At intersection,01-Within intersection,01-Clear,01-Daylight,INTERSECTION,
7437,17-157597,20170715,MARTIN ST @ PETER ST,02-Intersection related,02-Thru lane,01-Clear,01-Daylight,INTERSECTION,
7438,17-158711,20170717,PIONEER DR @ DOON VILLAGE RD,03-At intersection,01-Within intersection,01-Clear,"08-Dark, artificial",INTERSECTION,
7439,17-149164,20170706,HUDSON CRES @ MONTCALM DR,03-At intersection,01-Within intersection,01-Clear,01-Daylight,INTERSECTION,
7440,16-244152,20161104,DIXON ST @ ROCKWAY DR,02-Intersection related,02-Thru lane,01-Clear,07-Dark,INTERSECTION,
7441,17-150848,20170708,QUEEN ST S @ JOSEPH ST,02-Intersection related,02-Thru lane,01-Clear,01-Daylight,INTERSECTION,
7442,17-019668,20170127,BATTLER RD @ HURON RD,02-Intersection related,05-Right turn channel,03-Snow,"08-Dark, artificial",INTERSECTION,
7443,17-120150,20170602,MELROSE AVE @ KRUG ST,02-Intersection related,02-Thru lane,01-Clear,01-Daylight,INTERSECTION,
7444,17-111775,20170523,BELMONT AVE W @ GAGE AVE,03-At intersection,04-Right turn lane,01-Clear,01-Daylight,INTERSECTION,
7445,17-152369,20170710,LOUISA ST @ ST LEGER ST,03-At intersection,01-Within intersection,01-Clear,01-Daylight,INTERSECTION,
7446,14-035967,20140216,BLOCK LINE RD @ FALLOWFIELD DR,03-At intersection,11-Not on roadway - right side,03-Snow,01-Daylight,INTERSECTION,
7447,17-013401,20170119,CEDAR ST S @ CHURCH ST,03-At intersection,01-Within intersection,01-Clear,01-Daylight,INTERSECTION,
7448,16-276188,20161217,CEDARWOODS CRES @ KINGSWAY DR,03-At intersection,01-Within intersection,01-Clear,07-Dark,INTERSECTION,
7449,17-020433,20170128,OLD CHICOPEE DR @ CONWAY DR,02-Intersection related,11-Not on roadway - right side,01-Clear,01-Daylight,INTERSECTION,
7450,17-000228,20170101,WILSON AVE @ CLARK AVE,03-At intersection,01-Within intersection,03-Snow,01-Daylight,INTERSECTION,
7451,17-000620,20170101,CONNAUGHT PL @ CONNAUGHT ST / SECOND AVE,03-At intersection,01-Within intersection,01-Clear,"08-Dark, artificial",INTERSECTION,
7452,17-015541,20170122,GREEN VALLEY DR @ PIONEER DR,02-Intersection related,12-Off highway,"07-Fog, mist, smoke, dust",07-Dark,INTERSECTION,
7453,17-014435,20170120,DOON VILLAGE RD @ BECHTEL DR,02-Intersection related,04-Right turn lane,99-Other,01-Daylight,INTERSECTION,
7454,16-267346,20161205,ELLEN ST W @ QUEEN ST N / ELLEN ST E,03-At intersection,01-Within intersection,01-Clear,07-Dark,INTERSECTION,
7455,17-018843,20170126,SCOTT ST @ DUKE ST E,03-At intersection,01-Within intersection,02-Rain,01-Daylight,INTERSECTION,
7456,17-005941,20170109,DUMFRIES AVE @ CHAPEL ST,02-Intersection related,02-Thru lane,01-Clear,01-Daylight,INTERSECTION,
7457,17-014463,20170119,FREDERICK ST @ AVON RD,03-At intersection,01-Within intersection,01-Clear,01-Daylight,INTERSECTION,
7458,17-049943,20170307,CHANDLER DR @ LEACREST CRT,03-At intersection,01-Within intersection,01-Clear,07-Dark,INTERSECTION,
7459,17-052074,20170310,OLD COUNTRY DR @ CENTURY HILL DR,02-Intersection related,12-Off highway,01-Clear,01-Daylight,INTERSECTION,
7460,17-031526,20170212,BATTLER RD @ HURON RD,03-At intersection,01-Within intersection,03-Snow,01-Daylight,INTERSECTION,
7461,17-031527,20170212,GUELPH ST @ MARGARET AVE,03-At intersection,01-Within intersection,03-Snow,01-Daylight,INTERSECTION,
7462,17-031551,20170211,HOMER WATSON BLVD @ STIRLING AVE S,02-Intersection related,10-Not on roadway - left side,03-Snow,07-Dark,INTERSECTION,
7463,17-034979,20170216,WABANAKI DR @ WILSON AVE,03-At intersection,01-Within intersection,01-Clear,"08-Dark, artificial",INTERSECTION,
7464,17-053040,20170311,WEST AVE @ VICTORIA ST S / STRANGE ST,02-Intersection related,02-Thru lane,01-Clear,01-Daylight,INTERSECTION,
7465,17-031880,20170212,FRANKLIN ST S @ KINGSWAY DR,02-Intersection related,02-Thru lane,03-Snow,07-Dark,INTERSECTION,
7466,17-032175,20170213,HURON RD @ WOODBINE AVE,02-Intersection related,02-Thru lane,01-Clear,01-Daylight,INTERSECTION,
7467,17-054363,20170313,DUKE ST W @ BREITHAUPT ST,03-At intersection,01-Within intersection,03-Snow,01-Daylight,INTERSECTION,
7468,17-032403,20170213,HERITAGE DR @ LORRAINE AVE,02-Intersection related,02-Thru lane,01-Clear,01-Daylight,INTERSECTION,
7469,17-068971,20170331,WESTHEIGHTS DR @ DRIFTWOOD DR,02-Intersection related,02-Thru lane,02-Rain,01-Daylight,INTERSECTION,
7470,17-054529,20170313,SPADINA RD E @ WINSLOW DR,03-At intersection,02-Thru lane,03-Snow,05-Dusk,INTERSECTION,
7471,17-069647,20170401,SIENNA CRES @ ROCHEFORT ST / WOODBINE AVE,02-Intersection related,05-Right turn channel,01-Clear,01-Daylight,INTERSECTION,
7472,17-055615,20170315,WATER ST S @ JOSEPH ST,02-Intersection related,02-Thru lane,01-Clear,01-Daylight,INTERSECTION,
7473,17-068128,20170330,BELMONT AVE W @ GAGE AVE,02-Intersection related,02-Thru lane,03-Snow,01-Daylight,INTERSECTION,
7474,17-055885,20170315,BLOCK LINE RD @ FALLOWFIELD DR,02-Intersection related,02-Thru lane,01-Clear,01-Daylight,INTERSECTION,
7475,17-055979,20170315,BELMONT AVE W @ GAGE AVE,03-At intersection,01-Within intersection,01-Clear,07-Dark,INTERSECTION,
7476,17-020248,20170128,CHURCH ST @ BENTON ST,03-At intersection,01-Within intersection,03-Snow,01-Daylight,INTERSECTION,
7477,17-049711,20170306,CARWOOD AVE @ DIXON ST,02-Intersection related,02-Thru lane,02-Rain,07-Dark,INTERSECTION,
7478,17-056781,20170316,DOON MILLS DR @ PINE VALLEY DR,03-At intersection,01-Within intersection,01-Clear,07-Dark,INTERSECTION,
7479,17-057534,20170316,QUEENS BLVD @ BELMONT AVE W / BELMONT AVE E,02-Intersection related,02-Thru lane,01-Clear,01-Daylight,INTERSECTION,
7480,17-040056,20170223,DOON VILLAGE RD @ BECHTEL DR,03-At intersection,01-Within intersection,01-Clear,01-Daylight,INTERSECTION,
7481,17-067305,20170329,PIONEER DR @ DOON VILLAGE RD,02-Intersection related,02-Thru lane,01-Clear,01-Daylight,INTERSECTION,
7482,17-058266,20170318,WELLINGTON ST N @ MARGARET AVE,03-At intersection,01-Within intersection,01-Clear,01-Daylight,INTERSECTION,
7483,17-059243,20170319,WAVERLY RD @ STRANGE ST,03-At intersection,01-Within intersection,01-Clear,01-Daylight,INTERSECTION,
7484,17-059672,20170320,HURON RD @ NEWCASTLE DR / PARKVALE DR,03-At intersection,01-Within intersection,01-Clear,01-Daylight,INTERSECTION,
7485,17-050255,20170308,STAHL AVE @ DUKE ST W,03-At intersection,01-Within intersection,01-Clear,01-Daylight,INTERSECTION,
7486,17-072852,20170405,DUNHAM AVE @ MANSION ST,03-At intersection,01-Within intersection,01-Clear,01-Daylight,INTERSECTION,
7487,16-214194,20160928,LANCASTER ST E @ KRUG ST / CEDAR ST N,03-At intersection,01-Within intersection,01-Clear,01-Daylight,INTERSECTION,
7488,16-269603,20161208,KRUG ST @ TROY ST,02-Intersection related,11-Not on roadway - right side,03-Snow,07-Dark,INTERSECTION,
7489,17-067673,20170330,GLASGOW ST @ BELMONT AVE W,03-At intersection,01-Within intersection,01-Clear,03-Dawn,INTERSECTION,
7490,17-052544,20170310,GLASGOW ST @ BELMONT AVE W,03-At intersection,01-Within intersection,05-Drifting Snow,"08-Dark, artificial",INTERSECTION,
7491,16-281794,20161226,BLOCK LINE RD @ STRASBURG RD,02-Intersection related,10-Not on roadway - left side,04-Freezing Rain,01-Daylight,INTERSECTION,
7492,16-284194,20161229,STRASBURG RD @ HURON RD,02-Intersection related,02-Thru lane,03-Snow,07-Dark,INTERSECTION,
7493,16-270281,20161209,GRAVEL RIDGE TRAIL @ MELINDA ST,02-Intersection related,02-Thru lane,03-Snow,01-Daylight,INTERSECTION,
7494,17-051001,20170308,PARK ST @ GREEN ST,02-Intersection related,02-Thru lane,01-Clear,07-Dark,INTERSECTION,
7495,17-042058,20170225,MAX BECKER DR @ COMMONWEALTH ST,03-At intersection,01-Within intersection,01-Clear,07-Dark,INTERSECTION,
7496,17-042102,20170225,BLOCK LINE RD @ STRASBURG RD,03-At intersection,01-Within intersection,03-Snow,07-Dark,INTERSECTION,
7497,17-031906,20170212,STRASBURG RD @ HURON RD,03-At intersection,01-Within intersection,04-Freezing Rain,07-Dark,INTERSECTION,
7498,16-284171,20161229,WILSON AVE @ WEBSTER RD,03-At intersection,01-Within intersection,03-Snow,07-Dark,INTERSECTION,
7499,17-017121,20170124,WILSON AVE @ WEBSTER RD,03-At intersection,01-Within intersection,01-Clear,01-Daylight,INTERSECTION,
7500,16-284209,20161229,CHANDLER DR @ STRASBURG RD,03-At intersection,01-Within intersection,03-Snow,"08-Dark, artificial",INTERSECTION,
7501,14-087650,20140423,SHUH AVE @ FRANKLIN ST N,03-At intersection,01-Within intersection,01-Clear,01-Daylight,INTERSECTION,
7502,14-087183,20140423,SPADINA RD W @ NORTH DR,03-At intersection,01-Within intersection,01-Clear,01-Daylight,INTERSECTION,
7503,14-122465,20140602,SPORTSWORLD DR @ GATEWAY PARK DR / HELDMANN RD,02-Intersection related,03-Left turn lane,01-Clear,01-Daylight,INTERSECTION,
7504,14-089599,20140426,CEDAR ST N @ DUKE ST E,02-Intersection related,11-Not on roadway - right side,01-Clear,07-Dark,INTERSECTION,
7505,14-069160,20140331,KING ST E @ QUEEN ST N,03-At intersection,01-Within intersection,01-Clear,01-Daylight,INTERSECTION,
7506,14-064770,20140324,KING ST E @ QUEEN ST N,02-Intersection related,02-Thru lane,01-Clear,01-Daylight,INTERSECTION,
7507,14-075170,20140408,ST LEGER ST @ BLUCHER ST / BLUCHER BLVD,03-At intersection,01-Within intersection,01-Clear,01-Daylight,INTERSECTION,
7508,14-091483,20140428,STRANGE ST @ DOMINION ST,02-Intersection related,11-Not on roadway - right side,01-Clear,01-Daylight,INTERSECTION,
7509,14-072051,20140404,CEDAR ST S @ CHURCH ST,03-At intersection,01-Within intersection,02-Rain,01-Daylight,INTERSECTION,
7510,14-089927,20140426,CHARLES ST E @ SYDNEY ST S,03-At intersection,02-Thru lane,01-Clear,01-Daylight,INTERSECTION,
7511,14-076395,20140409,CLAREMONT AVE @ BELMONT LANE W,02-Intersection related,09-Right shoulder,01-Clear,01-Daylight,INTERSECTION,
7512,14-093211,20140430,STRASBURG RD @ MCINTYRE DR,02-Intersection related,02-Thru lane,02-Rain,01-Daylight,INTERSECTION,
7513,17-005329,20170108,BELMONT AVE W @ CLAREMONT AVE,03-At intersection,01-Within intersection,01-Clear,01-Daylight,INTERSECTION,
7514,16-263552,20161130,FRANKLIN ST N @ BRADLEY DR,03-At intersection,01-Within intersection,01-Clear,05-Dusk,INTERSECTION,
7515,16-217599,20161001,HEIMAN ST @ HIGHLAND RD E,03-At intersection,01-Within intersection,02-Rain,"08-Dark, artificial",INTERSECTION,
7516,16-283997,20161229,EAGEN DR @ OVERLEA DR,03-At intersection,01-Within intersection,01-Clear,01-Daylight,INTERSECTION,
7517,16-280980,20161224,BORDEN AVE N @ KING ST E / BORDEN AVE S,03-At intersection,01-Within intersection,02-Rain,01-Daylight,INTERSECTION,
7518,17-004770,20170107,UNION BLVD @ BELMONT AVE W,03-At intersection,01-Within intersection,01-Clear,01-Daylight,INTERSECTION,
7519,16-244819,20161105,AHRENS ST W @ WELLINGTON ST N,03-At intersection,01-Within intersection,01-Clear,01-Daylight,INTERSECTION,
7520,16-228994,20161015,KING ST E @ CAMERON ST S / CAMERON ST N,03-At intersection,01-Within intersection,01-Clear,05-Dusk,INTERSECTION,
7521,16-281988,20161226,VANIER DR @ SIEBERT AVE,03-At intersection,01-Within intersection,02-Rain,01-Daylight,INTERSECTION,
7522,16-220049,20161005,QUEEN ST N @ LANCASTER ST W / LANCASTER ST E,03-At intersection,01-Within intersection,01-Clear,01-Daylight,INTERSECTION,
7523,16-268633,20161207,KING ST E @ SCOTT ST,03-At intersection,01-Within intersection,01-Clear,01-Daylight,INTERSECTION,
7524,17-001647,20170103,QUEENS BLVD @ BELMONT AVE W / BELMONT AVE E,03-At intersection,01-Within intersection,02-Rain,01-Daylight,INTERSECTION,
7525,16-281844,20161226,BIEHN DR @ BLACK WALNUT DR,03-At intersection,01-Within intersection,04-Freezing Rain,01-Daylight,INTERSECTION,
7526,17-005626,20170108,HIGHLAND RD E @ SPADINA RD E,03-At intersection,01-Within intersection,01-Clear,"08-Dark, artificial",INTERSECTION,
7527,17-003957,20170106,HIGHLAND RD E @ SPADINA RD E,03-At intersection,01-Within intersection,01-Clear,01-Daylight,INTERSECTION,
7528,16-278738,20161221,HEIMAN ST @ HIGHLAND RD E,03-At intersection,01-Within intersection,01-Clear,01-Daylight,INTERSECTION,
7529,16-233807,20161022,OTTAWA ST N @ RIVER RD E,02-Intersection related,02-Thru lane,01-Clear,01-Daylight,INTERSECTION,
7530,16-240806,20161031,QUEEN ST S @ COURTLAND AVE W,02-Intersection related,03-Left turn lane,01-Clear,01-Daylight,INTERSECTION,
7531,16-274035,20161214,STIRLING AVE S @ MILL ST,02-Intersection related,02-Thru lane,03-Snow,07-Dark,INTERSECTION,
7532,16-230745,20161018,HIGHLAND RD E @ RUBY ST,03-At intersection,01-Within intersection,01-Clear,01-Daylight,INTERSECTION,
7533,17-006832,20170110,QUEEN ST N @ MARGARET AVE / OTTO ST,03-At intersection,01-Within intersection,03-Snow,01-Daylight,INTERSECTION,
7534,16-265330,20161202,WELLINGTON ST N @ ST LEGER ST,02-Intersection related,02-Thru lane,02-Rain,"08-Dark, artificial",INTERSECTION,
7535,16-281939,20161226,QUEEN ST S @ BROCK ST,02-Intersection related,02-Thru lane,01-Clear,01-Daylight,INTERSECTION,
7536,16-275917,20161217,BUERKLE CRT @ DOON MILLS DR,02-Intersection related,11-Not on roadway - right side,03-Snow,01-Daylight,INTERSECTION,