OBJECTID,ACCIDENTNUM,ACCIDENTDATE,LOCATION,ACCIDENT_LOCATION,IMPACT_LOCATION,ENVIRONMENT_CONDITION,LIGHT,COLLISION_TYPE,TRAFFICCOLLISIONSID
7537,17-005519,20170108,BLOCK LINE RD @ HIGHBROOK ST,02-Intersection related,02-Thru lane,01-Clear,01-Daylight,INTERSECTION,
7538,13-281123,20131203,RIVER RD E @ HOLBORN DR,03-At intersection,02-Thru lane,01-Clear,"08-Dark, artificial",INTERSECTION,
7539,14-022341,20140130,MILL ST @ BORDEN PKY,03-At intersection,01-Within intersection,01-Clear,03-Dawn,INTERSECTION,
7540,13-281200,20131204,BELMONT AVE W @ GAGE AVE,03-At intersection,01-Within intersection,"07-Fog, mist, smoke, dust",07-Dark,INTERSECTION,
7541,13-283495,20131207,BELMONT AVE W @ GAGE AVE,03-At intersection,09-Right shoulder,01-Clear,"08-Dark, artificial",INTERSECTION,
7542,13-282759,20131206,ARDELT AVE @ HANSON AVE,02-Intersection related,02-Thru lane,01-Clear,01-Daylight,INTERSECTION,
7543,13-283197,20131204,BLOCK LINE RD @ KINGSWOOD DR,03-At intersection,02-Thru lane,01-Clear,07-Dark,INTERSECTION,
7544,13-283324,20131207,GRAVEL RIDGE TRAIL @ ISAIAH DR,03-At intersection,08-Left shoulder,03-Snow,01-Daylight,INTERSECTION,
7545,13-283840,20131208,CEDAR ST S @ CHURCH ST,03-At intersection,01-Within intersection,01-Clear,"08-Dark, artificial",INTERSECTION,
7546,13-285218,20131209,HURON RD @ HURON RD,02-Intersection related,99-Other,03-Snow,01-Daylight,INTERSECTION,
7547,13-269325,20131119,BLOCK LINE RD @ STRASBURG RD,02-Intersection related,02-Thru lane,01-Clear,01-Daylight,INTERSECTION,
7548,13-285574,20131210,BLOCK LINE RD @ STRASBURG RD,03-At intersection,02-Thru lane,01-Clear,01-Daylight,INTERSECTION,
7549,13-285809,20131211,DUKE ST E @ CAMERON ST N,03-At intersection,11-Not on roadway - right side,03-Snow,07-Dark,INTERSECTION,
7550,13-285975,20131211,RIVER RD E @ LORRAINE AVE,03-At intersection,03-Left turn lane,03-Snow,01-Daylight,INTERSECTION,
7551,14-020304,20140127,CHERRY ST @ STRANGE ST,03-At intersection,01-Within intersection,01-Clear,01-Daylight,INTERSECTION,
7552,13-299079,20131226,QUEENS BLVD @ WARREN RD,03-At intersection,01-Within intersection,01-Clear,"08-Dark, artificial",INTERSECTION,
7553,14-015845,20140121,YOUNG ST @ DUKE ST W,02-Intersection related,03-Left turn lane,01-Clear,01-Daylight,INTERSECTION,
7554,14-004685,20140107,WELLINGTON ST N @ SHIRLEY AVE / RIVERBEND DR,03-At intersection,02-Thru lane,01-Clear,01-Daylight,INTERSECTION,
7555,13-294762,20131223,VICTORIA ST N @ FORWELL RD,02-Intersection related,02-Thru lane,01-Clear,"04-Dawn, artificial",INTERSECTION,
7556,13-211136,20130910,BANKSIDE DR @ OPRINGTON DR,03-At intersection,01-Within intersection,01-Clear,01-Daylight,INTERSECTION,
7557,14-22392,20140130,WILSON AVE @ TRAYNOR AVE,03-At intersection,02-Thru lane,01-Clear,01-Daylight,INTERSECTION,
7558,13-274064,20131123,BLOCK LINE RD @ STRASBURG RD,03-At intersection,02-Thru lane,01-Clear,"08-Dark, artificial",INTERSECTION,
7559,17-132125,20170615,WELLINGTON ST N @ WELLINGTON ST N,02-Intersection related,02-Thru lane,01-Clear,01-Daylight,INTERSECTION,
7560,17-119649,20170602,SHANLEY ST @ MOORE AVE,02-Intersection related,02-Thru lane,01-Clear,01-Daylight,INTERSECTION,
7561,17-129985,20170612,GAGE AVE @ WESTMOUNT RD W,02-Intersection related,02-Thru lane,01-Clear,01-Daylight,INTERSECTION,
7562,17-128931,20170605,GOODRICH DR @ WILSON AVE,02-Intersection related,04-Right turn lane,01-Clear,01-Daylight,INTERSECTION,
7563,17-074986,20170407,LANCASTER ST E @ MANSION ST,03-At intersection,01-Within intersection,01-Clear,07-Dark,INTERSECTION,
7564,17-209452,20170917,PAULANDER DR @ LAWRENCE AVE,03-At intersection,01-Within intersection,01-Clear,01-Daylight,INTERSECTION,
7565,17-205862,20170913,WELLINGTON ST N @ MARGARET AVE,03-At intersection,01-Within intersection,01-Clear,01-Daylight,INTERSECTION,
7566,17-185174,20170819,MAX BECKER DR @ BRIDLEWREATH ST,03-At intersection,01-Within intersection,99-Other,01-Daylight,INTERSECTION,
7567,17-205847,20170913,KING ST E @ MONTGOMERY RD / DIXON ST,02-Intersection related,02-Thru lane,01-Clear,01-Daylight,INTERSECTION,
7568,17-204414,20170910,HURON RD @ HURON RD,02-Intersection related,05-Right turn channel,01-Clear,01-Daylight,INTERSECTION,
7569,17-199084,20170905,TEMPLEWOOD DR @ OLD HURON RD,03-At intersection,01-Within intersection,01-Clear,01-Daylight,INTERSECTION,
7570,17-195210,20170829,QUEENS BLVD @ HIGHLAND RD W / HIGHLAND RD E / QUEEN ST S,02-Intersection related,02-Thru lane,01-Clear,01-Daylight,INTERSECTION,
7571,17-164339,20170724,LAURENTIAN DR @ BLOCK LINE RD,03-At intersection,01-Within intersection,01-Clear,01-Daylight,INTERSECTION,
7572,17-190386,20170821,HOMEWOOD AVE @ QUEEN ST S,02-Intersection related,02-Thru lane,01-Clear,01-Daylight,INTERSECTION,
7573,17-195144,20170831,QUEENS BLVD @ ELM RIDGE DR,03-At intersection,01-Within intersection,01-Clear,01-Daylight,INTERSECTION,
7574,17-200024,20170906,RESURRECTION DR @ NORTHMANOR CRES,03-At intersection,01-Within intersection,01-Clear,01-Daylight,INTERSECTION,
7575,17-174675,20170806,BLOCK LINE RD @ BLOCK LINE RD,03-At intersection,01-Within intersection,01-Clear,01-Daylight,INTERSECTION,
7576,17-062503,20170323,CEDAR ST S @ CHURCH ST,03-At intersection,01-Within intersection,01-Clear,01-Daylight,INTERSECTION,
7577,17-052262,20170310,CHARLES ST E @ PRESTON ST,02-Intersection related,02-Thru lane,03-Snow,01-Daylight,INTERSECTION,
7578,17-176363,20170808,RIVER RD E @ FREDERICK ST,02-Intersection related,02-Thru lane,01-Clear,01-Daylight,INTERSECTION,
7579,17-179662,20170812,RIVER RD E @ NIAGARA RD,03-At intersection,01-Within intersection,01-Clear,01-Daylight,INTERSECTION,
7580,17-067989,20170330,CHARLES ST E @ SYDNEY ST S,03-At intersection,01-Within intersection,01-Clear,01-Daylight,INTERSECTION,
7581,17-145494,20170702,CONNAUGHT ST @ FRANKLIN ST S,02-Intersection related,11-Not on roadway - right side,01-Clear,01-Daylight,INTERSECTION,
7582,17-165829,20170725,HALLS LANE W @ FRANCIS ST S,03-At intersection,01-Within intersection,01-Clear,01-Daylight,INTERSECTION,
7583,17-032073,20170212,HIGHLAND RD E @ HOFFMAN ST,02-Intersection related,02-Thru lane,04-Freezing Rain,"08-Dark, artificial",INTERSECTION,
7584,17-169901,20170731,BLOCK LINE RD @ STRASBURG RD,02-Intersection related,02-Thru lane,01-Clear,01-Daylight,INTERSECTION,
7585,17-169744,20170731,STRASBURG RD @ HURON RD,03-At intersection,01-Within intersection,01-Clear,01-Daylight,INTERSECTION,
7586,17-167643,20170728,TRILLIUM DR @ HURON RD,03-At intersection,01-Within intersection,01-Clear,01-Daylight,INTERSECTION,
7587,17-074574,20170331,KING ST E @ FREDERICK ST / BENTON ST,02-Intersection related,02-Thru lane,01-Clear,01-Daylight,INTERSECTION,
7588,17-154574,20170712,KING ST E @ CAMERON ST S / CAMERON ST N,03-At intersection,01-Within intersection,01-Clear,07-Dark,INTERSECTION,
7589,17-052493,20170310,RIVER RD E @ FREDERICK ST,02-Intersection related,02-Thru lane,05-Drifting Snow,"08-Dark, artificial",INTERSECTION,
7590,17-137776,20170622,STIRLING AVE S @ KING ST E / STIRLING AVE N,03-At intersection,01-Within intersection,01-Clear,07-Dark,INTERSECTION,
7591,17-154375,20170712,QUEEN ST S @ JOSEPH ST,02-Intersection related,02-Thru lane,01-Clear,01-Daylight,INTERSECTION,
7592,17-172430,20170803,WELLINGTON ST N @ SHIRLEY AVE / RIVERBEND DR,03-At intersection,01-Within intersection,01-Clear,01-Daylight,INTERSECTION,
7593,17-152566,20170710,CHANDLER DR @ STRASBURG RD,02-Intersection related,02-Thru lane,02-Rain,01-Daylight,INTERSECTION,
7594,17-189703,20170824,JOSEPH ST @ GAUKEL ST,03-At intersection,01-Within intersection,01-Clear,07-Dark,INTERSECTION,
7595,17-176779,20170809,QUEEN ST S @ JOSEPH ST,03-At intersection,01-Within intersection,01-Clear,01-Daylight,INTERSECTION,
7596,17-200467,20170907,WATER ST S @ JOSEPH ST,03-At intersection,01-Within intersection,01-Clear,01-Daylight,INTERSECTION,
7597,17-197499,20170903,KING ST W @ FRANCIS ST S / FRANCIS ST N,02-Intersection related,03-Left turn lane,01-Clear,07-Dark,INTERSECTION,
7598,17-182255,20170815,BELMONT AVE W @ CLAREMONT AVE,03-At intersection,01-Within intersection,01-Clear,01-Daylight,INTERSECTION,
7599,17-209384,20170917,BELMONT AVE W @ GAGE AVE,03-At intersection,01-Within intersection,01-Clear,01-Daylight,INTERSECTION,
7600,17-181910,20170815,BELMONT AVE W @ ROCK AVE,03-At intersection,01-Within intersection,01-Clear,01-Daylight,INTERSECTION,
7601,17-182202,20170815,BRUNSWICK AVE @ GUELPH ST,02-Intersection related,09-Right shoulder,01-Clear,01-Daylight,INTERSECTION,
7602,17-208356,20170914,CARSON DR @ STRATHCONA CRES,02-Intersection related,11-Not on roadway - right side,01-Clear,01-Daylight,INTERSECTION,
7603,17-130662,20170614,CEDAR ST N @ DUKE ST E,03-At intersection,01-Within intersection,01-Clear,01-Daylight,INTERSECTION,
7604,17-125072,20170608,CEDAR ST S @ CHURCH ST,03-At intersection,01-Within intersection,01-Clear,01-Daylight,INTERSECTION,
7605,17-094737,20170502,CHARLES ST E @ PRESTON ST,03-At intersection,01-Within intersection,02-Rain,01-Daylight,INTERSECTION,
7606,17-184851,20170818,CHERRY ST @ STRANGE ST,03-At intersection,01-Within intersection,01-Clear,07-Dark,INTERSECTION,
7607,17-203490,20170910,SCHNEIDER AVE @ DAVID ST,02-Intersection related,09-Right shoulder,01-Clear,01-Daylight,INTERSECTION,
7608,17-206652,20170914,DOMINION ST @ PARK ST,03-At intersection,01-Within intersection,01-Clear,01-Daylight,INTERSECTION,
7609,17-141540,20170627,DOON SOUTH DR @ DOON VILLAGE RD,03-At intersection,01-Within intersection,01-Clear,01-Daylight,INTERSECTION,
7610,17-167657,20170728,PIONEER DR @ DOON VILLAGE RD,03-At intersection,01-Within intersection,01-Clear,01-Daylight,INTERSECTION,
7611,17-190271,20170825,WELLINGTON ST N @ SHIRLEY AVE / RIVERBEND DR,03-At intersection,01-Within intersection,01-Clear,01-Daylight,INTERSECTION,
7612,17-181258,20170814,ROCKWAY DR @ DOON RD,03-At intersection,01-Within intersection,01-Clear,01-Daylight,INTERSECTION,
7613,17-182627,20170816,ROBERT FERRIE DR @ FOREST CREEK DR,02-Intersection related,02-Thru lane,01-Clear,01-Daylight,INTERSECTION,
7614,17-207692,20170915,KING ST E @ GATEWAY PARK DR / LIMERICK DR,02-Intersection related,02-Thru lane,01-Clear,01-Daylight,INTERSECTION,
7615,17-183669,20170816,STIRLING AVE S @ PLEASANT AVE,02-Intersection related,02-Thru lane,01-Clear,01-Daylight,INTERSECTION,
7616,17-206852,20170810,BLOCK LINE RD @ STRASBURG RD,02-Intersection related,02-Thru lane,01-Clear,01-Daylight,INTERSECTION,
7617,17-187706,20170822,BLOCK LINE RD @ STRASBURG RD,02-Intersection related,02-Thru lane,02-Rain,01-Daylight,INTERSECTION,
7618,17-190381,20170825,GLASGOW ST @ DUNBAR RD,03-At intersection,01-Within intersection,01-Clear,01-Daylight,INTERSECTION,
7619,17-073573,20170406,TRILLIUM DR @ HURON RD,02-Intersection related,05-Right turn channel,02-Rain,01-Daylight,INTERSECTION,
7620,17-054968,20170314,HEINS AVE @ JUBILEE DR,02-Intersection related,11-Not on roadway - right side,01-Clear,01-Daylight,INTERSECTION,
7621,18-022754,20180129,UNION ST @ LANCASTER ST W,03-At intersection,01-Within intersection,03-Snow,01-Daylight,INTERSECTION,
7622,18-023448,20180130,LENNOX LEWIS WAY @ BLOCK LINE RD,02-Intersection related,03-Left turn lane,01-Clear,01-Daylight,INTERSECTION,
7623,18-035325,20180213,ARDELT AVE @ HANSON AVE,02-Intersection related,02-Thru lane,01-Clear,07-Dark,INTERSECTION,
7624,17-293862,20171229,LOUISA ST @ MARGARET AVE,02-Intersection related,10-Not on roadway - left side,03-Snow,07-Dark,INTERSECTION,
7625,18-006086,20180109,LOUISA ST @ MARGARET AVE,02-Intersection related,11-Not on roadway - right side,01-Clear,07-Dark,INTERSECTION,
7626,18-016821,20180122,LUELLA ST @ CHESTNUT ST,02-Intersection related,11-Not on roadway - right side,04-Freezing Rain,"08-Dark, artificial",INTERSECTION,
7627,18-021459,20180127,BAXTER PL @ SPORTSWORLD DR / PIONEER TOWER RD,03-At intersection,01-Within intersection,01-Clear,07-Dark,INTERSECTION,
7628,17-293083,20171228,MANCHESTER RD @ RIVER RD E,02-Intersection related,02-Thru lane,01-Clear,05-Dusk,INTERSECTION,
7629,17-292803,20171228,WELLINGTON ST N @ MARGARET AVE,03-At intersection,01-Within intersection,01-Clear,01-Daylight,INTERSECTION,
7630,18-008255,20180111,BELMONT AVE W @ ADELAIDE ST,02-Intersection related,02-Thru lane,02-Rain,05-Dusk,INTERSECTION,
7631,18-034541,20180213,BELMONT AVE W @ GAGE AVE,03-At intersection,01-Within intersection,01-Clear,01-Daylight,INTERSECTION,
7632,17-264834,20171122,BELMONT AVE W @ GAGE AVE,03-At intersection,01-Within intersection,01-Clear,01-Daylight,INTERSECTION,
7633,18-013269,20180117,BELMONT AVE W @ ROCK AVE,02-Intersection related,02-Thru lane,01-Clear,01-Daylight,INTERSECTION,
7634,17-256570,20171111,MAX BECKER DR @ BRIDLEWREATH ST,03-At intersection,01-Within intersection,01-Clear,"08-Dark, artificial",INTERSECTION,
7635,17-284686,20171216,MAX BECKER DR @ HELENA FEASBY ST,03-At intersection,01-Within intersection,01-Clear,05-Dusk,INTERSECTION,
7636,18-007426,20180110,BLACKHORNE DR @ STRASBURG RD,02-Intersection related,02-Thru lane,04-Freezing Rain,07-Dark,INTERSECTION,
7637,18-018929,20180124,MCGARRY DR @ MEADOWBROOK DR,02-Intersection related,02-Thru lane,01-Clear,"08-Dark, artificial",INTERSECTION,
7638,17-281611,20171212,STIRLING AVE S @ MILL ST,03-At intersection,01-Within intersection,01-Clear,07-Dark,INTERSECTION,
7639,18-019513,20180125,BLOCK LINE RD @ STRASBURG RD,03-At intersection,01-Within intersection,01-Clear,01-Daylight,INTERSECTION,
7640,17-285814,20171218,EPHRAIM ST @ BRUCE ST,02-Intersection related,11-Not on roadway - right side,01-Clear,01-Daylight,INTERSECTION,
7641,17-289147,20171222,CARSON DR @ STRATHCONA CRES,02-Intersection related,04-Right turn lane,03-Snow,05-Dusk,INTERSECTION,
7642,17-291105,20171225,BIEHN DR @ CARYNDALE DR,02-Intersection related,11-Not on roadway - right side,03-Snow,01-Daylight,INTERSECTION,
7643,18-032979,20180210,SPADINA RD W @ NORTH DR,03-At intersection,01-Within intersection,03-Snow,01-Daylight,INTERSECTION,
7644,18-009069,20180112,RIVER RD E @ OLD CHICOPEE DR,02-Intersection related,03-Left turn lane,03-Snow,01-Daylight,INTERSECTION,
7645,17-225658,20171005,KING ST W @ ONTARIO ST S / ONTARIO ST N,03-At intersection,01-Within intersection,01-Clear,01-Daylight,INTERSECTION,
7646,17-293684,20171229,OVERLEA DR @ OVERLEA CRT,03-At intersection,01-Within intersection,01-Clear,01-Daylight,INTERSECTION,
7647,17-276820,20171206,CEDAR ST S @ CHURCH ST,03-At intersection,01-Within intersection,01-Clear,05-Dusk,INTERSECTION,
7648,17-278486,20171208,ELMSDALE DR @ CHANDLER DR,02-Intersection related,11-Not on roadway - right side,01-Clear,05-Dusk,INTERSECTION,
7649,17-277461,20171207,CHANDLER DR @ STRASBURG RD,02-Intersection related,02-Thru lane,03-Snow,01-Daylight,INTERSECTION,
7650,17-288058,20171221,GLASGOW ST @ PARK ST,02-Intersection related,02-Thru lane,01-Clear,01-Daylight,INTERSECTION,
7651,18-029761,20180207,PARK ST @ GREEN ST,02-Intersection related,02-Thru lane,03-Snow,01-Daylight,INTERSECTION,
7652,17-283934,20171215,DEVON ST @ JUBILEE DR / PARK ST,03-At intersection,01-Within intersection,03-Snow,01-Daylight,INTERSECTION,
7653,18-029698,20180207,WOOD ST @ PARK ST,03-At intersection,01-Within intersection,03-Snow,01-Daylight,INTERSECTION,
7654,18-009327,20180112,PIONEER DR @ DOON VILLAGE RD,03-At intersection,01-Within intersection,05-Drifting Snow,01-Daylight,INTERSECTION,
7655,18-032135,20180209,PIONEER DR @ DOON VILLAGE RD,03-At intersection,01-Within intersection,03-Snow,01-Daylight,INTERSECTION,
7656,17-282093,20171213,STIRLING AVE S @ PLEASANT AVE,03-At intersection,01-Within intersection,01-Clear,01-Daylight,INTERSECTION,
7657,18-002906,20180104,QUEENS BLVD @ BELMONT AVE W / BELMONT AVE E,02-Intersection related,02-Thru lane,01-Clear,"08-Dark, artificial",INTERSECTION,
7658,17-276220,20171205,STIRLING AVE N @ EAST AVE,03-At intersection,01-Within intersection,01-Clear,"08-Dark, artificial",INTERSECTION,
7659,18-034625,20180213,RIVER RD E @ GRAND RIVER BLVD,03-At intersection,01-Within intersection,01-Clear,01-Daylight,INTERSECTION,
7660,17-290186,20171224,TAMVALE CRES @ ERINBROOK DR,03-At intersection,01-Within intersection,01-Clear,"08-Dark, artificial",INTERSECTION,
7661,18-030072,20180207,HANSON AVE @ HAYWARD AVE,02-Intersection related,02-Thru lane,01-Clear,05-Dusk,INTERSECTION,
7662,17-271581,20171130,NATCHEZ RD @ ROTHSAY AVE,03-At intersection,01-Within intersection,02-Rain,01-Daylight,INTERSECTION,
7663,17-229341,20171010,SHELDON AVE S @ CHARLES ST E,03-At intersection,01-Within intersection,01-Clear,01-Daylight,INTERSECTION,
7664,17-263927,20171121,CONNAUGHT ST @ SIXTH AVE,02-Intersection related,08-Left shoulder,01-Clear,07-Dark,INTERSECTION,
7665,18-024947,20180201,HURON RD @ NEWCASTLE DR / PARKVALE DR,03-At intersection,01-Within intersection,01-Clear,01-Daylight,INTERSECTION,
7666,18-004387,20180106,STRASBURG RD @ HURON RD,03-At intersection,01-Within intersection,01-Clear,07-Dark,INTERSECTION,
7667,18-001193,20180102,SEREDA RD @ SPRING VALLEY RD / GUELPH ST,02-Intersection related,11-Not on roadway - right side,03-Snow,"06-Dusk, artificial",INTERSECTION,
7668,18-009052,20180112,SEREDA RD @ SPRING VALLEY RD / GUELPH ST,02-Intersection related,11-Not on roadway - right side,03-Snow,01-Daylight,INTERSECTION,
7669,18-013271,20180117,WELLINGTON ST N @ SPRING VALLEY RD,03-At intersection,01-Within intersection,01-Clear,01-Daylight,INTERSECTION,
7670,18-011796,20180115,HURON RD @ WOODBINE AVE,03-At intersection,01-Within intersection,03-Snow,"08-Dark, artificial",INTERSECTION,
7671,17-288871,20171222,HURON RD @ WOODBINE AVE,02-Intersection related,11-Not on roadway - right side,03-Snow,01-Daylight,INTERSECTION,
7672,18-023394,20180129,DEVON ST @ JUBILEE DR / PARK ST,02-Intersection related,02-Thru lane,03-Snow,01-Daylight,INTERSECTION,
7673,17-288650,20171221,BELMONT AVE W @ KARN ST,03-At intersection,01-Within intersection,03-Snow,07-Dark,INTERSECTION,
7674,17-272780,20171201,BLACKHORNE DR @ STRASBURG RD,02-Intersection related,10-Not on roadway - left side,01-Clear,07-Dark,INTERSECTION,
7675,18-036851,20180216,STRASBURG RD @ MCINTYRE DR,02-Intersection related,12-Off highway,01-Clear,01-Daylight,INTERSECTION,
7676,13-291976,20131219,COUNTRY HILL DR @ BLOCK LINE RD,02-Intersection related,02-Thru lane,01-Clear,01-Daylight,INTERSECTION,
7677,14-021853,20140129,DOON MILLS DR @ PINE VALLEY DR,03-At intersection,02-Thru lane,01-Clear,01-Daylight,INTERSECTION,
7678,14-021175,20140128,KING ST W @ GREEN ST,02-Intersection related,02-Thru lane,01-Clear,01-Daylight,INTERSECTION,
7679,14-003906,20140106,FRANKLIN ST N @ TRAFALGAR AVE,02-Intersection related,02-Thru lane,01-Clear,01-Daylight,INTERSECTION,
7680,13-272424,20131123,CREEK RIDGE ST @ FOREST CREEK DR,02-Intersection related,02-Thru lane,01-Clear,01-Daylight,INTERSECTION,
7681,13-272474,20131123,CEDAR ST N @ KING ST E / CEDAR ST S,02-Intersection related,09-Right shoulder,03-Snow,01-Daylight,INTERSECTION,
7682,13-272495,20131123,RIVER RD E @ HICKSON DR,03-At intersection,02-Thru lane,01-Clear,01-Daylight,INTERSECTION,
7683,13-272527,20131123,SHERWOOD AVE @ ROSEMOUNT DR,03-At intersection,01-Within intersection,03-Snow,01-Daylight,INTERSECTION,
7684,13-295720,20131224,RIVER RD E @ HOLBORN DR,02-Intersection related,01-Within intersection,01-Clear,01-Daylight,INTERSECTION,
7685,14-006867,20140109,WILSON AVE @ KINGSWAY DR,02-Intersection related,04-Right turn lane,01-Clear,"08-Dark, artificial",INTERSECTION,
7686,13-273033,20131123,KING ST E @ QUEEN ST N,02-Intersection related,02-Thru lane,99-Other,07-Dark,INTERSECTION,
7687,13-273148,20131124,QUEENS BLVD @ HIGHLAND RD W / HIGHLAND RD E / QUEEN ST S,02-Intersection related,02-Thru lane,01-Clear,01-Daylight,INTERSECTION,
7688,13-273389,20131124,QUEENS BLVD @ OVERLEA DR,02-Intersection related,09-Right shoulder,03-Snow,07-Dark,INTERSECTION,
7689,13-286079,20131211,RIVER RD E @ FREDERICK ST,02-Intersection related,02-Thru lane,03-Snow,01-Daylight,INTERSECTION,
7690,13-297283,20131227,SPADINA RD E @ QUEENS BLVD / SPADINA RD W,03-At intersection,01-Within intersection,01-Clear,05-Dusk,INTERSECTION,
7691,14-017402,20140123,HOMER WATSON BLVD @ HOMER WATSON BLVD,02-Intersection related,01-Within intersection,01-Clear,01-Daylight,INTERSECTION,
7692,14-006318,20140108,STIRLING AVE S @ GREENBROOK DR,02-Intersection related,02-Thru lane,01-Clear,01-Daylight,INTERSECTION,
7693,14-001670,20140103,SAMUEL ST @ KRUG ST,03-At intersection,01-Within intersection,01-Clear,01-Daylight,INTERSECTION,
7694,13-273886,20131125,ARDELT AVE @ HANSON AVE,03-At intersection,01-Within intersection,01-Clear,01-Daylight,INTERSECTION,
7695,13-274793,20131126,ST CLAIR AVE @ STIRLING AVE S,03-At intersection,01-Within intersection,01-Clear,01-Daylight,INTERSECTION,
7696,13-274859,20131126,GLASGOW ST @ BELMONT AVE W,02-Intersection related,02-Thru lane,02-Rain,07-Dark,INTERSECTION,
7697,13-274876,20131126,YOUNG ST @ DUKE ST W,03-At intersection,01-Within intersection,02-Rain,"08-Dark, artificial",INTERSECTION,
7698,13-286280,20131211,BELMONT AVE W @ GAGE AVE,03-At intersection,01-Within intersection,01-Clear,01-Daylight,INTERSECTION,
7699,13-287161,20131212,PIONEER DR @ OLD CARRIAGE DR,02-Intersection related,01-Within intersection,03-Snow,07-Dark,INTERSECTION,
7700,14-004918,20140107,RIVER RD E @ LORRAINE AVE,02-Intersection related,03-Left turn lane,01-Clear,01-Daylight,INTERSECTION,
7701,14-022335,20140130,BELMONT AVE W @ KARN ST,03-At intersection,02-Thru lane,01-Clear,07-Dark,INTERSECTION,
7702,14-010117,20140114,FOURTH AVE @ KINGSWAY DR,03-At intersection,02-Thru lane,01-Clear,01-Daylight,INTERSECTION,
7703,14-015924,20140121,YARROW CRT @ SWEET WILLIAM ST / ACTIVA AVE,02-Intersection related,02-Thru lane,01-Clear,01-Daylight,INTERSECTION,
7704,13-275347,20131127,PIONEER DR @ DOON VILLAGE RD,03-At intersection,01-Within intersection,01-Clear,01-Daylight,INTERSECTION,
7705,13-275548,20131127,WINSLOW DR @ HIGHLAND RD E,03-At intersection,02-Thru lane,01-Clear,01-Daylight,INTERSECTION,
7706,13-275611,20131126,DOON MILLS DR @ DOON SOUTH DR,03-At intersection,01-Within intersection,01-Clear,"08-Dark, artificial",INTERSECTION,
7707,13-288360,20131214,DEER RIDGE DR @ FALL HARVEST DR,02-Intersection related,02-Thru lane,03-Snow,01-Daylight,INTERSECTION,
7708,13-289574,20131216,WELLINGTON ST N @ SHIRLEY AVE / RIVERBEND DR,03-At intersection,01-Within intersection,01-Clear,01-Daylight,INTERSECTION,
7709,13-289700,20131216,WOODHAVEN RD @ GREENFIELD AVE,03-At intersection,01-Within intersection,01-Clear,01-Daylight,INTERSECTION,
7710,13-289711,20131214,NIPIGON ST @ KEEWATIN AVE,03-At intersection,02-Thru lane,03-Snow,01-Daylight,INTERSECTION,
7711,14-009242,20140112,BLOCK LINE RD @ STRASBURG RD,03-At intersection,01-Within intersection,01-Clear,"08-Dark, artificial",INTERSECTION,
7712,14-167050,20140328,TALBOT ST @ BELMONT AVE W,03-At intersection,01-Within intersection,01-Clear,01-Daylight,INTERSECTION,
7713,14-072450,20140403,TALBOT ST @ BELMONT AVE W,02-Intersection related,02-Thru lane,01-Clear,01-Daylight,INTERSECTION,
7714,14-050148,20140307,CONESTOGA COLLEGE BLVD @ HOMER WATSON BLVD,02-Intersection related,02-Thru lane,01-Clear,01-Daylight,INTERSECTION,
7715,14-101578,20140510,CONNAUGHT PL @ CONNAUGHT ST / SECOND AVE,02-Intersection related,02-Thru lane,01-Clear,01-Daylight,INTERSECTION,
7716,14-086156,20140421,KING ST W @ FRANCIS ST S / FRANCIS ST N,03-At intersection,04-Right turn lane,01-Clear,"08-Dark, artificial",INTERSECTION,
7717,14-101563,20140510,TRAYNOR AVE @ BALFOUR CRES,02-Intersection related,11-Not on roadway - right side,01-Clear,01-Daylight,INTERSECTION,
7718,14-116422,20140526,TRILLIUM DR @ WASHBURN DR,03-At intersection,01-Within intersection,01-Clear,01-Daylight,INTERSECTION,
7719,14-060913,20140310,COUNTRY HILL DR @ BLOCK LINE RD,03-At intersection,01-Within intersection,01-Clear,01-Daylight,INTERSECTION,
7720,14-112910,20140521,LINDEN AVE @ OAK ST,02-Intersection related,02-Thru lane,01-Clear,01-Daylight,INTERSECTION,
7721,14-092532,20140429,UNION BLVD @ PARK ST,02-Intersection related,02-Thru lane,02-Rain,01-Daylight,INTERSECTION,
7722,14-069093,20140331,UPPER CANADA DR @ DOON VILLAGE RD,02-Intersection related,02-Thru lane,01-Clear,01-Daylight,INTERSECTION,