OBJECTID,ACCIDENTNUM,ACCIDENTDATE,LOCATION,ACCIDENT_LOCATION,IMPACT_LOCATION,ENVIRONMENT_CONDITION,LIGHT,COLLISION_TYPE,TRAFFICCOLLISIONSID
7723,14-084119,20140419,VANIER DR @ ERIE AVE,02-Intersection related,02-Thru lane,01-Clear,01-Daylight,INTERSECTION,
7724,14-077618,20140411,DEER RIDGE DR @ GRAND HILL DR,02-Intersection related,02-Thru lane,01-Clear,01-Daylight,INTERSECTION,
7725,14-039724,20140221,DOON VALLEY DR @ CONESTOGA COLLEGE BLVD,03-At intersection,01-Within intersection,01-Clear,01-Daylight,INTERSECTION,
7726,14-096316,20140504,LYDIA ST @ KRUG ST,02-Intersection related,02-Thru lane,01-Clear,01-Daylight,INTERSECTION,
7727,14-106419,20140515,MANCHESTER RD @ RIVER RD E,03-At intersection,01-Within intersection,02-Rain,01-Daylight,INTERSECTION,
7728,14-072476,20140404,WABANAKI DR @ WILSON AVE,03-At intersection,04-Right turn lane,"07-Fog, mist, smoke, dust",01-Daylight,INTERSECTION,
7729,14-041095,20140223,WELLINGTON ST N @ SHIRLEY AVE / RIVERBEND DR,03-At intersection,01-Within intersection,01-Clear,07-Dark,INTERSECTION,
7730,14-097677,20140506,WESTHEIGHTS DR @ MCGARRY DR,03-At intersection,11-Not on roadway - right side,01-Clear,"08-Dark, artificial",INTERSECTION,
7731,14-068358,20140330,DOON VILLAGE RD @ TILT DR,02-Intersection related,02-Thru lane,01-Clear,01-Daylight,INTERSECTION,
7732,14-094620,20140501,MARKWOOD DR @ CHOPIN DR,02-Intersection related,12-Off highway,01-Clear,01-Daylight,INTERSECTION,
7733,14-287025,20141220,AHRENS ST W @ WELLINGTON ST N,02-Intersection related,10-Not on roadway - left side,01-Clear,01-Daylight,INTERSECTION,
7734,14-249107,20141031,WELLINGTON ST N @ LANCASTER ST W,03-At intersection,01-Within intersection,02-Rain,"08-Dark, artificial",INTERSECTION,
7735,15-029883,20150209,WESTFOREST TRAIL @ HIDDEN CREEK DR,03-At intersection,01-Within intersection,01-Clear,07-Dark,INTERSECTION,
7736,15-057108,20150317,WESTHEIGHTS DR @ ROLLING MEADOWS DR,02-Intersection related,11-Not on roadway - right side,01-Clear,07-Dark,INTERSECTION,
7737,15-114986,20150531,DAWN RIDGE DR @ WESTMEADOW DR,02-Intersection related,02-Thru lane,02-Rain,99-Other,INTERSECTION,
7738,15-035457,20150217,WESTWOOD CRES @ WESTWOOD DR,03-At intersection,01-Within intersection,01-Clear,01-Daylight,INTERSECTION,
7739,14-166570,20140724,OTTAWA ST S @ INTERNATIONAL PL / WILDERNESS DR,03-At intersection,01-Within intersection,01-Clear,01-Daylight,INTERSECTION,
7740,15-024633,20150202,WABANAKI DR @ WILSON AVE,03-At intersection,01-Within intersection,03-Snow,07-Dark,INTERSECTION,
7741,14-271447,20141128,HIGHLAND RD W @ WESTHEIGHTS DR / WESTFOREST TRAIL,02-Intersection related,02-Thru lane,01-Clear,01-Daylight,INTERSECTION,
7742,14-226755,20141003,WOODHAVEN RD @ WILSON AVE,03-At intersection,01-Within intersection,02-Rain,01-Daylight,INTERSECTION,
7743,15-077620,20150414,WILSON AVE @ TRAYNOR AVE,02-Intersection related,02-Thru lane,01-Clear,01-Daylight,INTERSECTION,
7744,14-235001,20141014,WILSON AVE @ TRAYNOR AVE,02-Intersection related,02-Thru lane,01-Clear,01-Daylight,INTERSECTION,
7745,15-075075,20150411,YORK ST @ MT HOPE ST,03-At intersection,01-Within intersection,01-Clear,01-Daylight,INTERSECTION,
7746,15-028296,20150207,WILSON AVE @ WEBSTER RD,03-At intersection,01-Within intersection,01-Clear,01-Daylight,INTERSECTION,
7747,14-266992,20141114,PEBBLECREEK DR @ ZELLER DR,03-At intersection,02-Thru lane,03-Snow,01-Daylight,INTERSECTION,
7748,14-289044,20141223,OLD ZELLER DR @ PEBBLECREEK DR,03-At intersection,01-Within intersection,"07-Fog, mist, smoke, dust",01-Daylight,INTERSECTION,
7749,15-016713,20150122,DRIFTWOOD DR @ YELLOW BIRCH DR,02-Intersection related,02-Thru lane,01-Clear,01-Daylight,INTERSECTION,
7750,14-271669,20141128,WELLINGTON ST N @ ST LEGER ST,03-At intersection,02-Thru lane,01-Clear,01-Daylight,INTERSECTION,
7751,15-004413,20150107,ST LEGER ST @ BREITHAUPT ST,03-At intersection,01-Within intersection,06-Strong wind,01-Daylight,INTERSECTION,
7752,14-226641,20141003,GUELPH ST @ ST LEGER ST,03-At intersection,01-Within intersection,02-Rain,01-Daylight,INTERSECTION,
7753,15-078473,20150415,BATTLER RD @ STRASBURG RD,03-At intersection,01-Within intersection,01-Clear,01-Daylight,INTERSECTION,
7754,15-051115,20150310,BLOCK LINE RD @ STRASBURG RD,03-At intersection,01-Within intersection,01-Clear,01-Daylight,INTERSECTION,
7755,15-004313,20150107,BLOCK LINE RD @ STRASBURG RD,03-At intersection,01-Within intersection,03-Snow,01-Daylight,INTERSECTION,
7756,14-268633,20141125,BLOCK LINE RD @ STRASBURG RD,03-At intersection,01-Within intersection,01-Clear,01-Daylight,INTERSECTION,
7757,14-264776,20141120,TRAYNOR AVE @ BELWOOD CRES,02-Intersection related,12-Off highway,05-Drifting Snow,01-Daylight,INTERSECTION,
7758,14-270256,20141127,TRAYNOR AVE @ VANIER DR,02-Intersection related,02-Thru lane,03-Snow,"08-Dark, artificial",INTERSECTION,
7759,15-100784,20150512,WABANAKI DR @ GOODRICH DR / HIDDEN VALLEY RD,02-Intersection related,02-Thru lane,01-Clear,01-Daylight,INTERSECTION,
7760,14-239906,20141020,HIDDEN VALLEY RD @ WABANAKI DR,02-Intersection related,02-Thru lane,02-Rain,07-Dark,INTERSECTION,
7761,15-009883,20150114,FAIRFIELD AVE @ ST LEGER ST,03-At intersection,01-Within intersection,01-Clear,"08-Dark, artificial",INTERSECTION,
7762,14-181923,20140812,TAGGE ST @ STANLEY AVE,03-At intersection,01-Within intersection,01-Clear,01-Daylight,INTERSECTION,
7763,14-282480,20141214,BLOCK LINE RD @ STRASBURG RD,03-At intersection,01-Within intersection,02-Rain,"02-Daylight, artificial",INTERSECTION,
7764,15-040679,20150224,HURON RD @ HURON RD,03-At intersection,01-Within intersection,01-Clear,01-Daylight,INTERSECTION,
7765,15-106489,20150520,STRASBURG RD @ HURON RD,03-At intersection,01-Within intersection,01-Clear,05-Dusk,INTERSECTION,
7766,14-215905,20140920,STRASBURG RD @ HURON RD,03-At intersection,01-Within intersection,01-Clear,07-Dark,INTERSECTION,
7767,15-041296,20150225,VANIER DR @ SIEBERT AVE,02-Intersection related,02-Thru lane,01-Clear,01-Daylight,INTERSECTION,
7768,14-265530,20141121,VANIER DR @ SIEBERT AVE,03-At intersection,01-Within intersection,01-Clear,01-Daylight,INTERSECTION,
7769,14-291395,20141227,VANIER DR @ SIEBERT AVE,02-Intersection related,02-Thru lane,01-Clear,01-Daylight,INTERSECTION,
7770,15-070414,20150404,VANIER DR @ SIEBERT AVE,02-Intersection related,02-Thru lane,01-Clear,01-Daylight,INTERSECTION,
7771,15-002887,20150105,WABANAKI DR @ WILSON AVE,02-Intersection related,02-Thru lane,06-Strong wind,01-Daylight,INTERSECTION,
7772,15-019460,20150126,WABANAKI DR @ WILSON AVE,02-Intersection related,02-Thru lane,01-Clear,"08-Dark, artificial",INTERSECTION,
7773,15-009042,20150113,MAUSSER AVE @ STIRLING AVE S,02-Intersection related,02-Thru lane,01-Clear,01-Daylight,INTERSECTION,
7774,14-202130,20140905,STRASBURG RD @ MCINTYRE DR,03-At intersection,01-Within intersection,01-Clear,01-Daylight,INTERSECTION,
7775,15-027510,20150206,OLD COUNTRY DR @ STRASBURG RD,02-Intersection related,02-Thru lane,01-Clear,01-Daylight,INTERSECTION,
7776,15-068581,20150402,OLD COUNTRY DR @ STRASBURG RD,02-Intersection related,02-Thru lane,02-Rain,01-Daylight,INTERSECTION,
7777,14-281475,20141212,STIRLING AVE S @ MILL ST,03-At intersection,01-Within intersection,01-Clear,"08-Dark, artificial",INTERSECTION,
7778,15-099192,20150511,STIRLING AVE S @ HIGHLAND RD E,03-At intersection,01-Within intersection,01-Clear,01-Daylight,INTERSECTION,
7779,15-100244,20150512,TRILLIUM DR @ STRASBURG RD,03-At intersection,01-Within intersection,"07-Fog, mist, smoke, dust",07-Dark,INTERSECTION,
7780,15-005790,20150109,TRILLIUM DR @ STRASBURG RD,02-Intersection related,02-Thru lane,03-Snow,01-Daylight,INTERSECTION,
7781,15-004831,20150107,TRILLIUM DR @ STRASBURG RD,03-At intersection,01-Within intersection,01-Clear,"08-Dark, artificial",INTERSECTION,
7782,15-045505,20150303,WATER ST N @ DUKE ST W,03-At intersection,01-Within intersection,03-Snow,01-Daylight,INTERSECTION,
7783,15-124580,20150612,WATERLOO ST @ GUELPH ST,02-Intersection related,02-Thru lane,01-Clear,01-Daylight,INTERSECTION,
7784,14-243396,20141024,MANITOU DR @ WEBSTER RD,02-Intersection related,02-Thru lane,01-Clear,01-Daylight,INTERSECTION,
7785,14-260085,20141114,STOKE DR @ TRELAWNEY ST,03-At intersection,01-Within intersection,03-Snow,01-Daylight,INTERSECTION,
7786,15-042074,20150226,UNION BLVD @ BELMONT AVE W,03-At intersection,01-Within intersection,01-Clear,01-Daylight,INTERSECTION,
7787,15-048451,20150307,UNION BLVD @ BELMONT AVE W,03-At intersection,01-Within intersection,01-Clear,01-Daylight,INTERSECTION,
7788,14-286483,20141219,UNION BLVD @ BELMONT AVE W,02-Intersection related,02-Thru lane,01-Clear,01-Daylight,INTERSECTION,
7789,14-207082,20140910,DUKE ST W @ WELLINGTON ST N,03-At intersection,02-Thru lane,02-Rain,01-Daylight,INTERSECTION,
7790,16-149007,20160710,MADISON AVE N @ KING ST E / MADISON AVE S,03-At intersection,01-Within intersection,01-Clear,"08-Dark, artificial",INTERSECTION,
7791,16-161781,20160726,ROBERT FERRIE DR @ THOMAS SLEE DR,02-Intersection related,99-Other,01-Clear,01-Daylight,INTERSECTION,
7792,16-120272,20160605,MANCHESTER RD @ RIVER RD E,03-At intersection,01-Within intersection,01-Clear,01-Daylight,INTERSECTION,
7793,13-004648,20130107,RIVER RD E btwn HALLIWELL DR & LORRAINE AVE,01-Non intersection,02-Thru lane,01-Clear,"08-Dark, artificial",MIDBLOCK,
7794,13-070890,20130330,RIVER RD E btwn ROSEMOUNT DR & ISLINGTON AVE,04-At/near private drive,02-Thru lane,01-Clear,01-Daylight,MIDBLOCK,
7795,13-018854,20130124,RIVERBEND DR btwn GUELPH ST & BRIDGEPORT RD,01-Non intersection,10-Not on roadway - left side,01-Clear,01-Daylight,MIDBLOCK,
7796,13-052229,20130307,BRYBECK CRES btwn KARN ST & WESTMOUNT RD W,04-At/near private drive,02-Thru lane,03-Snow,01-Daylight,MIDBLOCK,
7797,13-036492,20130215,RIVERBEND DR btwn GUELPH ST & BRIDGEPORT RD,04-At/near private drive,02-Thru lane,01-Clear,01-Daylight,MIDBLOCK,
7798,13-031851,20130209,KING ST E btwn STIRLING AVE N & DANE ST,01-Non intersection,02-Thru lane,01-Clear,"08-Dark, artificial",MIDBLOCK,
7799,13-134555,20130613,RIVERBEND DR btwn GUELPH ST & BRIDGEPORT RD,04-At/near private drive,02-Thru lane,02-Rain,01-Daylight,MIDBLOCK,
7800,13-007717,20130108,LAWRENCE AVE btwn HIGHLAND RD W & PAULANDER DR,04-At/near private drive,02-Thru lane,03-Snow,01-Daylight,MIDBLOCK,
7801,13-061895,20130318,GAGE AVE btwn BELMONT AVE W & WESTMOUNT RD W,04-At/near private drive,02-Thru lane,01-Clear,01-Daylight,MIDBLOCK,
7802,13-118880,20130526,GAGE AVE btwn WAVERLY RD & BELMONT AVE W,01-Non intersection,02-Thru lane,01-Clear,01-Daylight,MIDBLOCK,
7803,13-026923,20130202,CLARK AVE btwn HARBER AVE & BROADMOOR AVE,04-At/near private drive,09-Right shoulder,01-Clear,07-Dark,MIDBLOCK,
7804,13-118364,20130526,KING ST W btwn WATER ST S & FRANCIS ST N,01-Non intersection,02-Thru lane,01-Clear,07-Dark,MIDBLOCK,
7805,13-064080,20130321,MELROSE AVE btwn CHAPEL ST & SHERIDAN CRT,04-At/near private drive,02-Thru lane,01-Clear,01-Daylight,MIDBLOCK,
7806,13-056108,20130312,KING ST E btwn STIRLING AVE N & DANE ST,04-At/near private drive,02-Thru lane,02-Rain,01-Daylight,MIDBLOCK,
7807,13-035868,20130214,LAWRENCE AVE btwn HIGHLAND RD W & PAULANDER DR,04-At/near private drive,02-Thru lane,03-Snow,07-Dark,MIDBLOCK,
7808,13-087854,20130420,PAULANDER DR btwn LAWRENCE AVE & VICTORIA ST S,04-At/near private drive,02-Thru lane,03-Snow,01-Daylight,MIDBLOCK,
7809,13-127888,20130605,PARKVALE DR btwn FEATHERSTONE ST & HURON RD,04-At/near private drive,09-Right shoulder,01-Clear,01-Daylight,MIDBLOCK,
7810,13-100706,20130505,ACTIVA AVE btwn GREY FOX DR & BUSH CLOVER CRES,01-Non intersection,02-Thru lane,01-Clear,01-Daylight,MIDBLOCK,
7811,13-101855,20130506,ACTIVA AVE btwn GREY FOX DR & BUSH CLOVER CRES,01-Non intersection,10-Not on roadway - left side,01-Clear,01-Daylight,MIDBLOCK,
7812,13-101916,20130506,PARK ST btwn DOMINION ST & STRANGE ST,01-Non intersection,02-Thru lane,01-Clear,01-Daylight,MIDBLOCK,
7813,13-062890,20130316,STRASBURG RD btwn CHANDLER DR & OTTAWA ST S,01-Non intersection,11-Not on roadway - right side,03-Snow,01-Daylight,MIDBLOCK,
7814,12-300624,20121228,KING ST W btwn WATER ST S & FRANCIS ST N,01-Non intersection,99-Other,01-Clear,01-Daylight,MIDBLOCK,
7815,12-290745,20121213,HARVEST CRT btwn DOON VILLAGE RD & CUL DE SAC,04-At/near private drive,09-Right shoulder,01-Clear,07-Dark,MIDBLOCK,
7816,12-165676,20120716,KING ST W btwn ONTARIO ST S & YOUNG ST,01-Non intersection,02-Thru lane,01-Clear,01-Daylight,MIDBLOCK,
7817,12-177532,20120729,JANSEN AVE btwn HUBER ST & WALKER ST,01-Non intersection,02-Thru lane,01-Clear,"08-Dark, artificial",MIDBLOCK,
7818,12-181184,20120803,WINDALE CRES btwn VALLEYVIEW RD & HOWE DR,04-At/near private drive,09-Right shoulder,01-Clear,07-Dark,MIDBLOCK,
7819,12-217279,20120913,DOOLEY DR btwn MIDLAND DR & SIMPSON AVE,04-At/near private drive,09-Right shoulder,01-Clear,07-Dark,MIDBLOCK,
7820,12-204375,20120830,STRASBURG RD btwn BATTLER RD & HURON RD,01-Non intersection,11-Not on roadway - right side,01-Clear,01-Daylight,MIDBLOCK,
7821,12-014885,20120119,HANSON AVE btwn ARDELT AVE & HAYWARD AVE,01-Non intersection,11-Not on roadway - right side,03-Snow,01-Daylight,MIDBLOCK,
7822,11-241595,20111017,BRYBECK CRES btwn KARN ST & WESTMOUNT RD W,01-Non intersection,10-Not on roadway - left side,01-Clear,"08-Dark, artificial",MIDBLOCK,
7823,11-173645,20110731,FERGUS AVE btwn FALESY AVE & CLOVER PL,99-Other,12-Off highway,01-Clear,07-Dark,MIDBLOCK,
7824,11-221902,20110925,SIMS ESTATE DR btwn BEAUMONT CRES & DESMOND ST,01-Non intersection,02-Thru lane,01-Clear,07-Dark,MIDBLOCK,
7825,11-075715,20110405,STIRLING AVE N btwn KING ST E & WEBER ST E,04-At/near private drive,09-Right shoulder,01-Clear,01-Daylight,MIDBLOCK,
7826,11-077716,20110407,WATERLOO ST btwn SHANLEY ST & BISMARK AVE,04-At/near private drive,02-Thru lane,01-Clear,01-Daylight,MIDBLOCK,
7827,11-096251,20110430,WILSON AVE btwn KINGSWAY DR & FAIRWAY RD S,01-Non intersection,02-Thru lane,01-Clear,01-Daylight,MIDBLOCK,
7828,11-048283,20110303,STIRLING AVE N btwn KING ST E & WEBER ST E,04-At/near private drive,02-Thru lane,01-Clear,01-Daylight,MIDBLOCK,
7829,11-016257,20110122,BONIFACE AVE btwn MASSEY AVE & MASSEY AVE,04-At/near private drive,02-Thru lane,01-Clear,01-Daylight,MIDBLOCK,
7830,11-020099,20110126,PARKVALE DR btwn BIANCA CRT & WOODBINE AVE,04-At/near private drive,02-Thru lane,01-Clear,01-Daylight,MIDBLOCK,
7831,11-280359,20111204,MONTANA CRES btwn BLACKWELL DR & BLACKWELL DR,04-At/near private drive,09-Right shoulder,02-Rain,"08-Dark, artificial",MIDBLOCK,
7832,11-280559,20111205,UNION ST btwn MARGARET AVE & SUNSET PL,04-At/near private drive,09-Right shoulder,01-Clear,01-Daylight,MIDBLOCK,
7833,11-221440,20110924,KING ST E btwn STIRLING AVE N & DANE ST,01-Non intersection,02-Thru lane,01-Clear,01-Daylight,MIDBLOCK,
7834,11-097055,20110501,BINGEMANS CENTRE DR btwn RIVERBEND DR & SHIRLEY DR,04-At/near private drive,02-Thru lane,01-Clear,01-Daylight,MIDBLOCK,
7835,11-196822,20110827,LAWRENCE AVE btwn HIGHLAND RD W & PAULANDER DR,04-At/near private drive,03-Left turn lane,01-Clear,01-Daylight,MIDBLOCK,
7836,12-089394,20120417,MOOREGATE CRES btwn HAZELGLEN DR & HAZELGLEN DR,04-At/near private drive,02-Thru lane,01-Clear,01-Daylight,MIDBLOCK,
7837,12-045365,20120226,PINNACLE DR btwn AMHERST DR & DOON VALLEY DR,04-At/near private drive,11-Not on roadway - right side,01-Clear,"08-Dark, artificial",MIDBLOCK,
7838,12-114352,20120513,DOON SOUTH DR btwn WOODSMERE DR & ROBERT FERRIE DR,04-At/near private drive,09-Right shoulder,01-Clear,01-Daylight,MIDBLOCK,
7839,12-122155,20120526,STIRLING AVE S btwn CHARLES ST E & FORK IN ROAD,04-At/near private drive,02-Thru lane,01-Clear,01-Daylight,MIDBLOCK,
7840,12-239154,20121009,HOMEWOOD AVE btwn QUEEN ST S & WEST AVE,04-At/near private drive,09-Right shoulder,01-Clear,"08-Dark, artificial",MIDBLOCK,
7841,12-004435,20120106,OBERMEYER DR btwn FERGUS AVE & KINZIE AVE,01-Non intersection,09-Right shoulder,01-Clear,"08-Dark, artificial",MIDBLOCK,
7842,12-259358,20121102,KING ST W btwn WATER ST S & FRANCIS ST N,01-Non intersection,02-Thru lane,01-Clear,"08-Dark, artificial",MIDBLOCK,
7843,12-198906,20120824,LAWRENCE AVE btwn HIGHLAND RD W & PAULANDER DR,04-At/near private drive,02-Thru lane,01-Clear,01-Daylight,MIDBLOCK,
7844,12-280198,20121129,MOOREGATE CRES btwn HAZELGLEN DR & HAZELGLEN DR,04-At/near private drive,02-Thru lane,01-Clear,01-Daylight,MIDBLOCK,
7845,12-281230,20121130,MOOREGATE CRES btwn HAZELGLEN DR & HAZELGLEN DR,01-Non intersection,12-Off highway,03-Snow,"08-Dark, artificial",MIDBLOCK,
7846,12-093813,20120422,MAX BECKER DR btwn ISABELLA ST & COMMONWEALTH ST,04-At/near private drive,09-Right shoulder,01-Clear,01-Daylight,MIDBLOCK,
7847,12-236717,20121006,CHOPIN DR btwn MARKWOOD DR & HAZELGLEN DR,04-At/near private drive,02-Thru lane,02-Rain,"08-Dark, artificial",MIDBLOCK,
7848,12-131099,20120606,CHAPEL ST btwn LANCASTER ST E & SAMUEL ST,04-At/near private drive,10-Not on roadway - left side,01-Clear,03-Dawn,MIDBLOCK,
7849,12-259062,20121102,BINGEMANS CENTRE DR btwn RIVERBEND DR & SHIRLEY DR,04-At/near private drive,02-Thru lane,01-Clear,01-Daylight,MIDBLOCK,
7850,12-277857,20121124,STRASBURG RD btwn OLD COUNTRY DR & BLEAMS RD,01-Non intersection,09-Right shoulder,05-Drifting Snow,"08-Dark, artificial",MIDBLOCK,
7851,12-124135,20120527,TRAYNOR AVE btwn CONNAUGHT ST & GREENFIELD AVE,04-At/near private drive,02-Thru lane,01-Clear,01-Daylight,MIDBLOCK,
7852,12-094867,20120424,RIVER RD E btwn HICKSON DR & OTTAWA ST N,01-Non intersection,02-Thru lane,01-Clear,01-Daylight,MIDBLOCK,
7853,12-023653,20120128,KINGSWAY DR btwn GREENFIELD AVE & WILSON AVE,04-At/near private drive,02-Thru lane,03-Snow,05-Dusk,MIDBLOCK,
7854,12-024459,20120129,SNOWDROP CRES btwn RED CLOVER CRES & ACTIVA AVE,04-At/near private drive,09-Right shoulder,01-Clear,01-Daylight,MIDBLOCK,
7855,12-273339,20121120,LANCASTER ST E btwn LUELLA ST & MANSION ST,01-Non intersection,11-Not on roadway - right side,01-Clear,"08-Dark, artificial",MIDBLOCK,
7856,12-183822,20120806,SHELLEY DR btwn HILLMOUNT ST & COURTLAND AVE E,01-Non intersection,02-Thru lane,01-Clear,01-Daylight,MIDBLOCK,
7857,12-185327,20120808,WILSON AVE btwn FAIRWAY RD S & WEBSTER RD,04-At/near private drive,02-Thru lane,01-Clear,01-Daylight,MIDBLOCK,
7858,12-023560,20120130,DOON SOUTH DR btwn WOODSMERE DR & ROBERT FERRIE DR,01-Non intersection,02-Thru lane,01-Clear,01-Daylight,MIDBLOCK,
7859,12-275619,20121123,KING ST W btwn YOUNG ST & GAUKEL ST,01-Non intersection,09-Right shoulder,01-Clear,01-Daylight,MIDBLOCK,
7860,12-112529,20120515,PARKVALE DR btwn FEATHERSTONE ST & HURON RD,04-At/near private drive,02-Thru lane,01-Clear,01-Daylight,MIDBLOCK,
7861,12-134029,20120608,CLARK AVE btwn HARBER AVE & BROADMOOR AVE,04-At/near private drive,09-Right shoulder,01-Clear,01-Daylight,MIDBLOCK,
7862,12-164279,20120714,KARN ST btwn WEICHEL ST & WESTMOUNT RD W,04-At/near private drive,02-Thru lane,01-Clear,01-Daylight,MIDBLOCK,
7863,12-294072,20121217,DOON RD btwn CARWOOD CRES & CORNELL AVE,01-Non intersection,02-Thru lane,01-Clear,"06-Dusk, artificial",MIDBLOCK,
7864,12-258322,20121101,PATRICIA AVE btwn SPADINA RD W & HIGHLAND RD W,01-Non intersection,02-Thru lane,01-Clear,01-Daylight,MIDBLOCK,
7865,12-001080,20120102,BRIDGEPORT RD btwn LANCASTER ST W & RIVERBEND DR,01-Non intersection,12-Off highway,03-Snow,01-Daylight,MIDBLOCK,
7866,12-141817,20120615,CHERRY HILL DR btwn COACH HILL DR & COACH HILL DR,04-At/near private drive,09-Right shoulder,01-Clear,01-Daylight,MIDBLOCK,
7867,12-001091,20120102,MILL ST btwn HEIMAN ST & BORDEN PKY,01-Non intersection,10-Not on roadway - left side,03-Snow,01-Daylight,MIDBLOCK,
7868,12-238475,20121008,DAVID BERGEY DR btwn PEACH BLOSSOM CRES & OTTAWA ST S,04-At/near private drive,09-Right shoulder,01-Clear,07-Dark,MIDBLOCK,
7869,12-243716,20121014,PARKVALE DR btwn FEATHERSTONE ST & HURON RD,01-Non intersection,02-Thru lane,01-Clear,01-Daylight,MIDBLOCK,
7870,12-223857,20120921,KINGSWAY DR btwn ST JEROME AVE & CEDARWOODS CRES,04-At/near private drive,02-Thru lane,01-Clear,01-Daylight,MIDBLOCK,
7871,12-145080,20120622,LENNOX LEWIS WAY btwn BLOCK LINE RD & ARDELT AVE,04-At/near private drive,02-Thru lane,01-Clear,01-Daylight,MIDBLOCK,
7872,12-097308,20120330,STONYBROOK DR btwn SWEETBRIAR DR & VILLAGE CRES,04-At/near private drive,09-Right shoulder,01-Clear,01-Daylight,MIDBLOCK,
7873,12-071020,20120327,FIFTH AVE btwn CONNAUGHT ST & GREENFIELD AVE,04-At/near private drive,02-Thru lane,01-Clear,01-Daylight,MIDBLOCK,
7874,12-261263,20121105,BELMONT AVE W btwn GAGE AVE & GLASGOW ST,99-Other,11-Not on roadway - right side,01-Clear,01-Daylight,MIDBLOCK,
7875,12-253552,20121026,KINGSWAY DR btwn CEDARWOODS CRES & GREENFIELD AVE,01-Non intersection,99-Other,02-Rain,01-Daylight,MIDBLOCK,
7876,12-295271,20121219,MICHELLE CRT btwn WESTMEADOW DR & CUL DE SAC,04-At/near private drive,09-Right shoulder,01-Clear,07-Dark,MIDBLOCK,
7877,12-155828,20120704,BINGEMANS CENTRE DR btwn RIVERBEND DR & SHIRLEY DR,01-Non intersection,02-Thru lane,01-Clear,07-Dark,MIDBLOCK,
7878,12-252761,20121025,FRANKLIN ST N btwn SHUH AVE & TRAFALGAR AVE,01-Non intersection,02-Thru lane,01-Clear,01-Daylight,MIDBLOCK,
7879,12-022567,20120128,WESTHEIGHTS DR btwn MCGARRY DR & LORILEE CRES,01-Non intersection,11-Not on roadway - right side,03-Snow,07-Dark,MIDBLOCK,
7880,12-219036,20120915,SHIRLEY AVE btwn RIVERBEND DR & BINGEMANS CENTRE DR,01-Non intersection,02-Thru lane,01-Clear,01-Daylight,MIDBLOCK,
7881,12-198778,20120823,BINGEMANS CENTRE DR btwn RIVERBEND DR & SHIRLEY DR,04-At/near private drive,02-Thru lane,01-Clear,01-Daylight,MIDBLOCK,
7882,12-229558,20120927,WELLINGTON ST N btwn SPRING VALLEY RD & CIRCA DR,10-Parking lot,12-Off highway,01-Clear,01-Daylight,MIDBLOCK,
7883,12-252341,20121021,YORK ST btwn MT HOPE ST & UNION BLVD,04-At/near private drive,02-Thru lane,01-Clear,01-Daylight,MIDBLOCK,
7884,12-261127,20121104,DRIFTWOOD DR btwn YELLOW BIRCH DR & DRIFTWOOD PL,04-At/near private drive,09-Right shoulder,01-Clear,07-Dark,MIDBLOCK,
7885,12-283203,20121127,WATERCRESS CRT btwn WILDERNESS DR & END,04-At/near private drive,09-Right shoulder,01-Clear,01-Daylight,MIDBLOCK,
7886,12-218396,20120915,KINGSWAY DR btwn ST JEROME AVE & CEDARWOODS CRES,04-At/near private drive,02-Thru lane,01-Clear,01-Daylight,MIDBLOCK,
7887,12-285394,20121206,THALER AVE btwn KINZIE AVE & FAIRWAY RD N,04-At/near private drive,02-Thru lane,01-Clear,"08-Dark, artificial",MIDBLOCK,
7888,12-198659,20120824,KINGSWAY DR btwn ST JEROME AVE & CEDARWOODS CRES,04-At/near private drive,02-Thru lane,01-Clear,01-Daylight,MIDBLOCK,
7889,12-076158,20120402,STRASBURG RD btwn OLD COUNTRY DR & BLEAMS RD,04-At/near private drive,02-Thru lane,01-Clear,01-Daylight,MIDBLOCK,
7890,12-035173,20120130,PIONEER DR btwn DOON VILLAGE RD & VINTAGE CRES,10-Parking lot,12-Off highway,99-Other,99-Other,MIDBLOCK,
7891,12-137644,20120613,SHIRLEY AVE btwn RIVERBEND DR & BINGEMANS CENTRE DR,01-Non intersection,02-Thru lane,01-Clear,01-Daylight,MIDBLOCK,
7892,12-117775,20120519,WESTVIEW CRT btwn WESTVIEW CRES & CUL DE SAC,04-At/near private drive,09-Right shoulder,01-Clear,01-Daylight,MIDBLOCK,
7893,12-178934,20120728,AHRENS ST W btwn GUELPH ST & HARTWOOD PL,04-At/near private drive,02-Thru lane,01-Clear,"08-Dark, artificial",MIDBLOCK,
7894,12-174966,20120727,BARBARA CRES btwn AVALON PL & AVALON PL,01-Non intersection,02-Thru lane,01-Clear,07-Dark,MIDBLOCK,
7895,12-268240,20121114,DOOLEY DR btwn MIDLAND DR & SIMPSON AVE,04-At/near private drive,02-Thru lane,01-Clear,01-Daylight,MIDBLOCK,
7896,12-204866,20120829,HERLAN AVE btwn WALNUT ST & STRANGE ST,04-At/near private drive,09-Right shoulder,01-Clear,"08-Dark, artificial",MIDBLOCK,
7897,12-261680,20121019,KINGSWAY DR btwn GREENFIELD AVE & WILSON AVE,01-Non intersection,02-Thru lane,01-Clear,01-Daylight,MIDBLOCK,
7898,12-121268,20120525,DRIFTWOOD DR btwn YELLOW BIRCH DR & DRIFTWOOD PL,01-Non intersection,02-Thru lane,01-Clear,01-Daylight,MIDBLOCK,
7899,12-105849,20120504,MISTY CRES btwn MISTY ST & MISTY ST,04-At/near private drive,09-Right shoulder,01-Clear,01-Daylight,MIDBLOCK,