OBJECTID,ACCIDENTNUM,ACCIDENTDATE,LOCATION,ACCIDENT_LOCATION,IMPACT_LOCATION,ENVIRONMENT_CONDITION,LIGHT,COLLISION_TYPE,TRAFFICCOLLISIONSID
7900,12-093872,20120421,YARROW CRT btwn ACTIVA AVE & CUL DE SAC,04-At/near private drive,08-Left shoulder,01-Clear,07-Dark,MIDBLOCK,
7901,12-138639,20120614,DEER RIDGE DR btwn TERRACE WOOD CRES & SPRING MIST DR,04-At/near private drive,09-Right shoulder,01-Clear,01-Daylight,MIDBLOCK,
7902,12-246107,20121015,MILL ST btwn BORDEN PKY & MILL ST,04-At/near private drive,02-Thru lane,01-Clear,01-Daylight,MIDBLOCK,
7903,12-018605,20120124,UPPER CANADA DR btwn DOON VILLAGE RD & FARRIER DR,01-Non intersection,02-Thru lane,01-Clear,01-Daylight,MIDBLOCK,
7904,12-000917,20120102,ZELLER DR btwn ZELLER CRT & JANET CRT,01-Non intersection,11-Not on roadway - right side,01-Clear,01-Daylight,MIDBLOCK,
7905,12-186281,20120809,COUNTRY HILL DR btwn CEDARHILL CRES & OLD COUNTRY DR,04-At/near private drive,02-Thru lane,02-Rain,01-Daylight,MIDBLOCK,
7906,12-185842,20120809,RIVERBEND DR btwn GUELPH ST & BRIDGEPORT RD,04-At/near private drive,02-Thru lane,02-Rain,01-Daylight,MIDBLOCK,
7907,12-022183,20120127,PINECREST DR btwn WEBER ST E & FRANKLIN ST N,04-At/near private drive,02-Thru lane,03-Snow,07-Dark,MIDBLOCK,
7908,12-259987,20121103,ACTIVA AVE btwn GREY FOX DR & BUSH CLOVER CRES,01-Non intersection,02-Thru lane,01-Clear,07-Dark,MIDBLOCK,
7909,12-162638,20120712,STIRLING AVE N btwn KING ST E & WEBER ST E,04-At/near private drive,02-Thru lane,01-Clear,01-Daylight,MIDBLOCK,
7910,12-187296,20120810,PLAINS RD btwn HURON RD & FISCHER HALLMAN RD,01-Non intersection,11-Not on roadway - right side,01-Clear,07-Dark,MIDBLOCK,
7911,12-066052,20120319,STRATHCONA CRES btwn CARSON DR & STRATHCONA CRES,04-At/near private drive,09-Right shoulder,01-Clear,01-Daylight,MIDBLOCK,
7912,12-238500,20120808,GAGE AVE btwn WAVERLY RD & BELMONT AVE W,01-Non intersection,09-Right shoulder,01-Clear,01-Daylight,MIDBLOCK,
7913,12-015440,20120119,OBERMEYER DR btwn FERGUS AVE & KINZIE AVE,04-At/near private drive,02-Thru lane,03-Snow,01-Daylight,MIDBLOCK,
7914,12-015782,20120120,SELKIRK DR btwn SELKIRK CRT & GENEVA CRES,04-At/near private drive,09-Right shoulder,03-Snow,"08-Dark, artificial",MIDBLOCK,
7915,12-170270,20120721,DAVID BERGEY DR btwn PEACH BLOSSOM CRES & OTTAWA ST S,04-At/near private drive,02-Thru lane,01-Clear,01-Daylight,MIDBLOCK,
7916,12-112353,20120515,BELMONT AVE W btwn GAGE AVE & GLASGOW ST,01-Non intersection,04-Right turn lane,01-Clear,01-Daylight,MIDBLOCK,
7917,12-265255,20121110,FIFTH AVE btwn CONNAUGHT ST & GREENFIELD AVE,01-Non intersection,02-Thru lane,"07-Fog, mist, smoke, dust","08-Dark, artificial",MIDBLOCK,
7918,12-237810,20121007,QUEEN ST N btwn ST LEGER ST & LANCASTER ST W,01-Non intersection,10-Not on roadway - left side,01-Clear,"08-Dark, artificial",MIDBLOCK,
7919,12-239228,20121005,CHOPIN DR btwn MARKWOOD DR & HAZELGLEN DR,04-At/near private drive,09-Right shoulder,01-Clear,01-Daylight,MIDBLOCK,
7920,12-026126,20120201,PARK ST btwn DOMINION ST & STRANGE ST,01-Non intersection,09-Right shoulder,01-Clear,01-Daylight,MIDBLOCK,
7921,12-181901,20120802,ROCKWAY DR btwn DOON RD & DIXON ST,01-Non intersection,02-Thru lane,01-Clear,01-Daylight,MIDBLOCK,
7922,12-174103,20120726,SHIRLEY AVE btwn RIVERBEND DR & BINGEMANS CENTRE DR,01-Non intersection,11-Not on roadway - right side,01-Clear,"08-Dark, artificial",MIDBLOCK,
7923,12-078520,20120405,MAX BECKER DR btwn ISABELLA ST & COMMONWEALTH ST,04-At/near private drive,09-Right shoulder,01-Clear,07-Dark,MIDBLOCK,
7924,12-044535,20120225,EDNA ST btwn FREDERICK ST & DUMFRIES AVE,01-Non intersection,11-Not on roadway - right side,03-Snow,07-Dark,MIDBLOCK,
7925,12-255715,20121029,DOON VALLEY DR btwn OLD MILL RD & END,04-At/near private drive,02-Thru lane,02-Rain,01-Daylight,MIDBLOCK,
7926,12-018978,20120124,WESTFOREST TRAIL btwn GREENGABLE WAY & GREENGABLE WAY,01-Non intersection,02-Thru lane,01-Clear,01-Daylight,MIDBLOCK,
7927,12-044631,20120225,CENTURY HILL DR btwn COUNTRY HILL DR & BLEAMS RD,01-Non intersection,10-Not on roadway - left side,,,MIDBLOCK,
7928,12-255740,20121029,CONESTOGA COLLEGE BLVD btwn DOON VALLEY DR & HOMER WATSON BLVD,01-Non intersection,02-Thru lane,02-Rain,01-Daylight,MIDBLOCK,
7929,12-159162,20120708,INDIAN RD btwn MONTCALM DR & MCGEE AVE,01-Non intersection,11-Not on roadway - right side,01-Clear,01-Daylight,MIDBLOCK,
7930,11-126717,20110606,DAVID BERGEY DR btwn PEACH BLOSSOM CRES & OTTAWA ST S,04-At/near private drive,02-Thru lane,01-Clear,01-Daylight,MIDBLOCK,
7931,11-051002,20110306,CHERRY HILL DR btwn COACH HILL DR & COACH HILL DR,04-At/near private drive,02-Thru lane,01-Clear,01-Daylight,MIDBLOCK,
7932,11-091330,20110424,WILSON AVE btwn NINTH AVE & WOODHAVEN RD,04-At/near private drive,02-Thru lane,01-Clear,01-Daylight,MIDBLOCK,
7933,11-163800,20110719,CHARLES BEST PL btwn HEIMAN ST & CHARLES BEST PL,04-At/near private drive,04-Right turn lane,01-Clear,01-Daylight,MIDBLOCK,
7934,11-163606,20110705,STRASBURG RD btwn OLD COUNTRY DR & BLEAMS RD,01-Non intersection,08-Left shoulder,01-Clear,01-Daylight,MIDBLOCK,
7935,11-281456,20111206,LENNOX LEWIS WAY btwn BLOCK LINE RD & ARDELT AVE,04-At/near private drive,02-Thru lane,01-Clear,01-Daylight,MIDBLOCK,
7936,11-285589,20111212,VICMOUNT DR btwn WESTMOUNT RD W & VICTORIA ST S,04-At/near private drive,02-Thru lane,01-Clear,01-Daylight,MIDBLOCK,
7937,11-291627,20111219,WALTER ST btwn WELLINGTON ST S & AGNES ST,04-At/near private drive,02-Thru lane,01-Clear,"08-Dark, artificial",MIDBLOCK,
7938,11-118697,20110528,ACTIVA AVE btwn MAX BECKER DR & BERRY MOSS ST,01-Non intersection,02-Thru lane,01-Clear,07-Dark,MIDBLOCK,
7939,11-021312,20110128,KING ST W btwn ONTARIO ST S & YOUNG ST,01-Non intersection,09-Right shoulder,01-Clear,"08-Dark, artificial",MIDBLOCK,
7940,11-276529,20111129,WILSON AVE btwn GOODRICH DR & WABANAKI DR,04-At/near private drive,02-Thru lane,01-Clear,07-Dark,MIDBLOCK,
7941,11-280792,20111205,MAX BECKER DR btwn BRIDLEWREATH ST & LEMONBALM ST,01-Non intersection,02-Thru lane,02-Rain,07-Dark,MIDBLOCK,
7942,11-280826,20111205,RIVER RD E btwn HICKSON DR & OTTAWA ST N,01-Non intersection,02-Thru lane,02-Rain,"08-Dark, artificial",MIDBLOCK,
7943,11-017025,20110123,EDNA ST btwn FREDERICK ST & DUMFRIES AVE,01-Non intersection,11-Not on roadway - right side,01-Clear,01-Daylight,MIDBLOCK,
7944,11-233012,20111007,COPPER LEAF CRES btwn MAX BECKER DR & MAX BECKER DR,01-Non intersection,02-Thru lane,01-Clear,01-Daylight,MIDBLOCK,
7945,11-037025,20110217,SIMS ESTATE DR btwn BEAUMONT CRES & DESMOND ST,01-Non intersection,09-Right shoulder,02-Rain,01-Daylight,MIDBLOCK,
7946,11-144671,20110626,OBERMEYER DR btwn FERGUS AVE & KINZIE AVE,04-At/near private drive,02-Thru lane,01-Clear,"08-Dark, artificial",MIDBLOCK,
7947,11-153333,20110707,BELMONT AVE W btwn GAGE AVE & GLASGOW ST,04-At/near private drive,02-Thru lane,01-Clear,01-Daylight,MIDBLOCK,
7948,11-028464,20110206,HANSON AVE btwn ARDELT AVE & HAYWARD AVE,01-Non intersection,02-Thru lane,03-Snow,01-Daylight,MIDBLOCK,
7949,11-054880,20110311,PINNACLE DR btwn AMHERST DR & DOON VALLEY DR,01-Non intersection,11-Not on roadway - right side,01-Clear,01-Daylight,MIDBLOCK,
7950,11-050993,20110305,GREENBROOK DR btwn WARREN RD & STONYBROOK DR,04-At/near private drive,02-Thru lane,02-Rain,"08-Dark, artificial",MIDBLOCK,
7951,11-082545,20110413,KINGSWAY DR btwn ST JEROME AVE & CEDARWOODS CRES,04-At/near private drive,02-Thru lane,01-Clear,01-Daylight,MIDBLOCK,
7952,11-062095,20110317,JANSEN AVE btwn GUERIN AVE & FAIRWAY RD N,01-Non intersection,10-Not on roadway - left side,01-Clear,07-Dark,MIDBLOCK,
7953,11-241467,20111013,STONYBROOK DR btwn SWEETBRIAR DR & VILLAGE CRES,01-Non intersection,02-Thru lane,01-Clear,07-Dark,MIDBLOCK,
7954,11-211094,20110912,GREENBROOK DR btwn WARREN RD & STONYBROOK DR,04-At/near private drive,02-Thru lane,01-Clear,01-Daylight,MIDBLOCK,
7955,11-172216,20110729,HIGHLAND CRES btwn WYCLIFFE PL & HIGHLAND RD W,04-At/near private drive,02-Thru lane,01-Clear,01-Daylight,MIDBLOCK,
7956,11-186576,20110608,GRULKE ST btwn KINZIE AVE & FAIRWAY RD N,04-At/near private drive,09-Right shoulder,01-Clear,01-Daylight,MIDBLOCK,
7957,11-225191,20110927,HIGHLAND CRES btwn HIGHLAND RD W & CAMROSE CRT,01-Non intersection,02-Thru lane,01-Clear,01-Daylight,MIDBLOCK,
7958,11-220526,20110923,KINGSWAY DR btwn ST JEROME AVE & CEDARWOODS CRES,01-Non intersection,02-Thru lane,02-Rain,01-Daylight,MIDBLOCK,
7959,11-066172,20110323,CHARLES BEST PL btwn HEIMAN ST & CHARLES BEST PL,04-At/near private drive,99-Other,03-Snow,07-Dark,MIDBLOCK,
7960,11-035686,20110212,PATHFINDER CRES btwn BECHTEL DR & PATHFINDER CRES,01-Non intersection,02-Thru lane,01-Clear,01-Daylight,MIDBLOCK,
7961,11-025149,20110201,WOODPOPPY CRT btwn GREY FOX DR & CUL DE SAC,04-At/near private drive,02-Thru lane,01-Clear,"08-Dark, artificial",MIDBLOCK,
7962,11-029995,20110208,FERGUS AVE btwn FALESY AVE & CLOVER PL,01-Non intersection,02-Thru lane,01-Clear,01-Daylight,MIDBLOCK,
7963,11-168497,20110724,CENTURY HILL DR btwn COUNTRY HILL DR & BLEAMS RD,01-Non intersection,02-Thru lane,01-Clear,"08-Dark, artificial",MIDBLOCK,
7964,11-175498,20110802,KING ST W btwn QUEEN ST S & ONTARIO ST S,01-Non intersection,02-Thru lane,01-Clear,01-Daylight,MIDBLOCK,
7965,11-182524,20110810,RALGREEN CRES btwn OVERLEA DR & EAGEN DR,01-Non intersection,08-Left shoulder,01-Clear,01-Daylight,MIDBLOCK,
7966,11-183890,20110812,MOOREGATE CRES btwn HAZELGLEN DR & HAZELGLEN DR,01-Non intersection,02-Thru lane,01-Clear,01-Daylight,MIDBLOCK,
7967,11-154182,20110708,JANSEN AVE btwn GUERIN AVE & FAIRWAY RD N,04-At/near private drive,02-Thru lane,01-Clear,01-Daylight,MIDBLOCK,
7968,11-253875,20111028,MISTY CRES btwn MISTY ST & MISTY ST,04-At/near private drive,09-Right shoulder,01-Clear,01-Daylight,MIDBLOCK,
7969,11-271289,20111123,KING ST E btwn FREDERICK ST & SCOTT ST,01-Non intersection,02-Thru lane,01-Clear,01-Daylight,MIDBLOCK,
7970,11-045334,20110226,PEACH BLOSSOM CRES btwn PEACH BLOSSOM CRT & DAVID BERGEY DR,01-Non intersection,02-Thru lane,01-Clear,01-Daylight,MIDBLOCK,
7971,11-046178,20110228,QUEENS BLVD btwn HIGHLAND RD E & SPADINA RD E,04-At/near private drive,10-Not on roadway - left side,01-Clear,01-Daylight,MIDBLOCK,
7972,11-043377,20110225,PINNACLE DR btwn AMHERST DR & DOON VALLEY DR,01-Non intersection,11-Not on roadway - right side,01-Clear,"08-Dark, artificial",MIDBLOCK,
7973,11-030839,20110209,JACK AVE btwn PATRICIA AVE & BELMONT AVE W,04-At/near private drive,02-Thru lane,01-Clear,"08-Dark, artificial",MIDBLOCK,
7974,11-257217,20111105,HIDDEN VALLEY CRES btwn HIDDEN VALLEY RD & RIVER BIRCH ST,01-Non intersection,02-Thru lane,01-Clear,07-Dark,MIDBLOCK,
7975,11-030497,20110209,BELMONT AVE W btwn GAGE AVE & GLASGOW ST,04-At/near private drive,02-Thru lane,01-Clear,01-Daylight,MIDBLOCK,
7976,11-055174,20110310,DOON SOUTH DR btwn WOODSMERE DR & ROBERT FERRIE DR,04-At/near private drive,99-Other,02-Rain,07-Dark,MIDBLOCK,
7977,11-055962,20110312,HILLBROOK CRES btwn ELM RIDGE DR & ELM RIDGE DR,04-At/near private drive,99-Other,01-Clear,01-Daylight,MIDBLOCK,
7978,11-003488,20110105,KINGSWAY DR btwn GREENFIELD AVE & WILSON AVE,04-At/near private drive,02-Thru lane,01-Clear,"08-Dark, artificial",MIDBLOCK,
7979,11-011008,20110115,KINGSWAY DR btwn CEDARWOODS CRES & GREENFIELD AVE,01-Non intersection,11-Not on roadway - right side,06-Strong wind,07-Dark,MIDBLOCK,
7980,11-011374,20110116,WATERLOO ST btwn GUELPH ST & PELTZ AVE,01-Non intersection,11-Not on roadway - right side,01-Clear,01-Daylight,MIDBLOCK,
7981,11-070005,20110329,QUEENS BLVD btwn BELMONT AVE E & BLUERIDGE AVE,04-At/near private drive,02-Thru lane,01-Clear,01-Daylight,MIDBLOCK,
7982,11-005988,20110108,WELLINGTON ST N btwn MARGARET AVE & ST LEGER ST,04-At/near private drive,02-Thru lane,01-Clear,"08-Dark, artificial",MIDBLOCK,
7983,11-060426,20110317,SELKIRK DR btwn SELKIRK CRT & GENEVA CRES,04-At/near private drive,02-Thru lane,01-Clear,01-Daylight,MIDBLOCK,
7984,11-292804,20111221,ACTIVA AVE btwn DAVID BERGEY DR & ISAIAH DR,04-At/near private drive,09-Right shoulder,02-Rain,01-Daylight,MIDBLOCK,
7985,11-296442,20111227,WILSON AVE btwn FAIRWAY RD S & WEBSTER RD,04-At/near private drive,02-Thru lane,03-Snow,01-Daylight,MIDBLOCK,
7986,11-296661,20111227,WILDERNESS DR btwn PINE MARTIN CRES & ACTIVA AVE,01-Non intersection,02-Thru lane,03-Snow,"08-Dark, artificial",MIDBLOCK,
7987,11-296572,20111227,BELWOOD CRES btwn TRAYNOR AVE & TRAYNOR AVE,01-Non intersection,11-Not on roadway - right side,04-Freezing Rain,"08-Dark, artificial",MIDBLOCK,
7988,11-167198,20110723,LAWRENCE AVE btwn HIGHLAND RD W & PAULANDER DR,04-At/near private drive,02-Thru lane,01-Clear,01-Daylight,MIDBLOCK,
7989,11-025368,20110202,MAX BECKER DR btwn ISABELLA ST & COMMONWEALTH ST,04-At/near private drive,02-Thru lane,03-Snow,01-Daylight,MIDBLOCK,
7990,11-247817,20111025,DOON VILLAGE RD btwn HARVEST CRT & BECHTEL DR,04-At/near private drive,02-Thru lane,01-Clear,01-Daylight,MIDBLOCK,
7991,11-110788,20110518,PIONEER DR btwn OLD CARRIAGE DR & BECHTEL DR,01-Non intersection,02-Thru lane,01-Clear,01-Daylight,MIDBLOCK,
7992,11-110588,20110518,BELMONT AVE W btwn GAGE AVE & GLASGOW ST,04-At/near private drive,02-Thru lane,01-Clear,01-Daylight,MIDBLOCK,
7993,11-293732,20111221,KRUG ST btwn ROSE ST & TROY ST,04-At/near private drive,02-Thru lane,02-Rain,07-Dark,MIDBLOCK,
7994,11-222887,20110924,GRAY ST btwn EBYDALE DR & CASEY DR,04-At/near private drive,09-Right shoulder,01-Clear,01-Daylight,MIDBLOCK,
7995,11-212602,20110913,HIGHLAND RD E btwn HEIMAN ST & HOFFMAN ST,04-At/near private drive,02-Thru lane,01-Clear,01-Daylight,MIDBLOCK,
7996,11-284388,20111210,HALIFAX DR btwn NATCHEZ RD & HERITAGE DR,04-At/near private drive,02-Thru lane,01-Clear,01-Daylight,MIDBLOCK,
7997,11-292935,20111221,MARKWOOD DR btwn ROSSFORD CRES & HAZELGLEN DR,04-At/near private drive,11-Not on roadway - right side,02-Rain,01-Daylight,MIDBLOCK,
7998,11-216474,20110918,OBERMEYER DR btwn FERGUS AVE & KINZIE AVE,04-At/near private drive,02-Thru lane,02-Rain,"08-Dark, artificial",MIDBLOCK,
7999,11-036998,20110217,SIMS ESTATE DR btwn BEAUMONT CRES & DESMOND ST,04-At/near private drive,09-Right shoulder,02-Rain,01-Daylight,MIDBLOCK,
8000,11-068834,20110327,OBERMEYER DR btwn FERGUS AVE & KINZIE AVE,01-Non intersection,02-Thru lane,01-Clear,07-Dark,MIDBLOCK,
8001,11-086924,20110418,RICHMOND AVE btwn JOSEPH ST & END,01-Non intersection,02-Thru lane,01-Clear,"08-Dark, artificial",MIDBLOCK,
8002,11-276430,20111129,HOMER WATSON BLVD btwn STIRLING AVE S & HOFFMAN ST,01-Non intersection,04-Right turn lane,02-Rain,05-Dusk,MIDBLOCK,
8003,11-249387,20111027,SHIRLEY AVE btwn RIVERBEND DR & BINGEMANS CENTRE DR,01-Non intersection,02-Thru lane,01-Clear,01-Daylight,MIDBLOCK,
8004,11-022137,20110129,DOON SOUTH DR btwn WOODSMERE DR & ROBERT FERRIE DR,04-At/near private drive,02-Thru lane,03-Snow,01-Daylight,MIDBLOCK,
8005,11-131121,20110611,RIVER RD E btwn HICKSON DR & OTTAWA ST N,04-At/near private drive,02-Thru lane,01-Clear,01-Daylight,MIDBLOCK,
8006,11-007611,20110111,WILSON AVE btwn FAIRWAY RD S & WEBSTER RD,04-At/near private drive,02-Thru lane,01-Clear,01-Daylight,MIDBLOCK,
8007,11-255384,20111101,PARKLAND CRES btwn DRIFTWOOD DR & DRIFTWOOD DR,04-At/near private drive,09-Right shoulder,01-Clear,01-Daylight,MIDBLOCK,
8008,11-264985,20111115,PATRICIA AVE btwn HIGHLAND RD W & METZLOFF DR,04-At/near private drive,02-Thru lane,01-Clear,01-Daylight,MIDBLOCK,
8009,11-068148,20110326,WOODHAVEN RD btwn WILSON AVE & BYRON AVE,01-Non intersection,10-Not on roadway - left side,01-Clear,07-Dark,MIDBLOCK,
8010,11-108767,20110516,PINNACLE DR btwn CONESTOGA COLLEGE BLVD & PINE HILL PL,01-Non intersection,10-Not on roadway - left side,02-Rain,07-Dark,MIDBLOCK,
8011,11-297091,20111228,COTTON GRASS ST btwn ACTIVA AVE & COPPER LEAF ST,04-At/near private drive,02-Thru lane,03-Snow,01-Daylight,MIDBLOCK,
8012,11-295873,20111225,THALER AVE btwn KINZIE AVE & FAIRWAY RD N,04-At/near private drive,09-Right shoulder,01-Clear,07-Dark,MIDBLOCK,
8013,11-011511,20110116,FRANKLIN ST N btwn WEBER ST E & PROSPECT AVE,04-At/near private drive,02-Thru lane,01-Clear,01-Daylight,MIDBLOCK,
8014,11-133732,20110614,HAYWARD AVE btwn COURTLAND AVE E & HANSON AVE,01-Non intersection,02-Thru lane,01-Clear,01-Daylight,MIDBLOCK,
8015,11-047198,20110301,PIONEER DR btwn UPPER CANADA DR & DOON VILLAGE RD,04-At/near private drive,02-Thru lane,01-Clear,01-Daylight,MIDBLOCK,
8016,11-028925,20110204,SCHNEIDER AVE btwn DAVID ST & END,04-At/near private drive,02-Thru lane,01-Clear,01-Daylight,MIDBLOCK,
8017,11-087465,20110416,GLOUCESTER CRT btwn STANMORE AVE & CUL DE SAC,04-At/near private drive,09-Right shoulder,01-Clear,01-Daylight,MIDBLOCK,
8018,11-095212,20110429,BELMONT AVE W btwn GAGE AVE & GLASGOW ST,04-At/near private drive,02-Thru lane,01-Clear,01-Daylight,MIDBLOCK,
8019,11-034398,20110214,HUCK CRES btwn HIGHGATE RD & KELLER CRES,01-Non intersection,02-Thru lane,02-Rain,01-Daylight,MIDBLOCK,
8020,11-051122,20110306,WILSON AVE btwn GOODRICH DR & WABANAKI DR,01-Non intersection,04-Right turn lane,01-Clear,01-Daylight,MIDBLOCK,
8021,11-296448,20111227,WABANAKI DR btwn WILSON AVE & GOODRICH DR,01-Non intersection,11-Not on roadway - right side,03-Snow,01-Daylight,MIDBLOCK,
8022,11-125057,20110604,KING ST E btwn MADISON AVE S & CAMERON ST S,04-At/near private drive,02-Thru lane,01-Clear,01-Daylight,MIDBLOCK,
8023,11-128325,20110608,VILLAGE RD btwn WESTMOUNT RD E & VILLAGE CRES,04-At/near private drive,02-Thru lane,01-Clear,01-Daylight,MIDBLOCK,
8024,11-050766,20110306,REICHERT DR btwn NEW DUNDEE RD & END,01-Non intersection,10-Not on roadway - left side,01-Clear,01-Daylight,MIDBLOCK,
8025,11-274322,20111127,DUMFRIES AVE btwn CHAPEL ST & KRUG ST,01-Non intersection,10-Not on roadway - left side,01-Clear,07-Dark,MIDBLOCK,
8026,11-281554,20111206,KING ST E btwn FREDERICK ST & SCOTT ST,01-Non intersection,02-Thru lane,01-Clear,05-Dusk,MIDBLOCK,
8027,11-275150,20111126,RED CLOVER CRT btwn RED CLOVER CRES & CUL DE SAC,99-Other,12-Off highway,01-Clear,07-Dark,MIDBLOCK,
8028,11-220883,20110923,RIVERBEND DR btwn GUELPH ST & BRIDGEPORT RD,01-Non intersection,10-Not on roadway - left side,01-Clear,"08-Dark, artificial",MIDBLOCK,
8029,11-218796,20110921,STIRLING AVE S btwn CHARLES ST E & FORK IN ROAD,04-At/near private drive,09-Right shoulder,02-Rain,01-Daylight,MIDBLOCK,
8030,11-298198,20111230,WEST AVE btwn HOMEWOOD AVE & STRANGE ST,01-Non intersection,02-Thru lane,"07-Fog, mist, smoke, dust",01-Daylight,MIDBLOCK,
8031,11-156886,20110711,WABANAKI DR btwn WILSON AVE & GOODRICH DR,01-Non intersection,09-Right shoulder,01-Clear,01-Daylight,MIDBLOCK,
8032,11-275422,20111128,WABANAKI DR btwn MANITOU DR & KEVCO PL,04-At/near private drive,02-Thru lane,01-Clear,01-Daylight,MIDBLOCK,
8033,11-258244,20111107,WELLINGTON ST N btwn WEBER ST W & AHRENS ST W,01-Non intersection,02-Thru lane,01-Clear,"08-Dark, artificial",MIDBLOCK,
8034,11-278351,20111202,EIGHTH AVE btwn GREENFIELD AVE & WILSON AVE,04-At/near private drive,09-Right shoulder,01-Clear,01-Daylight,MIDBLOCK,
8035,11-140239,20110621,OLD FOREST CRES btwn DRIFTWOOD DR & DRIFTWOOD DR,04-At/near private drive,02-Thru lane,01-Clear,,MIDBLOCK,
8036,11-026153,20110203,VILLAGE RD btwn WESTMOUNT RD E & VILLAGE CRES,01-Non intersection,09-Right shoulder,01-Clear,01-Daylight,MIDBLOCK,
8037,11-108948,20110515,RIEHM ST btwn HARDING ST & HARDING ST,04-At/near private drive,09-Right shoulder,02-Rain,01-Daylight,MIDBLOCK,
8038,11-066772,20110325,DOON VALLEY DR btwn OLD MILL RD & END,01-Non intersection,02-Thru lane,01-Clear,01-Daylight,MIDBLOCK,
8039,11-127025,20110606,DOON VILLAGE RD btwn HOMER WATSON BLVD & MILLWOOD CRES,01-Non intersection,02-Thru lane,01-Clear,01-Daylight,MIDBLOCK,
8040,11-051030,20110306,MILL ST btwn HEIMAN ST & BORDEN PKY,01-Non intersection,11-Not on roadway - right side,01-Clear,01-Daylight,MIDBLOCK,
8041,11-147564,20110630,PIONEER DR btwn UPPER CANADA DR & DOON VILLAGE RD,01-Non intersection,09-Right shoulder,01-Clear,01-Daylight,MIDBLOCK,
8042,11-162802,20110718,KING ST E btwn MADISON AVE S & CAMERON ST S,01-Non intersection,02-Thru lane,01-Clear,01-Daylight,MIDBLOCK,
8043,11-185501,20110814,JOSEPH ST btwn DAVID ST & GAUKEL ST,02-Intersection related,02-Thru lane,01-Clear,"08-Dark, artificial",MIDBLOCK,
8044,11-182342,20110810,KING ST W btwn WATER ST S & FRANCIS ST N,01-Non intersection,02-Thru lane,01-Clear,01-Daylight,MIDBLOCK,
8045,11-196455,20110826,TINATAWA CRT btwn GRAND RIVER BLVD & CUL DE SAC,04-At/near private drive,02-Thru lane,01-Clear,01-Daylight,MIDBLOCK,
8046,11-220383,20110923,DALEGROVE DR btwn INGLESIDE DR & INGLESIDE DR,01-Non intersection,02-Thru lane,02-Rain,01-Daylight,MIDBLOCK,
8047,11-209883,20110910,GAGE AVE btwn WAVERLY RD & BELMONT AVE W,04-At/near private drive,09-Right shoulder,01-Clear,01-Daylight,MIDBLOCK,
8048,11-155795,20110710,WILSON AVE btwn KINGSWAY DR & FAIRWAY RD S,04-At/near private drive,09-Right shoulder,01-Clear,"08-Dark, artificial",MIDBLOCK,
8049,11-283654,20111209,HIDDEN CREEK DR btwn END & HOLLYRIDGE CRES,04-At/near private drive,09-Right shoulder,03-Snow,01-Daylight,MIDBLOCK,
8050,11-296905,20111227,ZELLER DR btwn ZELLER CRT & JANET CRT,04-At/near private drive,09-Right shoulder,03-Snow,07-Dark,MIDBLOCK,
8051,11-122745,20110531,COPPER LEAF CRES btwn MAX BECKER DR & MAX BECKER DR,04-At/near private drive,09-Right shoulder,01-Clear,01-Daylight,MIDBLOCK,
8052,11-087966,20110420,ROBERTSON CRES btwn CULLODEN PL & CARYNDALE DR,01-Non intersection,02-Thru lane,01-Clear,03-Dawn,MIDBLOCK,
8053,11-107771,20110514,STOKE DR btwn WEXFORD CRES & WEXFORD CRES,04-At/near private drive,09-Right shoulder,02-Rain,01-Daylight,MIDBLOCK,
8054,11-118180,20110526,KING ST W btwn COLLEGE ST & WATER ST S,01-Non intersection,02-Thru lane,01-Clear,01-Daylight,MIDBLOCK,
8055,11-186673,20110815,ROCKWAY DR btwn DOON RD & DIXON ST,04-At/near private drive,02-Thru lane,01-Clear,01-Daylight,MIDBLOCK,
8056,11-123209,20110601,SIXTH AVE btwn KINGSWAY DR & CONNAUGHT ST,04-At/near private drive,09-Right shoulder,01-Clear,07-Dark,MIDBLOCK,
8057,11-123443,20110602,FRANKLIN ST S btwn CONNAUGHT ST & GREENFIELD AVE,98-Other,99-Other,01-Clear,01-Daylight,MIDBLOCK,
8058,11-124333,20110603,LOUISA ST btwn WEBER ST W & AHRENS ST W,04-At/near private drive,99-Other,01-Clear,01-Daylight,MIDBLOCK,
8059,11-026123,20110203,GREENFIELD AVE btwn TRAYNOR AVE & KINGSWAY DR,04-At/near private drive,02-Thru lane,01-Clear,01-Daylight,MIDBLOCK,
8060,11-117003,20110525,STRANGE ST btwn DOMINION ST & ELM ST,04-At/near private drive,09-Right shoulder,01-Clear,07-Dark,MIDBLOCK,
8061,11-127793,20110607,QUEENS BLVD btwn BELMONT AVE E & BLUERIDGE AVE,04-At/near private drive,02-Thru lane,01-Clear,01-Daylight,MIDBLOCK,
8062,11-241029,20111015,BUSH CLOVER CRES btwn ACTIVA AVE & HACKBERRY ST,04-At/near private drive,02-Thru lane,01-Clear,01-Daylight,MIDBLOCK,
8063,11-080972,20110411,LANG CRES btwn LANCASTER ST W & HORIZON CRT,01-Non intersection,11-Not on roadway - right side,01-Clear,01-Daylight,MIDBLOCK,
8064,11-004910,20110104,HACKBERRY ST btwn BUSH CLOVER CRES & ACTIVA AVE,04-At/near private drive,02-Thru lane,03-Snow,"08-Dark, artificial",MIDBLOCK,
8065,11-052843,20110308,MILL ST btwn BORDEN PKY & MILL ST,01-Non intersection,02-Thru lane,01-Clear,01-Daylight,MIDBLOCK,
8066,11-052006,20110307,ROSEMOUNT DR btwn SHERWOOD AVE & RIVER RD E,01-Non intersection,02-Thru lane,01-Clear,01-Daylight,MIDBLOCK,
8067,11-043554,20110225,HURON RD btwn HOMER WATSON ONRAMP & HOMER WATSON OFFRAMP,07-Overpass or bridge,02-Thru lane,03-Snow,01-Daylight,MIDBLOCK,
8068,11-014880,20110120,GREEN VALLEY DR btwn MILL PARK DR & PIONEER DR,01-Non intersection,02-Thru lane,03-Snow,"08-Dark, artificial",MIDBLOCK,
8069,11-016226,20110121,GOUNDRY CRES btwn RITTENHOUSE RD & ERINBROOK DR,04-At/near private drive,09-Right shoulder,01-Clear,01-Daylight,MIDBLOCK,
8070,11-167285,20110723,MARGARET AVE btwn QUEEN ST N & MAYNARD AVE,01-Non intersection,02-Thru lane,01-Clear,01-Daylight,MIDBLOCK,
8071,11-296547,20111227,DRIFTWOOD DR btwn PARKLAND CRES & YELLOW BIRCH DR,01-Non intersection,02-Thru lane,03-Snow,"06-Dusk, artificial",MIDBLOCK,
8072,11-189848,20110819,KING ST W btwn COLLEGE ST & WATER ST S,01-Non intersection,09-Right shoulder,01-Clear,01-Daylight,MIDBLOCK,