OBJECTID,ACCIDENTNUM,ACCIDENTDATE,LOCATION,ACCIDENT_LOCATION,IMPACT_LOCATION,ENVIRONMENT_CONDITION,LIGHT,COLLISION_TYPE,TRAFFICCOLLISIONSID
8073,11-215086,20110916,SIMEON ST btwn FREDERICK ST & BINGEMAN ST,04-At/near private drive,09-Right shoulder,01-Clear,07-Dark,MIDBLOCK,
8074,11-176463,20110803,WILSON AVE btwn GOODRICH DR & WABANAKI DR,99-Other,99-Other,01-Clear,01-Daylight,MIDBLOCK,
8075,11-066282,20110323,REX DR btwn QUEENS BLVD & GLEN RD,04-At/near private drive,99-Other,03-Snow,01-Daylight,MIDBLOCK,
8076,11-085067,20110415,HOHNER AVE btwn LANCASTER ST E & SAMUEL ST,04-At/near private drive,09-Right shoulder,01-Clear,01-Daylight,MIDBLOCK,
8077,11-048610,20110303,KING ST E btwn STIRLING AVE N & DANE ST,01-Non intersection,02-Thru lane,01-Clear,01-Daylight,MIDBLOCK,
8078,11-059533,20110316,QUEENS BLVD btwn HIGHLAND RD E & SPADINA RD E,01-Non intersection,02-Thru lane,01-Clear,01-Daylight,MIDBLOCK,
8079,11-131572,20110611,RIVERBEND DR btwn GUELPH ST & BRIDGEPORT RD,01-Non intersection,10-Not on roadway - left side,01-Clear,"08-Dark, artificial",MIDBLOCK,
8080,11-291523,20111219,WILSON AVE btwn FAIRWAY RD S & WEBSTER RD,04-At/near private drive,03-Left turn lane,01-Clear,"08-Dark, artificial",MIDBLOCK,
8081,11-025959,20110203,SHOEMAKER ST btwn STRASBURG RD & TRILLIUM DR,01-Non intersection,10-Not on roadway - left side,01-Clear,01-Daylight,MIDBLOCK,
8082,11-035360,20110215,PARKLAND CRES btwn DRIFTWOOD DR & DRIFTWOOD DR,04-At/near private drive,02-Thru lane,01-Clear,01-Daylight,MIDBLOCK,
8083,11-201975,20110902,RIVER RD E btwn HICKSON DR & OTTAWA ST N,01-Non intersection,02-Thru lane,01-Clear,01-Daylight,MIDBLOCK,
8084,11-285661,20111210,GATEWAY PARK DR btwn SPORTSWORLD DR & TU LANE ST,04-At/near private drive,02-Thru lane,01-Clear,01-Daylight,MIDBLOCK,
8085,11-215447,20110917,STRASBURG RD btwn BLOCK LINE RD & OLD COUNTRY DR,04-At/near private drive,11-Not on roadway - right side,01-Clear,"08-Dark, artificial",MIDBLOCK,
8086,11-217945,20110920,SHIRLEY AVE btwn RIVERBEND DR & BINGEMANS CENTRE DR,04-At/near private drive,02-Thru lane,01-Clear,01-Daylight,MIDBLOCK,
8087,11-196546,20110827,GATEWAY PARK DR btwn SPORTSWORLD DR & TU LANE ST,04-At/near private drive,02-Thru lane,01-Clear,01-Daylight,MIDBLOCK,
8088,11-197775,20110828,RISTAU PL btwn RISTAU CRES & CUL DE SAC,04-At/near private drive,02-Thru lane,01-Clear,"08-Dark, artificial",MIDBLOCK,
8089,11-237349,20111012,QUEEN ST N btwn AHRENS ST E & MARGARET AVE,04-At/near private drive,02-Thru lane,02-Rain,07-Dark,MIDBLOCK,
8090,11-176472,20110803,DUKE ST E btwn FREDERICK ST & SCOTT ST,04-At/near private drive,02-Thru lane,02-Rain,01-Daylight,MIDBLOCK,
8091,11-152588,20110607,PARK ST btwn DOMINION ST & STRANGE ST,04-At/near private drive,09-Right shoulder,01-Clear,01-Daylight,MIDBLOCK,
8092,11-170506,20110726,GREENOCK DR btwn BRIARGATE DR & BRIARGATE DR,04-At/near private drive,09-Right shoulder,01-Clear,01-Daylight,MIDBLOCK,
8093,11-239484,20111015,BRIDLEWREATH ST btwn MAX BECKER DR & MOUNTAIN LAUREL CRES,04-At/near private drive,12-Off highway,02-Rain,01-Daylight,MIDBLOCK,
8094,10-095640,20100511,UNION ST btwn MARGARET AVE & SUNSET PL,01-Non intersection,02-Thru lane,01-Clear,01-Daylight,MIDBLOCK,
8095,10-019804,20100129,MILL ST btwn HEIMAN ST & BORDEN PKY,04-At/near private drive,11-Not on roadway - right side,01-Clear,01-Daylight,MIDBLOCK,
8096,10-006448,20100111,BLACKHORNE DR btwn STRASBURG RD & BLACKHORNE CRES,01-Non intersection,02-Thru lane,03-Snow,01-Daylight,MIDBLOCK,
8097,10-137238,20100702,MILL ST btwn BORDEN PKY & MILL ST,04-At/near private drive,09-Right shoulder,01-Clear,99-Other,MIDBLOCK,
8098,10-180899,20100827,SHIRLEY AVE btwn RIVERBEND DR & BINGEMANS CENTRE DR,01-Non intersection,02-Thru lane,01-Clear,01-Daylight,MIDBLOCK,
8099,10-272585,20101224,CHARLES BEST PL btwn HEIMAN ST & CHARLES BEST PL,04-At/near private drive,02-Thru lane,01-Clear,"08-Dark, artificial",MIDBLOCK,
8100,10-134890,20100630,KING ST W btwn WATER ST S & FRANCIS ST N,01-Non intersection,02-Thru lane,01-Clear,01-Daylight,MIDBLOCK,
8101,11-187481,20110816,WILSON AVE btwn GOODRICH DR & WABANAKI DR,99-Other,12-Off highway,99-Other,99-Other,MIDBLOCK,
8102,09-031830,20090218,MANCHESTER RD btwn NOTTINGHAM AVE & WEDGEWOOD DR,01-Non intersection,10-Not on roadway - left side,01-Clear,07-Dark,MIDBLOCK,
8103,09-178431,20090908,KING ST W btwn QUEEN ST S & ONTARIO ST S,01-Non intersection,02-Thru lane,01-Clear,01-Daylight,MIDBLOCK,
8104,09-186513,20090919,MAX BECKER DR btwn BRIDLEWREATH ST & LEMONBALM ST,01-Non intersection,02-Thru lane,01-Clear,01-Daylight,MIDBLOCK,
8105,09-178896,20090909,FREY CRES btwn HELENA FEASBY ST & HELENA FEASBY ST,04-At/near private drive,02-Thru lane,01-Clear,01-Daylight,MIDBLOCK,
8106,09-176735,20090906,SECOND AVE btwn KINGSWAY DR & CONNAUGHT ST,04-At/near private drive,,01-Clear,01-Daylight,MIDBLOCK,
8107,09-168076,20090825,STIRLING AVE S btwn CHARLES ST E & FORK IN ROAD,04-At/near private drive,02-Thru lane,01-Clear,01-Daylight,MIDBLOCK,
8108,09-004668,20090108,BREITHAUPT ST btwn AHRENS ST W & MARGARET AVE,01-Non intersection,02-Thru lane,01-Clear,01-Daylight,MIDBLOCK,
8109,09-080552,20090429,ST JEROME CRES btwn ST JEROME AVE & ST JEROME CRES,04-At/near private drive,11-Not on roadway - right side,01-Clear,01-Daylight,MIDBLOCK,
8110,09-129635,20090704,MOORE AVE btwn GUELPH ST & DELISLE AVE,01-Non intersection,02-Thru lane,01-Clear,01-Daylight,MIDBLOCK,
8111,09-018788,20090129,BRYBECK CRES btwn KARN ST & WESTMOUNT RD W,01-Non intersection,02-Thru lane,01-Clear,07-Dark,MIDBLOCK,
8112,09-007669,20090112,WINDING WOOD CRES btwn CREST HAVEN ST & CREST HAVEN ST,04-At/near private drive,02-Thru lane,01-Clear,"08-Dark, artificial",MIDBLOCK,
8113,09-119227,20090620,WELLINGTON ST N btwn SPRING VALLEY RD & CIRCA DR,98-Other,99-Other,01-Clear,99-Other,MIDBLOCK,
8114,09-093952,20090517,HARCOURT CRES btwn MILLWOOD CRES & MILLWOOD CRES,04-At/near private drive,02-Thru lane,01-Clear,01-Daylight,MIDBLOCK,
8115,09-071121,20090416,PATHFINDER CRES btwn BECHTEL DR & PATHFINDER CRES,01-Non intersection,02-Thru lane,01-Clear,"08-Dark, artificial",MIDBLOCK,
8116,09-076664,20090424,SCHNEIDER AVE btwn DAVID ST & END,04-At/near private drive,02-Thru lane,01-Clear,01-Daylight,MIDBLOCK,
8117,09-001297,20090103,MADISON AVE S btwn HOPP ST & MILL ST,04-At/near private drive,12-Off highway,03-Snow,"08-Dark, artificial",MIDBLOCK,
8118,09-004126,20090107,MILL ST btwn STIRLING AVE S & HEIMAN ST,04-At/near private drive,02-Thru lane,01-Clear,"06-Dusk, artificial",MIDBLOCK,
8119,09-022153,20090204,THALER AVE btwn KINZIE AVE & FAIRWAY RD N,04-At/near private drive,02-Thru lane,01-Clear,01-Daylight,MIDBLOCK,
8120,09-011415,20090119,MAPLE AVE btwn GUELPH ST & ARNOLD ST,04-At/near private drive,02-Thru lane,01-Clear,"08-Dark, artificial",MIDBLOCK,
8121,09-132313,20090708,RICHMOND AVE btwn JOSEPH ST & END,01-Non intersection,02-Thru lane,01-Clear,01-Daylight,MIDBLOCK,
8122,09-064119,20090407,PIONEER DR btwn HOMER WATSON BLVD & OLD CARRIAGE DR,01-Non intersection,02-Thru lane,01-Clear,01-Daylight,MIDBLOCK,
8123,09-138054,20090716,MILL ST btwn QUEEN ST S & LANSDOWNE BLVD,04-At/near private drive,02-Thru lane,01-Clear,01-Daylight,MIDBLOCK,
8124,09-122553,20090625,HIDDEN CREEK DR btwn WESTFOREST TRAIL & HOLLYRIDGE CRES,04-At/near private drive,02-Thru lane,01-Clear,01-Daylight,MIDBLOCK,
8125,09-172781,20090901,STIRLING AVE S btwn COURTLAND AVE E & MILL ST,04-At/near private drive,02-Thru lane,01-Clear,01-Daylight,MIDBLOCK,
8126,10-219329,20101010,MAX BECKER DR btwn ACTIVA AVE & BRIDLEWREATH ST,04-At/near private drive,02-Thru lane,01-Clear,01-Daylight,MIDBLOCK,
8127,10-200423,20100920,QUEENS BLVD btwn BELMONT AVE E & BLUERIDGE AVE,02-Intersection related,02-Thru lane,01-Clear,01-Daylight,MIDBLOCK,
8128,10-139282,20100705,GRULKE ST btwn KINZIE AVE & FAIRWAY RD N,04-At/near private drive,09-Right shoulder,01-Clear,"06-Dusk, artificial",MIDBLOCK,
8129,10-127645,20100621,WAGON ST btwn DEER RIDGE DR & BADEN CRT,04-At/near private drive,02-Thru lane,01-Clear,01-Daylight,MIDBLOCK,
8130,10-141134,20100708,QUEENS BLVD btwn BELMONT AVE E & BLUERIDGE AVE,01-Non intersection,02-Thru lane,01-Clear,01-Daylight,MIDBLOCK,
8131,10-090117,20100503,HURON RD btwn STRASBURG RD & NEWCASTLE DR,01-Non intersection,02-Thru lane,01-Clear,01-Daylight,MIDBLOCK,
8132,10-010799,20100116,QUEENS BLVD btwn SILVERSPRING CRES & EAGEN DR,04-At/near private drive,02-Thru lane,01-Clear,"06-Dusk, artificial",MIDBLOCK,
8133,10-219354,20101013,BELMONT AVE W btwn GAGE AVE & GLASGOW ST,01-Non intersection,02-Thru lane,01-Clear,01-Daylight,MIDBLOCK,
8134,10-215911,20101009,STRASBURG RD btwn SELKIRK DR & BLACKHORNE DR,04-At/near private drive,02-Thru lane,01-Clear,01-Daylight,MIDBLOCK,
8135,10-199061,20100915,NORTHMANOR CRES btwn RESURRECTION DR & RESURRECTION DR,04-At/near private drive,02-Thru lane,01-Clear,"08-Dark, artificial",MIDBLOCK,
8136,10-121929,20100613,PINNACLE DR btwn AMHERST DR & DOON VALLEY DR,04-At/near private drive,02-Thru lane,01-Clear,"08-Dark, artificial",MIDBLOCK,
8137,10-029176,20100211,WINDALE CRES btwn VALLEYVIEW RD & HOWE DR,01-Non intersection,11-Not on roadway - right side,,,MIDBLOCK,
8138,10-141188,20100708,ARNOLD ST btwn OXFORD ST & LANCASTER ST W,04-At/near private drive,02-Thru lane,01-Clear,01-Daylight,MIDBLOCK,
8139,10-135093,20100629,SUGAR MAPLE ST btwn CEDAR CREST ST & SUGAR MAPLE PL,04-At/near private drive,09-Right shoulder,01-Clear,"08-Dark, artificial",MIDBLOCK,
8140,10-264257,20101212,QUEENS BLVD btwn BELMONT AVE E & BLUERIDGE AVE,01-Non intersection,11-Not on roadway - right side,03-Snow,01-Daylight,MIDBLOCK,
8141,10-220199,20101015,WINDFLOWER CRES btwn WINDFLOWER DR & WINDFLOWER DR,04-At/near private drive,02-Thru lane,01-Clear,01-Daylight,MIDBLOCK,
8142,10-122690,20100614,RANDERSON AVE btwn MCKENZIE AVE & END,04-At/near private drive,02-Thru lane,01-Clear,01-Daylight,MIDBLOCK,
8143,10-200437,20100920,GATEWAY PARK DR btwn SPORTSWORLD DR & TU LANE ST,03-At intersection,01-Within intersection,01-Clear,01-Daylight,MIDBLOCK,
8144,10-195606,20100914,FIFTH AVE btwn KINGSWAY DR & CONNAUGHT ST,01-Non intersection,02-Thru lane,01-Clear,01-Daylight,MIDBLOCK,
8145,10-032418,20100214,RALGREEN CRES btwn OVERLEA DR & EAGEN DR,04-At/near private drive,02-Thru lane,01-Clear,05-Dusk,MIDBLOCK,
8146,10-033705,20100217,WINDING MEADOW CRT btwn WESTMEADOW DR & CUL DE SAC,04-At/near private drive,02-Thru lane,01-Clear,01-Daylight,MIDBLOCK,
8147,10-032997,20100214,SELKIRK DR btwn SELKIRK CRT & GENEVA CRES,04-At/near private drive,02-Thru lane,01-Clear,07-Dark,MIDBLOCK,
8148,10-135115,20100626,BRUBACHER ST btwn LANCASTER ST E & SAMUEL ST,04-At/near private drive,02-Thru lane,01-Clear,01-Daylight,MIDBLOCK,
8149,10-131778,20100626,ACTIVA AVE btwn GREY FOX DR & BUSH CLOVER CRES,04-At/near private drive,02-Thru lane,01-Clear,01-Daylight,MIDBLOCK,
8150,10-218977,20101013,LUCERNE DR btwn KINGSWOOD DR & SELKIRK DR,04-At/near private drive,02-Thru lane,01-Clear,01-Daylight,MIDBLOCK,
8151,10-086598,20100429,ROSEMOUNT DR btwn SHERWOOD AVE & RIVER RD E,01-Non intersection,02-Thru lane,01-Clear,01-Daylight,MIDBLOCK,
8152,10-093915,20100508,STRASBURG RD btwn BLOCK LINE RD & OLD COUNTRY DR,01-Non intersection,02-Thru lane,01-Clear,07-Dark,MIDBLOCK,
8153,10-111491,20100530,STEEPLERIDGE ST btwn DOON SOUTH DR & BRIDLERIDGE ST,04-At/near private drive,02-Thru lane,01-Clear,01-Daylight,MIDBLOCK,
8154,10-111130,20100530,SCHNEIDER AVE btwn DAVID ST & END,04-At/near private drive,09-Right shoulder,01-Clear,01-Daylight,MIDBLOCK,
8155,10-212424,20101005,KING ST E btwn BORDEN AVE N & ONWARD AVE,01-Non intersection,02-Thru lane,02-Rain,01-Daylight,MIDBLOCK,
8156,10-212811,20101005,ACTIVA AVE btwn WILDERNESS DR & COPPER LEAF ST,04-At/near private drive,02-Thru lane,02-Rain,07-Dark,MIDBLOCK,
8157,10-210309,20101001,WILSON AVE btwn FAIRWAY RD S & WEBSTER RD,01-Non intersection,02-Thru lane,01-Clear,07-Dark,MIDBLOCK,
8158,10-118474,20100609,GREEN VALLEY DR btwn MILL PARK DR & PIONEER DR,01-Non intersection,02-Thru lane,01-Clear,01-Daylight,MIDBLOCK,
8159,10-040753,20100227,RIVER RD E btwn HICKSON DR & OTTAWA ST N,04-At/near private drive,02-Thru lane,02-Rain,01-Daylight,MIDBLOCK,
8160,10-260033,20101123,COUNTRY CLAIR ST btwn PEBBLECREEK DR & COUNTRY CLAIR PL,04-At/near private drive,02-Thru lane,01-Clear,01-Daylight,MIDBLOCK,
8161,10-258570,20101204,PIONEER DR btwn UPPER CANADA DR & DOON VILLAGE RD,04-At/near private drive,02-Thru lane,01-Clear,01-Daylight,MIDBLOCK,
8162,10-125604,20100617,TAGGE CRES btwn TAGGE ST & TAGGE ST,04-At/near private drive,09-Right shoulder,01-Clear,01-Daylight,MIDBLOCK,
8163,10-124438,20100616,GLEN LAKE CRES btwn FORESTWOOD DR & FORESTWOOD DR,04-At/near private drive,02-Thru lane,01-Clear,01-Daylight,MIDBLOCK,
8164,10-117116,20100605,NEWBURY DR btwn COVINGTON CRES & BURNABY CRES,04-At/near private drive,09-Right shoulder,02-Rain,"08-Dark, artificial",MIDBLOCK,
8165,10-120382,20100610,MISTY CRES btwn MISTY ST & MISTY ST,04-At/near private drive,02-Thru lane,01-Clear,07-Dark,MIDBLOCK,
8166,10-220620,20101015,WALTER ST btwn WELLINGTON ST S & AGNES ST,04-At/near private drive,10-Not on roadway - left side,01-Clear,"08-Dark, artificial",MIDBLOCK,
8167,10-062079,20100327,VILLAGE RD btwn STONYBROOK DR & WESTMOUNT RD E,01-Non intersection,02-Thru lane,01-Clear,01-Daylight,MIDBLOCK,
8168,10-068175,20100405,WEST AVE btwn HOMEWOOD AVE & STRANGE ST,04-At/near private drive,02-Thru lane,02-Rain,07-Dark,MIDBLOCK,
8169,10-236920,20101105,RIVER RD E btwn HICKSON DR & OTTAWA ST N,01-Non intersection,02-Thru lane,01-Clear,01-Daylight,MIDBLOCK,
8170,10-010674,20100117,FOURTH AVE btwn CONNAUGHT ST & WILSON AVE,01-Non intersection,02-Thru lane,01-Clear,07-Dark,MIDBLOCK,
8171,10-109090,20100527,DAWN RIDGE DR btwn WESTMEADOW DR & DAWN RIDGE CRT,04-At/near private drive,02-Thru lane,01-Clear,"08-Dark, artificial",MIDBLOCK,
8172,10-016467,20100123,ACTIVA AVE btwn PERIWINKLE ST & YARROW CRT,04-At/near private drive,02-Thru lane,01-Clear,01-Daylight,MIDBLOCK,
8173,10-020013,20100129,MICHENER CRES btwn SPRINGMOUNT DR & SPRINGMOUNT DR,01-Non intersection,02-Thru lane,01-Clear,01-Daylight,MIDBLOCK,
8174,10-232537,20101030,MAX BECKER DR btwn BRIDLEWREATH ST & LEMONBALM ST,01-Non intersection,02-Thru lane,01-Clear,07-Dark,MIDBLOCK,
8175,10-231520,20101028,ALBION ST btwn DINISON CRES & ALBION CRT,04-At/near private drive,02-Thru lane,01-Clear,01-Daylight,MIDBLOCK,
8176,10-122696,20100614,BRIARMEADOW DR btwn SANDWELL CRT & BRIARFIELD ST,01-Non intersection,02-Thru lane,01-Clear,01-Daylight,MIDBLOCK,
8177,10-125488,20100618,LOUISA ST btwn WATERLOO ST & DUKE ST W,04-At/near private drive,02-Thru lane,01-Clear,01-Daylight,MIDBLOCK,
8178,10-017726,20100126,SOUTHWOOD DR btwn SANDSPRINGS CRES & CENTURY HILL DR,01-Non intersection,02-Thru lane,03-Snow,01-Daylight,MIDBLOCK,
8179,10-001306,20100103,DRIFTWOOD DR btwn PARKLAND CRES & YELLOW BIRCH DR,04-At/near private drive,12-Off highway,01-Clear,"08-Dark, artificial",MIDBLOCK,
8180,10-151325,20100712,SHIRLEY AVE btwn RIVERBEND DR & BINGEMANS CENTRE DR,04-At/near private drive,02-Thru lane,01-Clear,01-Daylight,MIDBLOCK,
8181,10-149184,20100718,BLACKFRIARS PL btwn HOLBORN DR & CUL DE SAC,04-At/near private drive,,01-Clear,01-Daylight,MIDBLOCK,
8182,10-262771,20101209,BELWOOD CRES btwn TRAYNOR AVE & TRAYNOR AVE,04-At/near private drive,02-Thru lane,01-Clear,01-Daylight,MIDBLOCK,
8183,10-021196,20100131,FREDERICK ST btwn RIVER RD E & TURNER AVE,01-Non intersection,09-Right shoulder,01-Clear,"08-Dark, artificial",MIDBLOCK,
8184,10-125010,20100617,CHERRY HILL DR btwn COACH HILL DR & COACH HILL DR,04-At/near private drive,02-Thru lane,01-Clear,01-Daylight,MIDBLOCK,
8185,10-119817,20100611,BRENTWOOD AVE btwn JACKSON AVE & MONTGOMERY RD,04-At/near private drive,02-Thru lane,01-Clear,01-Daylight,MIDBLOCK,
8186,10-113543,20100603,HOFFMAN ST btwn OLYMPIC DR & MEINZINGER AVE,04-At/near private drive,10-Not on roadway - left side,01-Clear,01-Daylight,MIDBLOCK,
8187,10-265300,20101213,GREENFIELD AVE btwn TRAYNOR AVE & KINGSWAY DR,04-At/near private drive,02-Thru lane,01-Clear,01-Daylight,MIDBLOCK,
8188,10-266057,20101214,GUELPH ST btwn MAPLE AVE & SPRING VALLEY RD,01-Non intersection,01-Within intersection,05-Drifting Snow,01-Daylight,MIDBLOCK,
8189,10-080463,20100416,GREENBROOK DR btwn FARMBROOK PL & WESTMOUNT RD E,04-At/near private drive,02-Thru lane,01-Clear,05-Dusk,MIDBLOCK,
8190,10-091520,20100505,KING ST E btwn MADISON AVE S & CAMERON ST S,04-At/near private drive,02-Thru lane,02-Rain,01-Daylight,MIDBLOCK,
8191,10-250052,20101122,LEWIS CRES btwn MANOR DR & MANOR DR,04-At/near private drive,02-Thru lane,01-Clear,01-Daylight,MIDBLOCK,
8192,10-044580,20100304,RIVER RD E btwn OTTAWA ST N & HOLBORN DR,04-At/near private drive,03-Left turn lane,01-Clear,"04-Dawn, artificial",MIDBLOCK,
8193,10-006580,20101223,GREGG CRT btwn QUAISER ST & CUL DE SAC,04-At/near private drive,01-Within intersection,01-Clear,01-Daylight,MIDBLOCK,
8194,10-047705,20100303,MADISON AVE S btwn CHURCH ST & COURTLAND AVE E,04-At/near private drive,02-Thru lane,01-Clear,07-Dark,MIDBLOCK,
8195,10-053864,20100316,SIMS ESTATE DR btwn BEAUMONT CRES & DESMOND ST,04-At/near private drive,02-Thru lane,01-Clear,01-Daylight,MIDBLOCK,
8196,10-216413,20101010,GENERAL DR btwn LANCASTER ST W & GENERAL DR,04-At/near private drive,02-Thru lane,01-Clear,01-Daylight,MIDBLOCK,
8197,10-233874,20101101,PIONEER DR btwn UPPER CANADA DR & DOON VILLAGE RD,04-At/near private drive,02-Thru lane,01-Clear,01-Daylight,MIDBLOCK,
8198,10-136271,20100702,MOOREGATE CRES btwn HAZELGLEN DR & HAZELGLEN DR,01-Non intersection,02-Thru lane,01-Clear,"08-Dark, artificial",MIDBLOCK,
8199,10-093150,20100507,DRIFTWOOD DR btwn PARKLAND CRES & YELLOW BIRCH DR,01-Non intersection,02-Thru lane,01-Clear,07-Dark,MIDBLOCK,
8200,10-105528,20100523,QUEENS BLVD btwn BELMONT AVE E & BLUERIDGE AVE,01-Non intersection,02-Thru lane,01-Clear,05-Dusk,MIDBLOCK,
8201,10-116003,20100606,STRASBURG RD btwn MCINTYRE DR & TRILLIUM DR,04-At/near private drive,10-Not on roadway - left side,02-Rain,"08-Dark, artificial",MIDBLOCK,
8202,10-241734,20101111,WEBSTER RD btwn WILSON AVE & MANITOU DR,04-At/near private drive,02-Thru lane,01-Clear,05-Dusk,MIDBLOCK,
8203,10-231777,20101029,CHURCH ST btwn EBY ST S & CEDAR ST S,04-At/near private drive,11-Not on roadway - right side,01-Clear,"08-Dark, artificial",MIDBLOCK,
8204,10-242454,20101112,PERIWINKLE ST btwn SWEET WILLIAM ST & DONNENWERTH DR,04-At/near private drive,02-Thru lane,01-Clear,01-Daylight,MIDBLOCK,
8205,10-236760,20101105,PROSPERITY DR btwn FOXGLOVE CRES & MAHOGANY ST,04-At/near private drive,02-Thru lane,01-Clear,01-Daylight,MIDBLOCK,
8206,10-130985,20100625,HIGHBARRY CRES btwn UDVARI CRES & UDVARI CRES,01-Non intersection,02-Thru lane,01-Clear,01-Daylight,MIDBLOCK,
8207,10-211578,20101004,PAULANDER DR btwn LAWRENCE AVE & VICTORIA ST S,04-At/near private drive,02-Thru lane,01-Clear,"08-Dark, artificial",MIDBLOCK,
8208,10-211629,20101003,CHURCH ST btwn BENTON ST & PETER ST,04-At/near private drive,02-Thru lane,01-Clear,07-Dark,MIDBLOCK,
8209,10-213140,20101006,QUEEN ST S btwn ST GEORGE ST & COURTLAND AVE E,04-At/near private drive,11-Not on roadway - right side,01-Clear,01-Daylight,MIDBLOCK,
8210,10-095883,20100509,BANKSIDE DR btwn GOLDEN TERRACE CRT & BANKSIDE CRES,04-At/near private drive,02-Thru lane,01-Clear,"08-Dark, artificial",MIDBLOCK,
8211,10-028922,20100210,MAPLE AVE btwn GUELPH ST & ARNOLD ST,98-Other,99-Other,03-Snow,01-Daylight,MIDBLOCK,
8212,10-101340,20100518,MILL ST btwn STIRLING AVE S & HEIMAN ST,04-At/near private drive,02-Thru lane,01-Clear,01-Daylight,MIDBLOCK,
8213,10-097776,20100514,SCENIC DR btwn RIVER RD E & VOLTA AVE,01-Non intersection,02-Thru lane,01-Clear,01-Daylight,MIDBLOCK,
8214,10-081830,20100422,DRIFTWOOD DR btwn YELLOW BIRCH DR & DRIFTWOOD PL,04-At/near private drive,02-Thru lane,01-Clear,"08-Dark, artificial",MIDBLOCK,
8215,10-109780,20100529,WREN CRES btwn WAYNE DR & WREN PL,01-Non intersection,10-Not on roadway - left side,01-Clear,01-Daylight,MIDBLOCK,
8216,10-109718,20100529,RUTHERFORD DR btwn KINZIE AVE & CUL DE SAC,04-At/near private drive,02-Thru lane,01-Clear,"08-Dark, artificial",MIDBLOCK,
8217,10-031062,20100213,GLEN LAKE CRES btwn FORESTWOOD DR & FORESTWOOD DR,04-At/near private drive,02-Thru lane,01-Clear,01-Daylight,MIDBLOCK,
8218,10-020234,20100129,ALBION ST btwn DINISON CRES & ALBION CRT,04-At/near private drive,02-Thru lane,01-Clear,07-Dark,MIDBLOCK,
8219,10-112496,20100601,QUEEN ST N btwn ST LEGER ST & LANCASTER ST W,04-At/near private drive,02-Thru lane,01-Clear,01-Daylight,MIDBLOCK,
8220,10-009617,20100115,HOWE DR btwn CUL DE SAC & WINDALE CRES,99-Other,12-Off highway,01-Clear,"08-Dark, artificial",MIDBLOCK,
8221,10-048217,20100309,NEWBURY DR btwn ROLLING MEADOWS DR & COVINGTON CRES,04-At/near private drive,02-Thru lane,01-Clear,01-Daylight,MIDBLOCK,
8222,10-108147,20100527,NEWBURY DR btwn ROLLING MEADOWS DR & COVINGTON CRES,04-At/near private drive,11-Not on roadway - right side,01-Clear,01-Daylight,MIDBLOCK,
8223,10-033678,20100130,DEER RIDGE DR btwn WINIFRED ST & MASTER CRT,01-Non intersection,04-Right turn lane,01-Clear,01-Daylight,MIDBLOCK,
8224,10-039824,20100226,MILL ST btwn STIRLING AVE S & HEIMAN ST,04-At/near private drive,02-Thru lane,05-Drifting Snow,"06-Dusk, artificial",MIDBLOCK,
8225,10-037970,20100222,HIGHBROOK ST btwn BLOCK LINE RD & HIGHBROOK CRT,01-Non intersection,02-Thru lane,03-Snow,01-Daylight,MIDBLOCK,
8226,10-040102,20100225,KING ST E btwn SCOTT ST & EBY ST S,04-At/near private drive,02-Thru lane,03-Snow,01-Daylight,MIDBLOCK,
8227,10-218411,20101013,RIVER RD E btwn ISLINGTON AVE & KRUG ST,04-At/near private drive,02-Thru lane,01-Clear,"08-Dark, artificial",MIDBLOCK,
8228,10-131762,20100626,BRIDGEPORT RD btwn LANCASTER ST W & RIVERBEND DR,01-Non intersection,11-Not on roadway - right side,01-Clear,01-Daylight,MIDBLOCK,
8229,10-136652,20100702,KING ST E btwn STIRLING AVE N & DANE ST,01-Non intersection,02-Thru lane,01-Clear,01-Daylight,MIDBLOCK,
8230,10-020687,20100130,SHIRLEY AVE btwn RIVERBEND DR & BINGEMANS CENTRE DR,01-Non intersection,11-Not on roadway - right side,01-Clear,,MIDBLOCK,
8231,10-263723,20101211,RIVER RD E btwn OTTAWA ST N & HOLBORN DR,04-At/near private drive,03-Left turn lane,01-Clear,01-Daylight,MIDBLOCK,
8232,10-194488,20100913,LORRAINE AVE btwn CONFEDERATION DR & HERITAGE DR,01-Non intersection,02-Thru lane,01-Clear,01-Daylight,MIDBLOCK,
8233,10-191481,20100909,RIVER RD E btwn EPHRAIM ST & FREDERICK ST,01-Non intersection,02-Thru lane,01-Clear,01-Daylight,MIDBLOCK,
8234,10-078361,20100418,MILL ST btwn HEIMAN ST & BORDEN PKY,04-At/near private drive,02-Thru lane,01-Clear,01-Daylight,MIDBLOCK,
8235,10-148244,20100717,BINGEMANS CENTRE DR btwn RIVERBEND DR & SHIRLEY DR,01-Non intersection,02-Thru lane,01-Clear,01-Daylight,MIDBLOCK,
8236,10-180505,20100827,BELMONT AVE E btwn QUEENS BLVD & SOUTH DR,04-At/near private drive,02-Thru lane,01-Clear,"08-Dark, artificial",MIDBLOCK,
8237,10-177343,20100822,MORGAN AVE btwn FAIRWAY RD N & SOUTHILL DR,01-Non intersection,11-Not on roadway - right side,01-Clear,"08-Dark, artificial",MIDBLOCK,
8238,10-200716,20100920,RITTENHOUSE RD btwn WHITE SANDS CRT & JULIA CRES,01-Non intersection,02-Thru lane,01-Clear,01-Daylight,MIDBLOCK,
8239,10-237694,20101106,SHELLEY DR btwn HILLMOUNT ST & COURTLAND AVE E,04-At/near private drive,02-Thru lane,01-Clear,01-Daylight,MIDBLOCK,
8240,10-197670,20100916,GUELPH ST btwn WEBER ST W & ELLIS AVE,04-At/near private drive,09-Right shoulder,01-Clear,"06-Dusk, artificial",MIDBLOCK,
8241,10-261849,20101209,CANDLE CRES btwn DEER RIDGE DR & DEER RIDGE DR,01-Non intersection,02-Thru lane,01-Clear,01-Daylight,MIDBLOCK,
8242,10-196624,20100915,WABANAKI DR btwn MANITOU DR & KEVCO PL,04-At/near private drive,02-Thru lane,01-Clear,"06-Dusk, artificial",MIDBLOCK,
8243,10-056263,20100319,OLD ZELLER DR btwn ZELLER DR & VALEBROOK ST,04-At/near private drive,02-Thru lane,01-Clear,01-Daylight,MIDBLOCK,
8244,10-000837,20100102,SECOND AVE btwn KINGSWAY DR & CONNAUGHT ST,01-Non intersection,02-Thru lane,01-Clear,01-Daylight,MIDBLOCK,