OBJECTID,ACCIDENTNUM,ACCIDENTDATE,LOCATION,ACCIDENT_LOCATION,IMPACT_LOCATION,ENVIRONMENT_CONDITION,LIGHT,COLLISION_TYPE,TRAFFICCOLLISIONSID
8245,10-005165,20100109,OLD CARRIAGE DR btwn OLD CARRIAGE CRT & HOMER WATSON BLVD,01-Non intersection,11-Not on roadway - right side,01-Clear,01-Daylight,MIDBLOCK,
8246,10-072093,20100410,GRACEFIELD CRES btwn KINGSWOOD DR & KINGSWOOD DR,04-At/near private drive,02-Thru lane,,,MIDBLOCK,
8247,10-074132,20100406,DIXON ST btwn ECKERT ST & PLYMOUTH RD,04-At/near private drive,02-Thru lane,01-Clear,07-Dark,MIDBLOCK,
8248,10-253692,20101126,VANIER DR btwn SHELLEY DR & SIEBERT AVE,04-At/near private drive,02-Thru lane,01-Clear,01-Daylight,MIDBLOCK,
8249,10-058348,20100321,ACTIVA AVE btwn SNOWDROP CRES & BRIDLEWREATH ST,04-At/near private drive,02-Thru lane,01-Clear,07-Dark,MIDBLOCK,
8250,10-058436,20100322,HANSON AVE btwn ARDELT AVE & HAYWARD AVE,04-At/near private drive,02-Thru lane,02-Rain,01-Daylight,MIDBLOCK,
8251,10-061463,20100326,RIVERBEND DR btwn GUELPH ST & BRIDGEPORT RD,04-At/near private drive,02-Thru lane,01-Clear,01-Daylight,MIDBLOCK,
8252,10-168762,20100812,WESTWOOD DR btwn DAYMAN CRT & GLASGOW ST,01-Non intersection,02-Thru lane,01-Clear,"08-Dark, artificial",MIDBLOCK,
8253,10-166320,20100809,WEBSTER RD btwn WILSON AVE & MANITOU DR,01-Non intersection,02-Thru lane,01-Clear,01-Daylight,MIDBLOCK,
8254,10-157159,20100728,OLD COUNTRY DR btwn CENTURY HILL DR & STRASBURG RD,01-Non intersection,02-Thru lane,01-Clear,01-Daylight,MIDBLOCK,
8255,10-071330,20100409,WILSON AVE btwn FAIRWAY RD S & WEBSTER RD,04-At/near private drive,02-Thru lane,01-Clear,01-Daylight,MIDBLOCK,
8256,10-265080,20101213,FORESTWOOD DR btwn GLEN AVON CRES & GLEN AVON CRES,01-Non intersection,02-Thru lane,03-Snow,01-Daylight,MIDBLOCK,
8257,10-267539,20101216,STRASBURG RD btwn SELKIRK DR & BLACKHORNE DR,01-Non intersection,11-Not on roadway - right side,03-Snow,"08-Dark, artificial",MIDBLOCK,
8258,10-074027,20100412,HIGHLAND RD E btwn HEIMAN ST & HOFFMAN ST,04-At/near private drive,02-Thru lane,01-Clear,01-Daylight,MIDBLOCK,
8259,10-070525,20100408,HIGHLAND RD E btwn DELAWARE AVE & STIRLING AVE S,04-At/near private drive,02-Thru lane,02-Rain,01-Daylight,MIDBLOCK,
8260,10-036490,20100220,ROBERT FERRIE DR btwn MOSSGROVE DR & SOUTHRIDGE DR,04-At/near private drive,01-Within intersection,01-Clear,01-Daylight,MIDBLOCK,
8261,10-176179,20100821,OAKHURST CRES btwn HERITAGE DR & HERITAGE DR,04-At/near private drive,02-Thru lane,01-Clear,"08-Dark, artificial",MIDBLOCK,
8262,10-186307,20100903,SHIRLEY AVE btwn RIVERBEND DR & BINGEMANS CENTRE DR,04-At/near private drive,02-Thru lane,02-Rain,01-Daylight,MIDBLOCK,
8263,10-082889,20100424,BLACKHORNE DR btwn BRIAR KNOLL DR & ROSENEATH CRES,01-Non intersection,09-Right shoulder,01-Clear,01-Daylight,MIDBLOCK,
8264,10-086468,20100429,WEBSTER RD btwn WILSON AVE & MANITOU DR,01-Non intersection,02-Thru lane,01-Clear,01-Daylight,MIDBLOCK,
8265,10-158087,20100929,TARA CRES btwn ERINBROOK DR & ERINBROOK DR,04-At/near private drive,02-Thru lane,01-Clear,01-Daylight,MIDBLOCK,
8266,10-157557,20100729,LYNDHURST DR btwn WEDGEWOOD DR & KENWOOD DR,04-At/near private drive,09-Right shoulder,01-Clear,01-Daylight,MIDBLOCK,
8267,10-156460,20100724,LENNOX CRES btwn MEDFORD ST & STOKE DR,10-Parking lot,12-Off highway,01-Clear,01-Daylight,MIDBLOCK,
8268,10-152312,20100719,BANKSIDE DR btwn OPRINGTON DR & EASTFOREST TRAIL,04-At/near private drive,02-Thru lane,01-Clear,01-Daylight,MIDBLOCK,
8269,10-154846,20100725,SNOWDROP CRES btwn RED CLOVER CRES & ACTIVA AVE,04-At/near private drive,02-Thru lane,01-Clear,07-Dark,MIDBLOCK,
8270,10-175657,20100820,WEST AVE btwn BROCK ST & HOMEWOOD AVE,04-At/near private drive,02-Thru lane,01-Clear,01-Daylight,MIDBLOCK,
8271,10-000836,20100101,GLASGOW ST btwn IRA NEEDLES BLVD & HIGHLAND RD W,01-Non intersection,11-Not on roadway - right side,06-Strong wind,07-Dark,MIDBLOCK,
8272,10-099561,20100515,HIGHVIEW DR btwn HAVENWOOD CRT & IRA NEEDLES BLVD,04-At/near private drive,02-Thru lane,01-Clear,01-Daylight,MIDBLOCK,
8273,10-039886,20100226,FRANKLIN ST N btwn SHUH AVE & TRAFALGAR AVE,01-Non intersection,02-Thru lane,01-Clear,01-Daylight,MIDBLOCK,
8274,10-007018,20100110,WEICHEL ST btwn BELTON DR & VICTORIA ST S,04-At/near private drive,02-Thru lane,01-Clear,01-Daylight,MIDBLOCK,
8275,10-004479,20100108,JACK AVE btwn PATRICIA AVE & BELMONT AVE W,04-At/near private drive,02-Thru lane,01-Clear,01-Daylight,MIDBLOCK,
8276,10-117142,20100607,PLAINS RD btwn HURON RD & FISCHER HALLMAN RD,01-Non intersection,08-Left shoulder,01-Clear,01-Daylight,MIDBLOCK,
8277,10-162331,20100803,ROLLING MEADOWS DR btwn DRIFTWOOD DR & MEADOW WOODS CRES,04-At/near private drive,02-Thru lane,01-Clear,01-Daylight,MIDBLOCK,
8278,10-161585,20100803,UXBRIDGE CRES btwn ERINBROOK DR & ERINBROOK DR,04-At/near private drive,02-Thru lane,01-Clear,"08-Dark, artificial",MIDBLOCK,
8279,10-161427,20100802,HOMEWOOD AVE btwn QUEEN ST S & WEST AVE,04-At/near private drive,02-Thru lane,01-Clear,01-Daylight,MIDBLOCK,
8280,10-164418,20100806,HOFFMAN ST btwn OLYMPIC DR & MEINZINGER AVE,04-At/near private drive,02-Thru lane,01-Clear,"08-Dark, artificial",MIDBLOCK,
8281,10-073291,20100411,PINEDALE DR btwn HILLSBOROUGH CRES & HILLSBOROUGH CRES,04-At/near private drive,02-Thru lane,01-Clear,01-Daylight,MIDBLOCK,
8282,10-271365,20101221,CEDAR ST N btwn CEDAR ST S & DUKE ST E,04-At/near private drive,02-Thru lane,01-Clear,01-Daylight,MIDBLOCK,
8283,10-265239,20101213,FRANKLIN ST N btwn DREGER AVE & OTTAWA ST N,04-At/near private drive,11-Not on roadway - right side,06-Strong wind,07-Dark,MIDBLOCK,
8284,10-171841,20100815,CHURCH ST btwn BENTON ST & PETER ST,04-At/near private drive,02-Thru lane,01-Clear,01-Daylight,MIDBLOCK,
8285,10-040025,20100226,MEADOW WOODS CRES btwn DRIFTWOOD DR & ROLLING MEADOWS DR,04-At/near private drive,02-Thru lane,03-Snow,01-Daylight,MIDBLOCK,
8286,10-081810,20100423,ACTIVA AVE btwn DAVID BERGEY DR & ISAIAH DR,04-At/near private drive,11-Not on roadway - right side,01-Clear,01-Daylight,MIDBLOCK,
8287,10-237501,20101106,KINGSWAY DR btwn ST JEROME AVE & CEDARWOODS CRES,01-Non intersection,02-Thru lane,02-Rain,07-Dark,MIDBLOCK,
8288,10-094717,20100510,MARGARET AVE btwn FAIRFIELD AVE & HARTWOOD AVE,01-Non intersection,02-Thru lane,01-Clear,01-Daylight,MIDBLOCK,
8289,10-083190,20100424,WATERLOO ST btwn SHANLEY ST & BISMARK AVE,04-At/near private drive,02-Thru lane,01-Clear,01-Daylight,MIDBLOCK,
8290,10-095398,20100511,STRANGE ST btwn WAVERLY RD & DOMINION ST,04-At/near private drive,02-Thru lane,01-Clear,"08-Dark, artificial",MIDBLOCK,
8291,10-099114,20100515,MILL ST btwn STIRLING AVE S & HEIMAN ST,04-At/near private drive,02-Thru lane,01-Clear,01-Daylight,MIDBLOCK,
8292,10-039830,20100226,HURON RD btwn HURON RD & STRASBURG RD,01-Non intersection,11-Not on roadway - right side,03-Snow,01-Daylight,MIDBLOCK,
8293,10-224217,20101020,RIVER RD E btwn HICKSON DR & OTTAWA ST N,01-Non intersection,02-Thru lane,01-Clear,01-Daylight,MIDBLOCK,
8294,10-224902,20101021,BRYBECK CRES btwn KARN ST & WESTMOUNT RD W,01-Non intersection,10-Not on roadway - left side,01-Clear,"08-Dark, artificial",MIDBLOCK,
8295,10-005300,20100109,BANKSIDE DR btwn BANKSIDE CRES & WESTFOREST TRAIL,04-At/near private drive,02-Thru lane,01-Clear,01-Daylight,MIDBLOCK,
8296,10-062528,20100328,MILL ST btwn BORDEN PKY & MILL ST,04-At/near private drive,02-Thru lane,01-Clear,"08-Dark, artificial",MIDBLOCK,
8297,10-219474,20101014,WILSON AVE btwn FAIRWAY RD S & WEBSTER RD,04-At/near private drive,02-Thru lane,01-Clear,01-Daylight,MIDBLOCK,
8298,10-061516,20100326,ACTIVA AVE btwn GREY FOX DR & BUSH CLOVER CRES,04-At/near private drive,02-Thru lane,01-Clear,"06-Dusk, artificial",MIDBLOCK,
8299,10-069128,20100406,LORNE AVE btwn MAUSSER AVE & GOTTSCHEER CRT,04-At/near private drive,02-Thru lane,02-Rain,"04-Dawn, artificial",MIDBLOCK,
8300,10-168423,20100811,GATEWAY PARK DR btwn SPORTSWORLD DR & TU LANE ST,04-At/near private drive,02-Thru lane,01-Clear,01-Daylight,MIDBLOCK,
8301,10-161865,20100801,ADELAIDE ST btwn BELMONT AVE W & LAWRENCE AVE,01-Non intersection,02-Thru lane,01-Clear,01-Daylight,MIDBLOCK,
8302,10-206616,20100928,RIVER RD E btwn OTTAWA ST N & HOLBORN DR,04-At/near private drive,03-Left turn lane,02-Rain,01-Daylight,MIDBLOCK,
8303,10-194809,20100913,BELMONT AVE W btwn MARLBOROUGH AVE & HIGHLAND RD W,01-Non intersection,02-Thru lane,01-Clear,01-Daylight,MIDBLOCK,
8304,10-192183,20100910,LENNOX LEWIS WAY btwn BLOCK LINE RD & ARDELT AVE,01-Non intersection,02-Thru lane,01-Clear,01-Daylight,MIDBLOCK,
8305,10-204790,20100925,WESTFOREST TRAIL btwn SLEEPY HOLLOW CRT & WINDWARD PL,01-Non intersection,02-Thru lane,01-Clear,01-Daylight,MIDBLOCK,
8306,10-097721,20100514,BOSWORTH CRES btwn RADCLIFFE DR & DUNSMERE DR,04-At/near private drive,02-Thru lane,01-Clear,"08-Dark, artificial",MIDBLOCK,
8307,10-089560,20100502,LUCERNE DR btwn KINGSWOOD DR & SELKIRK DR,04-At/near private drive,02-Thru lane,01-Clear,01-Daylight,MIDBLOCK,
8308,10-251394,20101124,HUCK CRES btwn HIGHGATE RD & UDVARI CRES,04-At/near private drive,11-Not on roadway - right side,01-Clear,01-Daylight,MIDBLOCK,
8309,10-233776,20101101,WEBSTER RD btwn WILSON AVE & MANITOU DR,01-Non intersection,02-Thru lane,01-Clear,01-Daylight,MIDBLOCK,
8310,10-221460,20101016,MICHENER CRES btwn SPRINGMOUNT DR & SPRINGMOUNT DR,01-Non intersection,02-Thru lane,01-Clear,01-Daylight,MIDBLOCK,
8311,10-147168,20100716,BELMONT AVE W btwn GAGE AVE & GLASGOW ST,04-At/near private drive,03-Left turn lane,01-Clear,01-Daylight,MIDBLOCK,
8312,10-177308,20100822,SPRING HILL PL btwn THE COUNTRY WAY & CUL DE SAC,01-Non intersection,02-Thru lane,01-Clear,05-Dusk,MIDBLOCK,
8313,10-198244,20100917,STRASBURG RD btwn SELKIRK DR & BLACKHORNE DR,04-At/near private drive,02-Thru lane,01-Clear,01-Daylight,MIDBLOCK,
8314,10-045368,20100305,WESTWOOD DR btwn WESTMOUNT RD W & INWOOD DR,01-Non intersection,11-Not on roadway - right side,01-Clear,01-Daylight,MIDBLOCK,
8315,10-036310,20100221,EBY ST N btwn EBY ST S & MARKET LANE,01-Non intersection,02-Thru lane,01-Clear,"08-Dark, artificial",MIDBLOCK,
8316,10-180850,20100827,BELMONT AVE E btwn QUEENS BLVD & SOUTH DR,04-At/near private drive,02-Thru lane,01-Clear,01-Daylight,MIDBLOCK,
8317,09-100526,20090527,CEDARHILL CRES btwn COUNTRY HILL DR & HILLSIDE DR,04-At/near private drive,02-Thru lane,02-Rain,01-Daylight,MIDBLOCK,
8318,09-103893,20090601,RIVERBEND DR btwn GUELPH ST & BRIDGEPORT RD,01-Non intersection,08-Left shoulder,01-Clear,"04-Dawn, artificial",MIDBLOCK,
8319,09-058038,20090329,ACTIVA AVE btwn GREY FOX DR & BUSH CLOVER CRES,04-At/near private drive,02-Thru lane,01-Clear,"08-Dark, artificial",MIDBLOCK,
8320,09-035515,20090222,BRIARMEADOW DR btwn SANDWELL CRT & BRIARFIELD ST,04-At/near private drive,99-Other,01-Clear,07-Dark,MIDBLOCK,
8321,09-072345,20090418,COUNTRY HILL DR btwn COACH HILL DR & FOUR SEASONS CRT,04-At/near private drive,09-Right shoulder,01-Clear,01-Daylight,MIDBLOCK,
8322,09-077711,20090425,DAVID ST btwn JOSEPH ST & COURTLAND AVE W,04-At/near private drive,99-Other,01-Clear,01-Daylight,MIDBLOCK,
8323,09-053518,20090322,EBY ST S btwn CHARLES ST E & CHURCH ST,01-Non intersection,02-Thru lane,01-Clear,01-Daylight,MIDBLOCK,
8324,09-157449,20090811,HURON RD btwn STRASBURG RD & NEWCASTLE DR,01-Non intersection,11-Not on roadway - right side,01-Clear,01-Daylight,MIDBLOCK,
8325,09-013022,20090120,LORNE AVE btwn MAUSSER AVE & GOTTSCHEER CRT,01-Non intersection,02-Thru lane,01-Clear,01-Daylight,MIDBLOCK,
8326,09-021896,20090203,HIGHVIEW DR btwn HICKORY HOLLOW CRES & WILLOW GREEN CRT,01-Non intersection,02-Thru lane,03-Snow,01-Daylight,MIDBLOCK,
8327,09-107804,20090606,GAGE AVE btwn WAVERLY RD & BELMONT AVE W,01-Non intersection,11-Not on roadway - right side,01-Clear,01-Daylight,MIDBLOCK,
8328,09-114587,20090615,MARGARET AVE btwn QUEEN ST N & MAYNARD AVE,04-At/near private drive,02-Thru lane,01-Clear,01-Daylight,MIDBLOCK,
8329,09-009183,20090114,GREENDALE CRES btwn MORGAN AVE & MORGAN AVE,04-At/near private drive,02-Thru lane,03-Snow,"08-Dark, artificial",MIDBLOCK,
8330,09-011504,20090119,OVERLEA DR btwn WESTMOUNT RD W & CECILE DR,01-Non intersection,11-Not on roadway - right side,03-Snow,"08-Dark, artificial",MIDBLOCK,
8331,09-037279,20090227,WABANAKI DR btwn MANITOU DR & KEVCO PL,01-Non intersection,02-Thru lane,02-Rain,"08-Dark, artificial",MIDBLOCK,
8332,09-199329,20091006,HILL ST btwn ST VINCENT ST & LANCASTER ST W,04-At/near private drive,09-Right shoulder,01-Clear,05-Dusk,MIDBLOCK,
8333,09-146503,20090727,WILSON AVE btwn FAIRWAY RD S & WEBSTER RD,04-At/near private drive,02-Thru lane,01-Clear,01-Daylight,MIDBLOCK,
8334,09-158550,20090813,FRANKLIN ST N btwn SHUH AVE & TRAFALGAR AVE,04-At/near private drive,11-Not on roadway - right side,01-Clear,"08-Dark, artificial",MIDBLOCK,
8335,09-017134,20090125,MILL ST btwn BORDEN PKY & MILL ST,04-At/near private drive,02-Thru lane,01-Clear,01-Daylight,MIDBLOCK,
8336,09-126197,20090630,MANCHESTER RD btwn WEDGEWOOD DR & RIVER RD E,01-Non intersection,02-Thru lane,01-Clear,01-Daylight,MIDBLOCK,
8337,09-165163,20090821,SILVER ASPEN CRES btwn ELM RIDGE DR & ELM RIDGE DR,04-At/near private drive,02-Thru lane,01-Clear,01-Daylight,MIDBLOCK,
8338,09-005266,20090109,MILL ST btwn HEIMAN ST & BORDEN PKY,01-Non intersection,02-Thru lane,04-Freezing Rain,01-Daylight,MIDBLOCK,
8339,09-005097,20090109,MOUNTAIN LAUREL CRES btwn BLUE LACE CRES & BLUE LACE CRES,04-At/near private drive,02-Thru lane,03-Snow,01-Daylight,MIDBLOCK,
8340,09-037902,20090228,HIDDEN VALLEY RD btwn STREET B & STREET C,01-Non intersection,02-Thru lane,01-Clear,07-Dark,MIDBLOCK,
8341,09-032852,20090220,FALLOWFIELD DR btwn FALLVIEW ST & BLEAMS RD,01-Non intersection,10-Not on roadway - left side,02-Rain,01-Daylight,MIDBLOCK,
8342,09-193451,20090925,GAGE AVE btwn BELMONT AVE W & WESTMOUNT RD W,01-Non intersection,02-Thru lane,01-Clear,01-Daylight,MIDBLOCK,
8343,09-184710,20090917,CONESTOGA COLLEGE BLVD btwn DOON VALLEY DR & HOMER WATSON BLVD,01-Non intersection,99-Other,01-Clear,01-Daylight,MIDBLOCK,
8344,09-242107,20091208,LAWRENCE AVE btwn HIGHLAND RD W & PAULANDER DR,04-At/near private drive,02-Thru lane,01-Clear,01-Daylight,MIDBLOCK,
8345,09-142726,20090722,GAGE AVE btwn BELMONT AVE W & WESTMOUNT RD W,04-At/near private drive,02-Thru lane,02-Rain,01-Daylight,MIDBLOCK,
8346,09-140797,20090720,CHANDOS DR btwn CHANDOS CRT & GRAND RIVER BLVD,04-At/near private drive,10-Not on roadway - left side,01-Clear,01-Daylight,MIDBLOCK,
8347,09-144657,20090725,THE COUNTRY WAY btwn TUERR DR & COLONY DR,01-Non intersection,02-Thru lane,01-Clear,01-Daylight,MIDBLOCK,
8348,09-119879,20090622,HIGHVIEW DR btwn HAVENWOOD CRT & IRA NEEDLES BLVD,04-At/near private drive,02-Thru lane,01-Clear,01-Daylight,MIDBLOCK,
8349,09-021438,20090201,FRANKFURT ST btwn SIENNA CRES & SIENNA CRES,04-At/near private drive,02-Thru lane,01-Clear,01-Daylight,MIDBLOCK,
8350,09-131297,20090707,SECOND AVE btwn KINGSWAY DR & CONNAUGHT ST,04-At/near private drive,12-Off highway,01-Clear,01-Daylight,MIDBLOCK,
8351,09-133479,20090710,WESTWOOD DR btwn WESTMOUNT RD W & INWOOD DR,04-At/near private drive,02-Thru lane,01-Clear,01-Daylight,MIDBLOCK,
8352,09-079287,20090427,PEPPERWOOD CRES btwn MORGAN AVE & MORGAN AVE,04-At/near private drive,02-Thru lane,01-Clear,01-Daylight,MIDBLOCK,
8353,09-011880,20090119,PINE MARTIN CRES btwn WILDERNESS DR & WILDERNESS DR,01-Non intersection,02-Thru lane,01-Clear,01-Daylight,MIDBLOCK,
8354,09-011148,20090118,MILL ST btwn HEIMAN ST & BORDEN PKY,01-Non intersection,02-Thru lane,01-Clear,01-Daylight,MIDBLOCK,
8355,09-188152,20090916,FRANKLIN ST N btwn DREGER AVE & OTTAWA ST N,04-At/near private drive,02-Thru lane,01-Clear,01-Daylight,MIDBLOCK,
8356,09-098163,20090523,DALEGROVE DR btwn HAZELGLEN DR & INGLESIDE DR,04-At/near private drive,02-Thru lane,01-Clear,"08-Dark, artificial",MIDBLOCK,
8357,09-025168,20090208,KING ST W btwn QUEEN ST S & ONTARIO ST S,01-Non intersection,02-Thru lane,01-Clear,01-Daylight,MIDBLOCK,
8358,09-035467,20090224,EDWIN ST btwn HILLVIEW ST & BLUCHER BLVD,04-At/near private drive,02-Thru lane,01-Clear,01-Daylight,MIDBLOCK,
8359,09-022335,20090204,MAX BECKER DR btwn COPPER LEAF CRES & COPPER LEAF CRES,04-At/near private drive,02-Thru lane,01-Clear,01-Daylight,MIDBLOCK,
8360,09-052159,20090320,MARGARET AVE btwn QUEEN ST N & MAYNARD AVE,01-Non intersection,09-Right shoulder,01-Clear,01-Daylight,MIDBLOCK,
8361,09-162082,20090817,WELLINGTON ST N btwn SPRING VALLEY RD & CIRCA DR,04-At/near private drive,02-Thru lane,01-Clear,01-Daylight,MIDBLOCK,
8362,09-187626,20090920,WINDALE CRES btwn VALLEYVIEW RD & HOWE DR,04-At/near private drive,02-Thru lane,01-Clear,"08-Dark, artificial",MIDBLOCK,
8363,09-022727,20090205,ACTIVA AVE btwn WILDERNESS DR & COPPER LEAF ST,04-At/near private drive,02-Thru lane,01-Clear,01-Daylight,MIDBLOCK,
8364,09-190940,20090925,STRASBURG RD btwn SELKIRK DR & BLACKHORNE DR,04-At/near private drive,02-Thru lane,01-Clear,01-Daylight,MIDBLOCK,
8365,09-217553,20091102,GLASGOW ST btwn IRA NEEDLES BLVD & HIGHLAND RD W,01-Non intersection,08-Left shoulder,01-Clear,01-Daylight,MIDBLOCK,
8366,09-220838,20091107,RIVER RD E btwn HICKSON DR & OTTAWA ST N,01-Non intersection,11-Not on roadway - right side,01-Clear,01-Daylight,MIDBLOCK,
8367,09-016034,20090125,QUEEN ST S btwn ST GEORGE ST & COURTLAND AVE E,01-Non intersection,03-Left turn lane,01-Clear,01-Daylight,MIDBLOCK,
8368,09-058767,20090330,LEMON GRASS CRES btwn LEMON GRASS ST & LEMON GRASS ST,01-Non intersection,02-Thru lane,01-Clear,01-Daylight,MIDBLOCK,
8369,09-147126,20090727,WATERCRESS CRT btwn WILDERNESS DR & END,04-At/near private drive,02-Thru lane,01-Clear,01-Daylight,MIDBLOCK,
8370,09-110735,20090610,KING ST E btwn FREDERICK ST & SCOTT ST,01-Non intersection,02-Thru lane,01-Clear,01-Daylight,MIDBLOCK,
8371,09-106535,20090604,KING ST E btwn BORDEN AVE N & ONWARD AVE,01-Non intersection,01-Within intersection,01-Clear,01-Daylight,MIDBLOCK,
8372,09-081374,20090427,MOOREGATE CRES btwn HAZELGLEN DR & HAZELGLEN DR,04-At/near private drive,02-Thru lane,01-Clear,"08-Dark, artificial",MIDBLOCK,
8373,09-118433,20090620,HIGHLAND CRES btwn HIGHLAND RD W & CAMROSE CRT,04-At/near private drive,02-Thru lane,02-Rain,01-Daylight,MIDBLOCK,
8374,09-025493,20090209,DOON VILLAGE RD btwn PIONEER DR & HARVEST CRT,01-Non intersection,08-Left shoulder,01-Clear,07-Dark,MIDBLOCK,
8375,09-162505,20090818,BELMONT AVE W btwn GAGE AVE & GLASGOW ST,04-At/near private drive,02-Thru lane,01-Clear,01-Daylight,MIDBLOCK,
8376,09-065725,20090409,WILSON AVE btwn GOODRICH DR & WABANAKI DR,04-At/near private drive,02-Thru lane,01-Clear,01-Daylight,MIDBLOCK,
8377,09-083752,20090503,WREN CRES btwn WAYNE DR & WREN PL,04-At/near private drive,02-Thru lane,01-Clear,01-Daylight,MIDBLOCK,
8378,09-085049,20090504,WINIFRED ST btwn DEER RIDGE DR & LANTERN ST,04-At/near private drive,02-Thru lane,01-Clear,"08-Dark, artificial",MIDBLOCK,
8379,09-111612,20090611,QUEEN ST N btwn AHRENS ST E & MARGARET AVE,02-Intersection related,02-Thru lane,02-Rain,01-Daylight,MIDBLOCK,
8380,09-094285,20090518,ROBERTS CRES btwn KINGSWOOD DR & KINGSWOOD DR,04-At/near private drive,02-Thru lane,01-Clear,01-Daylight,MIDBLOCK,
8381,09-045123,20090310,OLD COUNTRY DR btwn CENTURY HILL DR & STRASBURG RD,01-Non intersection,02-Thru lane,02-Rain,01-Daylight,MIDBLOCK,
8382,09-045722,20090311,LAWRENCE AVE btwn PAULANDER DR & VICTORIA ST S,01-Non intersection,02-Thru lane,01-Clear,01-Daylight,MIDBLOCK,
8383,09-089160,20090511,COLLEGE ST btwn DUKE ST W & WEBER ST W,04-At/near private drive,02-Thru lane,01-Clear,01-Daylight,MIDBLOCK,
8384,09-162972,20090818,BROOKFIELD CRES btwn RITTENHOUSE RD & RITTENHOUSE RD,04-At/near private drive,01-Within intersection,01-Clear,01-Daylight,MIDBLOCK,
8385,09-169562,20090827,FERGUS AVE btwn WEBER ST E & FALESY AVE,01-Non intersection,02-Thru lane,01-Clear,07-Dark,MIDBLOCK,
8386,09-171257,20090829,CEDARHILL CRES btwn COUNTRY HILL DR & HILLSIDE DR,04-At/near private drive,02-Thru lane,01-Clear,"08-Dark, artificial",MIDBLOCK,
8387,09-004003,20090107,RIVERBEND DR btwn GUELPH ST & BRIDGEPORT RD,04-At/near private drive,02-Thru lane,01-Clear,01-Daylight,MIDBLOCK,
8388,09-077499,20090422,FLOYD ST btwn GUELPH ST & FAIRFIELD AVE,01-Non intersection,02-Thru lane,01-Clear,01-Daylight,MIDBLOCK,
8389,09-039681,20090227,MADELEINE ST btwn ROCHEFORT ST & MAITLAND ST,04-At/near private drive,02-Thru lane,01-Clear,01-Daylight,MIDBLOCK,
8390,09-007006,20090112,MOOREGATE CRES btwn HAZELGLEN DR & HAZELGLEN DR,01-Non intersection,02-Thru lane,01-Clear,"08-Dark, artificial",MIDBLOCK,
8391,09-019886,20090131,BEECHMANOR CRES btwn RESURRECTION DR & RESURRECTION DR,01-Non intersection,02-Thru lane,01-Clear,01-Daylight,MIDBLOCK,
8392,09-008381,20090114,MELROSE AVE btwn GLENDALE RD & PANDORA AVE N,04-At/near private drive,02-Thru lane,01-Clear,01-Daylight,MIDBLOCK,
8393,09-080773,20090426,CEDARWOODS CRES btwn KINGSWAY DR & CEDARWOODS CRES,04-At/near private drive,02-Thru lane,01-Clear,01-Daylight,MIDBLOCK,
8394,09-069294,20090413,ZELLER DR btwn ZELLER CRT & JANET CRT,04-At/near private drive,02-Thru lane,01-Clear,01-Daylight,MIDBLOCK,
8395,09-085594,20090506,HIGHLAND RD E btwn MAUSSER AVE & HEIMAN ST,04-At/near private drive,02-Thru lane,01-Clear,01-Daylight,MIDBLOCK,
8396,09-076083,20090423,SHELLEY DR btwn HILLMOUNT ST & COURTLAND AVE E,04-At/near private drive,11-Not on roadway - right side,01-Clear,01-Daylight,MIDBLOCK,
8397,09-079616,20090428,BENESFORT CRES btwn BENESFORT DR & BENESFORT DR,04-At/near private drive,02-Thru lane,01-Clear,"04-Dawn, artificial",MIDBLOCK,
8398,09-026330,20090210,ISLINGTON AVE btwn ROSEMOUNT DR & SHERWOOD AVE,04-At/near private drive,02-Thru lane,01-Clear,01-Daylight,MIDBLOCK,
8399,09-129019,20090704,LOUISA ST btwn KING ST W & MOORE AVE,01-Non intersection,02-Thru lane,01-Clear,07-Dark,MIDBLOCK,
8400,09-192779,20090927,PAULANDER DR btwn LAWRENCE AVE & VICTORIA ST S,01-Non intersection,09-Right shoulder,01-Clear,01-Daylight,MIDBLOCK,
8401,09-203176,20091009,CHURCH ST btwn EBY ST S & CEDAR ST S,04-At/near private drive,02-Thru lane,02-Rain,01-Daylight,MIDBLOCK,
8402,09-212158,20091024,NINTH AVE btwn CONNAUGHT ST & GREENFIELD AVE,04-At/near private drive,02-Thru lane,01-Clear,01-Daylight,MIDBLOCK,
8403,09-213345,20091027,ROCKWAY DR btwn DOON RD & DIXON ST,04-At/near private drive,02-Thru lane,01-Clear,01-Daylight,MIDBLOCK,
8404,09-245422,20091213,RIVER RD E btwn RENNIE DR & OLD CHICOPEE DR,01-Non intersection,02-Thru lane,01-Clear,07-Dark,MIDBLOCK,
8405,09-025070,20090207,GOLDEN MEADOW DR btwn HAVENWOOD CRT & GOLDEN MEADOW CRES,04-At/near private drive,02-Thru lane,01-Clear,01-Daylight,MIDBLOCK,
8406,09-021208,20090202,HODDLE CRES btwn YELLOW BIRCH DR & YELLOW BIRCH DR,01-Non intersection,09-Right shoulder,01-Clear,01-Daylight,MIDBLOCK,
8407,09-022216,20090204,OBERMEYER DR btwn FERGUS AVE & KINZIE AVE,04-At/near private drive,02-Thru lane,01-Clear,01-Daylight,MIDBLOCK,
8408,09-120636,20090623,WEST AVE btwn BROCK ST & HOMEWOOD AVE,01-Non intersection,02-Thru lane,01-Clear,01-Daylight,MIDBLOCK,
8409,09-219418,20091105,SHIRLEY AVE btwn RIVERBEND DR & BINGEMANS CENTRE DR,04-At/near private drive,02-Thru lane,02-Rain,01-Daylight,MIDBLOCK,
8410,09-204119,20091013,PLAINS RD btwn HURON RD & FISCHER HALLMAN RD,01-Non intersection,11-Not on roadway - right side,01-Clear,07-Dark,MIDBLOCK,
8411,09-026920,20090211,LUCERNE DR btwn KINGSWOOD DR & SELKIRK DR,01-Non intersection,02-Thru lane,02-Rain,01-Daylight,MIDBLOCK,
8412,09-031880,20090218,SIMS ESTATE DR btwn FAIRWAY RD N & BEAUMONT CRES,01-Non intersection,02-Thru lane,04-Freezing Rain,"06-Dusk, artificial",MIDBLOCK,
8413,09-142860,20090723,WILSON AVE btwn EIGHTH AVE & NINTH AVE,04-At/near private drive,09-Right shoulder,99-Other,"08-Dark, artificial",MIDBLOCK,
8414,09-232381,20091123,ROSSFORD CRES btwn MARKWOOD DR & MARKWOOD DR,01-Non intersection,09-Right shoulder,01-Clear,07-Dark,MIDBLOCK,
8415,09-199518,20091007,SHIRLEY AVE btwn RIVERBEND DR & BINGEMANS CENTRE DR,01-Non intersection,02-Thru lane,02-Rain,01-Daylight,MIDBLOCK,
8416,09-249035,20091218,HIGHLAND RD E btwn RUBY ST & SPADINA RD E,04-At/near private drive,02-Thru lane,01-Clear,01-Daylight,MIDBLOCK,