OBJECTID,ACCIDENTNUM,ACCIDENTDATE,LOCATION,ACCIDENT_LOCATION,IMPACT_LOCATION,ENVIRONMENT_CONDITION,LIGHT,COLLISION_TYPE,TRAFFICCOLLISIONSID
8417,09-244773,20091212,KING ST E btwn SCOTT ST & EBY ST S,01-Non intersection,02-Thru lane,01-Clear,"08-Dark, artificial",MIDBLOCK,
8418,09-254744,20091229,HOHNER AVE btwn LANCASTER ST E & SAMUEL ST,10-Parking lot,12-Off highway,01-Clear,01-Daylight,MIDBLOCK,
8419,09-206120,20091016,KARN ST btwn WEICHEL ST & WESTMOUNT RD W,04-At/near private drive,02-Thru lane,01-Clear,07-Dark,MIDBLOCK,
8420,09-221890,20091108,CHANDOS DR btwn GRAND RIVER BLVD & CHANDOS CRT,04-At/near private drive,10-Not on roadway - left side,01-Clear,"08-Dark, artificial",MIDBLOCK,
8421,09-133640,20090710,KING ST E btwn BORDEN AVE N & ONWARD AVE,01-Non intersection,02-Thru lane,01-Clear,01-Daylight,MIDBLOCK,
8422,09-113013,20090613,KINGSWAY DR btwn ST JEROME AVE & CEDARWOODS CRES,04-At/near private drive,02-Thru lane,01-Clear,01-Daylight,MIDBLOCK,
8423,09-091201,20090514,MISTY CRES btwn MISTY ST & MISTY ST,01-Non intersection,02-Thru lane,02-Rain,01-Daylight,MIDBLOCK,
8424,09-095766,20090520,CHOPIN DR btwn MARKWOOD DR & HAZELGLEN DR,01-Non intersection,09-Right shoulder,01-Clear,01-Daylight,MIDBLOCK,
8425,09-243850,20091211,EBY ST N btwn EBY ST S & MARKET LANE,04-At/near private drive,02-Thru lane,03-Snow,01-Daylight,MIDBLOCK,
8426,09-022161,20090202,MAX BECKER DR btwn ACTIVA AVE & BRIDLEWREATH ST,04-At/near private drive,99-Other,01-Clear,05-Dusk,MIDBLOCK,
8427,09-112001,20090612,LAWRENCE AVE btwn HIGHLAND RD W & PAULANDER DR,04-At/near private drive,02-Thru lane,01-Clear,01-Daylight,MIDBLOCK,
8428,09-245610,20091214,DOON RD btwn CARWOOD CRES & CORNELL AVE,01-Non intersection,02-Thru lane,02-Rain,01-Daylight,MIDBLOCK,
8429,09-206936,20091017,BELMONT AVE E btwn QUEENS BLVD & SOUTH DR,01-Non intersection,02-Thru lane,01-Clear,01-Daylight,MIDBLOCK,
8430,09-210767,20091023,MILL PARK DR btwn HURON RD & GREEN VALLEY DR,01-Non intersection,10-Not on roadway - left side,02-Rain,01-Daylight,MIDBLOCK,
8431,09-206909,20091017,QUEENS BLVD btwn WARREN RD & KELLY DR,01-Non intersection,02-Thru lane,01-Clear,01-Daylight,MIDBLOCK,
8432,09-012268,20090120,MANSION ST btwn LANCASTER ST E & ELLEN ST E,04-At/near private drive,02-Thru lane,01-Clear,01-Daylight,MIDBLOCK,
8433,09-029596,20090215,KEEWATIN AVE btwn GLENCLIFFE CRT & STANMORE AVE,01-Non intersection,09-Right shoulder,01-Clear,01-Daylight,MIDBLOCK,
8434,09-222902,20091110,GRULKE ST btwn KINZIE AVE & FAIRWAY RD N,01-Non intersection,02-Thru lane,01-Clear,01-Daylight,MIDBLOCK,
8435,09-253190,20091227,SECOND AVE btwn KINGSWAY DR & CONNAUGHT ST,01-Non intersection,02-Thru lane,03-Snow,01-Daylight,MIDBLOCK,
8436,09-246807,20091216,RIVERBEND DR btwn GUELPH ST & BRIDGEPORT RD,04-At/near private drive,02-Thru lane,03-Snow,07-Dark,MIDBLOCK,
8437,09-244010,20091211,MILL ST btwn HEIMAN ST & BORDEN PKY,04-At/near private drive,12-Off highway,03-Snow,"08-Dark, artificial",MIDBLOCK,
8438,09-046534,20090312,WABANAKI DR btwn MANITOU DR & KEVCO PL,04-At/near private drive,02-Thru lane,01-Clear,01-Daylight,MIDBLOCK,
8439,09-057249,20090327,PINNACLE DR btwn CONESTOGA COLLEGE BLVD & PINE HILL PL,04-At/near private drive,12-Off highway,01-Clear,"08-Dark, artificial",MIDBLOCK,
8440,09-212193,20091025,ERINBROOK DR btwn GOUNDRY CRES & THE COUNTRY WAY,04-At/near private drive,02-Thru lane,01-Clear,01-Daylight,MIDBLOCK,
8441,09-255312,20091231,HEATHER AVE btwn BECKER ST & BRUCE ST,04-At/near private drive,02-Thru lane,01-Clear,01-Daylight,MIDBLOCK,
8442,09-250923,20091221,SOUTHWOOD CRT btwn SOUTHWOOD DR & CUL DE SAC,04-At/near private drive,02-Thru lane,01-Clear,01-Daylight,MIDBLOCK,
8443,09-252638,20091224,TRAYNOR AVE btwn CONNAUGHT ST & GREENFIELD AVE,01-Non intersection,02-Thru lane,01-Clear,"08-Dark, artificial",MIDBLOCK,
8444,09-228659,20091118,PIONEER DR btwn DOON VILLAGE RD & VINTAGE CRES,04-At/near private drive,02-Thru lane,01-Clear,01-Daylight,MIDBLOCK,
8445,09-220889,20091107,GREENFIELD AVE btwn TRAYNOR AVE & KINGSWAY DR,04-At/near private drive,02-Thru lane,01-Clear,01-Daylight,MIDBLOCK,
8446,09-007584,20090113,QUEENS BLVD btwn BELMONT AVE E & BLUERIDGE AVE,01-Non intersection,02-Thru lane,03-Snow,01-Daylight,MIDBLOCK,
8447,09-055618,20090325,BLUCHER BLVD btwn ST LEGER ST & EDWIN ST,04-At/near private drive,01-Within intersection,01-Clear,01-Daylight,MIDBLOCK,
8448,09-069462,20090414,BELMONT AVE W btwn MARLBOROUGH AVE & HIGHLAND RD W,04-At/near private drive,02-Thru lane,01-Clear,01-Daylight,MIDBLOCK,
8449,09-102402,20090530,MANCHESTER RD btwn NOTTINGHAM AVE & WEDGEWOOD DR,01-Non intersection,02-Thru lane,01-Clear,"06-Dusk, artificial",MIDBLOCK,
8450,09-111592,20090611,QUEENS BLVD btwn BELMONT AVE E & BLUERIDGE AVE,04-At/near private drive,02-Thru lane,02-Rain,01-Daylight,MIDBLOCK,
8451,09-101711,20090529,GLASGOW ST btwn IRA NEEDLES BLVD & HIGHLAND RD W,98-Other,11-Not on roadway - right side,01-Clear,01-Daylight,MIDBLOCK,
8452,09-066171,20090410,MADISON AVE S btwn HOPP ST & MILL ST,01-Non intersection,11-Not on roadway - right side,01-Clear,07-Dark,MIDBLOCK,
8453,09-212339,20091025,DEER RIDGE DR btwn MASTER CRT & FALL HARVEST DR,04-At/near private drive,01-Within intersection,01-Clear,"08-Dark, artificial",MIDBLOCK,
8454,09-198944,20091005,KING ST E btwn MADISON AVE S & CAMERON ST S,04-At/near private drive,,01-Clear,01-Daylight,MIDBLOCK,
8455,09-219427,20091105,KING ST E btwn QUEEN ST S & FREDERICK ST,01-Non intersection,02-Thru lane,01-Clear,01-Daylight,MIDBLOCK,
8456,09-215497,20091030,EDNA ST btwn FREDERICK ST & DUMFRIES AVE,01-Non intersection,02-Thru lane,01-Clear,01-Daylight,MIDBLOCK,
8457,09-057786,20090328,KINGSWAY DR btwn ST JEROME AVE & CEDARWOODS CRES,04-At/near private drive,01-Within intersection,01-Clear,01-Daylight,MIDBLOCK,
8458,09-061532,20090401,WESTHEIGHTS DR btwn TRAILVIEW DR & AUTUMN HILL CRES,04-At/near private drive,02-Thru lane,01-Clear,01-Daylight,MIDBLOCK,
8459,09-203716,20091013,GAGE AVE btwn BELMONT AVE W & WESTMOUNT RD W,04-At/near private drive,02-Thru lane,01-Clear,01-Daylight,MIDBLOCK,
8460,09-240693,20091206,CLARK AVE btwn HARBER AVE & BROADMOOR AVE,04-At/near private drive,02-Thru lane,01-Clear,01-Daylight,MIDBLOCK,
8461,09-249066,20091219,STRASBURG RD btwn CHANDLER DR & OTTAWA ST S,04-At/near private drive,02-Thru lane,01-Clear,"08-Dark, artificial",MIDBLOCK,
8462,09-253545,20091226,WATERLOO ST btwn SHANLEY ST & BISMARK AVE,04-At/near private drive,09-Right shoulder,04-Freezing Rain,07-Dark,MIDBLOCK,
8463,09-247155,20091216,WENDY CRES btwn BRIERDALE DR & WENDY CRT,01-Non intersection,08-Left shoulder,01-Clear,07-Dark,MIDBLOCK,
8464,09-249624,20091219,FILBERT ST btwn VICTORIA ST N & MANSION ST,04-At/near private drive,02-Thru lane,01-Clear,01-Daylight,MIDBLOCK,
8465,09-203760,20091013,WESTHEIGHTS DR btwn MCGARRY DR & LORILEE CRES,04-At/near private drive,02-Thru lane,01-Clear,01-Daylight,MIDBLOCK,
8466,09-198658,20091003,DAHLIA ST btwn PROSPERITY DR & PROSPERITY DR,04-At/near private drive,02-Thru lane,01-Clear,07-Dark,MIDBLOCK,
8467,09-197165,20091003,BRECKENRIDGE DR btwn GIBSON DR & OTTAWA ST N,04-At/near private drive,02-Thru lane,01-Clear,01-Daylight,MIDBLOCK,
8468,09-246518,20091215,KINGSWAY DR btwn ST JEROME AVE & CEDARWOODS CRES,01-Non intersection,02-Thru lane,03-Snow,"08-Dark, artificial",MIDBLOCK,
8469,09-001484,20090103,MORGAN AVE btwn GREENDALE CRES & BERWICK PL,01-Non intersection,09-Right shoulder,01-Clear,01-Daylight,MIDBLOCK,
8470,09-059124,20090330,HURON RD btwn HOMER WATSON ONRAMP & HOMER WATSON OFFRAMP,01-Non intersection,02-Thru lane,01-Clear,"08-Dark, artificial",MIDBLOCK,
8471,09-049977,20090313,NEWBURY DR btwn COVINGTON CRES & BURNABY CRES,01-Non intersection,12-Off highway,01-Clear,01-Daylight,MIDBLOCK,
8472,09-085686,20090506,WALTER ST btwn AGNES ST & GLASGOW ST,01-Non intersection,02-Thru lane,01-Clear,01-Daylight,MIDBLOCK,
8473,09-182832,20090914,GREY FOX DR btwn QUEEN CHARLOTTE CRES & WILDERNESS DR,01-Non intersection,02-Thru lane,01-Clear,01-Daylight,MIDBLOCK,
8474,09-186329,20090919,AVALON PL btwn STIRLING AVE S & BARBARA CRES,01-Non intersection,02-Thru lane,01-Clear,07-Dark,MIDBLOCK,
8475,09-180417,20090911,WELLINGTON ST N btwn SPRING VALLEY RD & CIRCA DR,04-At/near private drive,02-Thru lane,01-Clear,01-Daylight,MIDBLOCK,
8476,09-239787,20091205,KING ST W btwn WATER ST S & FRANCIS ST N,01-Non intersection,02-Thru lane,01-Clear,"08-Dark, artificial",MIDBLOCK,
8477,09-245917,20091214,WOODHAVEN RD btwn MAYWOOD RD & REYBURN AVE,01-Non intersection,02-Thru lane,02-Rain,01-Daylight,MIDBLOCK,
8478,09-230054,20091120,WILSON AVE btwn FAIRWAY RD S & WEBSTER RD,04-At/near private drive,02-Thru lane,01-Clear,01-Daylight,MIDBLOCK,
8479,09-022079,20090203,PAULANDER DR btwn LAWRENCE AVE & VICTORIA ST S,01-Non intersection,02-Thru lane,03-Snow,01-Daylight,MIDBLOCK,
8480,09-022651,20090205,MORGAN AVE btwn FAIRWAY RD N & SOUTHILL DR,01-Non intersection,02-Thru lane,01-Clear,01-Daylight,MIDBLOCK,
8481,09-200444,20091008,GREEN VALLEY DR btwn ARROWHEAD CRES & MILL PARK DR,01-Non intersection,02-Thru lane,01-Clear,01-Daylight,MIDBLOCK,
8482,09-209682,20091021,ETON DR btwn HEATHER AVE & KRUG ST,04-At/near private drive,02-Thru lane,01-Clear,01-Daylight,MIDBLOCK,
8483,09-185079,20090917,HAZELGLEN DR btwn CHOPIN DR & DALEGROVE DR,04-At/near private drive,02-Thru lane,01-Clear,01-Daylight,MIDBLOCK,
8484,09-240724,20091206,FRANKLIN ST N btwn WEBER ST E & PROSPECT AVE,04-At/near private drive,02-Thru lane,01-Clear,01-Daylight,MIDBLOCK,
8485,09-229477,20091118,NEWBURY DR btwn COVINGTON CRES & BURNABY CRES,98-Other,02-Thru lane,01-Clear,07-Dark,MIDBLOCK,
8486,09-245927,20091211,HURON RD btwn AMAND DR & TRUSSLER RD,01-Non intersection,02-Thru lane,03-Snow,07-Dark,MIDBLOCK,
8487,09-246939,20091215,ROBERT FERRIE DR btwn BRIDLERIDGE ST & DOON SOUTH DR,04-At/near private drive,99-Other,06-Strong wind,07-Dark,MIDBLOCK,
8488,09-201372,20091009,CHURCH ST btwn CEDAR ST S & MADISON AVE S,04-At/near private drive,02-Thru lane,02-Rain,"08-Dark, artificial",MIDBLOCK,
8489,09-237780,20091202,PIONEER DR btwn UPPER CANADA DR & DOON VILLAGE RD,04-At/near private drive,02-Thru lane,01-Clear,01-Daylight,MIDBLOCK,
8490,09-237864,20091202,SWEET WILLIAM ST btwn ACTIVA AVE & PERIWINKLE ST,04-At/near private drive,02-Thru lane,01-Clear,01-Daylight,MIDBLOCK,
8491,09-254160,20091225,RED CLOVER CRT btwn RED CLOVER CRES & CUL DE SAC,04-At/near private drive,02-Thru lane,03-Snow,07-Dark,MIDBLOCK,
8492,08-155911,20081127,RIDGEMERE CRT btwn PINE VALLEY DR & RIDGEMERE ST,01-Non intersection,02-Thru lane,01-Clear,01-Daylight,MIDBLOCK,
8493,08-155935,20081127,BURBANK RD btwn ARCHER PL & ADA ST,04-At/near private drive,02-Thru lane,01-Clear,01-Daylight,MIDBLOCK,
8494,08-154655,20081124,KARN ST btwn BRYBECK CRES & LAWRENCE AVE,04-At/near private drive,02-Thru lane,03-Snow,"08-Dark, artificial",MIDBLOCK,
8495,08-081769,20080701,CARLYLE DR btwn CARLYLE PL & WINDY RIDGE DR,04-At/near private drive,02-Thru lane,01-Clear,01-Daylight,MIDBLOCK,
8496,08-078820,20080625,SWEET WILLIAM ST btwn ACTIVA AVE & PERIWINKLE ST,04-At/near private drive,02-Thru lane,01-Clear,05-Dusk,MIDBLOCK,
8497,08-072807,20080613,MISTY CRES btwn MISTY ST & MISTY ST,04-At/near private drive,02-Thru lane,01-Clear,01-Daylight,MIDBLOCK,
8498,08-114170,20080908,FRANKLIN ST S btwn KINGSWAY DR & CONNAUGHT ST,01-Non intersection,02-Thru lane,01-Clear,"08-Dark, artificial",MIDBLOCK,
8499,08-111822,20080903,LOUISA ST btwn KING ST W & MOORE AVE,04-At/near private drive,02-Thru lane,01-Clear,01-Daylight,MIDBLOCK,
8500,08-109206,20080828,RIVER RD E btwn HICKSON DR & OTTAWA ST N,01-Non intersection,09-Right shoulder,02-Rain,"08-Dark, artificial",MIDBLOCK,
8501,08-032558,20080314,BANKSIDE DR btwn BANKSIDE CRES & WESTFOREST TRAIL,04-At/near private drive,02-Thru lane,01-Clear,01-Daylight,MIDBLOCK,
8502,08-030300,20080310,GREEN VALLEY DR btwn PIONEER DR & ARROWHEAD CRES,01-Non intersection,02-Thru lane,01-Clear,01-Daylight,MIDBLOCK,
8503,08-069758,20080608,TALBOT ST btwn BELMONT AVE W & LAWRENCE AVE,04-At/near private drive,02-Thru lane,01-Clear,01-Daylight,MIDBLOCK,
8504,08-097404,20080803,CEDAR ST S btwn ST GEORGE ST & COURTLAND AVE E,01-Non intersection,02-Thru lane,01-Clear,"08-Dark, artificial",MIDBLOCK,
8505,08-008980,20080122,GAGE AVE btwn BELMONT AVE W & WESTMOUNT RD W,04-At/near private drive,11-Not on roadway - right side,03-Snow,01-Daylight,MIDBLOCK,
8506,08-011675,20080129,HIDDEN VALLEY RD btwn RIVER VALLEY DR & WABANAKI DR,04-At/near private drive,11-Not on roadway - right side,04-Freezing Rain,07-Dark,MIDBLOCK,
8507,08-081107,20080127,CHURCH ST btwn BENTON ST & PETER ST,04-At/near private drive,09-Right shoulder,03-Snow,01-Daylight,MIDBLOCK,
8508,08-064491,20080529,CHANDOS DR btwn GRAND RIVER BLVD & CHANDOS CRT,04-At/near private drive,02-Thru lane,01-Clear,01-Daylight,MIDBLOCK,
8509,08-153484,20081122,COUNTRY HILL DR btwn COACH HILL DR & FOUR SEASONS CRT,04-At/near private drive,02-Thru lane,01-Clear,07-Dark,MIDBLOCK,
8510,08-158147,20081130,ROY ST btwn QUEEN ST N & YOUNG ST,04-At/near private drive,02-Thru lane,01-Clear,"08-Dark, artificial",MIDBLOCK,
8511,08-156609,20081126,HARCOURT CRES btwn MILLWOOD CRES & MILLWOOD CRES,04-At/near private drive,02-Thru lane,01-Clear,"08-Dark, artificial",MIDBLOCK,
8512,08-167816,20081215,BANKSIDE DR btwn BENESFORT DR & OPRINGTON DR,04-At/near private drive,02-Thru lane,01-Clear,01-Daylight,MIDBLOCK,
8513,08-111262,20080901,HOWE DR btwn CUL DE SAC & WINDALE CRES,04-At/near private drive,02-Thru lane,01-Clear,01-Daylight,MIDBLOCK,
8514,08-112302,20080903,BECHTEL DR btwn WHEATFIELD CRES & PIONEER DR,04-At/near private drive,02-Thru lane,01-Clear,01-Daylight,MIDBLOCK,
8515,08-008974,20080122,QUEENS BLVD btwn BELMONT AVE E & BLUERIDGE AVE,01-Non intersection,11-Not on roadway - right side,03-Snow,01-Daylight,MIDBLOCK,
8516,08-009034,20080122,MILL PARK DR btwn HURON RD & GREEN VALLEY DR,01-Non intersection,02-Thru lane,03-Snow,01-Daylight,MIDBLOCK,
8517,08-069191,20080607,VANIER DR btwn SHELLEY DR & SIEBERT AVE,04-At/near private drive,02-Thru lane,01-Clear,01-Daylight,MIDBLOCK,
8518,08-067638,20080604,BREITHAUPT ST btwn MARGARET AVE & ST LEGER ST,01-Non intersection,02-Thru lane,01-Clear,01-Daylight,MIDBLOCK,
8519,08-037032,20080322,AMHERST DR btwn PINNACLE DR & DRUMMOND DR,04-At/near private drive,02-Thru lane,01-Clear,"08-Dark, artificial",MIDBLOCK,
8520,08-114374,20080901,MARKWOOD DR btwn ROSSFORD CRES & HAZELGLEN DR,04-At/near private drive,02-Thru lane,01-Clear,01-Daylight,MIDBLOCK,
8521,08-109519,20080828,JANSEN AVE btwn WALKER ST & GUERIN AVE,04-At/near private drive,02-Thru lane,02-Rain,01-Daylight,MIDBLOCK,
8522,08-038311,20080331,WATERLOO ST btwn SHANLEY ST & BISMARK AVE,05-At railway crossing,01-Within intersection,02-Rain,01-Daylight,MIDBLOCK,
8523,08-008562,20080121,PLAINS RD btwn FISCHER HALLMAN RD & TRUSSLER RD,01-Non intersection,10-Not on roadway - left side,01-Clear,01-Daylight,MIDBLOCK,
8524,08-008386,20080120,MILL ST btwn HEIMAN ST & BORDEN PKY,04-At/near private drive,11-Not on roadway - right side,01-Clear,"08-Dark, artificial",MIDBLOCK,
8525,08-172767,20081225,PARK ST btwn DEVON ST & VICTORIA ST S,04-At/near private drive,02-Thru lane,01-Clear,"08-Dark, artificial",MIDBLOCK,
8526,08-116055,20080912,HURON RD btwn STRASBURG RD & HURON RD,01-Non intersection,02-Thru lane,01-Clear,01-Daylight,MIDBLOCK,
8527,08-036873,20080328,COURTLAND AVE E btwn STIRLING AVE S & STIRLING AVE S,04-At/near private drive,11-Not on roadway - right side,01-Clear,01-Daylight,MIDBLOCK,
8528,08-036166,20080326,SIEBERT AVE btwn CLARK AVE & VANIER DR,03-At intersection,01-Within intersection,01-Clear,01-Daylight,MIDBLOCK,
8529,08-037162,20080328,RIVER RD E btwn OTTAWA ST N & HOLBORN DR,01-Non intersection,02-Thru lane,01-Clear,"08-Dark, artificial",MIDBLOCK,
8530,08-061132,20080521,QUEEN ST N btwn AHRENS ST E & MARGARET AVE,04-At/near private drive,02-Thru lane,01-Clear,01-Daylight,MIDBLOCK,
8531,08-172425,20081224,KEEWATIN AVE btwn GLENCLIFFE CRT & STANMORE AVE,04-At/near private drive,02-Thru lane,03-Snow,"08-Dark, artificial",MIDBLOCK,
8532,08-152964,20081122,EDINBURGH RD btwn BECKER ST & BRUCE ST,04-At/near private drive,02-Thru lane,01-Clear,01-Daylight,MIDBLOCK,
8533,08-164257,20081210,WELLINGTON ST N btwn AHRENS ST W & MARGARET AVE,01-Non intersection,01-Within intersection,01-Clear,"08-Dark, artificial",MIDBLOCK,
8534,08-165654,20081213,EBY ST S btwn CHARLES ST E & CHURCH ST,01-Non intersection,02-Thru lane,01-Clear,"08-Dark, artificial",MIDBLOCK,
8535,08-061392,20080515,BENESFORT CRES btwn BENESFORT DR & BENESFORT DR,04-At/near private drive,02-Thru lane,01-Clear,01-Daylight,MIDBLOCK,
8536,08-057691,20080514,EDENBRIDGE DR btwn OLD CHICOPEE DR & CHARTWELL CRT,04-At/near private drive,02-Thru lane,01-Clear,01-Daylight,MIDBLOCK,
8537,08-049664,20080425,RIVER RD E btwn ROSEMOUNT DR & ISLINGTON AVE,01-Non intersection,02-Thru lane,01-Clear,"08-Dark, artificial",MIDBLOCK,
8538,08-175396,20081230,KARN ST btwn BRYBECK CRES & LAWRENCE AVE,04-At/near private drive,02-Thru lane,01-Clear,01-Daylight,MIDBLOCK,
8539,08-083256,20080705,BANKSIDE DR btwn BANKSIDE CRES & WESTFOREST TRAIL,04-At/near private drive,02-Thru lane,01-Clear,01-Daylight,MIDBLOCK,
8540,08-087076,20080713,PIONEER DR btwn UPPER CANADA DR & DOON VILLAGE RD,01-Non intersection,08-Left shoulder,01-Clear,"08-Dark, artificial",MIDBLOCK,
8541,08-088245,20080715,CAMROSE CRT btwn HIGHLAND CRES & CUL DE SAC,01-Non intersection,02-Thru lane,01-Clear,01-Daylight,MIDBLOCK,
8542,08-135613,20081023,THE COUNTRY WAY btwn TUERR DR & COLONY DR,04-At/near private drive,02-Thru lane,01-Clear,07-Dark,MIDBLOCK,
8543,08-103582,20080816,WINDING WOOD CRES btwn CREST HAVEN ST & CREST HAVEN ST,04-At/near private drive,02-Thru lane,01-Clear,01-Daylight,MIDBLOCK,
8544,08-017829,20080211,MIDLAND DR btwn OTTAWA ST N & DOOLEY DR,04-At/near private drive,02-Thru lane,01-Clear,01-Daylight,MIDBLOCK,
8545,08-004092,20080107,COPPER LEAF CRES btwn MAX BECKER DR & MAX BECKER DR,04-At/near private drive,02-Thru lane,01-Clear,01-Daylight,MIDBLOCK,
8546,08-030224,20080312,KEHL ST btwn SOUTHDALE AVE & HOFFMAN ST,04-At/near private drive,02-Thru lane,01-Clear,"08-Dark, artificial",MIDBLOCK,
8547,08-028579,20080308,GRULKE ST btwn KINZIE AVE & FAIRWAY RD N,04-At/near private drive,02-Thru lane,03-Snow,"08-Dark, artificial",MIDBLOCK,
8548,08-016952,20080210,STRASBURG RD btwn CHANDLER DR & OTTAWA ST S,04-At/near private drive,02-Thru lane,05-Drifting Snow,01-Daylight,MIDBLOCK,
8549,08-169050,20081218,BLUCHER BLVD btwn ST LEGER ST & EDWIN ST,04-At/near private drive,01-Within intersection,01-Clear,"08-Dark, artificial",MIDBLOCK,
8550,08-166191,20081214,ACTIVA AVE btwn ISAIAH DR & SNOWDROP CRES,01-Non intersection,02-Thru lane,04-Freezing Rain,"08-Dark, artificial",MIDBLOCK,
8551,08-135985,20081024,WESTFOREST TRAIL btwn BEECHROYAL PL & GREENGABLE WAY,04-At/near private drive,12-Off highway,02-Rain,07-Dark,MIDBLOCK,
8552,08-145981,20081115,BRIARMEADOW DR btwn SANDWELL CRT & BRIARFIELD ST,04-At/near private drive,02-Thru lane,03-Snow,07-Dark,MIDBLOCK,
8553,08-010598,20080122,RALGREEN CRES btwn OVERLEA DR & EAGEN DR,04-At/near private drive,02-Thru lane,01-Clear,01-Daylight,MIDBLOCK,
8554,08-158343,20081130,HOMER WATSON BLVD btwn STIRLING AVE S & HOFFMAN ST,01-Non intersection,10-Not on roadway - left side,03-Snow,"08-Dark, artificial",MIDBLOCK,
8555,07-098147,20070807,VERONICA DR btwn VERONICA CRT & VERONICA DR,04-At/near private drive,02-Thru lane,"07-Fog, mist, smoke, dust","08-Dark, artificial",MIDBLOCK,
8556,07-106721,20070825,MILL ST btwn BORDEN PKY & MILL ST,04-At/near private drive,02-Thru lane,01-Clear,01-Daylight,MIDBLOCK,
8557,07-037129,20070331,DOON VILLAGE RD btwn HARVEST CRT & BECHTEL DR,04-At/near private drive,02-Thru lane,01-Clear,01-Daylight,MIDBLOCK,
8558,07-037185,20070331,DODGE DR btwn GROH DR & NEW DUNDEE RD,04-At/near private drive,02-Thru lane,01-Clear,01-Daylight,MIDBLOCK,
8559,07-051934,20070504,KING ST E btwn EBY ST S & CEDAR ST S,04-At/near private drive,12-Off highway,02-Rain,07-Dark,MIDBLOCK,
8560,07-067496,20070606,BLOCK LINE RD btwn RITTENHOUSE RD & STRASBURG RD,01-Non intersection,02-Thru lane,01-Clear,01-Daylight,MIDBLOCK,
8561,07-025448,20070303,WHEATFIELD CRES btwn BECHTEL DR & BECHTEL DR,04-At/near private drive,02-Thru lane,03-Snow,07-Dark,MIDBLOCK,
8562,07-124525,20070930,STRASBURG RD btwn BLOCK LINE RD & OLD COUNTRY DR,01-Non intersection,09-Right shoulder,01-Clear,"08-Dark, artificial",MIDBLOCK,
8563,07-126529,20071004,DUKE ST E btwn QUEEN ST N & FREDERICK ST,01-Non intersection,02-Thru lane,01-Clear,01-Daylight,MIDBLOCK,
8564,07-036470,20070315,BANKSIDE DR btwn GOLDEN TERRACE CRT & BANKSIDE CRES,01-Non intersection,02-Thru lane,99-Other,99-Other,MIDBLOCK,
8565,07-037082,20070330,CHERRYTREE CRT btwn WINDING WAY & CUL DE SAC,04-At/near private drive,02-Thru lane,01-Clear,05-Dusk,MIDBLOCK,
8566,07-033953,20070324,HANSON AVE btwn ARDELT AVE & HAYWARD AVE,01-Non intersection,12-Off highway,02-Rain,01-Daylight,MIDBLOCK,
8567,07-023120,20070227,PIONEER DR btwn UPPER CANADA DR & DOON VILLAGE RD,04-At/near private drive,11-Not on roadway - right side,01-Clear,01-Daylight,MIDBLOCK,
8568,07-014095,20070205,FIFTH AVE btwn KINGSWAY DR & CONNAUGHT ST,04-At/near private drive,02-Thru lane,01-Clear,01-Daylight,MIDBLOCK,
8569,07-026382,20070306,CONESTOGA COLLEGE BLVD btwn DOON VALLEY DR & HOMER WATSON BLVD,04-At/near private drive,02-Thru lane,01-Clear,01-Daylight,MIDBLOCK,
8570,07-155732,20071207,KINGSWAY DR btwn ST JEROME AVE & CEDARWOODS CRES,01-Non intersection,10-Not on roadway - left side,01-Clear,"08-Dark, artificial",MIDBLOCK,
8571,07-158596,20071213,SCHWEITZER ST btwn BRIDGE ST E & STANLEY AVE,01-Non intersection,10-Not on roadway - left side,01-Clear,01-Daylight,MIDBLOCK,
8572,07-064381,20070531,STRASBURG RD btwn OLD COUNTRY DR & BLEAMS RD,04-At/near private drive,02-Thru lane,01-Clear,01-Daylight,MIDBLOCK,
8573,07-001935,20070105,OLD FOREST CRES btwn DRIFTWOOD DR & DRIFTWOOD DR,01-Non intersection,11-Not on roadway - right side,02-Rain,"08-Dark, artificial",MIDBLOCK,
8574,07-033382,20070323,FREDERICK ST btwn LOIS ST & RIVER RD E,04-At/near private drive,02-Thru lane,01-Clear,01-Daylight,MIDBLOCK,
8575,07-032060,20070319,SUGAR MAPLE ST btwn CEDAR CREST ST & SUGAR MAPLE PL,01-Non intersection,02-Thru lane,01-Clear,"06-Dusk, artificial",MIDBLOCK,
8576,07-043843,20070416,WREN CRES btwn WAYNE DR & WREN PL,04-At/near private drive,02-Thru lane,01-Clear,01-Daylight,MIDBLOCK,
8577,07-165904,20071231,BELMONT AVE W btwn HIGHLAND RD W & BURN PL,04-At/near private drive,02-Thru lane,01-Clear,01-Daylight,MIDBLOCK,
8578,07-164049,20071226,MARGARET AVE btwn FAIRFIELD AVE & HARTWOOD AVE,04-At/near private drive,02-Thru lane,01-Clear,01-Daylight,MIDBLOCK,
8579,07-054115,20070509,FRANKLIN ST N btwn DREGER AVE & OTTAWA ST N,04-At/near private drive,02-Thru lane,01-Clear,01-Daylight,MIDBLOCK,
8580,08-007358,20080118,DRIFTWOOD DR btwn PARKLAND CRES & YELLOW BIRCH DR,01-Non intersection,02-Thru lane,01-Clear,01-Daylight,MIDBLOCK,
8581,08-001183,20080103,BRYBECK CRES btwn KARN ST & WESTMOUNT RD W,01-Non intersection,12-Off highway,01-Clear,01-Daylight,MIDBLOCK,
8582,08-001078,20080103,BIEHN DR btwn OLD HURON RD & CARLYLE DR,01-Non intersection,02-Thru lane,01-Clear,01-Daylight,MIDBLOCK,
8583,08-105657,20080821,STRASBURG RD btwn BLOCK LINE RD & OLD COUNTRY DR,04-At/near private drive,02-Thru lane,01-Clear,01-Daylight,MIDBLOCK,
8584,08-107762,20080825,QUEENS BLVD btwn FISCHER HALLMAN RD & ELM RIDGE DR,04-At/near private drive,02-Thru lane,01-Clear,01-Daylight,MIDBLOCK,
8585,08-100571,20080810,CRESCENT ST btwn ONWARD AVE & END,04-At/near private drive,02-Thru lane,01-Clear,07-Dark,MIDBLOCK,
8586,08-022226,20080220,ADELAIDE ST btwn BELMONT AVE W & LAWRENCE AVE,04-At/near private drive,02-Thru lane,01-Clear,01-Daylight,MIDBLOCK,
8587,08-033016,20080318,CARTIER DR btwn KIMBERLY CRES & KIMBERLY CRES,04-At/near private drive,02-Thru lane,04-Freezing Rain,"04-Dawn, artificial",MIDBLOCK,
8588,08-035096,20080323,NINTH AVE btwn CONNAUGHT ST & GREENFIELD AVE,01-Non intersection,02-Thru lane,01-Clear,01-Daylight,MIDBLOCK,