OBJECTID,ACCIDENTNUM,ACCIDENTDATE,LOCATION,ACCIDENT_LOCATION,IMPACT_LOCATION,ENVIRONMENT_CONDITION,LIGHT,COLLISION_TYPE,TRAFFICCOLLISIONSID
8589,08-017805,20080212,CONESTOGA COLLEGE BLVD btwn DOON VALLEY DR & HOMER WATSON BLVD,01-Non intersection,02-Thru lane,01-Clear,01-Daylight,MIDBLOCK,
8590,08-018370,20080213,MAPLE AVE btwn UNION ST & CUL DE SAC,01-Non intersection,02-Thru lane,01-Clear,01-Daylight,MIDBLOCK,
8591,08-017300,20080211,BRYBECK CRES btwn KARN ST & WESTMOUNT RD W,01-Non intersection,02-Thru lane,01-Clear,01-Daylight,MIDBLOCK,
8592,08-146317,20081117,HIGHLAND RD E btwn STIRLING AVE S & MAUSSER AVE,01-Non intersection,02-Thru lane,01-Clear,01-Daylight,MIDBLOCK,
8593,08-085479,20080710,MOOREGATE CRES btwn HAZELGLEN DR & HAZELGLEN DR,01-Non intersection,11-Not on roadway - right side,01-Clear,01-Daylight,MIDBLOCK,
8594,08-031845,20080315,MOOREGATE CRES btwn HAZELGLEN DR & HAZELGLEN DR,01-Non intersection,02-Thru lane,01-Clear,01-Daylight,MIDBLOCK,
8595,08-035550,20080324,BANKSIDE DR btwn OPRINGTON DR & EASTFOREST TRAIL,04-At/near private drive,09-Right shoulder,01-Clear,05-Dusk,MIDBLOCK,
8596,08-035060,20080323,APPALACHIAN CRES btwn KINGSWOOD DR & KINGSWOOD DR,04-At/near private drive,02-Thru lane,01-Clear,01-Daylight,MIDBLOCK,
8597,08-043073,20080411,SELKIRK DR btwn SELKIRK CRT & GENEVA CRES,04-At/near private drive,09-Right shoulder,"07-Fog, mist, smoke, dust","08-Dark, artificial",MIDBLOCK,
8598,08-042927,20080411,CARWOOD AVE btwn CAYLEY CRT & COURTLAND AVE E,04-At/near private drive,02-Thru lane,01-Clear,01-Daylight,MIDBLOCK,
8599,08-043698,20080413,WABANAKI DR btwn MANITOU DR & KEVCO PL,04-At/near private drive,11-Not on roadway - right side,01-Clear,01-Daylight,MIDBLOCK,
8600,08-029227,20080309,WILSON AVE btwn FAIRWAY RD S & WEBSTER RD,01-Non intersection,02-Thru lane,01-Clear,"08-Dark, artificial",MIDBLOCK,
8601,08-023559,20080225,LOUISA ST btwn KING ST W & MOORE AVE,04-At/near private drive,09-Right shoulder,01-Clear,01-Daylight,MIDBLOCK,
8602,08-007120,20080118,HIDDEN VALLEY RD btwn WABANAKI DR & HIDDEN VALLEY CRES,01-Non intersection,11-Not on roadway - right side,03-Snow,07-Dark,MIDBLOCK,
8603,08-017197,20080210,FREDERICK ST btwn RIVER RD E & TURNER AVE,01-Non intersection,08-Left shoulder,01-Clear,07-Dark,MIDBLOCK,
8604,08-020082,20080217,MADISON AVE S btwn CHURCH ST & COURTLAND AVE E,04-At/near private drive,02-Thru lane,04-Freezing Rain,"08-Dark, artificial",MIDBLOCK,
8605,08-128492,20081008,KING ST W btwn QUEEN ST S & ONTARIO ST S,01-Non intersection,01-Within intersection,01-Clear,01-Daylight,MIDBLOCK,
8606,08-143417,20081109,DUMFRIES AVE btwn CHAPEL ST & KRUG ST,01-Non intersection,02-Thru lane,01-Clear,01-Daylight,MIDBLOCK,
8607,08-139283,20081031,UPPER MERCER ST btwn LOWER MERCER ST & WOOLNER TRAIL,01-Non intersection,02-Thru lane,01-Clear,01-Daylight,MIDBLOCK,
8608,08-136375,20081025,PINE MARTIN CRES btwn WILDERNESS DR & WILDERNESS DR,04-At/near private drive,09-Right shoulder,01-Clear,01-Daylight,MIDBLOCK,
8609,08-130703,20081012,GUERIN AVE btwn KINZIE AVE & FLORENCE AVE,04-At/near private drive,02-Thru lane,01-Clear,01-Daylight,MIDBLOCK,
8610,08-068631,20080606,KEHL ST btwn SOUTHDALE AVE & HOFFMAN ST,04-At/near private drive,02-Thru lane,01-Clear,01-Daylight,MIDBLOCK,
8611,08-079859,20080628,WESTHEIGHTS DR btwn MCGARRY DR & LORILEE CRES,04-At/near private drive,11-Not on roadway - right side,01-Clear,01-Daylight,MIDBLOCK,
8612,08-108483,20080827,KING ST E btwn DANE ST & BORDEN AVE N,01-Non intersection,02-Thru lane,01-Clear,01-Daylight,MIDBLOCK,
8613,08-114755,20080909,JACK AVE btwn PATRICIA AVE & BELMONT AVE W,04-At/near private drive,02-Thru lane,01-Clear,01-Daylight,MIDBLOCK,
8614,08-092477,20080724,CARLYLE PL btwn CARLYLE DR & CUL DE SAC,04-At/near private drive,02-Thru lane,01-Clear,"08-Dark, artificial",MIDBLOCK,
8615,08-024174,20080226,PARK ST btwn VICTORIA ST S & CHERRY ST,04-At/near private drive,11-Not on roadway - right side,01-Clear,"08-Dark, artificial",MIDBLOCK,
8616,08-128076,20081006,KRUG ST btwn EAST AVE & MELROSE AVE,04-At/near private drive,02-Thru lane,01-Clear,01-Daylight,MIDBLOCK,
8617,08-107094,20080824,ERINBROOK DR btwn RIDGEWAY CRES & RITTENHOUSE RD,04-At/near private drive,11-Not on roadway - right side,01-Clear,"08-Dark, artificial",MIDBLOCK,
8618,08-122517,20080923,GOUNDRY CRES btwn RITTENHOUSE RD & ERINBROOK DR,04-At/near private drive,02-Thru lane,01-Clear,01-Daylight,MIDBLOCK,
8619,08-077709,20080624,KING ST E btwn EBY ST S & CEDAR ST S,01-Non intersection,11-Not on roadway - right side,01-Clear,01-Daylight,MIDBLOCK,
8620,08-021893,20080221,ZELLER DR btwn ZELLER CRT & JANET CRT,04-At/near private drive,02-Thru lane,01-Clear,01-Daylight,MIDBLOCK,
8621,08-030963,20080313,KINGSWAY DR btwn CEDARWOODS CRES & GREENFIELD AVE,04-At/near private drive,04-Right turn lane,01-Clear,07-Dark,MIDBLOCK,
8622,08-030044,20080311,MADISON AVE S btwn CHURCH ST & COURTLAND AVE E,04-At/near private drive,02-Thru lane,01-Clear,01-Daylight,MIDBLOCK,
8623,08-029484,20080309,GREY FOX DR btwn QUEEN CHARLOTTE CRES & WILDERNESS DR,04-At/near private drive,02-Thru lane,01-Clear,07-Dark,MIDBLOCK,
8624,08-022654,20080222,ACTIVA AVE btwn MAX BECKER DR & BERRY MOSS ST,04-At/near private drive,02-Thru lane,01-Clear,07-Dark,MIDBLOCK,
8625,08-020194,20080217,DIXON ST btwn CARLIN AVE & CARWOOD AVE,01-Non intersection,02-Thru lane,04-Freezing Rain,01-Daylight,MIDBLOCK,
8626,08-015575,20080207,EDENBRIDGE DR btwn OLD CHICOPEE DR & CHARTWELL CRT,04-At/near private drive,02-Thru lane,01-Clear,01-Daylight,MIDBLOCK,
8627,08-020648,20080218,STIRLING AVE S btwn CHARLES ST E & FORK IN ROAD,04-At/near private drive,02-Thru lane,03-Snow,01-Daylight,MIDBLOCK,
8628,08-072768,20080614,MOOREGATE CRES btwn HAZELGLEN DR & HAZELGLEN DR,01-Non intersection,02-Thru lane,01-Clear,01-Daylight,MIDBLOCK,
8629,08-091971,20080722,BRENTWOOD AVE btwn JACKSON AVE & MONTGOMERY RD,01-Non intersection,02-Thru lane,04-Freezing Rain,07-Dark,MIDBLOCK,
8630,08-093322,20080725,WELLINGTON ST N btwn AHRENS ST W & MARGARET AVE,01-Non intersection,02-Thru lane,01-Clear,01-Daylight,MIDBLOCK,
8631,08-087254,20080713,MORRISON RD btwn QUINTE CRES & SIMS ESTATE DR,01-Non intersection,10-Not on roadway - left side,01-Clear,01-Daylight,MIDBLOCK,
8632,08-019251,20080214,FEATHERSTONE ST btwn PARKVALE DR & FEATHERSTONE CRES,01-Non intersection,02-Thru lane,01-Clear,01-Daylight,MIDBLOCK,
8633,08-084492,20080708,INDIAN RD btwn MONTCALM DR & MCGEE AVE,04-At/near private drive,11-Not on roadway - right side,01-Clear,07-Dark,MIDBLOCK,
8634,08-019313,20080215,DOON SOUTH DR btwn WOODSMERE DR & ROBERT FERRIE DR,01-Non intersection,02-Thru lane,01-Clear,01-Daylight,MIDBLOCK,
8635,08-096082,20080731,DOON VALLEY DR btwn OLD MILL RD & END,10-Parking lot,12-Off highway,01-Clear,01-Daylight,MIDBLOCK,
8636,08-104004,20080817,STRASBURG RD btwn OLD COUNTRY DR & BLEAMS RD,01-Non intersection,10-Not on roadway - left side,01-Clear,01-Daylight,MIDBLOCK,
8637,08-028258,20080306,GREEN VALLEY DR btwn ARROWHEAD CRES & MILL PARK DR,04-At/near private drive,02-Thru lane,01-Clear,01-Daylight,MIDBLOCK,
8638,08-030043,20080311,SUNRISE DR btwn MATTHEW ST & SMETANA DR,01-Non intersection,09-Right shoulder,01-Clear,01-Daylight,MIDBLOCK,
8639,08-057389,20080513,DRIFTWOOD DR btwn SOMERFIELD PL & PARKLAND CRES,04-At/near private drive,02-Thru lane,01-Clear,01-Daylight,MIDBLOCK,
8640,08-057464,20080513,NEWBURY DR btwn ROLLING MEADOWS DR & COVINGTON CRES,04-At/near private drive,02-Thru lane,01-Clear,01-Daylight,MIDBLOCK,
8641,08-065905,20080531,MARKWOOD DR btwn ROSSFORD CRES & HAZELGLEN DR,01-Non intersection,09-Right shoulder,01-Clear,07-Dark,MIDBLOCK,
8642,08-041355,20080407,KING ST E btwn QUEEN ST S & FREDERICK ST,01-Non intersection,02-Thru lane,01-Clear,07-Dark,MIDBLOCK,
8643,08-018090,20080212,JEAN AVE btwn HAROLD AVE & KRAFT AVE,04-At/near private drive,02-Thru lane,03-Snow,05-Dusk,MIDBLOCK,
8644,08-020986,20080219,KINGSWAY DR btwn ST JEROME AVE & CEDARWOODS CRES,01-Non intersection,02-Thru lane,01-Clear,01-Daylight,MIDBLOCK,
8645,08-078023,20080625,BELMONT AVE W btwn HIGHLAND RD W & BURN PL,04-At/near private drive,02-Thru lane,01-Clear,01-Daylight,MIDBLOCK,
8646,08-089418,20080717,GAGE AVE btwn BELMONT AVE W & WESTMOUNT RD W,01-Non intersection,02-Thru lane,01-Clear,01-Daylight,MIDBLOCK,
8647,08-111331,20080902,VANIER DR btwn ERIE AVE & MASSEY AVE,04-At/near private drive,02-Thru lane,01-Clear,01-Daylight,MIDBLOCK,
8648,08-077478,20080622,WOLFES CRT btwn CARSON DR & CUL DE SAC,10-Parking lot,12-Off highway,01-Clear,01-Daylight,MIDBLOCK,
8649,08-039106,20080402,SHOEMAKER ST btwn STRASBURG RD & TRILLIUM DR,04-At/near private drive,02-Thru lane,01-Clear,01-Daylight,MIDBLOCK,
8650,08-133509,20081018,QUEENS BLVD btwn REX DR & QUEENS BLVD,02-Intersection related,02-Thru lane,01-Clear,01-Daylight,MIDBLOCK,
8651,08-125539,20081001,DAWN RIDGE DR btwn WESTMEADOW DR & DAWN RIDGE CRT,04-At/near private drive,02-Thru lane,01-Clear,01-Daylight,MIDBLOCK,
8652,08-076506,20080622,MADISON AVE N btwn DUKE ST E & WEBER ST E,01-Non intersection,10-Not on roadway - left side,01-Clear,07-Dark,MIDBLOCK,
8653,08-060024,20080519,ACTIVA AVE btwn WILDERNESS DR & COPPER LEAF ST,01-Non intersection,02-Thru lane,01-Clear,"08-Dark, artificial",MIDBLOCK,
8654,08-137920,20081029,NICHOLE CRES btwn THE COUNTRY WAY & THE COUNTRY WAY,01-Non intersection,02-Thru lane,01-Clear,01-Daylight,MIDBLOCK,
8655,08-136327,20081025,GUELPH ST btwn MAPLE AVE & SPRING VALLEY RD,04-At/near private drive,02-Thru lane,01-Clear,01-Daylight,MIDBLOCK,
8656,08-027874,20080306,BELMONT AVE W btwn HIGHLAND RD W & BURN PL,01-Non intersection,03-Left turn lane,01-Clear,01-Daylight,MIDBLOCK,
8657,08-025638,20080301,OAK ST btwn LINDEN AVE & VICTORIA ST S,01-Non intersection,02-Thru lane,01-Clear,01-Daylight,MIDBLOCK,
8658,08-074697,20080618,HOMEWOOD AVE btwn QUEEN ST S & WEST AVE,04-At/near private drive,02-Thru lane,01-Clear,01-Daylight,MIDBLOCK,
8659,08-109721,20080829,SHANLEY ST btwn ANDREW ST & BRAUN ST,01-Non intersection,,02-Rain,"08-Dark, artificial",MIDBLOCK,
8660,08-124208,20080927,COLTON CIR btwn PEBBLECREEK DR & COLTON CIR,04-At/near private drive,09-Right shoulder,01-Clear,01-Daylight,MIDBLOCK,
8661,08-131607,20081014,KARN ST btwn WEICHEL ST & WESTMOUNT RD W,04-At/near private drive,02-Thru lane,01-Clear,01-Daylight,MIDBLOCK,
8662,08-002000,20080105,CHURCH ST btwn BENTON ST & PETER ST,04-At/near private drive,02-Thru lane,02-Rain,05-Dusk,MIDBLOCK,
8663,08-001001,20080103,PARK ST btwn VICTORIA ST S & CHERRY ST,04-At/near private drive,02-Thru lane,01-Clear,01-Daylight,MIDBLOCK,
8664,08-009030,20080122,BELMONT AVE W btwn GAGE AVE & GLASGOW ST,04-At/near private drive,02-Thru lane,03-Snow,01-Daylight,MIDBLOCK,
8665,08-033502,20080319,IRVIN ST btwn FREDERICK ST & SCOTT ST,01-Non intersection,02-Thru lane,01-Clear,01-Daylight,MIDBLOCK,
8666,08-029140,20080309,CHURCH ST btwn BENTON ST & PETER ST,04-At/near private drive,02-Thru lane,01-Clear,01-Daylight,MIDBLOCK,
8667,08-042384,20080410,STRANGE ST btwn WAVERLY RD & DOMINION ST,04-At/near private drive,02-Thru lane,01-Clear,01-Daylight,MIDBLOCK,
8668,08-162986,20081206,BROOKFIELD CRES btwn RITTENHOUSE RD & RITTENHOUSE RD,04-At/near private drive,02-Thru lane,03-Snow,01-Daylight,MIDBLOCK,
8669,08-173019,20081225,VERONICA DR btwn BANCROFT ST & VERONICA DR,04-At/near private drive,02-Thru lane,01-Clear,07-Dark,MIDBLOCK,
8670,08-043731,20080413,REYBURN AVE btwn WOODHAVEN RD & TRAYNOR AVE,04-At/near private drive,02-Thru lane,01-Clear,01-Daylight,MIDBLOCK,
8671,08-039020,20080401,COPPER LEAF CRES btwn MAX BECKER DR & MAX BECKER DR,04-At/near private drive,02-Thru lane,01-Clear,01-Daylight,MIDBLOCK,
8672,08-005393,20080113,OPRINGTON DR btwn VICTORIA ST S & BENESFORT DR,04-At/near private drive,02-Thru lane,03-Snow,"08-Dark, artificial",MIDBLOCK,
8673,08-009832,20080124,RIVER RD E btwn HICKSON DR & OTTAWA ST N,01-Non intersection,02-Thru lane,01-Clear,01-Daylight,MIDBLOCK,
8674,08-036046,20080325,WABANAKI DR btwn MANITOU DR & KEVCO PL,04-At/near private drive,02-Thru lane,03-Snow,01-Daylight,MIDBLOCK,
8675,08-046847,20080420,CENTREVILLE ST btwn JANSEN AVE & MORGAN AVE,01-Non intersection,11-Not on roadway - right side,01-Clear,"02-Daylight, artificial",MIDBLOCK,
8676,08-038111,20080331,COLTON CIR btwn VENTURIN ST & COLTON CIR,04-At/near private drive,02-Thru lane,01-Clear,01-Daylight,MIDBLOCK,
8677,08-058087,20080515,CAMROSE CRT btwn HIGHLAND CRES & CUL DE SAC,04-At/near private drive,02-Thru lane,01-Clear,01-Daylight,MIDBLOCK,
8678,08-039361,20080225,SHADELAND CRES btwn HAZELGLEN DR & HAZELGLEN DR,04-At/near private drive,01-Within intersection,03-Snow,01-Daylight,MIDBLOCK,
8679,08-035366,20080324,ADELAIDE ST btwn PATRICIA AVE & BELMONT AVE W,04-At/near private drive,02-Thru lane,01-Clear,01-Daylight,MIDBLOCK,
8680,08-040308,20080405,WOODHAVEN RD btwn MAYWOOD RD & REYBURN AVE,04-At/near private drive,02-Thru lane,01-Clear,01-Daylight,MIDBLOCK,
8681,08-029187,20080309,HIGHLAND CRES btwn WYCLIFFE PL & HIGHLAND RD W,04-At/near private drive,02-Thru lane,01-Clear,01-Daylight,MIDBLOCK,
8682,08-036746,20080327,WABANAKI DR btwn MANITOU DR & KEVCO PL,04-At/near private drive,02-Thru lane,03-Snow,"08-Dark, artificial",MIDBLOCK,
8683,08-035274,20080324,WESTHEIGHTS DR btwn TRAILVIEW DR & AUTUMN HILL CRES,01-Non intersection,02-Thru lane,03-Snow,03-Dawn,MIDBLOCK,
8684,08-034763,20080322,KINGSWAY DR btwn ST JEROME AVE & CEDARWOODS CRES,04-At/near private drive,02-Thru lane,01-Clear,01-Daylight,MIDBLOCK,
8685,08-065016,20080530,WILSON AVE btwn GRAND CREST PL & END,01-Non intersection,02-Thru lane,01-Clear,01-Daylight,MIDBLOCK,
8686,08-064819,20080529,GATEWAY PARK DR btwn SPORTSWORLD DR & TU LANE ST,04-At/near private drive,02-Thru lane,01-Clear,"08-Dark, artificial",MIDBLOCK,
8687,08-033817,20080320,SHIRLEY AVE btwn RIVERBEND DR & BINGEMANS CENTRE DR,02-Intersection related,02-Thru lane,06-Strong wind,01-Daylight,MIDBLOCK,
8688,08-048779,20080424,CALMCREST DR btwn BRIAR KNOLL DR & BLACKHORNE DR,01-Non intersection,02-Thru lane,01-Clear,01-Daylight,MIDBLOCK,
8689,08-058743,20080516,KING ST E btwn MADISON AVE S & CAMERON ST S,04-At/near private drive,02-Thru lane,01-Clear,01-Daylight,MIDBLOCK,
8690,08-130472,20081012,BROADVIEW AVE btwn WEBER ST E & PROSPECT AVE,01-Non intersection,02-Thru lane,01-Clear,"02-Daylight, artificial",MIDBLOCK,
8691,08-132224,20081016,PLEASANT AVE btwn PERTH RD & CORAL CRES,01-Non intersection,02-Thru lane,01-Clear,01-Daylight,MIDBLOCK,
8692,08-119487,20080919,EASTFOREST TRAIL btwn BANKSIDE DR & OLIVER CRT,01-Non intersection,02-Thru lane,01-Clear,01-Daylight,MIDBLOCK,
8693,08-158801,20081121,PANDORA AVE S btwn STIRLING LANE & KING ST E,04-At/near private drive,02-Thru lane,01-Clear,"08-Dark, artificial",MIDBLOCK,
8694,08-157210,20081129,STRASBURG RD btwn BLOCK LINE RD & OLD COUNTRY DR,03-At intersection,01-Within intersection,01-Clear,01-Daylight,MIDBLOCK,
8695,08-143714,20081110,PINNACLE DR btwn CONESTOGA COLLEGE BLVD & PINE HILL PL,04-At/near private drive,12-Off highway,01-Clear,07-Dark,MIDBLOCK,
8696,08-161851,20081206,GUELPH ST btwn EDWIN ST & ST VINCENT ST,01-Non intersection,10-Not on roadway - left side,03-Snow,01-Daylight,MIDBLOCK,
8697,08-172289,20081224,APPLE RIDGE DR btwn OAKDALE CRT & RIDGEMERE ST,04-At/near private drive,02-Thru lane,01-Clear,01-Daylight,MIDBLOCK,
8698,08-052860,20080503,HURON RD btwn STRASBURG RD & HURON RD,01-Non intersection,02-Thru lane,01-Clear,01-Daylight,MIDBLOCK,
8699,08-055895,20080510,HIGHLAND RD E btwn DELAWARE AVE & STIRLING AVE S,01-Non intersection,02-Thru lane,01-Clear,01-Daylight,MIDBLOCK,
8700,08-058633,20080516,HANSON AVE btwn ARDELT AVE & HAYWARD AVE,04-At/near private drive,02-Thru lane,01-Clear,01-Daylight,MIDBLOCK,
8701,08-172074,20081224,VICMOUNT DR btwn WESTMOUNT RD W & VICTORIA ST S,04-At/near private drive,09-Right shoulder,03-Snow,"08-Dark, artificial",MIDBLOCK,
8702,08-151303,20081119,HAZELGLEN DR btwn DALEGROVE DR & MARKWOOD DR,01-Non intersection,02-Thru lane,03-Snow,"08-Dark, artificial",MIDBLOCK,
8703,08-146176,20081116,WILSON AVE btwn GOODRICH DR & WABANAKI DR,04-At/near private drive,11-Not on roadway - right side,03-Snow,07-Dark,MIDBLOCK,
8704,08-153345,20081123,BALFOUR CRES btwn WILSON AVE & TRAYNOR AVE,01-Non intersection,02-Thru lane,03-Snow,"08-Dark, artificial",MIDBLOCK,
8705,08-120428,20080921,CEDARWOODS CRES btwn KINGSWAY DR & CEDARWOODS CRES,01-Non intersection,11-Not on roadway - right side,01-Clear,"08-Dark, artificial",MIDBLOCK,
8706,08-004951,20080112,DALEGROVE DR btwn INGLESIDE DR & INGLESIDE DR,04-At/near private drive,02-Thru lane,01-Clear,05-Dusk,MIDBLOCK,
8707,08-075468,20080620,WESTHEIGHTS DR btwn AUTUMN HILL CRES & AUTUMN HILL CRES,01-Non intersection,02-Thru lane,01-Clear,01-Daylight,MIDBLOCK,
8708,08-170543,20081220,GREENDALE CRES btwn MORGAN AVE & MORGAN AVE,04-At/near private drive,09-Right shoulder,01-Clear,"08-Dark, artificial",MIDBLOCK,
8709,08-170979,20081219,HAYWARD AVE btwn COURTLAND AVE E & HANSON AVE,04-At/near private drive,99-Other,03-Snow,01-Daylight,MIDBLOCK,
8710,08-158428,20081201,HOMER WATSON BLVD btwn STIRLING AVE S & HOFFMAN ST,01-Non intersection,11-Not on roadway - right side,03-Snow,"08-Dark, artificial",MIDBLOCK,
8711,08-024237,20080227,DONNENWERTH DR btwn ACTIVA AVE & COPPER LEAF CRES,04-At/near private drive,02-Thru lane,01-Clear,01-Daylight,MIDBLOCK,
8712,08-006108,20080115,INDIAN RD btwn MONTCALM DR & MCGEE AVE,04-At/near private drive,02-Thru lane,01-Clear,07-Dark,MIDBLOCK,
8713,08-015126,20080206,EDWIN ST btwn HILLVIEW ST & BLUCHER BLVD,10-Parking lot,02-Thru lane,01-Clear,01-Daylight,MIDBLOCK,
8714,08-045583,20080417,ROSS AVE btwn WILFRED AVE & FRANKLIN ST N,01-Non intersection,02-Thru lane,01-Clear,01-Daylight,MIDBLOCK,
8715,08-049050,20080424,BANKSIDE DR btwn GOLDEN TERRACE CRT & BANKSIDE CRES,04-At/near private drive,02-Thru lane,01-Clear,01-Daylight,MIDBLOCK,
8716,08-024040,20080226,UNION ST btwn MARGARET AVE & SUNSET PL,01-Non intersection,02-Thru lane,03-Snow,"08-Dark, artificial",MIDBLOCK,
8717,08-023415,20080225,WESTFOREST TRAIL btwn GREENGABLE WAY & GREENGABLE WAY,04-At/near private drive,02-Thru lane,01-Clear,01-Daylight,MIDBLOCK,
8718,08-027344,20080305,OLD CHICOPEE TRAIL btwn DAIMLER DR & FAIRWAY RD N,01-Non intersection,02-Thru lane,01-Clear,01-Daylight,MIDBLOCK,
8719,08-084349,20080708,STRASBURG RD btwn OTTAWA ST S & KINGSWOOD DR,01-Non intersection,02-Thru lane,01-Clear,"02-Daylight, artificial",MIDBLOCK,
8720,08-095345,20080729,KING ST E btwn SCOTT ST & EBY ST S,01-Non intersection,11-Not on roadway - right side,01-Clear,01-Daylight,MIDBLOCK,
8721,08-068546,20080606,EBY ST N btwn MARKET LANE & DUKE ST E,04-At/near private drive,02-Thru lane,01-Clear,01-Daylight,MIDBLOCK,
8722,08-054623,20080507,CEDAR CREST ST btwn SUGAR MAPLE ST & YELLOW BIRCH DR,04-At/near private drive,02-Thru lane,01-Clear,01-Daylight,MIDBLOCK,
8723,08-020557,20080217,WATERLOO ST btwn BREITHAUPT ST & WELLINGTON ST N,04-At/near private drive,02-Thru lane,01-Clear,"08-Dark, artificial",MIDBLOCK,
8724,08-078117,20080625,BELMONT AVE E btwn QUEENS BLVD & SOUTH DR,04-At/near private drive,02-Thru lane,01-Clear,01-Daylight,MIDBLOCK,
8725,08-096314,20080731,BENESFORT CRES btwn BENESFORT DR & BENESFORT DR,04-At/near private drive,09-Right shoulder,01-Clear,01-Daylight,MIDBLOCK,
8726,08-042452,20080410,RIVER RD E btwn HICKSON DR & OTTAWA ST N,01-Non intersection,02-Thru lane,01-Clear,01-Daylight,MIDBLOCK,
8727,08-047657,20080421,LANCASTER ST E btwn HOHNER AVE & BRUBACHER ST,01-Non intersection,10-Not on roadway - left side,01-Clear,05-Dusk,MIDBLOCK,
8728,08-018463,20080217,CLARK AVE btwn HARBER AVE & BROADMOOR AVE,04-At/near private drive,02-Thru lane,03-Snow,01-Daylight,MIDBLOCK,
8729,08-017369,20080210,RALGREEN CRES btwn OVERLEA DR & EAGEN DR,04-At/near private drive,08-Left shoulder,03-Snow,"08-Dark, artificial",MIDBLOCK,
8730,08-018613,20080213,CHARLES BEST PL btwn HEIMAN ST & CHARLES BEST PL,04-At/near private drive,02-Thru lane,01-Clear,01-Daylight,MIDBLOCK,
8731,08-018723,20080213,BECHTEL DR btwn SABRINA CRES & WHEATFIELD CRES,04-At/near private drive,02-Thru lane,01-Clear,01-Daylight,MIDBLOCK,
8732,08-159016,20081201,KINGSWAY DR btwn ST JEROME AVE & CEDARWOODS CRES,01-Non intersection,02-Thru lane,03-Snow,"08-Dark, artificial",MIDBLOCK,
8733,08-162754,20081208,BELMONT AVE W btwn GAGE AVE & GLASGOW ST,01-Non intersection,02-Thru lane,03-Snow,01-Daylight,MIDBLOCK,
8734,08-153250,20081123,KINGSWAY DR btwn CEDARWOODS CRES & GREENFIELD AVE,01-Non intersection,10-Not on roadway - left side,01-Clear,"06-Dusk, artificial",MIDBLOCK,
8735,08-170644,20081221,BATTLER RD btwn STRASBURG RD & HURON RD,01-Non intersection,02-Thru lane,05-Drifting Snow,07-Dark,MIDBLOCK,
8736,08-166946,20081215,STIRLING AVE S btwn MILL ST & RUSSEL ST,04-At/near private drive,10-Not on roadway - left side,02-Rain,01-Daylight,MIDBLOCK,
8737,08-172762,20081225,BRIDLEWREATH ST btwn MOUNTAIN LAUREL CRES & MOUNTAIN LAUREL CRES,01-Non intersection,02-Thru lane,01-Clear,07-Dark,MIDBLOCK,
8738,08-162068,20081206,COACH HILL DR btwn CHERRY HILL DR & CHERRY HILL DR,01-Non intersection,02-Thru lane,03-Snow,"08-Dark, artificial",MIDBLOCK,
8739,08-002726,20080107,STONYBROOK DR btwn SWEETBRIAR DR & VILLAGE CRES,04-At/near private drive,02-Thru lane,01-Clear,01-Daylight,MIDBLOCK,
8740,08-152992,20081122,GATEWAY PARK DR btwn SPORTSWORLD DR & TU LANE ST,01-Non intersection,11-Not on roadway - right side,03-Snow,07-Dark,MIDBLOCK,
8741,08-145691,20081115,WILSON AVE btwn FAIRWAY RD S & WEBSTER RD,04-At/near private drive,03-Left turn lane,02-Rain,"08-Dark, artificial",MIDBLOCK,
8742,08-027366,20080305,COTTON GRASS ST btwn ACTIVA AVE & COPPER LEAF ST,01-Non intersection,02-Thru lane,01-Clear,01-Daylight,MIDBLOCK,
8743,08-010501,20080126,QUEENS BLVD btwn SILVERSPRING CRES & EAGEN DR,04-At/near private drive,12-Off highway,01-Clear,"08-Dark, artificial",MIDBLOCK,
8744,08-000303,20080101,WOOLWICH ST btwn MACVILLE AVE & SUNBRIDGE CRES,01-Non intersection,02-Thru lane,03-Snow,07-Dark,MIDBLOCK,
8745,08-014728,20080201,BEECHMANOR CRES btwn RESURRECTION DR & RESURRECTION DR,04-At/near private drive,02-Thru lane,01-Clear,01-Daylight,MIDBLOCK,
8746,08-038811,20080331,CEDAR CREST ST btwn SUGAR MAPLE ST & YELLOW BIRCH DR,01-Non intersection,04-Right turn lane,02-Rain,01-Daylight,MIDBLOCK,
8747,08-029567,20080310,KENT AVE btwn CHARLES ST E & HURST AVE,04-At/near private drive,02-Thru lane,01-Clear,01-Daylight,MIDBLOCK,
8748,08-030335,20080309,UPPER MERCER ST btwn LOWER MERCER ST & WOOLNER TRAIL,04-At/near private drive,02-Thru lane,01-Clear,01-Daylight,MIDBLOCK,
8749,08-064668,20080529,SHIRLEY AVE btwn RIVERBEND DR & BINGEMANS CENTRE DR,01-Non intersection,02-Thru lane,01-Clear,01-Daylight,MIDBLOCK,
8750,08-073546,20080616,FREDERICK ST btwn RIVER RD E & TURNER AVE,04-At/near private drive,11-Not on roadway - right side,01-Clear,01-Daylight,MIDBLOCK,
8751,08-085933,20080711,HAZELGLEN DR btwn DALEGROVE DR & MARKWOOD DR,04-At/near private drive,11-Not on roadway - right side,02-Rain,"04-Dawn, artificial",MIDBLOCK,
8752,08-022155,20080221,HOWE DR btwn CUL DE SAC & WINDALE CRES,04-At/near private drive,02-Thru lane,01-Clear,"08-Dark, artificial",MIDBLOCK,
8753,08-029130,20080309,VANIER DR btwn SHELLEY DR & SIEBERT AVE,04-At/near private drive,11-Not on roadway - right side,01-Clear,01-Daylight,MIDBLOCK,
8754,08-060514,20080517,VANIER DR btwn SHELLEY DR & SIEBERT AVE,04-At/near private drive,02-Thru lane,01-Clear,01-Daylight,MIDBLOCK,
8755,08-027334,20080305,FALLOWFIELD DR btwn JOSHUA ST & BRISBANE DR,04-At/near private drive,02-Thru lane,03-Snow,01-Daylight,MIDBLOCK,
8756,08-023200,20080223,KARN ST btwn WEICHEL ST & WESTMOUNT RD W,04-At/near private drive,02-Thru lane,01-Clear,07-Dark,MIDBLOCK,
8757,08-020281,20080216,RUSHBROOK DR btwn THISTLEDOWN DR & ERINBROOK DR,04-At/near private drive,02-Thru lane,01-Clear,07-Dark,MIDBLOCK,
8758,08-017533,20080210,GREEN VALLEY DR btwn ARROWHEAD CRES & MILL PARK DR,04-At/near private drive,12-Off highway,06-Strong wind,01-Daylight,MIDBLOCK,
8759,08-053143,20080503,PLEASANT AVE btwn QUEENS BLVD & BINSCARTH RD,01-Non intersection,02-Thru lane,02-Rain,07-Dark,MIDBLOCK,