OBJECTID,ACCIDENTNUM,ACCIDENTDATE,LOCATION,ACCIDENT_LOCATION,IMPACT_LOCATION,ENVIRONMENT_CONDITION,LIGHT,COLLISION_TYPE,TRAFFICCOLLISIONSID
8760,08-102104,20080708,WESTMOUNT RD W btwn HIGHLAND RD W & VICMOUNT DR,04-At/near private drive,07-Passing lane,01-Clear,01-Daylight,MIDBLOCK,
8761,08-103697,20080816,HAZELGLEN DR btwn DALEGROVE DR & MARKWOOD DR,01-Non intersection,02-Thru lane,01-Clear,"08-Dark, artificial",MIDBLOCK,
8762,08-158771,20081201,ACTIVA AVE btwn WILDERNESS DR & COPPER LEAF ST,02-Intersection related,11-Not on roadway - right side,01-Clear,01-Daylight,MIDBLOCK,
8763,08-163635,20081209,UNION ST btwn MARGARET AVE & SUNSET PL,01-Non intersection,12-Off highway,02-Rain,07-Dark,MIDBLOCK,
8764,08-061441,20080522,CORNELL AVE btwn PLYMOUTH RD & CARLIN AVE,01-Non intersection,02-Thru lane,01-Clear,01-Daylight,MIDBLOCK,
8765,08-055344,20080508,VALLEYVIEW RD btwn OTTAWA ST S & WINDALE CRES,04-At/near private drive,02-Thru lane,01-Clear,01-Daylight,MIDBLOCK,
8766,08-067204,20080603,HAYWARD AVE btwn COURTLAND AVE E & HANSON AVE,04-At/near private drive,02-Thru lane,01-Clear,01-Daylight,MIDBLOCK,
8767,08-062103,20080523,KING ST E btwn SCOTT ST & EBY ST S,04-At/near private drive,11-Not on roadway - right side,01-Clear,07-Dark,MIDBLOCK,
8768,08-154539,20081125,DRIFTWOOD DR btwn PARKLAND CRES & YELLOW BIRCH DR,04-At/near private drive,11-Not on roadway - right side,03-Snow,07-Dark,MIDBLOCK,
8769,08-048911,20080424,FOURTH AVE btwn CONNAUGHT ST & WILSON AVE,04-At/near private drive,12-Off highway,01-Clear,01-Daylight,MIDBLOCK,
8770,08-048969,20080424,WILKINS DR btwn WILLIAMSBURG RD & PINEDALE DR,01-Non intersection,02-Thru lane,01-Clear,01-Daylight,MIDBLOCK,
8771,08-170590,20081221,EAST AVE btwn CHAPEL ST & KRUG ST,01-Non intersection,02-Thru lane,03-Snow,01-Daylight,MIDBLOCK,
8772,08-152330,20081121,KING ST W btwn YOUNG ST & GAUKEL ST,01-Non intersection,02-Thru lane,01-Clear,05-Dusk,MIDBLOCK,
8773,08-129684,20081010,STIRLING AVE S btwn MILL ST & RUSSEL ST,04-At/near private drive,10-Not on roadway - left side,01-Clear,01-Daylight,MIDBLOCK,
8774,08-155608,20081126,FALLOWFIELD DR btwn FALLVIEW ST & BLEAMS RD,01-Non intersection,02-Thru lane,03-Snow,"08-Dark, artificial",MIDBLOCK,
8775,08-154657,20081125,STONYBROOK DR btwn VILLAGE RD & JUNIPER CRES,01-Non intersection,11-Not on roadway - right side,01-Clear,01-Daylight,MIDBLOCK,
8776,08-139094,20081101,MILL PARK DR btwn MILL VIEW ST & MILL VIEW ST,04-At/near private drive,11-Not on roadway - right side,01-Clear,07-Dark,MIDBLOCK,
8777,08-157021,20081128,OVERLEA DR btwn WESTMOUNT RD W & CECILE DR,01-Non intersection,02-Thru lane,03-Snow,"08-Dark, artificial",MIDBLOCK,
8778,08-157135,20081129,KENNETH AVE btwn TRAFALGAR AVE & FRANKLIN ST N,04-At/near private drive,02-Thru lane,03-Snow,"08-Dark, artificial",MIDBLOCK,
8779,08-131989,20081015,DALEGROVE DR btwn INGLESIDE DR & INGLESIDE DR,01-Non intersection,11-Not on roadway - right side,02-Rain,"08-Dark, artificial",MIDBLOCK,
8780,08-040395,20080405,RIVERBEND DR btwn GUELPH ST & BRIDGEPORT RD,04-At/near private drive,11-Not on roadway - right side,01-Clear,01-Daylight,MIDBLOCK,
8781,08-039278,20080402,BECHTEL DR btwn SABRINA CRES & WHEATFIELD CRES,01-Non intersection,11-Not on roadway - right side,01-Clear,07-Dark,MIDBLOCK,
8782,08-164027,20081209,ST JEROME CRES btwn ST JEROME AVE & ST JEROME CRES,04-At/near private drive,02-Thru lane,02-Rain,01-Daylight,MIDBLOCK,
8783,08-173040,20081224,SHANLEY ST btwn DEKAY ST & WATERLOO ST,04-At/near private drive,09-Right shoulder,01-Clear,07-Dark,MIDBLOCK,
8784,08-105937,20080821,WILDERNESS DR btwn PINE MARTIN CRES & PINE MARTIN CRES,04-At/near private drive,02-Thru lane,01-Clear,01-Daylight,MIDBLOCK,
8785,08-103963,20080815,PIONEER DR btwn DOON VILLAGE RD & VINTAGE CRES,04-At/near private drive,02-Thru lane,01-Clear,01-Daylight,MIDBLOCK,
8786,08-151082,20081119,HIDDEN CREEK DR btwn END & HOLLYRIDGE CRES,04-At/near private drive,10-Not on roadway - left side,03-Snow,"08-Dark, artificial",MIDBLOCK,
8787,08-120883,20080922,MARL MEADOW CRES btwn MARL MEADOW DR & MARL MEADOW DR,04-At/near private drive,02-Thru lane,01-Clear,01-Daylight,MIDBLOCK,
8788,08-029495,20080310,HOLBORN DR btwn HOLBORN CRT & OLD CHICOPEE DR,04-At/near private drive,11-Not on roadway - right side,01-Clear,01-Daylight,MIDBLOCK,
8789,08-016641,20080209,ACTIVA AVE btwn DAVID BERGEY DR & ISAIAH DR,01-Non intersection,02-Thru lane,03-Snow,01-Daylight,MIDBLOCK,
8790,08-015596,20080207,HERITAGE DR btwn HALIFAX DR & KEEWATIN AVE,04-At/near private drive,02-Thru lane,01-Clear,01-Daylight,MIDBLOCK,
8791,08-014652,20080120,MONTEAGLE CRES btwn BLACKWELL DR & BLACKWELL DR,04-At/near private drive,02-Thru lane,01-Clear,07-Dark,MIDBLOCK,
8792,08-035846,20080325,KING ST E btwn FREDERICK ST & SCOTT ST,01-Non intersection,02-Thru lane,03-Snow,01-Daylight,MIDBLOCK,
8793,08-030764,20080313,EVERGLADE CRES btwn FOXGLOVE CRES & FOXGLOVE CRES,04-At/near private drive,02-Thru lane,01-Clear,01-Daylight,MIDBLOCK,
8794,08-030785,20080308,MICHAEL ST btwn LINDEN AVE & VICTORIA ST S,04-At/near private drive,02-Thru lane,01-Clear,01-Daylight,MIDBLOCK,
8795,08-042427,20080408,MOOREGATE CRES btwn HAZELGLEN DR & HAZELGLEN DR,04-At/near private drive,02-Thru lane,01-Clear,07-Dark,MIDBLOCK,
8796,08-043851,20080413,REYBURN AVE btwn WOODHAVEN RD & TRAYNOR AVE,01-Non intersection,02-Thru lane,01-Clear,01-Daylight,MIDBLOCK,
8797,08-052471,20080502,KING ST E btwn EBY ST S & CEDAR ST S,01-Non intersection,02-Thru lane,01-Clear,01-Daylight,MIDBLOCK,
8798,08-126587,20081003,COACH HILL DR btwn CHERRY HILL DR & CHERRY HILL DR,01-Non intersection,02-Thru lane,01-Clear,"08-Dark, artificial",MIDBLOCK,
8799,08-030788,20080313,IRON GATE ST btwn LEMON GRASS ST & LEMON GRASS ST,04-At/near private drive,02-Thru lane,01-Clear,01-Daylight,MIDBLOCK,
8800,08-030306,20080312,CARWOOD AVE btwn CAYLEY CRT & COURTLAND AVE E,04-At/near private drive,02-Thru lane,01-Clear,01-Daylight,MIDBLOCK,
8801,08-029026,20080309,LAWRENCE AVE btwn HIGHLAND RD W & PAULANDER DR,04-At/near private drive,02-Thru lane,01-Clear,01-Daylight,MIDBLOCK,
8802,08-070741,20080609,BRIARMEADOW PL btwn DAIMLER DR & BRECKWOOD PL,04-At/near private drive,02-Thru lane,01-Clear,01-Daylight,MIDBLOCK,
8803,08-059117,20080516,EAST AVE btwn CHAPEL ST & KRUG ST,04-At/near private drive,02-Thru lane,01-Clear,05-Dusk,MIDBLOCK,
8804,08-062284,20080524,RISTAU CRES btwn DINISON CRES & RISTAU PL,04-At/near private drive,02-Thru lane,01-Clear,01-Daylight,MIDBLOCK,
8805,08-140323,20081103,STIRLING AVE S btwn CHARLES ST E & FORK IN ROAD,01-Non intersection,02-Thru lane,01-Clear,01-Daylight,MIDBLOCK,
8806,08-139264,20081101,SEABROOK DR btwn WOODBINE AVE & VALENCIA AVE,01-Non intersection,02-Thru lane,01-Clear,03-Dawn,MIDBLOCK,
8807,08-141443,20081106,BROCK ST btwn QUEEN ST S & WEST AVE,04-At/near private drive,12-Off highway,"07-Fog, mist, smoke, dust",03-Dawn,MIDBLOCK,
8808,08-051121,20080429,MORGAN AVE btwn FAIRWAY RD N & SOUTHILL DR,04-At/near private drive,02-Thru lane,01-Clear,01-Daylight,MIDBLOCK,
8809,08-093716,20080726,INGLESIDE DR btwn INGLESIDE PL & DALEGROVE DR,04-At/near private drive,02-Thru lane,01-Clear,01-Daylight,MIDBLOCK,
8810,08-079209,20080621,QUEENS BLVD btwn BELMONT AVE E & BLUERIDGE AVE,04-At/near private drive,02-Thru lane,01-Clear,01-Daylight,MIDBLOCK,
8811,08-067563,20080604,KENNETH AVE btwn FRANKLIN ST N & RENNIE DR,04-At/near private drive,02-Thru lane,01-Clear,01-Daylight,MIDBLOCK,
8812,08-087296,20080712,HIDDEN CREEK DR btwn WESTFOREST TRAIL & HOLLYRIDGE CRES,04-At/near private drive,02-Thru lane,01-Clear,01-Daylight,MIDBLOCK,
8813,08-087594,20080713,OBERMEYER DR btwn FERGUS AVE & KINZIE AVE,04-At/near private drive,02-Thru lane,01-Clear,01-Daylight,MIDBLOCK,
8814,08-129025,20081009,KEEWATIN AVE btwn NIPIGON ST & GEORGIAN ST,01-Non intersection,02-Thru lane,01-Clear,01-Daylight,MIDBLOCK,
8815,08-049344,20080425,KING ST W btwn ONTARIO ST S & YOUNG ST,01-Non intersection,02-Thru lane,01-Clear,01-Daylight,MIDBLOCK,
8816,08-065051,20080530,DINISON CRES btwn DINISON PL & ALBION ST,04-At/near private drive,09-Right shoulder,02-Rain,01-Daylight,MIDBLOCK,
8817,08-024802,20080228,QUEENS BLVD btwn HIGHLAND RD E & SPADINA RD E,04-At/near private drive,02-Thru lane,01-Clear,01-Daylight,MIDBLOCK,
8818,08-027520,20080305,WELLINGTON ST N btwn LANCASTER ST W & PATRICK ST,01-Non intersection,02-Thru lane,03-Snow,07-Dark,MIDBLOCK,
8819,08-048749,20080424,HERITAGE DR btwn OAKHURST CRES & INDIAN RD,04-At/near private drive,02-Thru lane,01-Clear,01-Daylight,MIDBLOCK,
8820,08-053959,20080505,HIGHLAND RD E btwn RUBY ST & SPADINA RD E,04-At/near private drive,02-Thru lane,02-Rain,07-Dark,MIDBLOCK,
8821,08-062831,20080525,MARGARET AVE btwn WILHELM ST & BLUCHER ST,04-At/near private drive,02-Thru lane,01-Clear,01-Daylight,MIDBLOCK,
8822,08-173044,20081225,ELKINGTON DR btwn ROSEMOUNT DR & MANCHESTER RD,04-At/near private drive,09-Right shoulder,01-Clear,01-Daylight,MIDBLOCK,
8823,08-127788,20081006,ROBERT FERRIE DR btwn MOSSGROVE DR & SOUTHRIDGE DR,04-At/near private drive,02-Thru lane,01-Clear,01-Daylight,MIDBLOCK,
8824,08-119241,20080919,CENTREVILLE ST btwn JANSEN AVE & MORGAN AVE,01-Non intersection,02-Thru lane,01-Clear,01-Daylight,MIDBLOCK,
8825,07-057752,20070517,COUNTRY HILL DR btwn BLOCK LINE RD & CHERRY HILL DR,02-Intersection related,01-Within intersection,01-Clear,01-Daylight,MIDBLOCK,
8826,07-139946,20071101,BIEHN DR btwn OLD HURON RD & CARLYLE DR,01-Non intersection,08-Left shoulder,02-Rain,07-Dark,MIDBLOCK,
8827,07-004149,20070111,KINGSWAY DR btwn GREENFIELD AVE & WILSON AVE,04-At/near private drive,02-Thru lane,01-Clear,01-Daylight,MIDBLOCK,
8828,07-005632,20070115,MADISON AVE S btwn CHURCH ST & COURTLAND AVE E,04-At/near private drive,02-Thru lane,04-Freezing Rain,"04-Dawn, artificial",MIDBLOCK,
8829,07-004082,20070110,RIDGEMERE CRT btwn PINE VALLEY DR & RIDGEMERE ST,01-Non intersection,02-Thru lane,01-Clear,01-Daylight,MIDBLOCK,
8830,07-021038,20070222,SHIRLEY AVE btwn RIVERBEND DR & BINGEMANS CENTRE DR,01-Non intersection,02-Thru lane,03-Snow,01-Daylight,MIDBLOCK,
8831,07-024647,20070302,DIXON ST btwn ECKERT ST & PLYMOUTH RD,01-Non intersection,02-Thru lane,01-Clear,01-Daylight,MIDBLOCK,
8832,07-018551,20070216,BRECKENRIDGE DR btwn GIBSON DR & OTTAWA ST N,01-Non intersection,02-Thru lane,01-Clear,01-Daylight,MIDBLOCK,
8833,07-015137,20070208,QUEENS BLVD btwn BELMONT AVE E & BLUERIDGE AVE,04-At/near private drive,02-Thru lane,01-Clear,01-Daylight,MIDBLOCK,
8834,07-063121,20070525,WILSON AVE btwn END & FOURTH AVE,01-Non intersection,02-Thru lane,01-Clear,01-Daylight,MIDBLOCK,
8835,07-013681,20070204,PEPPERWOOD CRES btwn MORGAN AVE & MORGAN AVE,04-At/near private drive,02-Thru lane,03-Snow,01-Daylight,MIDBLOCK,
8836,07-017598,20070214,GREENBROOK DR btwn RUSKVIEW RD & FISCHER HALLMAN RD,01-Non intersection,02-Thru lane,01-Clear,01-Daylight,MIDBLOCK,
8837,07-093009,20070728,DEER RIDGE DR btwn TERRACE WOOD CRES & SPRING MIST DR,04-At/near private drive,02-Thru lane,01-Clear,01-Daylight,MIDBLOCK,
8838,07-093711,20070729,FRANKLIN ST S btwn CONNAUGHT ST & GREENFIELD AVE,01-Non intersection,09-Right shoulder,01-Clear,01-Daylight,MIDBLOCK,
8839,07-044875,20070419,BELMONT AVE W btwn GAGE AVE & GLASGOW ST,01-Non intersection,02-Thru lane,01-Clear,01-Daylight,MIDBLOCK,
8840,07-017676,20070214,DAWN RIDGE DR btwn WESTMEADOW DR & DAWN RIDGE CRT,01-Non intersection,02-Thru lane,03-Snow,01-Daylight,MIDBLOCK,
8841,07-019222,20070217,BLUCHER ST btwn MARGARET AVE & ST LEGER ST,04-At/near private drive,12-Off highway,01-Clear,"06-Dusk, artificial",MIDBLOCK,
8842,07-027877,20070309,FIFTH AVE btwn KINGSWAY DR & CONNAUGHT ST,01-Non intersection,02-Thru lane,01-Clear,"08-Dark, artificial",MIDBLOCK,
8843,07-025617,20070304,MARGARET AVE btwn QUEEN ST N & MAYNARD AVE,04-At/near private drive,02-Thru lane,01-Clear,01-Daylight,MIDBLOCK,
8844,07-049056,20070427,DRIFTWOOD DR btwn TOYNBEE CRES & SOMERFIELD PL,04-At/near private drive,02-Thru lane,01-Clear,"06-Dusk, artificial",MIDBLOCK,
8845,07-040596,20070408,RED CLOVER CRT btwn RED CLOVER CRES & CUL DE SAC,01-Non intersection,01-Within intersection,01-Clear,"08-Dark, artificial",MIDBLOCK,
8846,07-111643,20070904,BELMONT AVE W btwn GAGE AVE & GLASGOW ST,04-At/near private drive,02-Thru lane,01-Clear,01-Daylight,MIDBLOCK,
8847,07-099922,20070811,FRANKLIN ST N btwn SHUH AVE & TRAFALGAR AVE,04-At/near private drive,02-Thru lane,01-Clear,01-Daylight,MIDBLOCK,
8848,07-163540,20071224,KING ST E btwn SCOTT ST & EBY ST S,01-Non intersection,02-Thru lane,01-Clear,"06-Dusk, artificial",MIDBLOCK,
8849,07-165312,20071229,JACKSON AVE btwn CLIFFORD RD & BRENTWOOD AVE,04-At/near private drive,02-Thru lane,03-Snow,07-Dark,MIDBLOCK,
8850,07-163960,20071226,OLD HURON CRT btwn OLD HURON PL & OLD HURON CRT,01-Non intersection,02-Thru lane,01-Clear,01-Daylight,MIDBLOCK,
8851,07-151356,20071127,TRILLIUM DR btwn MCBRINE DR & WASHBURN DR,01-Non intersection,11-Not on roadway - right side,03-Snow,"08-Dark, artificial",MIDBLOCK,
8852,07-010025,20070126,GLASGOW ST btwn GRUHN ST & PARK ST,01-Non intersection,02-Thru lane,03-Snow,01-Daylight,MIDBLOCK,
8853,07-011874,20070131,DOON SOUTH DR btwn WOODSMERE DR & ROBERT FERRIE DR,04-At/near private drive,10-Not on roadway - left side,03-Snow,01-Daylight,MIDBLOCK,
8854,07-005507,20070114,MORGAN AVE btwn FAIRWAY RD N & SOUTHILL DR,04-At/near private drive,12-Off highway,03-Snow,01-Daylight,MIDBLOCK,
8855,07-011028,20070128,SHIRLEY AVE btwn RIVERBEND DR & BINGEMANS CENTRE DR,01-Non intersection,12-Off highway,01-Clear,"08-Dark, artificial",MIDBLOCK,
8856,07-044075,20070417,FOURTH AVE btwn CONNAUGHT ST & WILSON AVE,01-Non intersection,02-Thru lane,01-Clear,01-Daylight,MIDBLOCK,
8857,07-164015,20071226,MARGARET AVE btwn FAIRFIELD AVE & HARTWOOD AVE,04-At/near private drive,11-Not on roadway - right side,01-Clear,01-Daylight,MIDBLOCK,
8858,07-086439,20070714,PINE MARTIN CRES btwn WILDERNESS DR & WILDERNESS DR,04-At/near private drive,02-Thru lane,01-Clear,01-Daylight,MIDBLOCK,
8859,07-085907,20070713,OAK ST btwn LINDEN AVE & VICTORIA ST S,04-At/near private drive,02-Thru lane,01-Clear,01-Daylight,MIDBLOCK,
8860,07-084689,20070708,BRIARFIELD ST btwn BRIARMEADOW DR & IDLE CREEK DR,04-At/near private drive,02-Thru lane,01-Clear,"08-Dark, artificial",MIDBLOCK,
8861,07-000963,20070103,WESTHEIGHTS DR btwn AUTUMN HILL CRES & AUTUMN HILL CRES,01-Non intersection,02-Thru lane,01-Clear,01-Daylight,MIDBLOCK,
8862,07-153753,20071202,WESTFOREST TRAIL btwn SLEEPY HOLLOW CRT & WINDWARD PL,04-At/near private drive,11-Not on roadway - right side,02-Rain,01-Daylight,MIDBLOCK,
8863,07-152398,20071129,STRASBURG RD btwn SELKIRK DR & BLACKHORNE DR,04-At/near private drive,02-Thru lane,01-Clear,01-Daylight,MIDBLOCK,
8864,07-079779,20070630,MOUNTAIN LAUREL CRES btwn BRIDLEWREATH ST & BERRY MOSS ST,04-At/near private drive,02-Thru lane,01-Clear,01-Daylight,MIDBLOCK,
8865,07-067341,20070606,BELMONT AVE W btwn ARGYLE ST & BELMONT LANE E,01-Non intersection,02-Thru lane,01-Clear,01-Daylight,MIDBLOCK,
8866,07-078223,20070627,HANSON AVE btwn ARDELT AVE & HAYWARD AVE,04-At/near private drive,02-Thru lane,02-Rain,01-Daylight,MIDBLOCK,
8867,07-077388,20070626,HIGHLAND RD E btwn MAUSSER AVE & HEIMAN ST,04-At/near private drive,11-Not on roadway - right side,01-Clear,"08-Dark, artificial",MIDBLOCK,
8868,07-018288,20070215,UNION BLVD btwn DUNBAR RD & WESTMOUNT RD W,01-Non intersection,11-Not on roadway - right side,05-Drifting Snow,01-Daylight,MIDBLOCK,
8869,07-014318,20070205,RENNIE DR btwn KENNETH AVE & ANTHONY PL,04-At/near private drive,02-Thru lane,01-Clear,"08-Dark, artificial",MIDBLOCK,
8870,07-015663,20070208,GENERAL DR btwn LANCASTER ST W & GENERAL DR,04-At/near private drive,02-Thru lane,01-Clear,01-Daylight,MIDBLOCK,
8871,07-124338,20070929,FILBERT ST btwn VICTORIA ST N & MANSION ST,01-Non intersection,02-Thru lane,01-Clear,"08-Dark, artificial",MIDBLOCK,
8872,07-130179,20071010,WILFRED AVE btwn PROSPECT AVE & KENNETH AVE,01-Non intersection,02-Thru lane,01-Clear,01-Daylight,MIDBLOCK,
8873,07-135490,20071022,RIDGEMERE CRT btwn PINE VALLEY DR & RIDGEMERE ST,04-At/near private drive,02-Thru lane,01-Clear,01-Daylight,MIDBLOCK,
8874,07-133911,20071013,WATERCRESS CRT btwn WILDERNESS DR & END,04-At/near private drive,02-Thru lane,01-Clear,07-Dark,MIDBLOCK,
8875,07-124673,20070929,STIRLING AVE S btwn CHARLES ST E & FORK IN ROAD,04-At/near private drive,02-Thru lane,01-Clear,01-Daylight,MIDBLOCK,
8876,07-117149,20070915,KING ST W btwn QUEEN ST S & ONTARIO ST S,01-Non intersection,02-Thru lane,01-Clear,01-Daylight,MIDBLOCK,
8877,07-128414,20071007,LAWRENCE AVE btwn HIGHLAND RD W & PAULANDER DR,04-At/near private drive,02-Thru lane,01-Clear,01-Daylight,MIDBLOCK,
8878,07-123333,20070927,STRASBURG RD btwn CHANDLER DR & OTTAWA ST S,04-At/near private drive,02-Thru lane,01-Clear,"08-Dark, artificial",MIDBLOCK,
8879,07-104922,20070821,BRYAN CRT btwn LACKNER BLVD & GREGG CRT,01-Non intersection,02-Thru lane,02-Rain,"02-Daylight, artificial",MIDBLOCK,
8880,07-142012,20071105,VICMOUNT DR btwn WESTMOUNT RD W & VICTORIA ST S,04-At/near private drive,02-Thru lane,01-Clear,01-Daylight,MIDBLOCK,
8881,07-135413,20071022,FOREST GLEN CRES btwn FOREST GLEN CRT & FORESTWOOD DR,04-At/near private drive,02-Thru lane,01-Clear,01-Daylight,MIDBLOCK,
8882,07-157707,20071207,CHANTILLY ST btwn ROCHEFORT ST & MAITLAND ST,04-At/near private drive,02-Thru lane,01-Clear,"08-Dark, artificial",MIDBLOCK,
8883,07-103355,20070818,LAWRENCE AVE btwn HIGHLAND RD W & PAULANDER DR,04-At/near private drive,02-Thru lane,01-Clear,01-Daylight,MIDBLOCK,
8884,07-074080,20070619,TOYNBEE CRES btwn ROYAL ORCHARD DR & DRIFTWOOD DR,04-At/near private drive,02-Thru lane,01-Clear,01-Daylight,MIDBLOCK,
8885,07-069529,20070610,GREY FOX DR btwn QUEEN CHARLOTTE CRES & WILDERNESS DR,01-Non intersection,02-Thru lane,01-Clear,01-Daylight,MIDBLOCK,
8886,07-022957,20070226,BLUCHER ST btwn MARGARET AVE & ST LEGER ST,04-At/near private drive,02-Thru lane,03-Snow,01-Daylight,MIDBLOCK,
8887,07-139633,20071030,THALER AVE btwn KINZIE AVE & FAIRWAY RD N,01-Non intersection,02-Thru lane,01-Clear,07-Dark,MIDBLOCK,
8888,07-101326,20070814,LANARK CRES btwn LANARK CRT & CLAYCROFT CRES,04-At/near private drive,02-Thru lane,01-Clear,01-Daylight,MIDBLOCK,
8889,07-142511,20071106,WILSON AVE btwn FAIRWAY RD S & WEBSTER RD,04-At/near private drive,02-Thru lane,02-Rain,05-Dusk,MIDBLOCK,
8890,07-159007,20071213,RUTHERFORD DR btwn KINZIE AVE & CUL DE SAC,04-At/near private drive,02-Thru lane,01-Clear,07-Dark,MIDBLOCK,
8891,07-160254,20071215,SWEETBRIAR DR btwn DUNCAIRN AVE & RUSKVIEW RD,04-At/near private drive,02-Thru lane,01-Clear,01-Daylight,MIDBLOCK,
8892,07-159910,20071216,HUCK CRES btwn HIGHGATE RD & KELLER CRES,04-At/near private drive,08-Left shoulder,05-Drifting Snow,01-Daylight,MIDBLOCK,
8893,07-054822,20070511,BLACKHORNE CRES btwn BLACKHORNE DR & BLACKHORNE DR,01-Non intersection,02-Thru lane,01-Clear,01-Daylight,MIDBLOCK,
8894,07-058236,20070517,BLACKHORNE CRES btwn BLACKHORNE DR & BLACKHORNE DR,01-Non intersection,02-Thru lane,01-Clear,"08-Dark, artificial",MIDBLOCK,
8895,07-064976,20070601,DOON VILLAGE RD btwn ANVIL ST & DOON MILLS DR,01-Non intersection,09-Right shoulder,01-Clear,01-Daylight,MIDBLOCK,
8896,07-066609,20070603,MADISON AVE S btwn CHURCH ST & COURTLAND AVE E,04-At/near private drive,02-Thru lane,01-Clear,01-Daylight,MIDBLOCK,
8897,07-086522,20070714,GREENFIELD AVE btwn MUNROE ST & TRAYNOR AVE,04-At/near private drive,02-Thru lane,02-Rain,01-Daylight,MIDBLOCK,
8898,07-089088,20070720,MOOREGATE CRES btwn HAZELGLEN DR & HAZELGLEN DR,04-At/near private drive,02-Thru lane,01-Clear,01-Daylight,MIDBLOCK,
8899,07-080189,20070701,OBERMEYER DR btwn FERGUS AVE & KINZIE AVE,04-At/near private drive,02-Thru lane,01-Clear,01-Daylight,MIDBLOCK,
8900,07-013712,20070203,PLYMOUTH RD btwn CORNELL AVE & DIXON ST,04-At/near private drive,02-Thru lane,03-Snow,"08-Dark, artificial",MIDBLOCK,
8901,07-014550,20070206,PIONEER DR btwn UPPER CANADA DR & DOON VILLAGE RD,04-At/near private drive,02-Thru lane,01-Clear,05-Dusk,MIDBLOCK,
8902,07-125780,20071002,MARKWOOD DR btwn ROSSFORD CRES & HAZELGLEN DR,01-Non intersection,02-Thru lane,01-Clear,"08-Dark, artificial",MIDBLOCK,
8903,07-146275,20071115,STRASBURG RD btwn OLD COUNTRY DR & BLEAMS RD,01-Non intersection,02-Thru lane,01-Clear,01-Daylight,MIDBLOCK,
8904,07-149287,20071122,FIRST AVE btwn SECOND AVE & DIXON ST,01-Non intersection,11-Not on roadway - right side,03-Snow,01-Daylight,MIDBLOCK,
8905,07-164016,20071226,KINGSWAY DR btwn ST JEROME AVE & CEDARWOODS CRES,04-At/near private drive,02-Thru lane,01-Clear,01-Daylight,MIDBLOCK,
8906,07-013691,20070204,STIRLING AVE N btwn KING ST E & WEBER ST E,01-Non intersection,11-Not on roadway - right side,03-Snow,01-Daylight,MIDBLOCK,
8907,07-017335,20070213,RIVERBEND DR btwn BRIDGEPORT RD & CUL DE SAC,01-Non intersection,02-Thru lane,03-Snow,"06-Dusk, artificial",MIDBLOCK,
8908,07-111141,20070903,PIONEER DR btwn DOON VILLAGE RD & VINTAGE CRES,04-At/near private drive,02-Thru lane,01-Clear,"08-Dark, artificial",MIDBLOCK,
8909,07-163948,20071224,WALKER ST btwn KINZIE AVE & FLORENCE AVE,04-At/near private drive,02-Thru lane,01-Clear,07-Dark,MIDBLOCK,
8910,07-070966,20070613,COUNTRY HILL DR btwn CEDARHILL CRES & OLD COUNTRY DR,04-At/near private drive,02-Thru lane,01-Clear,01-Daylight,MIDBLOCK,
8911,07-136409,20071024,KING ST E btwn SCOTT ST & EBY ST S,01-Non intersection,11-Not on roadway - right side,01-Clear,01-Daylight,MIDBLOCK,
8912,07-041846,20070412,OLD CARRIAGE DR btwn OLD CARRIAGE CRT & HOMER WATSON BLVD,01-Non intersection,02-Thru lane,01-Clear,01-Daylight,MIDBLOCK,
8913,07-141936,20071105,WASHBURN DR btwn BLEAMS RD & TRILLIUM DR,04-At/near private drive,02-Thru lane,02-Rain,01-Daylight,MIDBLOCK,
8914,07-144043,20071110,MORRISON RD btwn QUINTE CRES & GRAND RIVER BLVD,04-At/near private drive,02-Thru lane,02-Rain,07-Dark,MIDBLOCK,
8915,07-073595,20070618,HACKBERRY ST btwn BUSH CLOVER CRES & ACTIVA AVE,04-At/near private drive,11-Not on roadway - right side,01-Clear,05-Dusk,MIDBLOCK,
8916,07-070683,20070613,RUSHBROOK DR btwn THISTLEDOWN DR & ERINBROOK DR,01-Non intersection,10-Not on roadway - left side,01-Clear,01-Daylight,MIDBLOCK,
8917,07-132769,20071016,STRASBURG RD btwn BLOCK LINE RD & OLD COUNTRY DR,03-At intersection,01-Within intersection,02-Rain,"08-Dark, artificial",MIDBLOCK,
8918,07-132267,20071015,CONESTOGA COLLEGE BLVD btwn DOON VALLEY DR & HOMER WATSON BLVD,01-Non intersection,99-Other,02-Rain,"08-Dark, artificial",MIDBLOCK,
8919,07-062054,20070226,FRANKFURT ST btwn SIENNA CRES & SIENNA CRES,04-At/near private drive,02-Thru lane,01-Clear,01-Daylight,MIDBLOCK,
8920,07-155968,20071207,FIFTH AVE btwn KINGSWAY DR & CONNAUGHT ST,01-Non intersection,02-Thru lane,01-Clear,"08-Dark, artificial",MIDBLOCK,
8921,07-159366,20071215,ROSENEATH CRES btwn BLACKHORNE DR & LAURENTIAN DR,01-Non intersection,10-Not on roadway - left side,01-Clear,"08-Dark, artificial",MIDBLOCK,
8922,07-071721,20070615,KINGSWAY DR btwn CEDARWOODS CRES & GREENFIELD AVE,04-At/near private drive,02-Thru lane,01-Clear,01-Daylight,MIDBLOCK,
8923,07-066474,20070615,LOUISA ST btwn KING ST W & MOORE AVE,04-At/near private drive,02-Thru lane,02-Rain,07-Dark,MIDBLOCK,
8924,07-011581,20070130,MANCHESTER RD btwn NOTTINGHAM AVE & WEDGEWOOD DR,01-Non intersection,12-Off highway,03-Snow,01-Daylight,MIDBLOCK,
8925,07-020083,20070219,PLAINS RD btwn FISCHER HALLMAN RD & TRUSSLER RD,01-Non intersection,11-Not on roadway - right side,01-Clear,07-Dark,MIDBLOCK,
8926,07-015675,20070209,FERGUS AVE btwn WEBER ST E & FALESY AVE,01-Non intersection,11-Not on roadway - right side,01-Clear,01-Daylight,MIDBLOCK,
8927,07-021890,20070224,QUEEN ST N btwn ST LEGER ST & LANCASTER ST W,01-Non intersection,11-Not on roadway - right side,01-Clear,07-Dark,MIDBLOCK,
8928,07-143615,20071109,HICKSON DR btwn CRAIG DR & CRAIG DR,01-Non intersection,10-Not on roadway - left side,02-Rain,01-Daylight,MIDBLOCK,
8929,07-078235,20070627,CLUTHE CRES btwn MILLWOOD CRES & MILLWOOD CRES,04-At/near private drive,02-Thru lane,01-Clear,01-Daylight,MIDBLOCK,
8930,07-075493,20070622,BRYBECK CRES btwn KARN ST & WESTMOUNT RD W,01-Non intersection,02-Thru lane,01-Clear,01-Daylight,MIDBLOCK,