OBJECTID,ACCIDENTNUM,ACCIDENTDATE,LOCATION,ACCIDENT_LOCATION,IMPACT_LOCATION,ENVIRONMENT_CONDITION,LIGHT,COLLISION_TYPE,TRAFFICCOLLISIONSID
8931,07-033373,20070319,JACK AVE btwn PATRICIA AVE & BELMONT AVE W,04-At/near private drive,99-Other,02-Rain,07-Dark,MIDBLOCK,
8932,07-011957,20070123,BROKEN OAK CRES btwn WESTHEIGHTS DR & WESTHEIGHTS DR,04-At/near private drive,02-Thru lane,03-Snow,01-Daylight,MIDBLOCK,
8933,07-010034,20070125,KNOX CRT btwn PINE VALLEY DR & END,04-At/near private drive,02-Thru lane,01-Clear,07-Dark,MIDBLOCK,
8934,07-086660,20070724,MANCHESTER RD btwn NOTTINGHAM AVE & WEDGEWOOD DR,01-Non intersection,02-Thru lane,01-Clear,"08-Dark, artificial",MIDBLOCK,
8935,07-027880,20070309,LOUISA ST btwn KING ST W & MOORE AVE,01-Non intersection,02-Thru lane,01-Clear,"08-Dark, artificial",MIDBLOCK,
8936,07-161359,20071219,DIXON ST btwn ECKERT ST & PLYMOUTH RD,01-Non intersection,02-Thru lane,04-Freezing Rain,"08-Dark, artificial",MIDBLOCK,
8937,07-160805,20071217,BANKSIDE DR btwn BANKSIDE CRES & WESTFOREST TRAIL,04-At/near private drive,02-Thru lane,01-Clear,01-Daylight,MIDBLOCK,
8938,07-011715,20070130,JACK AVE btwn PATRICIA AVE & BELMONT AVE W,01-Non intersection,02-Thru lane,03-Snow,01-Daylight,MIDBLOCK,
8939,07-094045,20070728,RIDGEMERE CRT btwn PINE VALLEY DR & RIDGEMERE ST,04-At/near private drive,02-Thru lane,01-Clear,01-Daylight,MIDBLOCK,
8940,07-076701,20070624,HERITAGE DR btwn HALIFAX DR & KEEWATIN AVE,01-Non intersection,02-Thru lane,01-Clear,01-Daylight,MIDBLOCK,
8941,07-084209,20070709,COPPER LEAF CRES btwn MAX BECKER DR & MAX BECKER DR,04-At/near private drive,02-Thru lane,01-Clear,01-Daylight,MIDBLOCK,
8942,07-118883,20070919,HALIFAX DR btwn NATCHEZ RD & HERITAGE DR,01-Non intersection,02-Thru lane,01-Clear,01-Daylight,MIDBLOCK,
8943,07-148232,20071119,RIVER RD E btwn ROSEMOUNT DR & ISLINGTON AVE,04-At/near private drive,02-Thru lane,02-Rain,"08-Dark, artificial",MIDBLOCK,
8944,07-152461,20071128,PARKLAND CRES btwn DRIFTWOOD DR & DRIFTWOOD DR,04-At/near private drive,02-Thru lane,01-Clear,01-Daylight,MIDBLOCK,
8945,07-105555,20070822,GUERIN AVE btwn KINZIE AVE & FLORENCE AVE,04-At/near private drive,02-Thru lane,01-Clear,01-Daylight,MIDBLOCK,
8946,07-076585,20070624,MORRISON RD btwn GRAND RIVER BLVD & QUINTE CRES,04-At/near private drive,12-Off highway,01-Clear,01-Daylight,MIDBLOCK,
8947,07-112597,20070906,STONYBROOK DR btwn SWEETBRIAR DR & VILLAGE CRES,01-Non intersection,02-Thru lane,01-Clear,01-Daylight,MIDBLOCK,
8948,07-105922,20070824,MCGARRY DR btwn FORESTWOOD DR & BROOKSIDE CRES,01-Non intersection,02-Thru lane,01-Clear,"08-Dark, artificial",MIDBLOCK,
8949,07-118047,20070916,SWEET WILLIAM ST btwn ACTIVA AVE & PERIWINKLE ST,04-At/near private drive,02-Thru lane,,,MIDBLOCK,
8950,07-154273,20071202,DALEGROVE DR btwn HAZELGLEN DR & INGLESIDE DR,04-At/near private drive,02-Thru lane,02-Rain,"08-Dark, artificial",MIDBLOCK,
8951,07-025308,20070303,DIXON ST btwn ECKERT ST & PLYMOUTH RD,04-At/near private drive,02-Thru lane,01-Clear,07-Dark,MIDBLOCK,
8952,07-135268,20071021,FENWICK CRT btwn LYNNHAVEN CRT & CUL DE SAC,04-At/near private drive,10-Not on roadway - left side,01-Clear,07-Dark,MIDBLOCK,
8953,07-148470,20071120,BANKSIDE DR btwn GOLDEN TERRACE CRT & BANKSIDE CRES,01-Non intersection,02-Thru lane,01-Clear,01-Daylight,MIDBLOCK,
8954,07-149794,20071123,PATHFINDER CRES btwn BECHTEL DR & PATHFINDER CRES,01-Non intersection,12-Off highway,01-Clear,01-Daylight,MIDBLOCK,
8955,07-148824,20071120,TEMPLETON DR btwn EDENBRIDGE DR & CHARLESTON PL,04-At/near private drive,02-Thru lane,01-Clear,01-Daylight,MIDBLOCK,
8956,07-164549,20071227,ACTIVA AVE btwn WILDERNESS DR & COPPER LEAF ST,01-Non intersection,11-Not on roadway - right side,01-Clear,"08-Dark, artificial",MIDBLOCK,
8957,07-034808,20070326,CENTURY HILL DR btwn DEVONGLEN DR & SOUTHWOOD DR,04-At/near private drive,02-Thru lane,01-Clear,01-Daylight,MIDBLOCK,
8958,07-038546,20070403,GUELPH ST btwn SPRING VALLEY RD & RIVERBEND DR,04-At/near private drive,02-Thru lane,02-Rain,"08-Dark, artificial",MIDBLOCK,
8959,07-102758,20070815,WESTMEADOW DR btwn WINDING MEADOW CRT & SUNNY MEADOW CRT,04-At/near private drive,02-Thru lane,01-Clear,01-Daylight,MIDBLOCK,
8960,07-111648,20070904,KING ST W btwn QUEEN ST S & ONTARIO ST S,01-Non intersection,11-Not on roadway - right side,01-Clear,01-Daylight,MIDBLOCK,
8961,07-024068,20070301,GREENBROOK DR btwn BIRCHCLIFF AVE & RUSKVIEW RD,01-Non intersection,02-Thru lane,04-Freezing Rain,01-Daylight,MIDBLOCK,
8962,07-008650,20070122,MONARCH WOODS DR btwn THOMAS SLEE DR & MOSSGROVE DR,01-Non intersection,02-Thru lane,01-Clear,07-Dark,MIDBLOCK,
8963,07-096952,20070805,OBERMEYER DR btwn FERGUS AVE & KINZIE AVE,04-At/near private drive,02-Thru lane,01-Clear,01-Daylight,MIDBLOCK,
8964,07-103417,20070818,GUELPH ST btwn WATERLOO ST & WEBER ST W,01-Non intersection,02-Thru lane,01-Clear,"08-Dark, artificial",MIDBLOCK,
8965,07-021398,20070222,BROCK ST btwn QUEEN ST S & WEST AVE,01-Non intersection,02-Thru lane,03-Snow,"08-Dark, artificial",MIDBLOCK,
8966,07-013403,20070203,WILSON AVE btwn FAIRWAY RD S & WEBSTER RD,04-At/near private drive,02-Thru lane,03-Snow,"08-Dark, artificial",MIDBLOCK,
8967,07-000379,20070101,OLD CARRIAGE DR btwn PIONEER DR & OLD CARRIAGE CRT,04-At/near private drive,09-Right shoulder,01-Clear,05-Dusk,MIDBLOCK,
8968,07-108269,20070828,PIONEER DR btwn HOMER WATSON BLVD & OLD CARRIAGE DR,04-At/near private drive,02-Thru lane,01-Clear,01-Daylight,MIDBLOCK,
8969,07-162171,20071221,FRANKLIN ST S btwn KINGSWAY DR & CONNAUGHT ST,04-At/near private drive,03-Left turn lane,01-Clear,01-Daylight,MIDBLOCK,
8970,07-100546,20070812,WILSON AVE btwn FAIRWAY RD S & WEBSTER RD,04-At/near private drive,02-Thru lane,02-Rain,01-Daylight,MIDBLOCK,
8971,07-097159,20070805,SCENIC DR btwn RIVER RD E & VOLTA AVE,04-At/near private drive,02-Thru lane,01-Clear,01-Daylight,MIDBLOCK,
8972,07-043829,20070416,PERTH RD btwn PLEASANT AVE & BURNSIDE AVE,04-At/near private drive,02-Thru lane,01-Clear,01-Daylight,MIDBLOCK,
8973,07-070846,20070601,ROY ST btwn QUEEN ST N & YOUNG ST,04-At/near private drive,02-Thru lane,01-Clear,01-Daylight,MIDBLOCK,
8974,07-071153,20070614,COPPER LEAF CRES btwn MAX BECKER DR & MAX BECKER DR,04-At/near private drive,02-Thru lane,01-Clear,01-Daylight,MIDBLOCK,
8975,07-159087,20071214,TOYNBEE CRES btwn ROYAL ORCHARD DR & DRIFTWOOD DR,04-At/near private drive,02-Thru lane,01-Clear,"08-Dark, artificial",MIDBLOCK,
8976,07-061041,20070524,BANKSIDE DR btwn BANKSIDE CRES & WESTFOREST TRAIL,01-Non intersection,11-Not on roadway - right side,01-Clear,01-Daylight,MIDBLOCK,
8977,07-043813,20070416,COMMONWEALTH CRES btwn ISABELLA ST & ISABELLA ST,04-At/near private drive,02-Thru lane,01-Clear,01-Daylight,MIDBLOCK,
8978,07-044380,20070416,WILLIAMSBURG RD btwn WILKINS DR & PINEDALE DR,01-Non intersection,02-Thru lane,01-Clear,05-Dusk,MIDBLOCK,
8979,07-131456,20071014,STIRLING AVE N btwn KING ST E & WEBER ST E,04-At/near private drive,02-Thru lane,01-Clear,"08-Dark, artificial",MIDBLOCK,
8980,07-126403,20071004,WILDERNESS DR btwn PINE MARTIN CRES & PINE MARTIN CRES,01-Non intersection,02-Thru lane,01-Clear,01-Daylight,MIDBLOCK,
8981,07-138180,20071028,BRENTWOOD AVE btwn EDMUND RD & JACKSON AVE,04-At/near private drive,02-Thru lane,06-Strong wind,07-Dark,MIDBLOCK,
8982,07-132062,20071015,MANSION ST btwn LANCASTER ST E & ELLEN ST E,04-At/near private drive,02-Thru lane,02-Rain,01-Daylight,MIDBLOCK,
8983,07-066522,20070525,REX DR btwn QUEENS BLVD & GLEN RD,04-At/near private drive,02-Thru lane,02-Rain,01-Daylight,MIDBLOCK,
8984,07-069014,20070609,GILMOUR CRES btwn WESTMOUNT RD E & WESTMOUNT RD E,04-At/near private drive,02-Thru lane,01-Clear,01-Daylight,MIDBLOCK,
8985,07-124786,20070930,COUNTRY CLAIR ST btwn COUNTRY CLAIR PL & LANDGREN CRT,04-At/near private drive,02-Thru lane,01-Clear,01-Daylight,MIDBLOCK,
8986,07-164351,20071221,DINISON CRES btwn DINISON PL & ALBION ST,04-At/near private drive,02-Thru lane,01-Clear,07-Dark,MIDBLOCK,
8987,07-151155,20071126,UNION ST btwn MARGARET AVE & SUNSET PL,01-Non intersection,02-Thru lane,03-Snow,07-Dark,MIDBLOCK,
8988,07-152826,20071130,BINGEMANS CENTRE DR btwn SHIRLEY DR & VICTORIA ST N,05-At railway crossing,02-Thru lane,05-Drifting Snow,01-Daylight,MIDBLOCK,
8989,07-132314,20071012,THE COUNTRY WAY btwn SETTLERS DR & TUERR DR,01-Non intersection,02-Thru lane,01-Clear,"06-Dusk, artificial",MIDBLOCK,
8990,07-031464,20070318,DEER RIDGE DR btwn WINIFRED ST & MASTER CRT,01-Non intersection,11-Not on roadway - right side,01-Clear,07-Dark,MIDBLOCK,
8991,07-039054,20070405,BRYBECK CRES btwn KARN ST & WESTMOUNT RD W,01-Non intersection,,03-Snow,01-Daylight,MIDBLOCK,
8992,07-165516,20071230,BLACKHORNE DR btwn BLACKHORNE CRES & MCLENNAN PARK GATE,04-At/near private drive,02-Thru lane,01-Clear,07-Dark,MIDBLOCK,
8993,07-082944,20070707,HIDDEN CREEK DR btwn HOLLYRIDGE CRES & WESTFOREST TRAIL,01-Non intersection,12-Off highway,01-Clear,"08-Dark, artificial",MIDBLOCK,
8994,07-001140,20070129,GUELPH ST btwn MAPLE AVE & SPRING VALLEY RD,04-At/near private drive,02-Thru lane,01-Clear,01-Daylight,MIDBLOCK,
8995,07-046493,20070422,KING ST BYPASS(HWY 8) CAM BND btwn KING ST BYPASS OFFRAMP & KING ST BYPASS OFFRAMP,01-Non intersection,02-Thru lane,01-Clear,01-Daylight,MIDBLOCK,
8996,07-005429,20070114,KARN ST btwn WEICHEL ST & WESTMOUNT RD W,04-At/near private drive,02-Thru lane,03-Snow,01-Daylight,MIDBLOCK,
8997,07-005402,20070114,MORRISON RD btwn QUINTE CRES & GRAND RIVER BLVD,01-Non intersection,02-Thru lane,03-Snow,01-Daylight,MIDBLOCK,
8998,07-005418,20070114,WESTHEIGHTS DR btwn TRAILVIEW DR & AUTUMN HILL CRES,01-Non intersection,11-Not on roadway - right side,03-Snow,01-Daylight,MIDBLOCK,
8999,07-007579,20070120,KINGSWAY DR btwn GREENFIELD AVE & WILSON AVE,01-Non intersection,08-Left shoulder,03-Snow,"06-Dusk, artificial",MIDBLOCK,
9000,07-001605,20070104,KINGSWAY DR btwn GREENFIELD AVE & WILSON AVE,04-At/near private drive,02-Thru lane,01-Clear,05-Dusk,MIDBLOCK,
9001,07-016825,20070212,RIVER RD E btwn OTTAWA ST N & HOLBORN DR,04-At/near private drive,02-Thru lane,01-Clear,01-Daylight,MIDBLOCK,
9002,07-018355,20070215,HIDDEN VALLEY RD btwn WABANAKI DR & HIDDEN VALLEY CRES,01-Non intersection,02-Thru lane,03-Snow,07-Dark,MIDBLOCK,
9003,07-003776,20070110,JANSEN AVE btwn HUBER ST & WALKER ST,01-Non intersection,02-Thru lane,03-Snow,01-Daylight,MIDBLOCK,
9004,07-016495,20070211,ACTIVA AVE btwn DAVID BERGEY DR & ISAIAH DR,04-At/near private drive,02-Thru lane,01-Clear,01-Daylight,MIDBLOCK,
9005,07-008674,20070122,PENELOPE DR btwn IRA NEEDLES BLVD & CORA DR,01-Non intersection,11-Not on roadway - right side,03-Snow,"08-Dark, artificial",MIDBLOCK,
9006,07-007324,20070119,BRADLEY DR btwn FRANKLIN ST N & ASKIN PL,01-Non intersection,02-Thru lane,03-Snow,01-Daylight,MIDBLOCK,
9007,07-021329,20070222,PINE VALLEY DR btwn FISCHER CRT & KNOX CRT,04-At/near private drive,11-Not on roadway - right side,05-Drifting Snow,01-Daylight,MIDBLOCK,
9008,07-016543,20070210,MONTANA CRES btwn BLACKWELL DR & BLACKWELL DR,04-At/near private drive,99-Other,01-Clear,07-Dark,MIDBLOCK,
9009,07-016079,20070206,CONNELLY DR btwn WESTHEIGHTS DR & ROLLING MEADOWS DR,04-At/near private drive,02-Thru lane,01-Clear,"08-Dark, artificial",MIDBLOCK,
9010,07-019201,20070217,JASPER CRT btwn HOWLAND DR & CUL DE SAC,01-Non intersection,02-Thru lane,03-Snow,05-Dusk,MIDBLOCK,
9011,07-020131,20070219,BELMONT AVE W btwn BELMONT LANE E & UNION BLVD,04-At/near private drive,02-Thru lane,01-Clear,"06-Dusk, artificial",MIDBLOCK,
9012,07-017680,20070214,ACTIVA AVE btwn GREY FOX DR & BUSH CLOVER CRES,04-At/near private drive,02-Thru lane,01-Clear,01-Daylight,MIDBLOCK,
9013,07-012818,20070202,BRUBACHER ST btwn SAMUEL ST & SIMEON ST,04-At/near private drive,02-Thru lane,01-Clear,01-Daylight,MIDBLOCK,
9014,07-162282,20071221,PERIWINKLE ST btwn SWEET WILLIAM ST & DONNENWERTH DR,04-At/near private drive,02-Thru lane,01-Clear,07-Dark,MIDBLOCK,
9015,07-101110,20070812,WATERLOO ST btwn SHANLEY ST & BISMARK AVE,04-At/near private drive,09-Right shoulder,01-Clear,01-Daylight,MIDBLOCK,
9016,07-111487,20070906,CONESTOGA COLLEGE BLVD btwn DOON VALLEY DR & HOMER WATSON BLVD,01-Non intersection,02-Thru lane,01-Clear,01-Daylight,MIDBLOCK,
9017,07-120238,20070921,WELLINGTON ST N btwn ST LEGER ST & MAJOR ST,04-At/near private drive,02-Thru lane,01-Clear,"08-Dark, artificial",MIDBLOCK,
9018,07-120101,20070921,ALPINE RD btwn OTTAWA ST S & FLINT DR,04-At/near private drive,02-Thru lane,01-Clear,01-Daylight,MIDBLOCK,
9019,07-119579,20070920,PARKVALE DR btwn WOODBINE AVE & MAITLAND ST,01-Non intersection,11-Not on roadway - right side,01-Clear,01-Daylight,MIDBLOCK,
9020,07-017848,20070214,KING ST W btwn WATER ST S & FRANCIS ST N,01-Non intersection,02-Thru lane,01-Clear,,MIDBLOCK,
9021,07-160376,20071217,ERINBROOK DR btwn GOUNDRY CRES & THE COUNTRY WAY,04-At/near private drive,02-Thru lane,03-Snow,01-Daylight,MIDBLOCK,
9022,07-030883,20070316,DODGE DR btwn NEW DUNDEE RD & GROH DR,04-At/near private drive,10-Not on roadway - left side,03-Snow,07-Dark,MIDBLOCK,
9023,07-160745,20071218,WILSON AVE btwn NINTH AVE & WOODHAVEN RD,01-Non intersection,02-Thru lane,01-Clear,01-Daylight,MIDBLOCK,
9024,07-158116,20071212,GLASGOW ST btwn EDEN AVE & BELMONT AVE W,04-At/near private drive,02-Thru lane,01-Clear,01-Daylight,MIDBLOCK,
9025,07-161264,20071214,QUEENS BLVD btwn WESTMOUNT RD E & CECILE DR,01-Non intersection,02-Thru lane,02-Rain,"08-Dark, artificial",MIDBLOCK,
9026,07-149896,20071123,MARGARET AVE btwn GUELPH ST & FAIRFIELD AVE,04-At/near private drive,10-Not on roadway - left side,03-Snow,"08-Dark, artificial",MIDBLOCK,
9027,07-159330,20071215,BECHTEL DR btwn ANVIL ST & SABRINA CRES,04-At/near private drive,10-Not on roadway - left side,01-Clear,01-Daylight,MIDBLOCK,
9028,07-069432,20070610,BELMONT AVE W btwn HIGHLAND RD W & BURN PL,01-Non intersection,04-Right turn lane,01-Clear,01-Daylight,MIDBLOCK,
9029,07-022925,20070226,UNION BLVD btwn DUNBAR RD & WESTMOUNT RD W,04-At/near private drive,02-Thru lane,01-Clear,03-Dawn,MIDBLOCK,
9030,07-030292,20070319,MARGARET AVE btwn GUELPH ST & FAIRFIELD AVE,01-Non intersection,02-Thru lane,01-Clear,01-Daylight,MIDBLOCK,
9031,07-033883,20070324,CHOPIN DR btwn WESTMOUNT RD W & MARKWOOD DR,01-Non intersection,02-Thru lane,02-Rain,01-Daylight,MIDBLOCK,
9032,07-029077,20070312,UNION BLVD btwn DUNBAR RD & WESTMOUNT RD W,01-Non intersection,02-Thru lane,01-Clear,01-Daylight,MIDBLOCK,
9033,07-009294,20070123,KINGSWOOD DR btwn ROBERTS CRES & FLINT DR,01-Non intersection,09-Right shoulder,03-Snow,01-Daylight,MIDBLOCK,
9034,07-029055,20070312,OLD CHICOPEE TRAIL btwn DAIMLER DR & FAIRWAY RD N,04-At/near private drive,09-Right shoulder,01-Clear,01-Daylight,MIDBLOCK,
9035,07-157700,20071211,QUEENS BLVD btwn FISCHER HALLMAN RD & ELM RIDGE DR,04-At/near private drive,02-Thru lane,02-Rain,05-Dusk,MIDBLOCK,
9036,07-102101,20070816,PARK ST btwn VICTORIA ST S & CHERRY ST,01-Non intersection,11-Not on roadway - right side,01-Clear,"08-Dark, artificial",MIDBLOCK,
9037,07-100508,20070812,WILSON AVE btwn FAIRWAY RD S & WEBSTER RD,01-Non intersection,02-Thru lane,02-Rain,01-Daylight,MIDBLOCK,
9038,07-149607,20071123,GREEN VALLEY DR btwn PIONEER DR & ARROWHEAD CRES,04-At/near private drive,02-Thru lane,01-Clear,01-Daylight,MIDBLOCK,
9039,07-008142,20070121,GLASGOW ST btwn IRA NEEDLES BLVD & HIGHLAND RD W,01-Non intersection,02-Thru lane,01-Clear,01-Daylight,MIDBLOCK,
9040,07-007159,20070119,UNION BLVD btwn DUNBAR RD & WESTMOUNT RD W,04-At/near private drive,11-Not on roadway - right side,03-Snow,01-Daylight,MIDBLOCK,
9041,07-006181,20070116,QUEEN ST S btwn ST GEORGE ST & COURTLAND AVE E,04-At/near private drive,03-Left turn lane,01-Clear,01-Daylight,MIDBLOCK,
9042,07-136193,20071024,THE COUNTRY WAY btwn SETTLERS DR & TUERR DR,04-At/near private drive,02-Thru lane,01-Clear,03-Dawn,MIDBLOCK,
9043,07-149564,20071123,ROY ST btwn QUEEN ST N & YOUNG ST,04-At/near private drive,02-Thru lane,03-Snow,"08-Dark, artificial",MIDBLOCK,
9044,07-154091,20071203,BINGEMANS CENTRE DR btwn RIVERBEND DR & SHIRLEY DR,01-Non intersection,02-Thru lane,05-Drifting Snow,01-Daylight,MIDBLOCK,
9045,07-154180,20071203,BRECKENRIDGE DR btwn GIBSON DR & OTTAWA ST N,01-Non intersection,02-Thru lane,03-Snow,01-Daylight,MIDBLOCK,
9046,07-053014,20070507,PARK ST btwn VICTORIA ST S & CHERRY ST,01-Non intersection,02-Thru lane,01-Clear,01-Daylight,MIDBLOCK,
9047,07-117074,20070915,DALEGROVE DR btwn INGLESIDE DR & INGLESIDE DR,04-At/near private drive,11-Not on roadway - right side,01-Clear,01-Daylight,MIDBLOCK,
9048,07-018554,20070216,FALLOWFIELD DR btwn JOSHUA ST & BRISBANE DR,01-Non intersection,02-Thru lane,01-Clear,01-Daylight,MIDBLOCK,
9049,07-021833,20070223,EAST AVE btwn KRUG ST & GLENDALE RD,02-Intersection related,01-Within intersection,01-Clear,"08-Dark, artificial",MIDBLOCK,
9050,07-097057,20070805,FREDERICK ST btwn LOIS ST & RIVER RD E,04-At/near private drive,02-Thru lane,01-Clear,01-Daylight,MIDBLOCK,
9051,07-108695,20070830,HOMEWOOD AVE btwn QUEEN ST S & WEST AVE,01-Non intersection,02-Thru lane,01-Clear,01-Daylight,MIDBLOCK,
9052,07-116770,20070914,QUEENS BLVD btwn FISCHER HALLMAN RD & ELM RIDGE DR,04-At/near private drive,02-Thru lane,02-Rain,01-Daylight,MIDBLOCK,
9053,07-140020,20071101,WASHBURN DR btwn BLEAMS RD & TRILLIUM DR,01-Non intersection,02-Thru lane,01-Clear,01-Daylight,MIDBLOCK,
9054,07-014852,20070207,KEEWATIN AVE btwn NIPIGON ST & GEORGIAN ST,04-At/near private drive,02-Thru lane,01-Clear,01-Daylight,MIDBLOCK,
9055,07-065422,20070602,KING ST W btwn ONTARIO ST S & YOUNG ST,04-At/near private drive,02-Thru lane,01-Clear,01-Daylight,MIDBLOCK,
9056,07-071562,20070615,GLASGOW ST btwn IRA NEEDLES BLVD & HIGHLAND RD W,01-Non intersection,09-Right shoulder,01-Clear,07-Dark,MIDBLOCK,
9057,07-077048,20070624,MORRISON RD btwn QUINTE CRES & GRAND RIVER BLVD,04-At/near private drive,02-Thru lane,01-Clear,01-Daylight,MIDBLOCK,
9058,07-076587,20070624,HERITAGE DR btwn OAKHURST CRES & OTTAWA ST N,04-At/near private drive,02-Thru lane,01-Clear,01-Daylight,MIDBLOCK,
9059,07-073535,20070618,DOON MILLS DR btwn SUGARMILL CRT & PINE VALLEY DR,04-At/near private drive,09-Right shoulder,01-Clear,01-Daylight,MIDBLOCK,
9060,07-112661,20070905,ACTIVA AVE btwn MAX BECKER DR & BERRY MOSS ST,04-At/near private drive,99-Other,01-Clear,01-Daylight,MIDBLOCK,
9061,07-061067,20070524,TRILLIUM DR btwn MCBRINE DR & WASHBURN DR,04-At/near private drive,02-Thru lane,01-Clear,01-Daylight,MIDBLOCK,
9062,07-098500,20070808,WEBSTER RD btwn WILSON AVE & MANITOU DR,04-At/near private drive,02-Thru lane,01-Clear,01-Daylight,MIDBLOCK,
9063,07-093627,20070729,DONNENWERTH DR btwn BRIDLEWREATH ST & ACTIVA AVE,04-At/near private drive,09-Right shoulder,01-Clear,"08-Dark, artificial",MIDBLOCK,
9064,07-071836,20070615,PETER ST btwn COURTLAND AVE E & MARTIN ST,04-At/near private drive,02-Thru lane,01-Clear,01-Daylight,MIDBLOCK,
9065,07-032085,20070319,SOPHIA CRES btwn WOODBINE AVE & CORSICA ST,04-At/near private drive,02-Thru lane,03-Snow,01-Daylight,MIDBLOCK,
9066,07-072556,20070616,WINDFLOWER CRES btwn WINDFLOWER DR & WINDFLOWER DR,04-At/near private drive,02-Thru lane,01-Clear,01-Daylight,MIDBLOCK,
9067,07-126374,20071004,PIONEER DR btwn UPPER CANADA DR & DOON VILLAGE RD,01-Non intersection,99-Other,01-Clear,07-Dark,MIDBLOCK,
9068,07-134635,20071020,RIVERBEND DR btwn GUELPH ST & BRIDGEPORT RD,01-Non intersection,02-Thru lane,01-Clear,01-Daylight,MIDBLOCK,
9069,07-120553,20070921,GLEN LAKE CRES btwn FORESTWOOD DR & FORESTWOOD DR,04-At/near private drive,02-Thru lane,01-Clear,01-Daylight,MIDBLOCK,
9070,07-118260,20070914,FRANKFURT ST btwn SIENNA CRES & SIENNA CRES,04-At/near private drive,02-Thru lane,01-Clear,01-Daylight,MIDBLOCK,
9071,07-131134,20071013,KING ST E btwn FREDERICK ST & SCOTT ST,04-At/near private drive,02-Thru lane,01-Clear,01-Daylight,MIDBLOCK,
9072,07-095169,20070728,RED CLOVER CRES btwn RED CLOVER CRT & SNOWDROP CRES,04-At/near private drive,02-Thru lane,01-Clear,01-Daylight,MIDBLOCK,
9073,07-086600,20070714,NEWBURY DR btwn COVINGTON CRES & BURNABY CRES,04-At/near private drive,02-Thru lane,01-Clear,01-Daylight,MIDBLOCK,
9074,07-092499,20070726,WILSON AVE btwn FAIRWAY RD S & WEBSTER RD,04-At/near private drive,02-Thru lane,01-Clear,01-Daylight,MIDBLOCK,
9075,07-123118,20070927,CONESTOGA COLLEGE BLVD btwn DOON VALLEY DR & HOMER WATSON BLVD,01-Non intersection,02-Thru lane,01-Clear,01-Daylight,MIDBLOCK,
9076,07-008456,20070120,CHANDLER DR btwn ELMSDALE DR & LEACREST CRT,04-At/near private drive,02-Thru lane,01-Clear,01-Daylight,MIDBLOCK,
9077,07-019979,20070219,QUEENS BLVD btwn WESTMOUNT RD E & CECILE DR,02-Intersection related,02-Thru lane,01-Clear,01-Daylight,MIDBLOCK,
9078,07-149730,20071123,CHAPEL ST btwn LANCASTER ST E & SAMUEL ST,01-Non intersection,11-Not on roadway - right side,03-Snow,01-Daylight,MIDBLOCK,
9079,07-043776,20070416,GLASGOW ST btwn IRA NEEDLES BLVD & HIGHLAND RD W,01-Non intersection,10-Not on roadway - left side,02-Rain,01-Daylight,MIDBLOCK,
9080,07-048227,20070426,PARK ST btwn VICTORIA ST S & CHERRY ST,06-Underpass or tunnel,02-Thru lane,02-Rain,01-Daylight,MIDBLOCK,
9081,07-079256,20070629,BLACKWELL DR btwn MONTEAGLE CRES & LANARK CRES,04-At/near private drive,02-Thru lane,01-Clear,01-Daylight,MIDBLOCK,
9082,07-059724,20070521,BLACKHORNE DR btwn BLACKHORNE CRES & MCLENNAN PARK GATE,04-At/near private drive,02-Thru lane,01-Clear,01-Daylight,MIDBLOCK,
9083,07-059758,20070521,REYBURN AVE btwn WOODHAVEN RD & TRAYNOR AVE,04-At/near private drive,09-Right shoulder,01-Clear,01-Daylight,MIDBLOCK,
9084,07-002805,20070107,WEBER ST E btwn BORDEN AVE N & ONWARD AVE,04-At/near private drive,99-Other,01-Clear,07-Dark,MIDBLOCK,
9085,07-008847,20070122,MAX BECKER DR btwn ISABELLA ST & COMMONWEALTH ST,01-Non intersection,02-Thru lane,01-Clear,01-Daylight,MIDBLOCK,
9086,07-152967,20071130,QUEENS BLVD btwn BELMONT AVE E & BLUERIDGE AVE,01-Non intersection,09-Right shoulder,06-Strong wind,07-Dark,MIDBLOCK,
9087,07-152479,20071129,GATEWAY PARK DR btwn TU LANE ST & KING ST E,01-Non intersection,11-Not on roadway - right side,03-Snow,01-Daylight,MIDBLOCK,
9088,07-155306,20071206,STIRLING AVE S btwn MILL ST & RUSSEL ST,01-Non intersection,11-Not on roadway - right side,01-Clear,"08-Dark, artificial",MIDBLOCK,
9089,07-043160,20070404,DUMFRIES AVE btwn KRUG ST & STIRLING AVE N,01-Non intersection,02-Thru lane,02-Rain,"08-Dark, artificial",MIDBLOCK,
9090,07-076497,20070624,HIGHLAND RD E btwn DELAWARE AVE & STIRLING AVE S,01-Non intersection,02-Thru lane,01-Clear,01-Daylight,MIDBLOCK,
9091,07-091649,20070725,STRASBURG RD btwn BLOCK LINE RD & OLD COUNTRY DR,02-Intersection related,02-Thru lane,01-Clear,01-Daylight,MIDBLOCK,
9092,07-011635,20070130,RIVERBEND DR btwn SHIRLEY AVE & GUELPH ST,01-Non intersection,02-Thru lane,01-Clear,01-Daylight,MIDBLOCK,
9093,07-013550,20070204,BLUCHER ST btwn MARGARET AVE & ST LEGER ST,04-At/near private drive,02-Thru lane,01-Clear,01-Daylight,MIDBLOCK,
9094,06-036284,20060326,ROLLING MEADOWS DR btwn WESTVIEW CRES & WESTHEIGHTS DR,01-Non intersection,02-Thru lane,01-Clear,01-Daylight,MIDBLOCK,
9095,06-040133,20060404,DAVID BERGEY DR btwn PEACH BLOSSOM CRES & OTTAWA ST S,04-At/near private drive,02-Thru lane,01-Clear,01-Daylight,MIDBLOCK,
9096,06-040316,20060404,BELMONT AVE W btwn GAGE AVE & GLASGOW ST,04-At/near private drive,02-Thru lane,01-Clear,01-Daylight,MIDBLOCK,
9097,06-083288,20060701,BRIAR KNOLL DR btwn CALMCREST DR & BRIAR KNOLL PL,04-At/near private drive,02-Thru lane,01-Clear,01-Daylight,MIDBLOCK,
9098,06-166915,20061229,CHURCH ST btwn BENTON ST & PETER ST,01-Non intersection,02-Thru lane,01-Clear,01-Daylight,MIDBLOCK,
9099,06-166181,20061226,TROY ST btwn KRUG ST & CAMERON ST N,04-At/near private drive,02-Thru lane,01-Clear,01-Daylight,MIDBLOCK,
9100,06-139417,20061027,PIONEER DR btwn DOON VILLAGE RD & VINTAGE CRES,01-Non intersection,02-Thru lane,02-Rain,"08-Dark, artificial",MIDBLOCK,
9101,06-090429,20060717,KING ST W btwn WATER ST S & FRANCIS ST N,01-Non intersection,02-Thru lane,01-Clear,01-Daylight,MIDBLOCK,
9102,06-133613,20061014,KING ST E btwn SCOTT ST & EBY ST S,04-At/near private drive,02-Thru lane,01-Clear,01-Daylight,MIDBLOCK,