OBJECTID,ACCIDENTNUM,ACCIDENTDATE,LOCATION,ACCIDENT_LOCATION,IMPACT_LOCATION,ENVIRONMENT_CONDITION,LIGHT,COLLISION_TYPE,TRAFFICCOLLISIONSID
9103,06-142385,20061103,ACTIVA AVE btwn ISAIAH DR & SNOWDROP CRES,04-At/near private drive,02-Thru lane,01-Clear,01-Daylight,MIDBLOCK,
9104,06-089920,20060716,QUEENS BLVD btwn BELMONT AVE E & BLUERIDGE AVE,04-At/near private drive,12-Off highway,01-Clear,07-Dark,MIDBLOCK,
9105,06-069731,20060416,TEMPLETON DR btwn EDENBRIDGE DR & CHARLESTON PL,04-At/near private drive,02-Thru lane,01-Clear,01-Daylight,MIDBLOCK,
9106,06-071011,20060608,COUNTRY HILL DR btwn COACH HILL DR & FOUR SEASONS CRT,10-Parking lot,12-Off highway,01-Clear,01-Daylight,MIDBLOCK,
9107,06-142973,20061104,MORGAN AVE btwn FAIRWAY RD N & SOUTHILL DR,01-Non intersection,02-Thru lane,01-Clear,01-Daylight,MIDBLOCK,
9108,06-071276,20060608,EPHRAIM ST btwn LOIS ST & RIVER RD E,04-At/near private drive,09-Right shoulder,01-Clear,01-Daylight,MIDBLOCK,
9109,06-070825,20060607,SILVER ASPEN CRES btwn ELM RIDGE DR & ELM RIDGE DR,04-At/near private drive,02-Thru lane,01-Clear,01-Daylight,MIDBLOCK,
9110,06-077414,20060621,THE COUNTRY WAY btwn TUERR DR & COLONY DR,04-At/near private drive,02-Thru lane,01-Clear,"08-Dark, artificial",MIDBLOCK,
9111,06-077063,20060620,MILL ST btwn STIRLING AVE S & HEIMAN ST,04-At/near private drive,02-Thru lane,01-Clear,01-Daylight,MIDBLOCK,
9112,06-148050,20061115,BLACKHORNE DR btwn BRIAR KNOLL DR & ROSENEATH CRES,04-At/near private drive,02-Thru lane,02-Rain,,MIDBLOCK,
9113,06-142854,20061104,STIRLING AVE S btwn SOUTHMOOR DR & AVALON PL,01-Non intersection,02-Thru lane,01-Clear,"08-Dark, artificial",MIDBLOCK,
9114,06-135813,20061019,MARGARET AVE btwn FAIRFIELD AVE & HARTWOOD AVE,04-At/near private drive,02-Thru lane,01-Clear,01-Daylight,MIDBLOCK,
9115,06-130984,20061008,WINIFRED ST btwn DEER RIDGE DR & LANTERN ST,04-At/near private drive,02-Thru lane,01-Clear,07-Dark,MIDBLOCK,
9116,06-069525,20060605,MAX BECKER DR btwn HELENA FEASBY ST & FISCHER HALLMAN RD,01-Non intersection,02-Thru lane,01-Clear,01-Daylight,MIDBLOCK,
9117,06-068187,20060602,TRILLIUM DR btwn MCBRINE DR & WASHBURN DR,04-At/near private drive,02-Thru lane,01-Clear,01-Daylight,MIDBLOCK,
9118,06-120647,20060917,PEPPERWOOD CRES btwn MORGAN AVE & MORGAN AVE,04-At/near private drive,02-Thru lane,01-Clear,"08-Dark, artificial",MIDBLOCK,
9119,06-119860,20060915,DODGE DR btwn NEW DUNDEE RD & GROH DR,01-Non intersection,10-Not on roadway - left side,01-Clear,07-Dark,MIDBLOCK,
9120,06-126389,20060929,EDGEWATER CRES btwn JANINE ST & JANINE ST,01-Non intersection,99-Other,01-Clear,01-Daylight,MIDBLOCK,
9121,06-124079,20060924,ROSENEATH CRES btwn BLACKHORNE DR & LAURENTIAN DR,01-Non intersection,02-Thru lane,02-Rain,"08-Dark, artificial",MIDBLOCK,
9122,06-124292,20060924,BRYBECK CRES btwn KARN ST & WESTMOUNT RD W,01-Non intersection,09-Right shoulder,02-Rain,01-Daylight,MIDBLOCK,
9123,06-075926,20060618,PINNACLE DR btwn AMHERST DR & DOON VALLEY DR,04-At/near private drive,11-Not on roadway - right side,01-Clear,"04-Dawn, artificial",MIDBLOCK,
9124,06-061803,20060518,COMMONWEALTH CRES btwn ISABELLA ST & ISABELLA ST,04-At/near private drive,09-Right shoulder,01-Clear,"08-Dark, artificial",MIDBLOCK,
9125,06-057791,20060511,PATRICIA AVE btwn SPADINA RD W & HIGHLAND RD W,04-At/near private drive,02-Thru lane,02-Rain,01-Daylight,MIDBLOCK,
9126,06-064100,20060525,BELMONT AVE W btwn HIGHLAND RD W & BURN PL,04-At/near private drive,02-Thru lane,01-Clear,01-Daylight,MIDBLOCK,
9127,06-072482,20060610,PERTH RD btwn PLEASANT AVE & BURNSIDE AVE,04-At/near private drive,02-Thru lane,01-Clear,01-Daylight,MIDBLOCK,
9128,06-142275,20061103,PIONEER DR btwn OLD CARRIAGE DR & BECHTEL DR,01-Non intersection,11-Not on roadway - right side,03-Snow,"08-Dark, artificial",MIDBLOCK,
9129,06-137893,20061024,WILSON AVE btwn END & FOURTH AVE,10-Parking lot,12-Off highway,01-Clear,"08-Dark, artificial",MIDBLOCK,
9130,06-031651,20060310,ROY ST btwn QUEEN ST N & YOUNG ST,01-Non intersection,02-Thru lane,01-Clear,"08-Dark, artificial",MIDBLOCK,
9131,06-033774,20060321,BONIFACE AVE btwn MASSEY AVE & MASSEY AVE,04-At/near private drive,02-Thru lane,01-Clear,01-Daylight,MIDBLOCK,
9132,06-023340,20060221,WOODHAVEN RD btwn CONNAUGHT ST & GREENFIELD AVE,04-At/near private drive,02-Thru lane,01-Clear,"08-Dark, artificial",MIDBLOCK,
9133,06-037065,20060326,COLTON CIR btwn PEBBLECREEK DR & COLTON CIR,04-At/near private drive,02-Thru lane,01-Clear,01-Daylight,MIDBLOCK,
9134,06-067543,20060601,HAYWARD AVE btwn COURTLAND AVE E & HANSON AVE,01-Non intersection,02-Thru lane,01-Clear,01-Daylight,MIDBLOCK,
9135,06-130129,20061007,GRULKE ST btwn KINZIE AVE & FAIRWAY RD N,01-Non intersection,02-Thru lane,01-Clear,,MIDBLOCK,
9136,06-130192,20061007,KING ST E btwn SCOTT ST & EBY ST S,01-Non intersection,09-Right shoulder,01-Clear,01-Daylight,MIDBLOCK,
9137,07-030961,20070317,ALPINE RD btwn OTTAWA ST S & FLINT DR,01-Non intersection,02-Thru lane,01-Clear,"08-Dark, artificial",MIDBLOCK,
9138,07-062538,20070526,MAX BECKER DR btwn ISABELLA ST & COMMONWEALTH ST,04-At/near private drive,02-Thru lane,01-Clear,01-Daylight,MIDBLOCK,
9139,07-131167,20071013,LAWRENCE AVE btwn HIGHLAND RD W & PAULANDER DR,04-At/near private drive,03-Left turn lane,01-Clear,01-Daylight,MIDBLOCK,
9140,07-133787,20071019,TRAYNOR AVE btwn BALFOUR CRES & BELWOOD CRES,01-Non intersection,08-Left shoulder,02-Rain,01-Daylight,MIDBLOCK,
9141,07-095914,20070803,BIRKSHIRE CRT btwn LORRAINE AVE & CUL DE SAC,01-Non intersection,02-Thru lane,01-Clear,01-Daylight,MIDBLOCK,
9142,07-114208,20070909,PIONEER DR btwn UPPER CANADA DR & DOON VILLAGE RD,01-Non intersection,02-Thru lane,02-Rain,01-Daylight,MIDBLOCK,
9143,07-069925,20070611,RIVERBEND DR btwn SHIRLEY AVE & GUELPH ST,01-Non intersection,02-Thru lane,01-Clear,01-Daylight,MIDBLOCK,
9144,07-139595,20071031,STRASBURG RD btwn SELKIRK DR & BLACKHORNE DR,04-At/near private drive,02-Thru lane,01-Clear,"04-Dawn, artificial",MIDBLOCK,
9145,07-139778,20071031,KINGSWAY DR btwn ST JEROME AVE & CEDARWOODS CRES,04-At/near private drive,02-Thru lane,01-Clear,01-Daylight,MIDBLOCK,
9146,07-149606,20071123,STIRLING AVE N btwn SAMUEL ST & SIMEON ST,01-Non intersection,10-Not on roadway - left side,01-Clear,01-Daylight,MIDBLOCK,
9147,07-089846,20070721,MAX BECKER DR btwn ISABELLA ST & COMMONWEALTH ST,01-Non intersection,02-Thru lane,01-Clear,01-Daylight,MIDBLOCK,
9148,07-088375,20070718,QUEENS BLVD btwn FISCHER HALLMAN RD & ELM RIDGE DR,04-At/near private drive,02-Thru lane,01-Clear,01-Daylight,MIDBLOCK,
9149,07-127520,20071005,SUSAN CRES btwn ZELLER DR & SUSAN CRT,01-Non intersection,09-Right shoulder,01-Clear,"08-Dark, artificial",MIDBLOCK,
9150,07-129592,20071010,ACTIVA AVE btwn WILDERNESS DR & COPPER LEAF ST,04-At/near private drive,02-Thru lane,02-Rain,01-Daylight,MIDBLOCK,
9151,07-020081,20070219,FOREST GLEN CRES btwn FOREST GLEN CRT & FORESTWOOD DR,04-At/near private drive,99-Other,01-Clear,01-Daylight,MIDBLOCK,
9152,07-025071,20070303,BUSH CLOVER CRES btwn HACKBERRY ST & ACTIVA AVE,04-At/near private drive,02-Thru lane,01-Clear,01-Daylight,MIDBLOCK,
9153,07-024468,20070302,SHOEMAKER ST btwn STRASBURG RD & TRILLIUM DR,01-Non intersection,02-Thru lane,01-Clear,01-Daylight,MIDBLOCK,
9154,07-027228,20070308,SHEA CRES btwn BANFF PL & LAURENTIAN DR,01-Non intersection,02-Thru lane,01-Clear,01-Daylight,MIDBLOCK,
9155,07-008614,20070121,GREEN VALLEY DR btwn MILL PARK DR & PIONEER DR,01-Non intersection,02-Thru lane,01-Clear,"08-Dark, artificial",MIDBLOCK,
9156,07-016003,20070210,MADISON AVE S btwn CHURCH ST & COURTLAND AVE E,04-At/near private drive,02-Thru lane,01-Clear,"08-Dark, artificial",MIDBLOCK,
9157,07-128356,20071006,APPALACHIAN CRES btwn KINGSWOOD DR & KINGSWOOD DR,04-At/near private drive,02-Thru lane,01-Clear,"08-Dark, artificial",MIDBLOCK,
9158,07-009550,20070124,FALCONRIDGE DR btwn KESTREL ST & RIVERLINK WAY,04-At/near private drive,02-Thru lane,01-Clear,"08-Dark, artificial",MIDBLOCK,
9159,07-011555,20070124,HOHNER AVE btwn LANCASTER ST E & SAMUEL ST,04-At/near private drive,02-Thru lane,03-Snow,01-Daylight,MIDBLOCK,
9160,07-014502,20070206,ARDELT AVE btwn ARDELT PL & HANSON AVE,04-At/near private drive,02-Thru lane,01-Clear,01-Daylight,MIDBLOCK,
9161,07-095966,20070803,KING ST E btwn EBY ST S & CEDAR ST S,01-Non intersection,02-Thru lane,01-Clear,01-Daylight,MIDBLOCK,
9162,07-102249,20070816,GREENBROOK DR btwn WARREN RD & STONYBROOK DR,04-At/near private drive,02-Thru lane,01-Clear,01-Daylight,MIDBLOCK,
9163,07-016752,20070212,WESTHEIGHTS DR btwn MCGARRY DR & LORILEE CRES,04-At/near private drive,02-Thru lane,01-Clear,01-Daylight,MIDBLOCK,
9164,07-016580,20070211,MOUNTAIN LAUREL CRES btwn BRIDLEWREATH ST & BERRY MOSS ST,01-Non intersection,02-Thru lane,01-Clear,01-Daylight,MIDBLOCK,
9165,07-155956,20071205,WATERCRESS CRT btwn WILDERNESS DR & END,04-At/near private drive,01-Within intersection,01-Clear,01-Daylight,MIDBLOCK,
9166,07-155273,20071203,TEMPLETON DR btwn EDENBRIDGE DR & CHARLESTON PL,04-At/near private drive,02-Thru lane,03-Snow,07-Dark,MIDBLOCK,
9167,07-155386,20071205,SHEA CRES btwn BANFF PL & LAURENTIAN DR,01-Non intersection,02-Thru lane,01-Clear,01-Daylight,MIDBLOCK,
9168,07-007732,20070120,RIVER RD E btwn RENNIE DR & OLD CHICOPEE DR,01-Non intersection,10-Not on roadway - left side,01-Clear,01-Daylight,MIDBLOCK,
9169,07-152358,20071128,FOURTH AVE btwn CONNAUGHT ST & WILSON AVE,04-At/near private drive,02-Thru lane,01-Clear,"08-Dark, artificial",MIDBLOCK,
9170,07-155864,20071207,GLEN LAKE CRES btwn FORESTWOOD DR & FORESTWOOD DR,04-At/near private drive,02-Thru lane,01-Clear,01-Daylight,MIDBLOCK,
9171,07-019187,20070217,OLD FOREST CRES btwn DRIFTWOOD DR & DRIFTWOOD DR,04-At/near private drive,02-Thru lane,01-Clear,01-Daylight,MIDBLOCK,
9172,07-014363,20070206,FRANKLIN ST S btwn KINGSWAY DR & CONNAUGHT ST,04-At/near private drive,02-Thru lane,01-Clear,01-Daylight,MIDBLOCK,
9173,07-001396,20070104,GLASGOW ST btwn NORTHFOREST TRAIL & WATERLOO BOUNDARY,01-Non intersection,02-Thru lane,01-Clear,01-Daylight,MIDBLOCK,
9174,07-088266,20070718,HURON RD btwn CRANSHAW ST & PLAINS RD,01-Non intersection,02-Thru lane,01-Clear,01-Daylight,MIDBLOCK,
9175,07-124324,20070929,TARA CRES btwn ERINBROOK DR & ERINBROOK DR,01-Non intersection,02-Thru lane,01-Clear,"08-Dark, artificial",MIDBLOCK,
9176,07-035450,20070328,PINNACLE DR btwn THOMAS SLEE DR & NEW DUNDEE RD,01-Non intersection,02-Thru lane,01-Clear,"08-Dark, artificial",MIDBLOCK,
9177,07-045431,20070420,STRASBURG RD btwn BLOCK LINE RD & OLD COUNTRY DR,01-Non intersection,02-Thru lane,01-Clear,01-Daylight,MIDBLOCK,
9178,07-158089,20071210,TIMBERLANE CRES btwn ROLLING MEADOWS DR & ROLLING MEADOWS DR,04-At/near private drive,02-Thru lane,01-Clear,05-Dusk,MIDBLOCK,
9179,07-158225,20071212,PINNACLE DR btwn AMHERST DR & DOON VALLEY DR,04-At/near private drive,02-Thru lane,01-Clear,01-Daylight,MIDBLOCK,
9180,07-156509,20071208,WELLINGTON ST N btwn AHRENS ST W & MARGARET AVE,04-At/near private drive,02-Thru lane,01-Clear,"08-Dark, artificial",MIDBLOCK,
9181,07-150622,20071124,WINIFRED ST btwn DEER RIDGE DR & LANTERN ST,01-Non intersection,02-Thru lane,01-Clear,"08-Dark, artificial",MIDBLOCK,
9182,07-155167,20071205,STRANGE ST btwn WAVERLY RD & DOMINION ST,99-Other,02-Thru lane,01-Clear,01-Daylight,MIDBLOCK,
9183,07-100314,20070812,MOORE AVE btwn GUELPH ST & DELISLE AVE,01-Non intersection,02-Thru lane,01-Clear,07-Dark,MIDBLOCK,
9184,07-087576,20070716,KRUG ST btwn KENSINGTON AVE & KRUG ST,04-At/near private drive,02-Thru lane,01-Clear,01-Daylight,MIDBLOCK,
9185,07-161515,20071220,TRAYNOR AVE btwn BELWOOD CRES & BALFOUR CRES,04-At/near private drive,02-Thru lane,01-Clear,"08-Dark, artificial",MIDBLOCK,
9186,07-084467,20070710,BELMONT AVE W btwn MARLBOROUGH AVE & HIGHLAND RD W,04-At/near private drive,03-Left turn lane,01-Clear,01-Daylight,MIDBLOCK,
9187,06-010230,20060124,TRILLIUM DR btwn MCBRINE DR & WASHBURN DR,01-Non intersection,02-Thru lane,01-Clear,"08-Dark, artificial",MIDBLOCK,
9188,06-007374,20060118,SHOEMAKER ST btwn STRASBURG RD & TRILLIUM DR,04-At/near private drive,10-Not on roadway - left side,03-Snow,01-Daylight,MIDBLOCK,
9189,06-015332,20060206,GREEN VALLEY DR btwn MILL PARK DR & PIONEER DR,01-Non intersection,11-Not on roadway - right side,03-Snow,"02-Daylight, artificial",MIDBLOCK,
9190,06-016650,20060204,BINGEMANS CENTRE DR btwn SHIRLEY DR & VICTORIA ST N,05-At railway crossing,02-Thru lane,03-Snow,01-Daylight,MIDBLOCK,
9191,06-014239,20060203,LAWRENCE AVE btwn HIGHLAND RD W & PAULANDER DR,01-Non intersection,01-Within intersection,02-Rain,"08-Dark, artificial",MIDBLOCK,
9192,06-093857,20060724,PARK ST btwn DOMINION ST & STRANGE ST,01-Non intersection,02-Thru lane,01-Clear,01-Daylight,MIDBLOCK,
9193,06-135367,20061018,PINNACLE DR btwn AMHERST DR & DOON VALLEY DR,01-Non intersection,09-Right shoulder,01-Clear,01-Daylight,MIDBLOCK,
9194,06-132206,20061011,SEREDA RD btwn GUELPH ST & ARNOLD ST,04-At/near private drive,02-Thru lane,01-Clear,01-Daylight,MIDBLOCK,
9195,06-010631,20060126,MANCHESTER RD btwn WEDGEWOOD DR & RIVER RD E,,,,"08-Dark, artificial",MIDBLOCK,
9196,06-016051,20060207,SHIRLEY AVE btwn RIVERBEND DR & BINGEMANS CENTRE DR,04-At/near private drive,02-Thru lane,01-Clear,01-Daylight,MIDBLOCK,
9197,06-008213,20060120,BRYAN CRT btwn LACKNER BLVD & GREGG CRT,01-Non intersection,11-Not on roadway - right side,,"08-Dark, artificial",MIDBLOCK,
9198,06-020158,20060212,DINISON CRES btwn DINISON PL & ALBION ST,04-At/near private drive,09-Right shoulder,01-Clear,01-Daylight,MIDBLOCK,
9199,06-015146,20060205,WESTHEIGHTS DR btwn MCGARRY DR & LORILEE CRES,01-Non intersection,02-Thru lane,03-Snow,01-Daylight,MIDBLOCK,
9200,06-012541,20060129,WABANAKI DR btwn MANITOU DR & KEVCO PL,04-At/near private drive,02-Thru lane,02-Rain,"08-Dark, artificial",MIDBLOCK,
9201,06-014979,20060204,ACTIVA AVE btwn DAVID BERGEY DR & ISAIAH DR,04-At/near private drive,09-Right shoulder,05-Drifting Snow,01-Daylight,MIDBLOCK,
9202,06-021028,20060219,GLASGOW ST btwn NORTHFOREST TRAIL & WATERLOO BOUNDARY,01-Non intersection,02-Thru lane,05-Drifting Snow,01-Daylight,MIDBLOCK,
9203,06-139660,20061027,PAULANDER DR btwn LAWRENCE AVE & VICTORIA ST S,04-At/near private drive,02-Thru lane,02-Rain,"08-Dark, artificial",MIDBLOCK,
9204,06-158396,20061209,TURNER AVE btwn VICTORIA ST N & FREDERICK ST,04-At/near private drive,12-Off highway,01-Clear,,MIDBLOCK,
9205,06-106185,20060818,KINGSWAY DR btwn ST JEROME AVE & CEDARWOODS CRES,04-At/near private drive,02-Thru lane,01-Clear,"08-Dark, artificial",MIDBLOCK,
9206,06-111756,20060829,HURON RD btwn AMAND DR & TRUSSLER RD,01-Non intersection,02-Thru lane,01-Clear,07-Dark,MIDBLOCK,
9207,06-128519,20061003,WELLINGTON ST N btwn SPRING VALLEY RD & CIRCA DR,01-Non intersection,02-Thru lane,01-Clear,"08-Dark, artificial",MIDBLOCK,
9208,06-080501,20060625,VANIER DR btwn CUL DE SAC & BONIFACE AVE,01-Non intersection,02-Thru lane,,,MIDBLOCK,
9209,06-154764,20061201,MORGAN AVE btwn FAIRWAY RD N & SOUTHILL DR,01-Non intersection,02-Thru lane,02-Rain,07-Dark,MIDBLOCK,
9210,06-149825,20061104,EDINBURGH RD btwn BECKER ST & BRUCE ST,04-At/near private drive,02-Thru lane,01-Clear,07-Dark,MIDBLOCK,
9211,06-015075,20060204,WESTHEIGHTS DR btwn TRAILVIEW DR & AUTUMN HILL CRES,01-Non intersection,02-Thru lane,03-Snow,01-Daylight,MIDBLOCK,
9212,06-008470,20060120,BRYBECK CRES btwn KARN ST & WESTMOUNT RD W,01-Non intersection,02-Thru lane,01-Clear,,MIDBLOCK,
9213,06-004005,20060110,FREDERICK ST btwn LOIS ST & RIVER RD E,04-At/near private drive,02-Thru lane,01-Clear,01-Daylight,MIDBLOCK,
9214,06-021313,20060220,GREENBROOK DR btwn BIRCHCLIFF AVE & RUSKVIEW RD,04-At/near private drive,02-Thru lane,01-Clear,01-Daylight,MIDBLOCK,
9215,06-002448,20060106,MILL PARK DR btwn HURON RD & GREEN VALLEY DR,01-Non intersection,11-Not on roadway - right side,01-Clear,"06-Dusk, artificial",MIDBLOCK,
9216,06-002899,20060107,HURON RD btwn HOMER WATSON ONRAMP & HOMER WATSON OFFRAMP,01-Non intersection,01-Within intersection,01-Clear,07-Dark,MIDBLOCK,
9217,06-001485,20060104,KING ST W btwn ONTARIO ST S & YOUNG ST,01-Non intersection,02-Thru lane,02-Rain,05-Dusk,MIDBLOCK,
9218,06-010397,20060125,MILL ST btwn HEIMAN ST & BORDEN PKY,04-At/near private drive,02-Thru lane,01-Clear,01-Daylight,MIDBLOCK,
9219,06-015503,20060205,STRASBURG RD btwn BARWOOD CRES & SELKIRK DR,01-Non intersection,02-Thru lane,01-Clear,"08-Dark, artificial",MIDBLOCK,
9220,06-093061,20060722,YELLOW BIRCH DR btwn CEDAR CREST ST & HODDLE CRES,04-At/near private drive,02-Thru lane,01-Clear,01-Daylight,MIDBLOCK,
9221,06-167285,20061228,DONNENWERTH DR btwn ACTIVA AVE & COPPER LEAF CRES,01-Non intersection,02-Thru lane,01-Clear,"08-Dark, artificial",MIDBLOCK,
9222,06-132026,20061011,DOON VALLEY DR btwn OLD MILL RD & END,01-Non intersection,02-Thru lane,02-Rain,01-Daylight,MIDBLOCK,
9223,06-007663,20060118,MARGARET AVE btwn QUEEN ST N & MAYNARD AVE,01-Non intersection,02-Thru lane,03-Snow,"08-Dark, artificial",MIDBLOCK,
9224,06-016445,20060208,QUEEN ST S btwn ST GEORGE ST & COURTLAND AVE E,01-Non intersection,02-Thru lane,01-Clear,01-Daylight,MIDBLOCK,
9225,06-012653,20060130,DAVID BERGEY DR btwn PEACH BLOSSOM CRES & OTTAWA ST S,01-Non intersection,02-Thru lane,02-Rain,"08-Dark, artificial",MIDBLOCK,
9226,06-013925,20060203,STRASBURG RD btwn SELKIRK DR & BLACKHORNE DR,04-At/near private drive,11-Not on roadway - right side,02-Rain,"08-Dark, artificial",MIDBLOCK,
9227,06-102148,20060810,GREEN VALLEY DR btwn ARROWHEAD CRES & MILL PARK DR,04-At/near private drive,02-Thru lane,01-Clear,01-Daylight,MIDBLOCK,
9228,06-108512,20060823,HICKSON DR btwn CRAIG DR & CRAIG DR,04-At/near private drive,02-Thru lane,01-Clear,01-Daylight,MIDBLOCK,
9229,06-104332,20060814,MOUNTAIN LAUREL CRES btwn BRIDLEWREATH ST & BERRY MOSS ST,04-At/near private drive,02-Thru lane,01-Clear,01-Daylight,MIDBLOCK,
9230,06-150689,20061121,WILSON AVE btwn FAIRWAY RD S & WEBSTER RD,04-At/near private drive,02-Thru lane,01-Clear,01-Daylight,MIDBLOCK,
9231,06-149173,20061118,APPLE RIDGE DR btwn OAKDALE CRT & RIDGEMERE ST,04-At/near private drive,11-Not on roadway - right side,01-Clear,"08-Dark, artificial",MIDBLOCK,
9232,06-031070,20060314,WESTHEIGHTS DR btwn MCGARRY DR & LORILEE CRES,04-At/near private drive,02-Thru lane,03-Snow,07-Dark,MIDBLOCK,
9233,06-037110,20060328,BELMONT AVE W btwn KARN ST & GAGE AVE,04-At/near private drive,02-Thru lane,01-Clear,01-Daylight,MIDBLOCK,
9234,06-030947,20060314,QUEEN ST N btwn ST LEGER ST & LANCASTER ST W,04-At/near private drive,02-Thru lane,03-Snow,"08-Dark, artificial",MIDBLOCK,
9235,06-039259,20060402,BRECKENRIDGE DR btwn GIBSON DR & OTTAWA ST N,04-At/near private drive,02-Thru lane,01-Clear,"08-Dark, artificial",MIDBLOCK,
9236,06-014068,20060203,SHOEMAKER ST btwn STRASBURG RD & TRILLIUM DR,04-At/near private drive,02-Thru lane,01-Clear,01-Daylight,MIDBLOCK,
9237,06-019453,20060215,ARTHUR PL btwn VICTORIA ST S & END,01-Non intersection,09-Right shoulder,01-Clear,01-Daylight,MIDBLOCK,
9238,06-023620,20060226,MILL ST btwn HEIMAN ST & BORDEN PKY,01-Non intersection,11-Not on roadway - right side,01-Clear,"08-Dark, artificial",MIDBLOCK,
9239,06-023748,20060226,PLAINS RD btwn FISCHER HALLMAN RD & TRUSSLER RD,04-At/near private drive,12-Off highway,01-Clear,01-Daylight,MIDBLOCK,
9240,06-023494,20060225,ALPINE RD btwn ALPINE CRT & KINGSWOOD DR,04-At/near private drive,11-Not on roadway - right side,03-Snow,"08-Dark, artificial",MIDBLOCK,
9241,06-031128,20060315,GLASGOW ST btwn NORTHFOREST TRAIL & WATERLOO BOUNDARY,01-Non intersection,11-Not on roadway - right side,05-Drifting Snow,01-Daylight,MIDBLOCK,
9242,06-031139,20060315,SOUTHMOOR DR btwn YAGER AVE & AVALON PL,04-At/near private drive,08-Left shoulder,06-Strong wind,01-Daylight,MIDBLOCK,
9243,06-031131,20060315,VERONICA DR btwn KINZIE AVE & VERONICA DR,04-At/near private drive,02-Thru lane,03-Snow,01-Daylight,MIDBLOCK,
9244,06-030429,20060313,PIONEER DR btwn HOMER WATSON BLVD & OLD CARRIAGE DR,10-Parking lot,12-Off highway,01-Clear,01-Daylight,MIDBLOCK,
9245,06-156765,20061205,PATRICIA AVE btwn HIGHLAND RD W & METZLOFF DR,01-Non intersection,02-Thru lane,01-Clear,01-Daylight,MIDBLOCK,
9246,06-056896,20060507,PAULANDER DR btwn LAWRENCE AVE & VICTORIA ST S,10-Parking lot,12-Off highway,01-Clear,07-Dark,MIDBLOCK,
9247,06-060935,20060518,PINNACLE DR btwn AMHERST DR & DOON VALLEY DR,10-Parking lot,12-Off highway,01-Clear,01-Daylight,MIDBLOCK,
9248,06-048837,20060422,RIVERBEND DR btwn GUELPH ST & BRIDGEPORT RD,04-At/near private drive,02-Thru lane,01-Clear,01-Daylight,MIDBLOCK,
9249,06-042746,20060416,BREITHAUPT ST btwn DUKE ST W & WEBER ST W,04-At/near private drive,09-Right shoulder,01-Clear,"02-Daylight, artificial",MIDBLOCK,
9250,06-041493,20060407,MOOREGATE CRES btwn HAZELGLEN DR & HAZELGLEN DR,01-Non intersection,09-Right shoulder,02-Rain,01-Daylight,MIDBLOCK,
9251,06-052402,20060430,FALLOWFIELD DR btwn FALLVIEW ST & BLEAMS RD,01-Non intersection,11-Not on roadway - right side,01-Clear,,MIDBLOCK,
9252,06-083309,20060702,MADISON AVE S btwn CHURCH ST & COURTLAND AVE E,04-At/near private drive,12-Off highway,01-Clear,01-Daylight,MIDBLOCK,
9253,06-117285,20060909,THIRD AVE btwn KINGSWAY DR & CONNAUGHT ST,04-At/near private drive,09-Right shoulder,01-Clear,01-Daylight,MIDBLOCK,
9254,06-124964,20060926,MCGEE AVE btwn INDIAN RD & OTTAWA ST N,04-At/near private drive,02-Thru lane,01-Clear,01-Daylight,MIDBLOCK,
9255,06-101179,20060808,PARK ST btwn DOMINION ST & STRANGE ST,01-Non intersection,02-Thru lane,01-Clear,01-Daylight,MIDBLOCK,
9256,06-109257,20060825,STIRLING AVE S btwn MILL ST & RUSSEL ST,01-Non intersection,11-Not on roadway - right side,02-Rain,"08-Dark, artificial",MIDBLOCK,
9257,06-111350,20060829,HAYWARD AVE btwn COURTLAND AVE E & HANSON AVE,05-At railway crossing,02-Thru lane,01-Clear,01-Daylight,MIDBLOCK,
9258,06-156726,20061205,KINGSWAY DR btwn GREENFIELD AVE & WILSON AVE,01-Non intersection,03-Left turn lane,01-Clear,01-Daylight,MIDBLOCK,
9259,06-166432,20061229,STRANGE ST btwn WAVERLY RD & DOMINION ST,01-Non intersection,10-Not on roadway - left side,01-Clear,"08-Dark, artificial",MIDBLOCK,
9260,06-118648,20060912,BLACKWELL DR btwn MONTEAGLE CRES & TRAILVIEW DR,01-Non intersection,02-Thru lane,01-Clear,"08-Dark, artificial",MIDBLOCK,
9261,06-118850,20060913,HERITAGE DR btwn KEEWATIN AVE & LORRAINE AVE,04-At/near private drive,02-Thru lane,01-Clear,"08-Dark, artificial",MIDBLOCK,
9262,06-116773,20060909,PARK ST btwn DOMINION ST & STRANGE ST,01-Non intersection,02-Thru lane,01-Clear,01-Daylight,MIDBLOCK,
9263,06-150239,20061120,KING ST W btwn ONTARIO ST S & YOUNG ST,01-Non intersection,02-Thru lane,01-Clear,"06-Dusk, artificial",MIDBLOCK,
9264,06-099922,20060805,UPPER CANADA DR btwn DOON VILLAGE RD & FARRIER DR,04-At/near private drive,02-Thru lane,01-Clear,"08-Dark, artificial",MIDBLOCK,
9265,06-107629,20060816,IDLE CREEK DR btwn ARDWOOD PL & BRIARFIELD CRT,01-Non intersection,02-Thru lane,01-Clear,01-Daylight,MIDBLOCK,
9266,06-105172,20060815,CHURCH ST btwn EBY ST S & CEDAR ST S,04-At/near private drive,02-Thru lane,01-Clear,01-Daylight,MIDBLOCK,
9267,06-105134,20060816,STRASBURG RD btwn BARWOOD CRES & SELKIRK DR,04-At/near private drive,09-Right shoulder,01-Clear,01-Daylight,MIDBLOCK,
9268,06-139388,20061027,WAKE ROBIN CRES btwn WAKE ROBIN DR & WAKE ROBIN DR,04-At/near private drive,09-Right shoulder,02-Rain,01-Daylight,MIDBLOCK,
9269,06-139907,20061028,HIDDEN VALLEY RD btwn RIVER VALLEY DR & WABANAKI DR,04-At/near private drive,02-Thru lane,02-Rain,"06-Dusk, artificial",MIDBLOCK,
9270,06-139737,20061028,BRIARFIELD ST btwn BRIARMEADOW DR & IDLE CREEK DR,04-At/near private drive,02-Thru lane,02-Rain,01-Daylight,MIDBLOCK,
9271,06-128749,20061004,OVERLEA DR btwn WESTMOUNT RD W & CECILE DR,04-At/near private drive,02-Thru lane,02-Rain,07-Dark,MIDBLOCK,
9272,06-042818,20060408,WILSON AVE btwn FAIRWAY RD S & WEBSTER RD,01-Non intersection,02-Thru lane,01-Clear,01-Daylight,MIDBLOCK,
9273,06-031048,20060314,HURON RD btwn HOMER WATSON ONRAMP & HOMER WATSON OFFRAMP,01-Non intersection,02-Thru lane,03-Snow,07-Dark,MIDBLOCK,
9274,06-041789,20060407,TRILLIUM DR btwn MCBRINE DR & WASHBURN DR,01-Non intersection,10-Not on roadway - left side,01-Clear,,MIDBLOCK,