OBJECTID,ACCIDENTNUM,ACCIDENTDATE,LOCATION,ACCIDENT_LOCATION,IMPACT_LOCATION,ENVIRONMENT_CONDITION,LIGHT,COLLISION_TYPE,TRAFFICCOLLISIONSID
9275,06-041546,20060407,MORRISON RD btwn GRAND RIVER BLVD & QUINTE CRES,01-Non intersection,02-Thru lane,02-Rain,01-Daylight,MIDBLOCK,
9276,06-021282,20060220,STIRLING AVE S btwn CHARLES ST E & FORK IN ROAD,04-At/near private drive,02-Thru lane,01-Clear,01-Daylight,MIDBLOCK,
9277,06-020093,20060217,STRASBURG RD btwn OLD COUNTRY DR & BLEAMS RD,04-At/near private drive,09-Right shoulder,06-Strong wind,01-Daylight,MIDBLOCK,
9278,06-020764,20060218,HIDDEN CREEK DR btwn WESTFOREST TRAIL & HOLLYRIDGE CRES,01-Non intersection,02-Thru lane,01-Clear,01-Daylight,MIDBLOCK,
9279,06-011394,20060127,KIPLING AVE btwn HIGHPARK AVE & VANIER DR,01-Non intersection,10-Not on roadway - left side,01-Clear,"08-Dark, artificial",MIDBLOCK,
9280,06-058693,20060513,NINTH AVE btwn CONNAUGHT ST & GREENFIELD AVE,04-At/near private drive,02-Thru lane,01-Clear,01-Daylight,MIDBLOCK,
9281,06-057761,20060428,GUERIN AVE btwn KINZIE AVE & FLORENCE AVE,99-Other,12-Off highway,01-Clear,01-Daylight,MIDBLOCK,
9282,06-051202,20060427,CALMCREST DR btwn BRIAR KNOLL DR & BLACKHORNE DR,04-At/near private drive,02-Thru lane,01-Clear,"08-Dark, artificial",MIDBLOCK,
9283,06-053925,20060430,DALEGROVE DR btwn HAZELGLEN DR & INGLESIDE DR,04-At/near private drive,02-Thru lane,01-Clear,99-Other,MIDBLOCK,
9284,06-121310,20060918,MILL ST btwn QUEEN ST S & LANSDOWNE BLVD,04-At/near private drive,02-Thru lane,01-Clear,01-Daylight,MIDBLOCK,
9285,06-040651,20060405,PINEHURST CRES btwn MCGARRY DR & MCGARRY DR,04-At/near private drive,02-Thru lane,01-Clear,01-Daylight,MIDBLOCK,
9286,06-106505,20060819,DIXON ST btwn PLYMOUTH RD & CARLIN AVE,04-At/near private drive,02-Thru lane,01-Clear,01-Daylight,MIDBLOCK,
9287,06-139631,20061028,RIDGEWOOD AVE btwn FAIRFIELD AVE & OAKWOOD AVE,04-At/near private drive,02-Thru lane,01-Clear,"02-Daylight, artificial",MIDBLOCK,
9288,06-135624,20061019,CONESTOGA COLLEGE BLVD btwn DOON VALLEY DR & HOMER WATSON BLVD,01-Non intersection,02-Thru lane,02-Rain,01-Daylight,MIDBLOCK,
9289,06-137770,20061023,QUEENS BLVD btwn BELMONT AVE E & BLUERIDGE AVE,01-Non intersection,02-Thru lane,01-Clear,"08-Dark, artificial",MIDBLOCK,
9290,06-137853,20061024,GLASGOW ST btwn IRA NEEDLES BLVD & HIGHLAND RD W,01-Non intersection,02-Thru lane,01-Clear,07-Dark,MIDBLOCK,
9291,06-145197,20061109,QUEEN ST N btwn WEBER ST W & ROY ST,01-Non intersection,02-Thru lane,01-Clear,01-Daylight,MIDBLOCK,
9292,06-122233,20060920,THOMAS SLEE DR btwn DOON SOUTH DR & SOUTHRIDGE DR,01-Non intersection,02-Thru lane,01-Clear,01-Daylight,MIDBLOCK,
9293,06-159510,20061211,CARYNDALE DR btwn CHAPEL HILL DR & EVENSTONE AVE,04-At/near private drive,02-Thru lane,01-Clear,"08-Dark, artificial",MIDBLOCK,
9294,06-159674,20061212,GLASGOW ST btwn NORTHFOREST TRAIL & WATERLOO BOUNDARY,01-Non intersection,11-Not on roadway - right side,01-Clear,01-Daylight,MIDBLOCK,
9295,06-164331,20061223,GLEN LAKE CRES btwn FORESTWOOD DR & FORESTWOOD DR,01-Non intersection,02-Thru lane,02-Rain,"08-Dark, artificial",MIDBLOCK,
9296,06-151620,20061124,WILLIAMSBURG RD btwn WILKINS DR & PINEDALE DR,01-Non intersection,02-Thru lane,01-Clear,"08-Dark, artificial",MIDBLOCK,
9297,06-002449,20060106,WILSON AVE btwn FAIRWAY RD S & WEBSTER RD,03-At intersection,02-Thru lane,01-Clear,"08-Dark, artificial",MIDBLOCK,
9298,06-156323,20061204,MOOREGATE CRES btwn HAZELGLEN DR & HAZELGLEN DR,01-Non intersection,02-Thru lane,01-Clear,"08-Dark, artificial",MIDBLOCK,
9299,06-124759,20060924,SILVER ASPEN CRES btwn ELM RIDGE DR & ELM RIDGE DR,01-Non intersection,02-Thru lane,02-Rain,"08-Dark, artificial",MIDBLOCK,
9300,06-127002,20060928,SHANLEY ST btwn ANDREW ST & BRAUN ST,04-At/near private drive,02-Thru lane,01-Clear,01-Daylight,MIDBLOCK,
9301,06-116442,20060908,PETER ST btwn COURTLAND AVE E & MARTIN ST,04-At/near private drive,10-Not on roadway - left side,01-Clear,"08-Dark, artificial",MIDBLOCK,
9302,06-118569,20060913,HANSON AVE btwn ARDELT AVE & HAYWARD AVE,04-At/near private drive,09-Right shoulder,02-Rain,01-Daylight,MIDBLOCK,
9303,06-044740,20060414,HOWE DR btwn CUL DE SAC & WINDALE CRES,04-At/near private drive,02-Thru lane,,07-Dark,MIDBLOCK,
9304,06-045652,20060416,SCHWEITZER ST btwn NELSON AVE & SYLVIA ST,01-Non intersection,07-Passing lane,01-Clear,01-Daylight,MIDBLOCK,
9305,06-042843,20060410,RISTAU PL btwn RISTAU CRES & CUL DE SAC,01-Non intersection,02-Thru lane,01-Clear,01-Daylight,MIDBLOCK,
9306,06-018355,20060213,GRUHN ST btwn AGNES ST & GLASGOW ST,01-Non intersection,08-Left shoulder,01-Clear,07-Dark,MIDBLOCK,
9307,06-002759,20060107,RIVER RD E btwn HICKSON DR & OTTAWA ST N,04-At/near private drive,02-Thru lane,01-Clear,01-Daylight,MIDBLOCK,
9308,06-107991,20060818,COUNTRY HILL DR btwn CEDARHILL CRES & OLD COUNTRY DR,04-At/near private drive,02-Thru lane,01-Clear,"08-Dark, artificial",MIDBLOCK,
9309,06-057359,20060510,ROY ST btwn QUEEN ST N & YOUNG ST,04-At/near private drive,02-Thru lane,01-Clear,05-Dusk,MIDBLOCK,
9310,06-057382,20060509,CHANDLER DR btwn LEACREST CRT & MOWAT BLVD,01-Non intersection,02-Thru lane,01-Clear,"08-Dark, artificial",MIDBLOCK,
9311,06-061430,20060519,HOFFMAN ST btwn OTTAWA ST S & CUL DE SAC,04-At/near private drive,09-Right shoulder,01-Clear,01-Daylight,MIDBLOCK,
9312,06-058107,20060517,STANMORE AVE btwn KEEWATIN AVE & GLOUCESTER CRT,04-At/near private drive,11-Not on roadway - right side,02-Rain,07-Dark,MIDBLOCK,
9313,06-055105,20060505,INGLESIDE DR btwn INGLESIDE PL & DALEGROVE DR,04-At/near private drive,09-Right shoulder,01-Clear,01-Daylight,MIDBLOCK,
9314,06-079118,20060624,MILL PARK DR btwn GREEN VALLEY DR & GREEN VALLEY DR,02-Intersection related,02-Thru lane,01-Clear,01-Daylight,MIDBLOCK,
9315,06-076564,20060619,UPPER CANADA DR btwn DOON VILLAGE RD & FARRIER DR,04-At/near private drive,02-Thru lane,01-Clear,01-Daylight,MIDBLOCK,
9316,06-077052,20060620,WILSON AVE btwn GOODRICH DR & WABANAKI DR,04-At/near private drive,02-Thru lane,01-Clear,01-Daylight,MIDBLOCK,
9317,06-130195,20061007,PARKLAND CRES btwn DRIFTWOOD DR & DRIFTWOOD DR,04-At/near private drive,09-Right shoulder,01-Clear,01-Daylight,MIDBLOCK,
9318,06-131237,20061008,MARGARET AVE btwn QUEEN ST N & MAYNARD AVE,04-At/near private drive,09-Right shoulder,01-Clear,"06-Dusk, artificial",MIDBLOCK,
9319,06-131856,20061007,UPPER CANADA DR btwn DOON VILLAGE RD & FARRIER DR,04-At/near private drive,02-Thru lane,01-Clear,"08-Dark, artificial",MIDBLOCK,
9320,06-126971,20060930,GATEWAY PARK DR btwn SPORTSWORLD DR & TU LANE ST,01-Non intersection,02-Thru lane,01-Clear,01-Daylight,MIDBLOCK,
9321,06-131901,20061006,DUMFRIES AVE btwn CHAPEL ST & KRUG ST,04-At/near private drive,02-Thru lane,01-Clear,01-Daylight,MIDBLOCK,
9322,06-069370,20060604,AHRENS ST W btwn LOUISA ST & WILHELM ST,04-At/near private drive,02-Thru lane,01-Clear,07-Dark,MIDBLOCK,
9323,06-120265,20060916,CARWOOD AVE btwn CAYLEY CRT & COURTLAND AVE E,04-At/near private drive,09-Right shoulder,01-Clear,01-Daylight,MIDBLOCK,
9324,06-118273,20060912,OAKHURST CRES btwn HERITAGE DR & HERITAGE DR,01-Non intersection,02-Thru lane,02-Rain,01-Daylight,MIDBLOCK,
9325,06-144083,20061023,WINDING MEADOW CRT btwn WESTMEADOW DR & CUL DE SAC,04-At/near private drive,09-Right shoulder,01-Clear,,MIDBLOCK,
9326,06-065589,20060528,THERESA ST btwn JUBILEE DR & VICTORIA ST S,04-At/near private drive,11-Not on roadway - right side,01-Clear,01-Daylight,MIDBLOCK,
9327,06-097861,20060801,SADDLEWOOD DR btwn WOODCREST CRT & TIMBER RIDGE CRT,04-At/near private drive,10-Not on roadway - left side,01-Clear,01-Daylight,MIDBLOCK,
9328,06-002805,20060107,BINGEMANS CENTRE DR btwn RIVERBEND DR & SHIRLEY DR,04-At/near private drive,02-Thru lane,01-Clear,01-Daylight,MIDBLOCK,
9329,06-024203,20060101,GLEN LAKE CRES btwn FORESTWOOD DR & FORESTWOOD DR,04-At/near private drive,02-Thru lane,01-Clear,"08-Dark, artificial",MIDBLOCK,
9330,06-015858,20060207,HURON RD btwn FISCHER HALLMAN RD & AMAND DR,04-At/near private drive,02-Thru lane,03-Snow,01-Daylight,MIDBLOCK,
9331,06-014677,20060204,HAZELGLEN DR btwn CHOPIN DR & DALEGROVE DR,01-Non intersection,02-Thru lane,03-Snow,01-Daylight,MIDBLOCK,
9332,06-018099,20060212,COURTLAND AVE W btwn COURTLAND AVE E & DAVID ST,04-At/near private drive,02-Thru lane,01-Clear,01-Daylight,MIDBLOCK,
9333,06-133472,20061014,WESTMEADOW DR btwn DAWN RIDGE DR & WESTFOREST TRAIL,01-Non intersection,10-Not on roadway - left side,,,MIDBLOCK,
9334,06-149026,20061117,BREMBEL CRES btwn BREMBEL ST & BREMBEL ST,01-Non intersection,11-Not on roadway - right side,02-Rain,07-Dark,MIDBLOCK,
9335,06-126753,20060930,MILL ST btwn HEIMAN ST & BORDEN PKY,04-At/near private drive,11-Not on roadway - right side,01-Clear,"08-Dark, artificial",MIDBLOCK,
9336,06-144551,20061107,ACTIVA AVE btwn WILDERNESS DR & COPPER LEAF ST,01-Non intersection,02-Thru lane,02-Rain,"08-Dark, artificial",MIDBLOCK,
9337,06-033958,20060318,MARKWOOD DR btwn ROSSFORD CRES & HAZELGLEN DR,04-At/near private drive,02-Thru lane,01-Clear,01-Daylight,MIDBLOCK,
9338,06-041146,20060406,HACKBERRY ST btwn BUSH CLOVER CRES & ACTIVA AVE,04-At/near private drive,02-Thru lane,01-Clear,01-Daylight,MIDBLOCK,
9339,06-033165,20060319,COMMONWEALTH CRES btwn ISABELLA ST & ISABELLA ST,04-At/near private drive,10-Not on roadway - left side,01-Clear,"08-Dark, artificial",MIDBLOCK,
9340,06-035221,20060324,KING ST E btwn SCOTT ST & EBY ST S,01-Non intersection,02-Thru lane,01-Clear,01-Daylight,MIDBLOCK,
9341,06-044494,20060412,STRASBURG RD btwn BLOCK LINE RD & OLD COUNTRY DR,04-At/near private drive,02-Thru lane,01-Clear,01-Daylight,MIDBLOCK,
9342,06-054953,20060505,INDIAN RD btwn MCGEE AVE & QUEENSTON DR,01-Non intersection,02-Thru lane,01-Clear,01-Daylight,MIDBLOCK,
9343,06-050386,20060426,MANCHESTER RD btwn WEDGEWOOD DR & RIVER RD E,04-At/near private drive,02-Thru lane,01-Clear,01-Daylight,MIDBLOCK,
9344,06-058271,20060512,WILSON AVE btwn END & FOURTH AVE,04-At/near private drive,02-Thru lane,02-Rain,01-Daylight,MIDBLOCK,
9345,06-018686,20060213,FREDERICK ST btwn RIVER RD E & TURNER AVE,01-Non intersection,02-Thru lane,03-Snow,"08-Dark, artificial",MIDBLOCK,
9346,06-014983,20060205,KING ST W btwn WATER ST S & FRANCIS ST N,99-Other,11-Not on roadway - right side,03-Snow,01-Daylight,MIDBLOCK,
9347,06-031015,20060314,WESTHEIGHTS DR btwn MCGARRY DR & LORILEE CRES,04-At/near private drive,02-Thru lane,03-Snow,"08-Dark, artificial",MIDBLOCK,
9348,06-031158,20060314,WESTWOOD DR btwn WESTMOUNT RD W & INWOOD DR,01-Non intersection,02-Thru lane,06-Strong wind,01-Daylight,MIDBLOCK,
9349,06-081888,20060629,BANKSIDE DR btwn OPRINGTON DR & EASTFOREST TRAIL,04-At/near private drive,09-Right shoulder,01-Clear,"06-Dusk, artificial",MIDBLOCK,
9350,06-071668,20060609,BANKSIDE DR btwn BANKSIDE CRES & WESTFOREST TRAIL,01-Non intersection,09-Right shoulder,01-Clear,01-Daylight,MIDBLOCK,
9351,06-135834,20061018,WATERCRESS CRT btwn WILDERNESS DR & END,04-At/near private drive,02-Thru lane,01-Clear,"08-Dark, artificial",MIDBLOCK,
9352,06-156219,20061204,COUNTRY HILL DR btwn COACH HILL DR & FOUR SEASONS CRT,04-At/near private drive,02-Thru lane,01-Clear,01-Daylight,MIDBLOCK,
9353,06-111347,20060827,MOOREGATE CRES btwn HAZELGLEN DR & HAZELGLEN DR,01-Non intersection,02-Thru lane,01-Clear,01-Daylight,MIDBLOCK,
9354,06-111084,20060826,DALEGROVE DR btwn HAZELGLEN DR & INGLESIDE DR,01-Non intersection,02-Thru lane,02-Rain,05-Dusk,MIDBLOCK,
9355,06-135665,20061019,MAX BECKER DR btwn HELENA FEASBY ST & FISCHER HALLMAN RD,01-Non intersection,07-Passing lane,02-Rain,01-Daylight,MIDBLOCK,
9356,06-135034,20061017,JANSEN AVE btwn WALKER ST & GUERIN AVE,04-At/near private drive,02-Thru lane,"07-Fog, mist, smoke, dust",01-Daylight,MIDBLOCK,
9357,06-051284,20060428,GLASGOW ST btwn NORTHFOREST TRAIL & WATERLOO BOUNDARY,01-Non intersection,11-Not on roadway - right side,01-Clear,07-Dark,MIDBLOCK,
9358,06-050141,20060425,WABANAKI DR btwn MANITOU DR & KEVCO PL,04-At/near private drive,02-Thru lane,01-Clear,,MIDBLOCK,
9359,06-051105,20060427,MOOREGATE CRES btwn HAZELGLEN DR & HAZELGLEN DR,01-Non intersection,02-Thru lane,01-Clear,01-Daylight,MIDBLOCK,
9360,06-048294,20060421,GLASGOW ST btwn NORTHFOREST TRAIL & WATERLOO BOUNDARY,01-Non intersection,02-Thru lane,01-Clear,01-Daylight,MIDBLOCK,
9361,06-042442,20060409,CHURCH ST btwn BENTON ST & PETER ST,04-At/near private drive,02-Thru lane,01-Clear,01-Daylight,MIDBLOCK,
9362,06-140168,20061029,WILSON AVE btwn GRAND CREST PL & END,98-Other,99-Other,02-Rain,07-Dark,MIDBLOCK,
9363,06-139443,20061027,STRASBURG RD btwn SELKIRK DR & BLACKHORNE DR,01-Non intersection,09-Right shoulder,02-Rain,07-Dark,MIDBLOCK,
9364,06-126283,20060929,BURNABY CRES btwn NEWBURY DR & NEWBURY DR,04-At/near private drive,09-Right shoulder,01-Clear,01-Daylight,MIDBLOCK,
9365,06-167003,20061230,HILLBROOK CRES btwn ELM RIDGE DR & ELM RIDGE DR,04-At/near private drive,02-Thru lane,01-Clear,01-Daylight,MIDBLOCK,
9366,06-159565,20061212,QUEENS BLVD btwn WARREN RD & KELLY DR,04-At/near private drive,12-Off highway,02-Rain,"08-Dark, artificial",MIDBLOCK,
9367,06-162823,20061219,HIGHLAND CRES btwn WYCLIFFE PL & HIGHLAND RD W,10-Parking lot,12-Off highway,01-Clear,01-Daylight,MIDBLOCK,
9368,06-139187,20061026,RED CLOVER CRT btwn RED CLOVER CRES & CUL DE SAC,04-At/near private drive,02-Thru lane,01-Clear,03-Dawn,MIDBLOCK,
9369,06-109382,20060825,ROSSFORD CRES btwn MARKWOOD DR & MARKWOOD DR,04-At/near private drive,02-Thru lane,01-Clear,07-Dark,MIDBLOCK,
9370,06-150968,20061122,OLD CHICOPEE TRAIL btwn DAIMLER DR & FAIRWAY RD N,04-At/near private drive,02-Thru lane,01-Clear,01-Daylight,MIDBLOCK,
9371,06-150834,20061122,FILBERT ST btwn VICTORIA ST N & MANSION ST,04-At/near private drive,99-Other,"07-Fog, mist, smoke, dust","08-Dark, artificial",MIDBLOCK,
9372,06-146733,20061111,STOKE DR btwn WEXFORD CRES & TRELAWNEY ST,01-Non intersection,02-Thru lane,01-Clear,"08-Dark, artificial",MIDBLOCK,
9373,06-092933,20060722,GLASGOW ST btwn IRA NEEDLES BLVD & HIGHLAND RD W,01-Non intersection,11-Not on roadway - right side,02-Rain,01-Daylight,MIDBLOCK,
9374,06-096257,20060728,VERONICA DR btwn END & BANCROFT ST,04-At/near private drive,02-Thru lane,01-Clear,01-Daylight,MIDBLOCK,
9375,06-093385,20060721,CHANDLER DR btwn BONFIELD PL & ELMSDALE DR,01-Non intersection,02-Thru lane,01-Clear,01-Daylight,MIDBLOCK,
9376,06-163074,20061219,DUMFRIES AVE btwn KRUG ST & STIRLING AVE N,01-Non intersection,09-Right shoulder,01-Clear,"08-Dark, artificial",MIDBLOCK,
9377,06-158195,20061208,EBY ST S btwn CHARLES ST E & CHURCH ST,04-At/near private drive,02-Thru lane,01-Clear,"08-Dark, artificial",MIDBLOCK,
9378,06-139605,20061028,FRANKLIN ST S btwn CONNAUGHT ST & GREENFIELD AVE,01-Non intersection,02-Thru lane,02-Rain,"08-Dark, artificial",MIDBLOCK,
9379,06-139483,20061027,KINGSWAY DR btwn GREENFIELD AVE & WILSON AVE,01-Non intersection,02-Thru lane,02-Rain,"08-Dark, artificial",MIDBLOCK,
9380,06-105560,20060817,BELMONT AVE W btwn JACK AVE & VICTORIA ST S,01-Non intersection,10-Not on roadway - left side,01-Clear,01-Daylight,MIDBLOCK,
9381,06-137584,20061023,GRULKE ST btwn KINZIE AVE & FAIRWAY RD N,04-At/near private drive,02-Thru lane,01-Clear,01-Daylight,MIDBLOCK,
9382,06-091008,20060718,EDINBURGH RD btwn BECKER ST & BRUCE ST,04-At/near private drive,02-Thru lane,01-Clear,01-Daylight,MIDBLOCK,
9383,06-031072,20060314,WESTHEIGHTS DR btwn MCGARRY DR & LORILEE CRES,04-At/near private drive,02-Thru lane,03-Snow,07-Dark,MIDBLOCK,
9384,06-031071,20060314,WESTHEIGHTS DR btwn MCGARRY DR & LORILEE CRES,04-At/near private drive,02-Thru lane,03-Snow,07-Dark,MIDBLOCK,
9385,06-037053,20060328,AUTUMN HILL CRES btwn CRICKET HOLLOW & BLUE SPRUCE CRT,04-At/near private drive,11-Not on roadway - right side,01-Clear,01-Daylight,MIDBLOCK,
9386,06-032917,20060319,RIVERBEND DR btwn GUELPH ST & BRIDGEPORT RD,01-Non intersection,10-Not on roadway - left side,03-Snow,03-Dawn,MIDBLOCK,
9387,06-064550,20060526,QUEENS BLVD btwn HAHN PL & WESTMOUNT RD E,,,,,MIDBLOCK,
9388,06-156652,20061205,UPPER CANADA DR btwn LOWER CANADA CRES & UPPER CANADA PL,01-Non intersection,02-Thru lane,01-Clear,01-Daylight,MIDBLOCK,
9389,06-087182,20060710,GAGE AVE btwn BELMONT AVE W & WESTMOUNT RD W,01-Non intersection,02-Thru lane,01-Clear,01-Daylight,MIDBLOCK,
9390,06-096285,20060729,WESTWOOD DR btwn WESTMOUNT RD W & INWOOD DR,01-Non intersection,02-Thru lane,01-Clear,01-Daylight,MIDBLOCK,
9391,06-094418,20060725,BOUND BROOK CRT btwn OLD CHICOPEE DR & CUL DE SAC,04-At/near private drive,02-Thru lane,01-Clear,01-Daylight,MIDBLOCK,
9392,06-073179,20060612,NORTHMANOR CRES btwn RESURRECTION DR & RESURRECTION DR,04-At/near private drive,02-Thru lane,01-Clear,01-Daylight,MIDBLOCK,
9393,06-091129,20060718,BANKSIDE CRES btwn BANKSIDE DR & BANKSIDE DR,04-At/near private drive,09-Right shoulder,01-Clear,03-Dawn,MIDBLOCK,
9394,06-097301,20060729,HIGHLAND RD E btwn DELAWARE AVE & STIRLING AVE S,04-At/near private drive,09-Right shoulder,01-Clear,01-Daylight,MIDBLOCK,
9395,06-088086,20060712,HOMER WATSON BLVD btwn STIRLING AVE S & HOFFMAN ST,01-Non intersection,02-Thru lane,02-Rain,01-Daylight,MIDBLOCK,
9396,06-092026,20060720,TRILLIUM DR btwn MCBRINE DR & WASHBURN DR,04-At/near private drive,02-Thru lane,02-Rain,01-Daylight,MIDBLOCK,
9397,06-090517,20060717,MAPLE AVE btwn UNION ST & CUL DE SAC,01-Non intersection,02-Thru lane,01-Clear,01-Daylight,MIDBLOCK,
9398,06-089695,20060715,SECORD AVE btwn CROSBY DR & HICKSON DR,04-At/near private drive,02-Thru lane,01-Clear,01-Daylight,MIDBLOCK,
9399,06-152284,20061123,ROCKWAY DR btwn DOON RD & DIXON ST,04-At/near private drive,02-Thru lane,01-Clear,"08-Dark, artificial",MIDBLOCK,
9400,06-037750,20060330,AMHERST DR btwn DRUMMOND DR & DURHAM ST,01-Non intersection,02-Thru lane,01-Clear,"08-Dark, artificial",MIDBLOCK,
9401,06-075632,20060617,DINISON CRES btwn WILLIAMSBURG RD & RISTAU CRES,04-At/near private drive,09-Right shoulder,01-Clear,01-Daylight,MIDBLOCK,
9402,06-088171,20060712,GREEN VALLEY DR btwn ARROWHEAD CRES & MILL PARK DR,01-Non intersection,02-Thru lane,01-Clear,01-Daylight,MIDBLOCK,
9403,06-082316,20060630,ACTIVA AVE btwn DAVID BERGEY DR & ISAIAH DR,04-At/near private drive,02-Thru lane,01-Clear,01-Daylight,MIDBLOCK,
9404,06-141763,20061101,DEER RIDGE DR btwn WINIFRED ST & MASTER CRT,04-At/near private drive,02-Thru lane,01-Clear,"06-Dusk, artificial",MIDBLOCK,
9405,06-150056,20061115,GRASSWOOD ST btwn WATERBEND CRES & WATERBEND CRES,04-At/near private drive,02-Thru lane,01-Clear,01-Daylight,MIDBLOCK,
9406,06-141268,20061031,ROBERTS CRES btwn KINGSWOOD DR & KINGSWOOD DR,04-At/near private drive,02-Thru lane,01-Clear,01-Daylight,MIDBLOCK,
9407,06-155469,20061202,ADELAIDE ST btwn PATRICIA AVE & BELMONT AVE W,01-Non intersection,02-Thru lane,,"08-Dark, artificial",MIDBLOCK,
9408,06-155171,20061201,FRANKLIN ST N btwn DREGER AVE & OTTAWA ST N,01-Non intersection,11-Not on roadway - right side,03-Snow,07-Dark,MIDBLOCK,
9409,06-156207,20061204,BUTTONWOOD DR btwn WARREN RD & FOREST HILL DR,04-At/near private drive,11-Not on roadway - right side,01-Clear,01-Daylight,MIDBLOCK,
9410,06-156281,20061204,EVERGLADE CRES btwn FOXGLOVE CRES & FOXGLOVE CRES,04-At/near private drive,10-Not on roadway - left side,03-Snow,01-Daylight,MIDBLOCK,
9411,06-159215,20061209,CHURCH ST btwn BENTON ST & PETER ST,01-Non intersection,02-Thru lane,01-Clear,"08-Dark, artificial",MIDBLOCK,
9412,06-077225,20060620,RITTENHOUSE RD btwn BLOCK LINE RD & TUERR DR,01-Non intersection,09-Right shoulder,01-Clear,01-Daylight,MIDBLOCK,
9413,06-153699,20061128,COPPER LEAF CRES btwn MAX BECKER DR & MAX BECKER DR,04-At/near private drive,02-Thru lane,01-Clear,01-Daylight,MIDBLOCK,
9414,06-153306,20061127,CEDARWOODS CRES btwn KINGSWAY DR & CEDARWOODS CRES,04-At/near private drive,02-Thru lane,01-Clear,01-Daylight,MIDBLOCK,
9415,06-157040,20061206,MILL ST btwn HEIMAN ST & BORDEN PKY,01-Non intersection,02-Thru lane,03-Snow,01-Daylight,MIDBLOCK,
9416,06-157425,20061206,PERTH RD btwn PLEASANT AVE & BURNSIDE AVE,04-At/near private drive,09-Right shoulder,03-Snow,"08-Dark, artificial",MIDBLOCK,
9417,06-126735,20060930,GLASGOW ST btwn IRA NEEDLES BLVD & HIGHLAND RD W,01-Non intersection,11-Not on roadway - right side,01-Clear,07-Dark,MIDBLOCK,
9418,06-028583,20060309,WABANAKI DR btwn KEVCO PL & WILSON AVE,01-Non intersection,02-Thru lane,02-Rain,"08-Dark, artificial",MIDBLOCK,
9419,06-115284,20060906,BELMONT AVE W btwn HIGHLAND RD W & BURN PL,04-At/near private drive,03-Left turn lane,01-Clear,01-Daylight,MIDBLOCK,
9420,06-107282,20060820,HOLBORN DR btwn HOLBORN CRT & OLD CHICOPEE DR,04-At/near private drive,11-Not on roadway - right side,01-Clear,"08-Dark, artificial",MIDBLOCK,
9421,06-136814,20061021,HIDDEN CREEK DR btwn WESTFOREST TRAIL & HOLLYRIDGE CRES,04-At/near private drive,02-Thru lane,01-Clear,07-Dark,MIDBLOCK,
9422,06-140061,20061029,FAIRVIEW AVE btwn WEBER ST E & SAMUEL ST,04-At/near private drive,08-Left shoulder,02-Rain,"08-Dark, artificial",MIDBLOCK,
9423,06-120421,20060916,DEER RIDGE DR btwn TERRACE WOOD DR & DEER RIDGE CRES,01-Non intersection,02-Thru lane,01-Clear,01-Daylight,MIDBLOCK,
9424,06-090438,20060717,KING ST W btwn WATER ST S & FRANCIS ST N,01-Non intersection,02-Thru lane,01-Clear,01-Daylight,MIDBLOCK,
9425,06-030286,20060313,COLLEGE ST btwn DUKE ST W & WEBER ST W,04-At/near private drive,11-Not on roadway - right side,02-Rain,01-Daylight,MIDBLOCK,
9426,06-031147,20060315,DALEGROVE DR btwn INGLESIDE DR & INGLESIDE DR,01-Non intersection,02-Thru lane,06-Strong wind,01-Daylight,MIDBLOCK,
9427,06-031545,20060316,BELMONT AVE W btwn CLAREMONT AVE & ARGYLE ST,98-Other,02-Thru lane,01-Clear,01-Daylight,MIDBLOCK,
9428,06-091727,20060720,QUEENS BLVD btwn BELMONT AVE E & BLUERIDGE AVE,01-Non intersection,02-Thru lane,01-Clear,01-Daylight,MIDBLOCK,
9429,06-031811,20060316,STRASBURG RD btwn MCINTYRE DR & TRILLIUM DR,10-Parking lot,12-Off highway,01-Clear,01-Daylight,MIDBLOCK,
9430,06-135426,20061018,KING ST W btwn FRANCIS ST N & VICTORIA ST N,04-At/near private drive,11-Not on roadway - right side,01-Clear,01-Daylight,MIDBLOCK,
9431,06-097946,20060730,GLEN AVON CRES btwn FORESTWOOD DR & FORESTWOOD DR,01-Non intersection,02-Thru lane,01-Clear,01-Daylight,MIDBLOCK,
9432,06-142231,20061102,VICMOUNT DR btwn WESTMOUNT RD W & VICTORIA ST S,04-At/near private drive,02-Thru lane,01-Clear,"08-Dark, artificial",MIDBLOCK,
9433,06-136879,20061021,BINGEMANS CENTRE DR btwn RIVERBEND DR & SHIRLEY DR,04-At/near private drive,11-Not on roadway - right side,01-Clear,07-Dark,MIDBLOCK,
9434,06-145364,20061109,BELMONT AVE W btwn HIGHLAND RD W & BURN PL,04-At/near private drive,02-Thru lane,01-Clear,01-Daylight,MIDBLOCK,
9435,06-135253,20061017,BIEHN DR btwn MAXWELL DR & BLACK WALNUT DR,01-Non intersection,09-Right shoulder,02-Rain,,MIDBLOCK,
9436,06-153909,20061129,RIDGEWOOD AVE btwn FAIRFIELD AVE & OAKWOOD AVE,01-Non intersection,02-Thru lane,02-Rain,07-Dark,MIDBLOCK,
9437,06-076551,20060619,RIVERBEND DR btwn GUELPH ST & BRIDGEPORT RD,01-Non intersection,02-Thru lane,02-Rain,01-Daylight,MIDBLOCK,
9438,06-067941,20060601,WEBSTER RD btwn WILSON AVE & MANITOU DR,01-Non intersection,11-Not on roadway - right side,01-Clear,07-Dark,MIDBLOCK,
9439,06-068404,20060602,WESTFOREST TRAIL btwn GREENGABLE WAY & GREENGABLE WAY,01-Non intersection,11-Not on roadway - right side,02-Rain,"08-Dark, artificial",MIDBLOCK,
9440,06-087251,20060710,PARK ST btwn VICTORIA ST S & CHERRY ST,04-At/near private drive,09-Right shoulder,01-Clear,01-Daylight,MIDBLOCK,
9441,06-136792,20061021,HALIFAX DR btwn CONFEDERATION DR & NATCHEZ RD,04-At/near private drive,10-Not on roadway - left side,01-Clear,01-Daylight,MIDBLOCK,
9442,06-128530,20061003,MARGARET AVE btwn WILHELM ST & BLUCHER ST,04-At/near private drive,02-Thru lane,01-Clear,01-Daylight,MIDBLOCK,
9443,06-021443,20060220,SHOEMAKER ST btwn STRASBURG RD & TRILLIUM DR,04-At/near private drive,02-Thru lane,01-Clear,01-Daylight,MIDBLOCK,
9444,06-026270,20060304,GLASGOW ST btwn NORTHFOREST TRAIL & WATERLOO BOUNDARY,01-Non intersection,08-Left shoulder,01-Clear,01-Daylight,MIDBLOCK,
9445,06-025163,20060302,STONYBROOK DR btwn SWEETBRIAR DR & VILLAGE CRES,04-At/near private drive,02-Thru lane,06-Strong wind,01-Daylight,MIDBLOCK,