OBJECTID,ACCIDENTNUM,ACCIDENTDATE,LOCATION,ACCIDENT_LOCATION,IMPACT_LOCATION,ENVIRONMENT_CONDITION,LIGHT,COLLISION_TYPE,TRAFFICCOLLISIONSID
9446,06-027979,20060307,SOUTHWOOD DR btwn SANDSPRINGS CRES & CENTURY HILL DR,04-At/near private drive,02-Thru lane,01-Clear,01-Daylight,MIDBLOCK,
9447,06-162533,20061218,INGLESIDE DR btwn INGLESIDE PL & DALEGROVE DR,01-Non intersection,10-Not on roadway - left side,01-Clear,"08-Dark, artificial",MIDBLOCK,
9448,06-095225,20060727,CHARLES BEST PL btwn HEIMAN ST & CHARLES BEST PL,04-At/near private drive,09-Right shoulder,01-Clear,01-Daylight,MIDBLOCK,
9449,06-129766,20061006,FOURTH AVE btwn KINGSWAY DR & CONNAUGHT ST,01-Non intersection,02-Thru lane,01-Clear,01-Daylight,MIDBLOCK,
9450,06-158180,20061208,WOODPOPPY CRT btwn GREY FOX DR & CUL DE SAC,04-At/near private drive,12-Off highway,01-Clear,"08-Dark, artificial",MIDBLOCK,
9451,06-167172,20061231,GLASGOW ST btwn IRA NEEDLES BLVD & HIGHLAND RD W,01-Non intersection,09-Right shoulder,01-Clear,07-Dark,MIDBLOCK,
9452,06-120247,20060915,MILL PARK DR btwn MORNINGVIEW PL & OLD MILL RD,04-At/near private drive,02-Thru lane,01-Clear,"08-Dark, artificial",MIDBLOCK,
9453,06-161549,20061216,WILSON AVE btwn FAIRWAY RD S & WEBSTER RD,04-At/near private drive,02-Thru lane,01-Clear,01-Daylight,MIDBLOCK,
9454,06-026433,20060304,PLAINS RD btwn FISCHER HALLMAN RD & TRUSSLER RD,01-Non intersection,12-Off highway,01-Clear,01-Daylight,MIDBLOCK,
9455,06-024712,20060301,RIVER RD E btwn LORRAINE AVE & GIBSON DR,99-Other,12-Off highway,03-Snow,"08-Dark, artificial",MIDBLOCK,
9456,06-008733,20060713,KEHL ST btwn HOFFMAN ST & OTTAWA ST S,10-Parking lot,12-Off highway,01-Clear,01-Daylight,MIDBLOCK,
9457,06-010717,20060124,MARKWOOD DR btwn ROSSFORD CRES & HAZELGLEN DR,04-At/near private drive,09-Right shoulder,06-Strong wind,"06-Dusk, artificial",MIDBLOCK,
9458,06-010736,20060126,PARK ST btwn GILDNER ST & WOOD ST,04-At/near private drive,02-Thru lane,01-Clear,01-Daylight,MIDBLOCK,
9459,06-010732,20060126,ROBERTSON CRES btwn BIEHN DR & MACINTOSH PL,04-At/near private drive,09-Right shoulder,01-Clear,01-Daylight,MIDBLOCK,
9460,06-005320,20060113,HOHNER AVE btwn LANCASTER ST E & SAMUEL ST,01-Non intersection,02-Thru lane,01-Clear,01-Daylight,MIDBLOCK,
9461,06-025892,20060303,DRIFTWOOD DR btwn SOMERFIELD PL & PARKLAND CRES,01-Non intersection,02-Thru lane,01-Clear,01-Daylight,MIDBLOCK,
9462,06-024936,20060301,VERONICA DR btwn VERONICA CRT & VERONICA DR,01-Non intersection,02-Thru lane,01-Clear,01-Daylight,MIDBLOCK,
9463,06-064796,20060526,RUSKVIEW RD btwn SWEETBRIAR DR & GREENBROOK DR,01-Non intersection,10-Not on roadway - left side,01-Clear,"08-Dark, artificial",MIDBLOCK,
9464,06-000346,20060101,ACTIVA AVE btwn SNOWDROP CRES & BRIDLEWREATH ST,04-At/near private drive,02-Thru lane,01-Clear,01-Daylight,MIDBLOCK,
9465,06-001599,20060104,BREITHAUPT ST btwn AHRENS ST W & MARGARET AVE,04-At/near private drive,02-Thru lane,01-Clear,"08-Dark, artificial",MIDBLOCK,
9466,06-090690,20060717,SNOWDROP CRES btwn RED CLOVER CRES & ACTIVA AVE,04-At/near private drive,02-Thru lane,02-Rain,"08-Dark, artificial",MIDBLOCK,
9467,06-075549,20060617,SABRINA CRES btwn BECHTEL DR & BECHTEL DR,04-At/near private drive,02-Thru lane,01-Clear,01-Daylight,MIDBLOCK,
9468,06-078176,20060622,QUEENS BLVD btwn HIGHLAND RD E & SPADINA RD E,04-At/near private drive,12-Off highway,01-Clear,01-Daylight,MIDBLOCK,
9469,06-064891,20060527,KINGSWAY DR btwn ST JEROME AVE & CEDARWOODS CRES,01-Non intersection,09-Right shoulder,01-Clear,"08-Dark, artificial",MIDBLOCK,
9470,06-075883,20060618,QUEEN ST N btwn ST LEGER ST & LANCASTER ST W,01-Non intersection,02-Thru lane,01-Clear,"08-Dark, artificial",MIDBLOCK,
9471,06-063289,20060523,STIRLING AVE S btwn CHARLES ST E & FORK IN ROAD,01-Non intersection,02-Thru lane,01-Clear,01-Daylight,MIDBLOCK,
9472,06-065216,20060527,ACTIVA AVE btwn DAVID BERGEY DR & ISAIAH DR,01-Non intersection,02-Thru lane,01-Clear,01-Daylight,MIDBLOCK,
9473,06-067198,20060531,MAPLE AVE btwn UNION ST & CUL DE SAC,04-At/near private drive,02-Thru lane,01-Clear,01-Daylight,MIDBLOCK,
9474,06-126465,20060929,VERONICA DR btwn BANCROFT ST & VERONICA DR,01-Non intersection,02-Thru lane,01-Clear,01-Daylight,MIDBLOCK,
9475,06-126877,20060930,KRUG ST btwn BECKER ST & CAMBRIDGE AVE,04-At/near private drive,02-Thru lane,01-Clear,01-Daylight,MIDBLOCK,
9476,06-102046,20060810,WESTHEIGHTS DR btwn TRAILVIEW DR & AUTUMN HILL CRES,02-Intersection related,02-Thru lane,01-Clear,01-Daylight,MIDBLOCK,
9477,06-133690,20061014,SHIRLEY DR btwn CEDARVIEW PL & CRESTVIEW PL,04-At/near private drive,11-Not on roadway - right side,01-Clear,"08-Dark, artificial",MIDBLOCK,
9478,06-102201,20060810,WABANAKI DR btwn MANITOU DR & KEVCO PL,01-Non intersection,03-Left turn lane,01-Clear,01-Daylight,MIDBLOCK,
9479,06-116019,20060908,FAIRVIEW AVE btwn WEBER ST E & SAMUEL ST,01-Non intersection,09-Right shoulder,01-Clear,01-Daylight,MIDBLOCK,
9480,06-117158,20060910,CHANDOS DR btwn GRAND RIVER BLVD & CHANDOS CRT,04-At/near private drive,02-Thru lane,01-Clear,"08-Dark, artificial",MIDBLOCK,
9481,06-116746,20060909,WATER ST N btwn DUKE ST W & FRANCIS ST N,01-Non intersection,09-Right shoulder,02-Rain,01-Daylight,MIDBLOCK,
9482,06-11661416,20060909,MAX BECKER DR btwn ACTIVA AVE & BRIDLEWREATH ST,01-Non intersection,02-Thru lane,01-Clear,07-Dark,MIDBLOCK,
9483,06-030696,20060314,WESTHEIGHTS DR btwn MCGARRY DR & LORILEE CRES,04-At/near private drive,02-Thru lane,03-Snow,07-Dark,MIDBLOCK,
9484,06-074929,20060614,BANKSIDE DR btwn BANKSIDE CRES & WESTFOREST TRAIL,04-At/near private drive,02-Thru lane,01-Clear,01-Daylight,MIDBLOCK,
9485,06-012361,20060127,HOHNER AVE btwn LANCASTER ST E & SAMUEL ST,01-Non intersection,02-Thru lane,01-Clear,01-Daylight,MIDBLOCK,
9486,06-010936,20060126,WEXFORD CRES btwn STOKE DR & STOKE DR,99-Other,12-Off highway,01-Clear,"08-Dark, artificial",MIDBLOCK,
9487,06-009994,20060124,UNION ST btwn MARGARET AVE & SUNSET PL,01-Non intersection,11-Not on roadway - right side,03-Snow,01-Daylight,MIDBLOCK,
9488,06-011034,20060127,WOOLNER TRAIL btwn FAIRWAY RD N & UPPER MERCER ST,01-Non intersection,09-Right shoulder,01-Clear,01-Daylight,MIDBLOCK,
9489,06-074048,20060611,WESTWOOD DR btwn HUNTINGTON PL & GALLARNO CRT,04-At/near private drive,02-Thru lane,01-Clear,01-Daylight,MIDBLOCK,
9490,05-162680,20051210,TILT DR btwn DOON VILLAGE RD & DOON MILLS DR,01-Non intersection,02-Thru lane,01-Clear,01-Daylight,MIDBLOCK,
9491,05-166464,20051219,GREENDALE CRES btwn MORGAN AVE & MORGAN AVE,04-At/near private drive,02-Thru lane,01-Clear,"06-Dusk, artificial",MIDBLOCK,
9492,05-163138,20051215,TRILLIUM DR btwn MCBRINE DR & WASHBURN DR,04-At/near private drive,02-Thru lane,03-Snow,05-Dusk,MIDBLOCK,
9493,05-143463,20051105,STRASBURG RD btwn CHANDLER DR & OTTAWA ST S,04-At/near private drive,02-Thru lane,"07-Fog, mist, smoke, dust",01-Daylight,MIDBLOCK,
9494,05-153938,20051125,MILL ST btwn HEIMAN ST & BORDEN PKY,01-Non intersection,11-Not on roadway - right side,01-Clear,01-Daylight,MIDBLOCK,
9495,05-156967,20051201,WESTFOREST TRAIL btwn BEECHROYAL PL & GREENGABLE WAY,01-Non intersection,11-Not on roadway - right side,03-Snow,07-Dark,MIDBLOCK,
9496,05-153884,20051125,BRANDON AVE btwn DUNBAR RD & KATHERINE CRES,04-At/near private drive,02-Thru lane,01-Clear,01-Daylight,MIDBLOCK,
9497,05-156945,20051201,GLASGOW ST btwn NORTHFOREST TRAIL & WATERLOO BOUNDARY,01-Non intersection,02-Thru lane,03-Snow,07-Dark,MIDBLOCK,
9498,05-137413,20051020,VICMOUNT DR btwn WESTMOUNT RD W & VICTORIA ST S,01-Non intersection,02-Thru lane,01-Clear,01-Daylight,MIDBLOCK,
9499,05-141284,20051031,STRANGE ST btwn DOMINION ST & ELM ST,01-Non intersection,02-Thru lane,01-Clear,"08-Dark, artificial",MIDBLOCK,
9500,05-141889,20051102,UXBRIDGE CRES btwn ERINBROOK DR & ERINBROOK DR,04-At/near private drive,02-Thru lane,01-Clear,01-Daylight,MIDBLOCK,
9501,05-143393,20051104,ACTIVA AVE btwn BERRY MOSS ST & DAVID BERGEY DR,01-Non intersection,02-Thru lane,01-Clear,"08-Dark, artificial",MIDBLOCK,
9502,05-129269,20051007,KING ST W btwn ONTARIO ST S & YOUNG ST,04-At/near private drive,02-Thru lane,02-Rain,01-Daylight,MIDBLOCK,
9503,05-137091,20051023,WELLINGTON ST N btwn WEBER ST W & AHRENS ST W,04-At/near private drive,02-Thru lane,02-Rain,01-Daylight,MIDBLOCK,
9504,05-160360,20051209,STIRLING AVE S btwn CHARLES ST E & FORK IN ROAD,04-At/near private drive,02-Thru lane,01-Clear,01-Daylight,MIDBLOCK,
9505,05-161255,20051211,UNION ST btwn MARGARET AVE & SUNSET PL,01-Non intersection,12-Off highway,03-Snow,01-Daylight,MIDBLOCK,
9506,05-153905,20051129,HURON RD btwn CRANSHAW ST & PLAINS RD,01-Non intersection,10-Not on roadway - left side,03-Snow,01-Daylight,MIDBLOCK,
9507,05-153802,20051125,HENHOEFFER CRES btwn REISTVIEW ST & BIG SPRINGS CRT,04-At/near private drive,02-Thru lane,01-Clear,01-Daylight,MIDBLOCK,
9508,05-155670,20051129,BELMONT AVE W btwn GAGE AVE & GLASGOW ST,04-At/near private drive,02-Thru lane,02-Rain,01-Daylight,MIDBLOCK,
9509,05-154921,20051125,LAURENTIAN DR btwn CARTIER DR & HOWLAND DR,01-Non intersection,02-Thru lane,01-Clear,01-Daylight,MIDBLOCK,
9510,05-157195,20051202,NEWBURY DR btwn ROLLING MEADOWS DR & COVINGTON CRES,01-Non intersection,02-Thru lane,01-Clear,01-Daylight,MIDBLOCK,
9511,05-166516,20051121,GRULKE ST btwn KINZIE AVE & FAIRWAY RD N,04-At/near private drive,02-Thru lane,03-Snow,07-Dark,MIDBLOCK,
9512,05-165259,20051220,HICKSON DR btwn LYLE PL & CRAIG DR,01-Non intersection,02-Thru lane,03-Snow,01-Daylight,MIDBLOCK,
9513,05-165479,20051218,BUSH CLOVER CRES btwn HACKBERRY ST & ACTIVA AVE,04-At/near private drive,02-Thru lane,01-Clear,"08-Dark, artificial",MIDBLOCK,
9514,05-150752,20051118,THOMAS SLEE DR btwn DOON SOUTH DR & SOUTHRIDGE DR,04-At/near private drive,02-Thru lane,03-Snow,01-Daylight,MIDBLOCK,
9515,06-119029,20060914,WILSON AVE btwn BALFOUR CRES & KINGSWAY DR,04-At/near private drive,02-Thru lane,02-Rain,01-Daylight,MIDBLOCK,
9516,05-168847,20051229,RIVER RD E btwn HOLBORN DR & CONWAY DR,04-At/near private drive,02-Thru lane,02-Rain,01-Daylight,MIDBLOCK,
9517,05-165302,20051220,WILSON AVE btwn GOODRICH DR & WABANAKI DR,01-Non intersection,11-Not on roadway - right side,01-Clear,"08-Dark, artificial",MIDBLOCK,
9518,05-167467,20051225,SILVER ASPEN CRES btwn ELM RIDGE DR & ELM RIDGE DR,04-At/near private drive,02-Thru lane,,,MIDBLOCK,
9519,05-015887,20050211,WILSON AVE btwn BALFOUR CRES & KINGSWAY DR,10-Parking lot,12-Off highway,01-Clear,01-Daylight,MIDBLOCK,
9520,05-143433,20051105,LOCUST ST btwn MANSION ST & FREDERICK ST,04-At/near private drive,02-Thru lane,02-Rain,01-Daylight,MIDBLOCK,
9521,05-148424,20051115,FRANKLIN ST N btwn WEBER ST E & PROSPECT AVE,04-At/near private drive,02-Thru lane,02-Rain,"08-Dark, artificial",MIDBLOCK,
9522,05-067032,20050607,MAX BECKER DR btwn ISABELLA ST & COMMONWEALTH ST,04-At/near private drive,02-Thru lane,01-Clear,01-Daylight,MIDBLOCK,
9523,05-011917,20050201,VILLAGE RD btwn WESTMOUNT RD E & VILLAGE CRES,04-At/near private drive,02-Thru lane,01-Clear,01-Daylight,MIDBLOCK,
9524,05-100437,20050812,DOON VALLEY DR btwn OLD MILL RD & END,04-At/near private drive,03-Left turn lane,01-Clear,01-Daylight,MIDBLOCK,
9525,05-085136,20050618,MILLWOOD CRES btwn CLUTHE CRES & CLUTHE CRES,04-At/near private drive,02-Thru lane,01-Clear,01-Daylight,MIDBLOCK,
9526,05-099308,20050810,STRASBURG RD btwn BLOCK LINE RD & OLD COUNTRY DR,02-Intersection related,01-Within intersection,01-Clear,01-Daylight,MIDBLOCK,
9527,05-062438,20050529,PINE MARTIN CRES btwn WILDERNESS DR & WILDERNESS DR,04-At/near private drive,12-Off highway,01-Clear,01-Daylight,MIDBLOCK,
9528,05-066033,20050605,PINE VALLEY DR btwn FISCHER CRT & KNOX CRT,04-At/near private drive,02-Thru lane,01-Clear,01-Daylight,MIDBLOCK,
9529,05-028143,20050314,WATERCRESS CRT btwn WILDERNESS DR & END,04-At/near private drive,02-Thru lane,01-Clear,"08-Dark, artificial",MIDBLOCK,
9530,05-100291,20050812,MCGEE AVE btwn INDIAN RD & OTTAWA ST N,04-At/near private drive,12-Off highway,01-Clear,01-Daylight,MIDBLOCK,
9531,05-064319,20050601,ELLIS AVE btwn GUELPH ST & RAITAR AVE,04-At/near private drive,02-Thru lane,01-Clear,01-Daylight,MIDBLOCK,
9532,05-066006,20050604,PERIWINKLE ST btwn SWEET WILLIAM ST & DONNENWERTH DR,01-Non intersection,02-Thru lane,01-Clear,"08-Dark, artificial",MIDBLOCK,
9533,05-114331,20050908,HIGHLAND RD E btwn STIRLING AVE S & MAUSSER AVE,04-At/near private drive,02-Thru lane,01-Clear,01-Daylight,MIDBLOCK,
9534,05-104052,20050819,WALTON AVE btwn KIPLING AVE & COURTLAND AVE E,01-Non intersection,02-Thru lane,01-Clear,01-Daylight,MIDBLOCK,
9535,05-113775,20050722,VISTA CRES btwn LAKESIDE DR & LAKESIDE DR,04-At/near private drive,02-Thru lane,01-Clear,01-Daylight,MIDBLOCK,
9536,05-108595,20050827,DONNENWERTH DR btwn ACTIVA AVE & COPPER LEAF CRES,04-At/near private drive,02-Thru lane,01-Clear,01-Daylight,MIDBLOCK,
9537,05-154463,20051126,BANKSIDE DR btwn BANKSIDE CRES & WESTFOREST TRAIL,01-Non intersection,02-Thru lane,01-Clear,01-Daylight,MIDBLOCK,
9538,05-055877,20050515,FORFAR AVE btwn ROTHSAY AVE & FORFAR CRT,01-Non intersection,02-Thru lane,01-Clear,01-Daylight,MIDBLOCK,
9539,05-102910,20050817,SILVER ASPEN CRES btwn ELM RIDGE DR & ELM RIDGE DR,01-Non intersection,02-Thru lane,01-Clear,01-Daylight,MIDBLOCK,
9540,05-142427,20051101,WEST ACRES CRES btwn SUMMERHILL CRES & BLACKWELL DR,01-Non intersection,02-Thru lane,01-Clear,01-Daylight,MIDBLOCK,
9541,05-145091,20051108,RITTENHOUSE RD btwn BLOCK LINE RD & TUERR DR,04-At/near private drive,02-Thru lane,01-Clear,07-Dark,MIDBLOCK,
9542,05-150590,20051117,HIGHBROOK ST btwn BLOCK LINE RD & HIGHBROOK CRT,04-At/near private drive,02-Thru lane,03-Snow,"08-Dark, artificial",MIDBLOCK,
9543,05-026010,20050310,HARCOURT CRES btwn MILLWOOD CRES & MILLWOOD CRES,01-Non intersection,11-Not on roadway - right side,01-Clear,01-Daylight,MIDBLOCK,
9544,05-114965,20050909,BUTTONWOOD DR btwn WARREN RD & FOREST HILL DR,04-At/near private drive,02-Thru lane,01-Clear,01-Daylight,MIDBLOCK,
9545,05-120126,20050916,CHANDOS DR btwn GRAND RIVER BLVD & CHANDOS CRT,04-At/near private drive,02-Thru lane,01-Clear,01-Daylight,MIDBLOCK,
9546,05-121782,20050923,ROSENEATH CRES btwn BLACKHORNE DR & LAURENTIAN DR,04-At/near private drive,10-Not on roadway - left side,02-Rain,07-Dark,MIDBLOCK,
9547,05-131983,20051013,BLACKHORNE DR btwn STRASBURG RD & BLACKHORNE CRES,01-Non intersection,02-Thru lane,01-Clear,"08-Dark, artificial",MIDBLOCK,
9548,05-036602,20050403,TRAILVIEW DR btwn RIPLEY CRES & BLACKWELL DR,04-At/near private drive,02-Thru lane,03-Snow,01-Daylight,MIDBLOCK,
9549,05-030629,20050320,PATTANDON AVE btwn OLYMPIC DR & OTTAWA ST S,04-At/near private drive,02-Thru lane,03-Snow,01-Daylight,MIDBLOCK,
9550,05-033654,20050326,GENEVA CRES btwn SELKIRK DR & SELKIRK DR,01-Non intersection,02-Thru lane,01-Clear,01-Daylight,MIDBLOCK,
9551,05-091737,20050724,PLEASANT AVE btwn QUEENS BLVD & BINSCARTH RD,04-At/near private drive,02-Thru lane,01-Clear,01-Daylight,MIDBLOCK,
9552,05-093458,20050729,STRASBURG RD btwn BLOCK LINE RD & OLD COUNTRY DR,04-At/near private drive,02-Thru lane,01-Clear,01-Daylight,MIDBLOCK,
9553,05-155231,20051121,KRUG ST btwn EAST AVE & MELROSE AVE,02-Intersection related,02-Thru lane,"07-Fog, mist, smoke, dust","08-Dark, artificial",MIDBLOCK,
9554,05-011370,20050130,HIDDEN CREEK DR btwn HOLLYRIDGE CRES & WESTFOREST TRAIL,04-At/near private drive,02-Thru lane,01-Clear,01-Daylight,MIDBLOCK,
9555,05-007951,20050122,SWEETBRIAR DR btwn DUNCAIRN AVE & RUSKVIEW RD,04-At/near private drive,02-Thru lane,03-Snow,01-Daylight,MIDBLOCK,
9556,05-069778,20050612,BROCK ST btwn QUEEN ST S & WEST AVE,01-Non intersection,10-Not on roadway - left side,01-Clear,01-Daylight,MIDBLOCK,
9557,05-070903,20050614,BREITHAUPT ST btwn MARGARET AVE & ST LEGER ST,01-Non intersection,10-Not on roadway - left side,02-Rain,,MIDBLOCK,
9558,05-162751,20051214,BRYBECK CRES btwn KARN ST & WESTMOUNT RD W,04-At/near private drive,02-Thru lane,01-Clear,,MIDBLOCK,
9559,05-158903,20051206,EAST AVE btwn FREDERICK ST & BINGEMAN ST,01-Non intersection,02-Thru lane,01-Clear,01-Daylight,MIDBLOCK,
9560,05-017070,20050215,MILL ST btwn QUEEN ST S & LANSDOWNE BLVD,01-Non intersection,09-Right shoulder,02-Rain,01-Daylight,MIDBLOCK,
9561,05-130004,20051008,FOURTH AVE btwn KINGSWAY DR & CONNAUGHT ST,04-At/near private drive,02-Thru lane,01-Clear,01-Daylight,MIDBLOCK,
9562,05-125981,20051001,RIVERBEND DR btwn GUELPH ST & BRIDGEPORT RD,01-Non intersection,02-Thru lane,01-Clear,07-Dark,MIDBLOCK,
9563,05-092384,20050727,WALTER ST btwn AGNES ST & GLASGOW ST,04-At/near private drive,02-Thru lane,01-Clear,01-Daylight,MIDBLOCK,
9564,05-093277,20050728,BREITHAUPT ST btwn LANCASTER ST W & END,01-Non intersection,02-Thru lane,01-Clear,"08-Dark, artificial",MIDBLOCK,
9565,05-094811,20050731,PATHFINDER CRES btwn BECHTEL DR & PATHFINDER CRES,04-At/near private drive,02-Thru lane,01-Clear,05-Dusk,MIDBLOCK,
9566,05-094030,20050730,BELMONT AVE W btwn BELMONT LANE E & UNION BLVD,01-Non intersection,02-Thru lane,01-Clear,01-Daylight,MIDBLOCK,
9567,05-092207,20050727,SOUTHILL DR btwn THALER AVE & MORGAN AVE,04-At/near private drive,02-Thru lane,02-Rain,01-Daylight,MIDBLOCK,
9568,05-071487,20050616,GRULKE ST btwn KINZIE AVE & FAIRWAY RD N,01-Non intersection,02-Thru lane,02-Rain,"08-Dark, artificial",MIDBLOCK,
9569,05-002261,20050107,OPRINGTON DR btwn VICTORIA ST S & BENESFORT DR,01-Non intersection,02-Thru lane,01-Clear,01-Daylight,MIDBLOCK,
9570,05-021554,20050227,GLASGOW ST btwn IRA NEEDLES BLVD & HIGHLAND RD W,01-Non intersection,11-Not on roadway - right side,01-Clear,07-Dark,MIDBLOCK,
9571,05-016622,20050214,PIONEER DR btwn UPPER CANADA DR & DOON VILLAGE RD,01-Non intersection,11-Not on roadway - right side,02-Rain,"04-Dawn, artificial",MIDBLOCK,
9572,05-014897,20050209,RALGREEN CRES btwn OVERLEA DR & EAGEN DR,01-Non intersection,02-Thru lane,03-Snow,07-Dark,MIDBLOCK,
9573,05-056634,20050517,HIGHLAND RD E btwn STIRLING AVE S & MAUSSER AVE,04-At/near private drive,02-Thru lane,01-Clear,01-Daylight,MIDBLOCK,
9574,05-120651,20050920,STRASBURG RD btwn BLOCK LINE RD & OLD COUNTRY DR,03-At intersection,01-Within intersection,01-Clear,01-Daylight,MIDBLOCK,
9575,05-129737,20051008,GLASGOW ST btwn IRA NEEDLES BLVD & HIGHLAND RD W,01-Non intersection,10-Not on roadway - left side,01-Clear,07-Dark,MIDBLOCK,
9576,05-036635,20050403,PIONEER DR btwn UPPER CANADA DR & DOON VILLAGE RD,04-At/near private drive,02-Thru lane,03-Snow,01-Daylight,MIDBLOCK,
9577,05-068717,20050610,ACTIVA AVE btwn PERIWINKLE ST & YARROW CRT,04-At/near private drive,02-Thru lane,01-Clear,01-Daylight,MIDBLOCK,
9578,05-091723,20050726,KENT AVE btwn CHARLES ST E & HURST AVE,04-At/near private drive,09-Right shoulder,01-Clear,01-Daylight,MIDBLOCK,
9579,05-085077,20050713,VANIER DR btwn SIEBERT AVE & TRAYNOR AVE,01-Non intersection,02-Thru lane,01-Clear,01-Daylight,MIDBLOCK,
9580,05-083870,20050710,NEWBURY DR btwn COVINGTON CRES & BURNABY CRES,04-At/near private drive,02-Thru lane,01-Clear,01-Daylight,MIDBLOCK,
9581,05-016523,20050214,LYNNHAVEN CRT btwn FENWICK CRT & CUL DE SAC,04-At/near private drive,10-Not on roadway - left side,04-Freezing Rain,01-Daylight,MIDBLOCK,
9582,05-016599,20050214,EASTFOREST TRAIL btwn BANKSIDE DR & OLIVER CRT,01-Non intersection,11-Not on roadway - right side,04-Freezing Rain,01-Daylight,MIDBLOCK,
9583,05-099970,20050811,WELLINGTON ST N btwn SPRING VALLEY RD & CIRCA DR,04-At/near private drive,02-Thru lane,01-Clear,01-Daylight,MIDBLOCK,
9584,05-098657,20050809,TRAYNOR AVE btwn WILSON AVE & BELWOOD CRES,01-Non intersection,02-Thru lane,01-Clear,"08-Dark, artificial",MIDBLOCK,
9585,05-107675,20050826,APPALACHIAN CRES btwn KINGSWOOD DR & KINGSWOOD DR,01-Non intersection,02-Thru lane,01-Clear,01-Daylight,MIDBLOCK,
9586,05-018253,20050216,BROCK ST btwn QUEEN ST S & WEST AVE,04-At/near private drive,02-Thru lane,01-Clear,"08-Dark, artificial",MIDBLOCK,
9587,05-018264,20050218,GRULKE ST btwn KINZIE AVE & FAIRWAY RD N,04-At/near private drive,02-Thru lane,01-Clear,01-Daylight,MIDBLOCK,
9588,05-011478,20050129,DOON SOUTH DR btwn WOODSMERE DR & ROBERT FERRIE DR,04-At/near private drive,02-Thru lane,01-Clear,01-Daylight,MIDBLOCK,
9589,05-022240,20050228,MARGARET AVE btwn GUELPH ST & FAIRFIELD AVE,04-At/near private drive,02-Thru lane,03-Snow,"08-Dark, artificial",MIDBLOCK,
9590,05-016531,20050214,PIONEER DR btwn UPPER CANADA DR & DOON VILLAGE RD,01-Non intersection,02-Thru lane,04-Freezing Rain,"04-Dawn, artificial",MIDBLOCK,
9591,05-069423,20050610,DUNBAR RD btwn CLAREMONT AVE & IRVIN ST,04-At/near private drive,02-Thru lane,01-Clear,01-Daylight,MIDBLOCK,
9592,05-074204,20050621,RUTHERFORD DR btwn FERGUS AVE & KINZIE AVE,04-At/near private drive,11-Not on roadway - right side,01-Clear,01-Daylight,MIDBLOCK,
9593,05-080499,20050704,FERGUS AVE btwn FALESY AVE & CLOVER PL,10-Parking lot,12-Off highway,01-Clear,"08-Dark, artificial",MIDBLOCK,
9594,05-085785,20050714,HANSON AVE btwn ARDELT AVE & HAYWARD AVE,01-Non intersection,10-Not on roadway - left side,02-Rain,01-Daylight,MIDBLOCK,
9595,05-085195,20050713,STRASBURG RD btwn BLOCK LINE RD & OLD COUNTRY DR,01-Non intersection,02-Thru lane,01-Clear,01-Daylight,MIDBLOCK,
9596,05-109560,20050830,UNION BLVD btwn DUNBAR RD & WESTMOUNT RD W,04-At/near private drive,02-Thru lane,01-Clear,01-Daylight,MIDBLOCK,
9597,05-084257,20050711,OPRINGTON DR btwn BENESFORT DR & OPRINGTON CRT,04-At/near private drive,11-Not on roadway - right side,01-Clear,01-Daylight,MIDBLOCK,
9598,05-083040,20050709,KARN ST btwn ALICE AVE & WEICHEL ST,01-Non intersection,02-Thru lane,01-Clear,07-Dark,MIDBLOCK,
9599,05-096554,20050804,HIGHLAND RD E btwn SPADINA RD E & DELAWARE AVE,04-At/near private drive,11-Not on roadway - right side,01-Clear,05-Dusk,MIDBLOCK,
9600,05-148168,20051113,DAVID ST btwn JOSEPH ST & COURTLAND AVE W,01-Non intersection,02-Thru lane,01-Clear,01-Daylight,MIDBLOCK,
9601,05-146858,20051112,GREENBROOK DR btwn FARMBROOK PL & WESTMOUNT RD E,04-At/near private drive,02-Thru lane,01-Clear,05-Dusk,MIDBLOCK,
9602,05-145201,20051109,DAVID BERGEY DR btwn PEACH BLOSSOM CRES & OTTAWA ST S,01-Non intersection,02-Thru lane,02-Rain,03-Dawn,MIDBLOCK,
9603,05-016619,20050214,BECHTEL DR btwn WHEATFIELD CRES & PIONEER DR,01-Non intersection,02-Thru lane,04-Freezing Rain,01-Daylight,MIDBLOCK,
9604,05-010294,20050128,GREENFIELD AVE btwn TRAYNOR AVE & KINGSWAY DR,01-Non intersection,02-Thru lane,01-Clear,01-Daylight,MIDBLOCK,
9605,05-071549,20050616,LAURENTIAN DR btwn BRIAR KNOLL DR & RADCLIFFE DR,01-Non intersection,09-Right shoulder,01-Clear,01-Daylight,MIDBLOCK,
9606,05-049074,20050429,BRYBECK CRES btwn KARN ST & WESTMOUNT RD W,04-At/near private drive,02-Thru lane,01-Clear,"08-Dark, artificial",MIDBLOCK,
9607,05-080218,20050703,HAZELGLEN DR btwn MOOREGATE CRES & CHOPIN DR,04-At/near private drive,02-Thru lane,01-Clear,01-Daylight,MIDBLOCK,
9608,05-104589,20050820,HOMER WATSON BLVD btwn HOMER WATSON ONRAMP & DOON VILLAGE RD,04-At/near private drive,04-Right turn lane,01-Clear,01-Daylight,MIDBLOCK,
9609,05-092386,20050727,BURGETZ AVE btwn THALER AVE & GRULKE ST,01-Non intersection,02-Thru lane,01-Clear,01-Daylight,MIDBLOCK,
9610,05-160915,20051210,HURON RD btwn AMAND DR & TRUSSLER RD,01-Non intersection,12-Off highway,01-Clear,01-Daylight,MIDBLOCK,
9611,05-023811,20050304,WEBER ST E btwn BORDEN AVE N & ONWARD AVE,04-At/near private drive,02-Thru lane,01-Clear,01-Daylight,MIDBLOCK,
9612,05-022361,20050301,HAZELGLEN DR btwn DALEGROVE DR & MARKWOOD DR,01-Non intersection,02-Thru lane,03-Snow,01-Daylight,MIDBLOCK,
9613,05-126341,20050930,MOOREGATE CRES btwn HAZELGLEN DR & HAZELGLEN DR,01-Non intersection,02-Thru lane,01-Clear,"08-Dark, artificial",MIDBLOCK,
9614,05-123626,20050924,CARYNDALE DR btwn ROBERTSON CRES & CHAPEL HILL DR,01-Non intersection,09-Right shoulder,01-Clear,"08-Dark, artificial",MIDBLOCK,
9615,05-119689,20050918,COLTON CIR btwn AMELIA ST & AMELIA ST,01-Non intersection,02-Thru lane,01-Clear,"08-Dark, artificial",MIDBLOCK,
9616,05-164092,20051217,WELLINGTON ST N btwn SPRING VALLEY RD & CIRCA DR,04-At/near private drive,02-Thru lane,01-Clear,"08-Dark, artificial",MIDBLOCK,