OBJECTID,ACCIDENTNUM,ACCIDENTDATE,LOCATION,ACCIDENT_LOCATION,IMPACT_LOCATION,ENVIRONMENT_CONDITION,LIGHT,COLLISION_TYPE,TRAFFICCOLLISIONSID
9617,05-168109,20051227,KINZIE AVE btwn THALER AVE & GRULKE ST,01-Non intersection,02-Thru lane,01-Clear,,MIDBLOCK,
9618,05-153701,20051125,RIVER RD E btwn RENNIE DR & OLD CHICOPEE DR,98-Other,10-Not on roadway - left side,01-Clear,"08-Dark, artificial",MIDBLOCK,
9619,05-093798,20050730,MAUSSER AVE btwn HIGHLAND RD E & LORNE AVE,01-Non intersection,02-Thru lane,01-Clear,01-Daylight,MIDBLOCK,
9620,05-086217,20050715,BELMONT AVE W btwn GAGE AVE & GLASGOW ST,04-At/near private drive,02-Thru lane,01-Clear,01-Daylight,MIDBLOCK,
9621,05-087084,20050717,MCGARRY DR btwn FORESTWOOD DR & BROOKSIDE CRES,01-Non intersection,02-Thru lane,02-Rain,"06-Dusk, artificial",MIDBLOCK,
9622,05-036096,20050324,FRANKLIN ST S btwn CONNAUGHT ST & GREENFIELD AVE,04-At/near private drive,02-Thru lane,03-Snow,01-Daylight,MIDBLOCK,
9623,05-060143,20050524,BANKSIDE DR btwn BANKSIDE CRES & WESTFOREST TRAIL,04-At/near private drive,02-Thru lane,01-Clear,05-Dusk,MIDBLOCK,
9624,05-022199,20050228,KINGSWAY DR btwn CEDARWOODS CRES & GREENFIELD AVE,01-Non intersection,02-Thru lane,03-Snow,"08-Dark, artificial",MIDBLOCK,
9625,05-017639,20050216,UNION ST btwn MARGARET AVE & SUNSET PL,01-Non intersection,02-Thru lane,01-Clear,01-Daylight,MIDBLOCK,
9626,05-019390,20050221,MCINTYRE DR btwn MCBRINE DR & TRILLIUM DR,04-At/near private drive,02-Thru lane,01-Clear,01-Daylight,MIDBLOCK,
9627,05-150415,20051117,WABANAKI DR btwn MANITOU DR & KEVCO PL,01-Non intersection,02-Thru lane,03-Snow,"08-Dark, artificial",MIDBLOCK,
9628,05-162977,20051215,HIGHLAND RD E btwn SPADINA RD E & DELAWARE AVE,04-At/near private drive,02-Thru lane,03-Snow,01-Daylight,MIDBLOCK,
9629,05-017234,20050215,TRILLIUM DR btwn MCBRINE DR & WASHBURN DR,04-At/near private drive,02-Thru lane,02-Rain,05-Dusk,MIDBLOCK,
9630,05-016802,20050214,BONIFACE AVE btwn MASSEY AVE & MASSEY AVE,01-Non intersection,02-Thru lane,04-Freezing Rain,01-Daylight,MIDBLOCK,
9631,05-061886,20050520,EDINBURGH RD btwn BECKER ST & BRUCE ST,04-At/near private drive,02-Thru lane,01-Clear,07-Dark,MIDBLOCK,
9632,05-080797,20050704,KING ST E btwn CEDAR ST S & MADISON AVE S,01-Non intersection,02-Thru lane,01-Clear,01-Daylight,MIDBLOCK,
9633,05-13864520,20051027,GREENBROOK DR btwn WARREN RD & STONYBROOK DR,04-At/near private drive,02-Thru lane,01-Clear,"08-Dark, artificial",MIDBLOCK,
9634,05-100443,20050812,SIMEON ST btwn KRUG ST & CAMERON ST N,04-At/near private drive,02-Thru lane,01-Clear,01-Daylight,MIDBLOCK,
9635,05-095550,20050802,OXFORD ST btwn ARNOLD ST & ELIZABETH ST,01-Non intersection,02-Thru lane,01-Clear,01-Daylight,MIDBLOCK,
9636,05-039182,20050409,MARKWOOD DR btwn ROSSFORD CRES & HAZELGLEN DR,04-At/near private drive,02-Thru lane,01-Clear,01-Daylight,MIDBLOCK,
9637,05-025636,20050309,CHOPIN DR btwn WESTMOUNT RD W & MARKWOOD DR,01-Non intersection,02-Thru lane,01-Clear,01-Daylight,MIDBLOCK,
9638,05-049513,20050501,PERIWINKLE ST btwn SWEET WILLIAM ST & DONNENWERTH DR,04-At/near private drive,02-Thru lane,01-Clear,"08-Dark, artificial",MIDBLOCK,
9639,05-054487,20050512,PINE VALLEY DR btwn FISCHER CRT & KNOX CRT,04-At/near private drive,02-Thru lane,01-Clear,01-Daylight,MIDBLOCK,
9640,05-063011,20050530,ERINBROOK DR btwn RIDGEWAY CRES & RITTENHOUSE RD,04-At/near private drive,02-Thru lane,01-Clear,01-Daylight,MIDBLOCK,
9641,05-016874,20050214,WILKINS DR btwn WILLIAMSBURG RD & PINEDALE DR,04-At/near private drive,02-Thru lane,04-Freezing Rain,"08-Dark, artificial",MIDBLOCK,
9642,05-018668,20050218,COTTON GRASS ST btwn ACTIVA AVE & COPPER LEAF ST,04-At/near private drive,02-Thru lane,01-Clear,01-Daylight,MIDBLOCK,
9643,05-037794,20050405,OVERLEA DR btwn OVERLEA CRES & OVERLEA CRES,04-At/near private drive,02-Thru lane,01-Clear,01-Daylight,MIDBLOCK,
9644,05-036626,20050402,SUNRISE DR btwn MATTHEW ST & SMETANA DR,04-At/near private drive,02-Thru lane,01-Clear,01-Daylight,MIDBLOCK,
9645,05-138642,20051027,GREENBROOK DR btwn WARREN RD & STONYBROOK DR,04-At/near private drive,02-Thru lane,01-Clear,"08-Dark, artificial",MIDBLOCK,
9646,05-130167,20051008,BUSH CLOVER CRES btwn HACKBERRY ST & ACTIVA AVE,04-At/near private drive,11-Not on roadway - right side,01-Clear,"08-Dark, artificial",MIDBLOCK,
9647,05-048908,20050430,KING ST E btwn QUEEN ST S & FREDERICK ST,02-Intersection related,02-Thru lane,02-Rain,01-Daylight,MIDBLOCK,
9648,05-066140,20050605,PARK ST btwn DEVON ST & VICTORIA ST S,01-Non intersection,02-Thru lane,01-Clear,01-Daylight,MIDBLOCK,
9649,05-160298,20051209,SHIRLEY AVE btwn RIVERBEND DR & BINGEMANS CENTRE DR,01-Non intersection,02-Thru lane,01-Clear,01-Daylight,MIDBLOCK,
9650,05-163136,20051215,CAPRICE CRT btwn MONTE CARLO ST & CUL DE SAC,04-At/near private drive,12-Off highway,03-Snow,"08-Dark, artificial",MIDBLOCK,
9651,05-119064,20050913,OLD CARRIAGE DR btwn OLD CARRIAGE CRT & HOMER WATSON BLVD,04-At/near private drive,02-Thru lane,01-Clear,"08-Dark, artificial",MIDBLOCK,
9652,05-138791,20051027,PARK ST btwn DEVON ST & VICTORIA ST S,04-At/near private drive,02-Thru lane,01-Clear,01-Daylight,MIDBLOCK,
9653,05-142197,20051102,JEAN AVE btwn HAROLD AVE & KRAFT AVE,04-At/near private drive,02-Thru lane,01-Clear,07-Dark,MIDBLOCK,
9654,05-137579,20051024,ST GEORGE ST btwn PETER ST & CEDAR ST S,04-At/near private drive,08-Left shoulder,01-Clear,01-Daylight,MIDBLOCK,
9655,05-095483,20050801,MANCHESTER RD btwn WEDGEWOOD DR & RIVER RD E,01-Non intersection,02-Thru lane,01-Clear,01-Daylight,MIDBLOCK,
9656,05-095525,20050802,LORRAINE AVE btwn CONFEDERATION DR & HERITAGE DR,10-Parking lot,,01-Clear,01-Daylight,MIDBLOCK,
9657,05-043792,20050419,BETZNER AVE N btwn KING ST E & DUKE ST E,04-At/near private drive,02-Thru lane,01-Clear,01-Daylight,MIDBLOCK,
9658,05-161841,20051212,QUEENSTON CRES btwn QUEENSTON DR & QUEENSTON DR,04-At/near private drive,02-Thru lane,01-Clear,07-Dark,MIDBLOCK,
9659,05-155922,20051128,MARL MEADOW CRES btwn MARL MEADOW DR & MARL MEADOW DR,04-At/near private drive,02-Thru lane,01-Clear,"08-Dark, artificial",MIDBLOCK,
9660,05-158109,20051203,THALER AVE btwn KINZIE AVE & FAIRWAY RD N,04-At/near private drive,02-Thru lane,01-Clear,01-Daylight,MIDBLOCK,
9661,05-008649,20050124,KINGSWAY DR btwn SECOND AVE & THIRD AVE,01-Non intersection,02-Thru lane,01-Clear,01-Daylight,MIDBLOCK,
9662,05-163216,20051215,RIVERBEND DR btwn SHIRLEY AVE & GUELPH ST,04-At/near private drive,02-Thru lane,03-Snow,"08-Dark, artificial",MIDBLOCK,
9663,05-023580,20050304,WESTHEIGHTS DR btwn MCGARRY DR & LORILEE CRES,01-Non intersection,02-Thru lane,01-Clear,01-Daylight,MIDBLOCK,
9664,05-023038,20050302,HIDDEN VALLEY RD btwn RIVER VALLEY DR & WABANAKI DR,04-At/near private drive,12-Off highway,01-Clear,07-Dark,MIDBLOCK,
9665,05-161763,20051212,BRYBECK CRES btwn KARN ST & WESTMOUNT RD W,04-At/near private drive,02-Thru lane,01-Clear,01-Daylight,MIDBLOCK,
9666,05-044839,20050421,DRIFTWOOD DR btwn WESTHEIGHTS DR & ROYAL ORCHARD DR,04-At/near private drive,02-Thru lane,01-Clear,01-Daylight,MIDBLOCK,
9667,05-049514,20050501,HIGHLAND CRES btwn WYCLIFFE PL & HIGHLAND RD W,04-At/near private drive,12-Off highway,01-Clear,01-Daylight,MIDBLOCK,
9668,05-037252,20050405,GUERIN AVE btwn KINZIE AVE & FLORENCE AVE,99-Other,12-Off highway,01-Clear,,MIDBLOCK,
9669,05-139875,20051029,ALBION ST btwn DINISON CRES & ALBION CRT,04-At/near private drive,02-Thru lane,01-Clear,01-Daylight,MIDBLOCK,
9670,05-065129,20050603,WATERLOO ST btwn PELTZ AVE & FERDINAND AVE,04-At/near private drive,12-Off highway,01-Clear,01-Daylight,MIDBLOCK,
9671,05-076316,20050615,WEBER ST E btwn BORDEN AVE N & ONWARD AVE,01-Non intersection,02-Thru lane,01-Clear,01-Daylight,MIDBLOCK,
9672,05-001306,20050104,OVERLEA DR btwn KELLY DR & EAGEN DR,04-At/near private drive,02-Thru lane,01-Clear,01-Daylight,MIDBLOCK,
9673,05-004094,20050112,MARGARET AVE btwn MAYNARD AVE & VICTORIA ST N,01-Non intersection,10-Not on roadway - left side,04-Freezing Rain,01-Daylight,MIDBLOCK,
9674,05-002733,20050108,MORRISON RD btwn QUINTE CRES & GRAND RIVER BLVD,04-At/near private drive,11-Not on roadway - right side,03-Snow,01-Daylight,MIDBLOCK,
9675,05-081872,20050706,WHEATFIELD CRES btwn BECHTEL DR & BECHTEL DR,04-At/near private drive,02-Thru lane,01-Clear,01-Daylight,MIDBLOCK,
9676,05-082497,20050708,STRASBURG RD btwn OLD COUNTRY DR & BLEAMS RD,01-Non intersection,02-Thru lane,01-Clear,01-Daylight,MIDBLOCK,
9677,05-075574,20050623,BINGEMANS CENTRE DR btwn SHIRLEY DR & VICTORIA ST N,04-At/near private drive,02-Thru lane,01-Clear,01-Daylight,MIDBLOCK,
9678,05-023045,20050302,LORRAINE AVE btwn CONFEDERATION DR & HERITAGE DR,04-At/near private drive,02-Thru lane,01-Clear,,MIDBLOCK,
9679,05-031188,20050321,WABANAKI DR btwn KEVCO PL & WILSON AVE,01-Non intersection,02-Thru lane,01-Clear,,MIDBLOCK,
9680,05-030542,20050227,VANIER DR btwn ERIE AVE & MASSEY AVE,04-At/near private drive,02-Thru lane,01-Clear,01-Daylight,MIDBLOCK,
9681,05-168370,20051228,DRIFTWOOD DR btwn PARKLAND CRES & YELLOW BIRCH DR,01-Non intersection,02-Thru lane,04-Freezing Rain,01-Daylight,MIDBLOCK,
9682,05-166754,20051223,MAXWELL DR btwn CALVERT CLOSE & BIEHN DR,01-Non intersection,02-Thru lane,03-Snow,"08-Dark, artificial",MIDBLOCK,
9683,05-076747,20050626,QUEENS BLVD btwn BELMONT AVE E & BLUERIDGE AVE,04-At/near private drive,02-Thru lane,01-Clear,01-Daylight,MIDBLOCK,
9684,05-057946,20050520,PIONEER DR btwn DOON VILLAGE RD & VINTAGE CRES,01-Non intersection,02-Thru lane,01-Clear,01-Daylight,MIDBLOCK,
9685,05-127820,20051004,SHIRLEY AVE btwn RIVERBEND DR & BINGEMANS CENTRE DR,04-At/near private drive,02-Thru lane,01-Clear,01-Daylight,MIDBLOCK,
9686,05-135109,20051019,BRYBECK CRES btwn KARN ST & WESTMOUNT RD W,04-At/near private drive,09-Right shoulder,01-Clear,"08-Dark, artificial",MIDBLOCK,
9687,05-139345,20051028,RIVERBEND DR btwn BRIDGEPORT RD & CUL DE SAC,01-Non intersection,10-Not on roadway - left side,01-Clear,01-Daylight,MIDBLOCK,
9688,05-043568,20050418,BRECKENRIDGE DR btwn GIBSON DR & OTTAWA ST N,01-Non intersection,02-Thru lane,01-Clear,01-Daylight,MIDBLOCK,
9689,05-002382,20050107,GREEN VALLEY DR btwn ARROWHEAD CRES & MILL PARK DR,04-At/near private drive,02-Thru lane,01-Clear,01-Daylight,MIDBLOCK,
9690,05-000952,20050103,GREENFIELD AVE btwn TRAYNOR AVE & KINGSWAY DR,04-At/near private drive,02-Thru lane,01-Clear,"08-Dark, artificial",MIDBLOCK,
9691,05-096475,20050804,RIVER RD E btwn LORRAINE AVE & GIBSON DR,02-Intersection related,02-Thru lane,01-Clear,01-Daylight,MIDBLOCK,
9692,05-102353,20050816,DUKE ST W btwn ONTARIO ST N & YOUNG ST,04-At/near private drive,03-Left turn lane,01-Clear,01-Daylight,MIDBLOCK,
9693,05-029820,20050318,HAWKSWOOD DR btwn EAGLECREST ST & FALCONRIDGE DR,04-At/near private drive,02-Thru lane,01-Clear,01-Daylight,MIDBLOCK,
9694,05-027456,20050311,HIGHBARRY CRES btwn UDVARI CRES & UDVARI CRES,04-At/near private drive,02-Thru lane,01-Clear,01-Daylight,MIDBLOCK,
9695,05-071136,20050615,GUELPH ST btwn MAPLE AVE & SPRING VALLEY RD,01-Non intersection,02-Thru lane,01-Clear,01-Daylight,MIDBLOCK,
9696,05-076835,20050624,MILL ST btwn QUEEN ST S & LANSDOWNE BLVD,04-At/near private drive,02-Thru lane,01-Clear,01-Daylight,MIDBLOCK,
9697,05-118500,20050916,WELLINGTON ST N btwn MARGARET AVE & ST LEGER ST,01-Non intersection,02-Thru lane,01-Clear,01-Daylight,MIDBLOCK,
9698,05-004172,20050112,APPLE RIDGE DR btwn DOON MILLS DR & OAKDALE CRT,01-Non intersection,02-Thru lane,02-Rain,01-Daylight,MIDBLOCK,
9699,05-031582,20050322,QUEEN ST S btwn ST GEORGE ST & COURTLAND AVE E,04-At/near private drive,02-Thru lane,01-Clear,01-Daylight,MIDBLOCK,
9700,05-126836,20051002,INGLESIDE DR btwn DALEGROVE DR & INGLESIDE PL,04-At/near private drive,02-Thru lane,01-Clear,01-Daylight,MIDBLOCK,
9701,05-126171,20051001,PIONEER DR btwn UPPER CANADA DR & DOON VILLAGE RD,04-At/near private drive,02-Thru lane,01-Clear,01-Daylight,MIDBLOCK,
9702,05-084049,20050710,ROSENEATH CRES btwn BLACKHORNE DR & LAURENTIAN DR,04-At/near private drive,02-Thru lane,01-Clear,01-Daylight,MIDBLOCK,
9703,05-139950,20051029,WELLINGTON ST N btwn MARGARET AVE & ST LEGER ST,01-Non intersection,02-Thru lane,01-Clear,01-Daylight,MIDBLOCK,
9704,05-110189,20050831,GAGE AVE btwn BELMONT AVE W & WESTMOUNT RD W,04-At/near private drive,09-Right shoulder,01-Clear,01-Daylight,MIDBLOCK,
9705,05-106966,20050825,GRAND RIVER BLVD btwn ONEIDA PL & CHANDOS DR,01-Non intersection,02-Thru lane,01-Clear,01-Daylight,MIDBLOCK,
9706,05-154767,20051126,FAIRWAY RD N btwn THALER AVE & CHICOPEE PARK CRT,01-Non intersection,02-Thru lane,03-Snow,"08-Dark, artificial",MIDBLOCK,
9707,05-153160,20051123,WELLINGTON ST N btwn AHRENS ST W & MARGARET AVE,04-At/near private drive,11-Not on roadway - right side,03-Snow,07-Dark,MIDBLOCK,
9708,05-112506,20050904,WILSON AVE btwn BALFOUR CRES & KINGSWAY DR,10-Parking lot,12-Off highway,01-Clear,05-Dusk,MIDBLOCK,
9709,05-114817,20050909,WESTHEIGHTS DR btwn TRAILVIEW DR & AUTUMN HILL CRES,04-At/near private drive,02-Thru lane,01-Clear,01-Daylight,MIDBLOCK,
9710,05-160889,20051210,BEECHMANOR CRES btwn RESURRECTION DR & RESURRECTION DR,04-At/near private drive,11-Not on roadway - right side,01-Clear,01-Daylight,MIDBLOCK,
9711,05-161275,20051211,MILL ST btwn HEIMAN ST & BORDEN PKY,04-At/near private drive,11-Not on roadway - right side,03-Snow,01-Daylight,MIDBLOCK,
9712,05-165540,20051221,FISCHER CRT btwn PINE VALLEY DR & CUL DE SAC,04-At/near private drive,12-Off highway,01-Clear,01-Daylight,MIDBLOCK,
9713,05-030514,20050520,BRYBECK CRES btwn KARN ST & WESTMOUNT RD W,01-Non intersection,10-Not on roadway - left side,03-Snow,01-Daylight,MIDBLOCK,
9714,05-035104,20050331,WELLINGTON ST N btwn MAJOR ST & LANCASTER ST W,04-At/near private drive,10-Not on roadway - left side,01-Clear,,MIDBLOCK,
9715,05-118032,20050915,WELLINGTON ST N btwn WEBER ST W & AHRENS ST W,06-Underpass or tunnel,02-Thru lane,01-Clear,01-Daylight,MIDBLOCK,
9716,05-113315,20050906,FERGUS AVE btwn FALESY AVE & CLOVER PL,04-At/near private drive,02-Thru lane,01-Clear,01-Daylight,MIDBLOCK,
9717,13-231838,20131004,VANIER DR btwn SHELLEY DR & SIEBERT AVE,01-Non intersection,02-Thru lane,01-Clear,01-Daylight,MIDBLOCK,
9718,13-234225,20130715,HANSON AVE btwn ARDELT AVE & HAYWARD AVE,01-Non intersection,02-Thru lane,02-Rain,01-Daylight,MIDBLOCK,
9719,13-241990,20131017,HIGHLAND RD E btwn HEIMAN ST & HOFFMAN ST,01-Non intersection,10-Not on roadway - left side,"07-Fog, mist, smoke, dust",07-Dark,MIDBLOCK,
9720,13-230759,20131002,HIGHVIEW DR btwn HAVENWOOD CRT & IRA NEEDLES BLVD,04-At/near private drive,02-Thru lane,01-Clear,01-Daylight,MIDBLOCK,
9721,13-246065,20131021,SHELDON AVE N btwn KING ST E & ROSEDALE AVE,04-At/near private drive,02-Thru lane,01-Clear,01-Daylight,MIDBLOCK,
9722,13-254773,20131101,WESTHEIGHTS DR btwn TRAILVIEW DR & AUTUMN HILL CRES,04-At/near private drive,11-Not on roadway - right side,02-Rain,"08-Dark, artificial",MIDBLOCK,
9723,13-248432,20131024,STRASBURG RD btwn BLOCK LINE RD & OLD COUNTRY DR,04-At/near private drive,02-Thru lane,02-Rain,01-Daylight,MIDBLOCK,
9724,13-254727,20131101,HAYWARD AVE btwn COURTLAND AVE E & HANSON AVE,05-At railway crossing,02-Thru lane,02-Rain,"08-Dark, artificial",MIDBLOCK,
9725,13-259444,20131105,COLTON CIR btwn VENTURIN ST & COLTON CIR,04-At/near private drive,02-Thru lane,01-Clear,01-Daylight,MIDBLOCK,
9726,13-261458,20131109,SEABROOK DR btwn WOODBINE AVE & VALENCIA AVE,04-At/near private drive,02-Thru lane,01-Clear,01-Daylight,MIDBLOCK,
9727,13-210525,20130831,MAX BECKER DR btwn ISABELLA ST & COMMONWEALTH ST,01-Non intersection,02-Thru lane,99-Other,01-Daylight,MIDBLOCK,
9728,13-241709,20131016,BELMONT AVE W btwn ADELAIDE ST & KARN ST,01-Non intersection,02-Thru lane,01-Clear,01-Daylight,MIDBLOCK,
9729,13-231085,20131003,CHARLES BEST PL btwn HEIMAN ST & CHARLES BEST PL,01-Non intersection,02-Thru lane,01-Clear,01-Daylight,MIDBLOCK,
9730,13-236684,20131009,LEMONBALM ST btwn MAX BECKER DR & COPPER LEAF CRES,04-At/near private drive,02-Thru lane,01-Clear,03-Dawn,MIDBLOCK,
9731,13-239921,20131014,KEHL ST btwn SOUTHDALE AVE & HOFFMAN ST,04-At/near private drive,12-Off highway,01-Clear,01-Daylight,MIDBLOCK,
9732,13-247222,20131020,KING ST E btwn SCOTT ST & EBY ST S,01-Non intersection,10-Not on roadway - left side,01-Clear,"08-Dark, artificial",MIDBLOCK,
9733,13-232028,20131004,BRYBECK CRES btwn KARN ST & WESTMOUNT RD W,04-At/near private drive,02-Thru lane,01-Clear,07-Dark,MIDBLOCK,
9734,13-238833,20131013,ARNOLD ST btwn OXFORD ST & LANCASTER ST W,04-At/near private drive,02-Thru lane,01-Clear,07-Dark,MIDBLOCK,
9735,14-022474,20140129,HOLBORN DR btwn HOLBORN CRT & OLD CHICOPEE DR,04-At/near private drive,02-Thru lane,01-Clear,01-Daylight,MIDBLOCK,
9736,13-292428,20131219,BELMONT AVE E btwn QUEENS BLVD & SOUTH DR,04-At/near private drive,02-Thru lane,01-Clear,"08-Dark, artificial",MIDBLOCK,
9737,13-292985,20131221,AHRENS ST W btwn WILHELM ST & BLUCHER ST,04-At/near private drive,02-Thru lane,01-Clear,01-Daylight,MIDBLOCK,
9738,13-280360,20131203,ELMSDALE DR btwn CHANDLER DR & OTTAWA ST S,04-At/near private drive,02-Thru lane,01-Clear,01-Daylight,MIDBLOCK,
9739,13-281248,20131202,BURBANK RD btwn DEERFIELD AVE & LYNDHURST DR,04-At/near private drive,09-Right shoulder,01-Clear,"08-Dark, artificial",MIDBLOCK,
9740,13-284116,20131207,DOOLEY DR btwn MIDLAND DR & SIMPSON AVE,04-At/near private drive,02-Thru lane,01-Clear,"08-Dark, artificial",MIDBLOCK,
9741,14-005661,20140108,WELLINGTON ST N btwn LANCASTER ST W & PATRICK ST,04-At/near private drive,02-Thru lane,01-Clear,07-Dark,MIDBLOCK,
9742,14-020595,20140127,WESTFOREST TRAIL btwn SLEEPY HOLLOW CRT & WINDWARD PL,01-Non intersection,02-Thru lane,01-Clear,05-Dusk,MIDBLOCK,
9743,14-021389,20140128,WELLINGTON ST N btwn ST LEGER ST & MAJOR ST,01-Non intersection,02-Thru lane,01-Clear,"08-Dark, artificial",MIDBLOCK,
9744,14-019789,20140126,COUNTRYSTONE DR btwn COUNTRYSIDE CRES & IRON GATE ST,01-Non intersection,02-Thru lane,01-Clear,01-Daylight,MIDBLOCK,
9745,14-025895,20140202,LOUISA ST btwn ST VINCENT ST & LANCASTER ST W,04-At/near private drive,09-Right shoulder,01-Clear,01-Daylight,MIDBLOCK,
9746,13-276312,20131128,PARK ST btwn DOMINION ST & STRANGE ST,04-At/near private drive,02-Thru lane,01-Clear,01-Daylight,MIDBLOCK,
9747,13-276686,20131129,PLYMOUTH RD btwn CORNELL AVE & DIXON ST,04-At/near private drive,02-Thru lane,,07-Dark,MIDBLOCK,
9748,13-276783,20131129,FRANKLIN ST N btwn DALEWOOD DR & BRADLEY DR,01-Non intersection,02-Thru lane,01-Clear,01-Daylight,MIDBLOCK,
9749,13-279606,20131202,QUEENS BLVD btwn HIGHLAND RD E & SPADINA RD E,01-Non intersection,02-Thru lane,01-Clear,"08-Dark, artificial",MIDBLOCK,
9750,14-007204,20140110,BRYBECK CRES btwn KARN ST & WESTMOUNT RD W,04-At/near private drive,02-Thru lane,01-Clear,07-Dark,MIDBLOCK,
9751,14-017463,20140123,KING ST E btwn MADISON AVE S & CAMERON ST S,04-At/near private drive,03-Left turn lane,01-Clear,01-Daylight,MIDBLOCK,
9752,14-015110,20140119,PROSPECT AVE btwn KENNETH AVE & WILFRED AVE,04-At/near private drive,02-Thru lane,01-Clear,01-Daylight,MIDBLOCK,
9753,14-001425,20140103,HAZELGLEN DR btwn DALEGROVE DR & MARKWOOD DR,01-Non intersection,02-Thru lane,01-Clear,"08-Dark, artificial",MIDBLOCK,
9754,14-001273,20140102,RIVER RD E btwn HOLBORN DR & CONWAY DR,04-At/near private drive,02-Thru lane,01-Clear,"08-Dark, artificial",MIDBLOCK,
9755,13-283085,20131207,KING ST W btwn WATER ST S & FRANCIS ST N,04-At/near private drive,02-Thru lane,01-Clear,"08-Dark, artificial",MIDBLOCK,
9756,14-021112,20140127,BROOKFIELD CRES btwn RITTENHOUSE RD & RITTENHOUSE RD,04-At/near private drive,02-Thru lane,01-Clear,"08-Dark, artificial",MIDBLOCK,
9757,05-124390,20050928,BAIRD AVE btwn LORRAINE AVE & BETTLEY CRES,01-Non intersection,09-Right shoulder,01-Clear,01-Daylight,MIDBLOCK,
9758,05-145014,20051102,KRUG ST btwn ROSE ST & TROY ST,04-At/near private drive,02-Thru lane,01-Clear,"06-Dusk, artificial",MIDBLOCK,
9759,05-144918,20051108,HIGHLAND RD E btwn RUBY ST & SPADINA RD E,04-At/near private drive,02-Thru lane,01-Clear,01-Daylight,MIDBLOCK,
9760,05-143325,20051105,HIGHLAND RD E btwn WINSLOW DR & RUBY ST,04-At/near private drive,02-Thru lane,01-Clear,01-Daylight,MIDBLOCK,
9761,05-083737,20050710,KINGSWOOD DR btwn SELKIRK DR & BLOCK LINE RD,04-At/near private drive,02-Thru lane,01-Clear,01-Daylight,MIDBLOCK,
9762,05-140331,20051030,HENHOEFFER CRES btwn ACTIVA AVE & HENHOEFFER CRT,04-At/near private drive,02-Thru lane,01-Clear,01-Daylight,MIDBLOCK,
9763,05-135222,20051019,GAGE AVE btwn WAVERLY RD & BELMONT AVE W,01-Non intersection,02-Thru lane,02-Rain,01-Daylight,MIDBLOCK,
9764,05-007229,20050119,LOUISA ST btwn ST VINCENT ST & LANCASTER ST W,04-At/near private drive,02-Thru lane,05-Drifting Snow,01-Daylight,MIDBLOCK,
9765,05-165528,20051221,MILL ST btwn HEIMAN ST & BORDEN PKY,01-Non intersection,11-Not on roadway - right side,03-Snow,01-Daylight,MIDBLOCK,
9766,05-165197,20051220,STRASBURG RD btwn CHANDLER DR & OTTAWA ST S,04-At/near private drive,02-Thru lane,03-Snow,01-Daylight,MIDBLOCK,
9767,05-082202,20050630,CHURCH ST btwn BENTON ST & PETER ST,04-At/near private drive,09-Right shoulder,01-Clear,01-Daylight,MIDBLOCK,
9768,05-078080,20050628,PIONEER DR btwn UPPER CANADA DR & DOON VILLAGE RD,04-At/near private drive,02-Thru lane,01-Clear,01-Daylight,MIDBLOCK,
9769,05-079922,20050702,IDLE CREEK DR btwn ARDWOOD PL & BRIARFIELD CRT,04-At/near private drive,02-Thru lane,01-Clear,01-Daylight,MIDBLOCK,
9770,05-075680,20050624,MAXWELL DR btwn CALVERT CLOSE & BIEHN DR,01-Non intersection,02-Thru lane,01-Clear,07-Dark,MIDBLOCK,
9771,05-121795,20050923,ALPINE RD btwn ALPINE CRT & KINGSWOOD DR,04-At/near private drive,12-Off highway,01-Clear,07-Dark,MIDBLOCK,
9772,05-122773,20050924,LAWRENCE AVE btwn HIGHLAND RD W & PAULANDER DR,04-At/near private drive,11-Not on roadway - right side,01-Clear,"08-Dark, artificial",MIDBLOCK,
9773,05-166724,20051223,SHERWOOD AVE btwn SUFFOLK AVE & KRUG ST,01-Non intersection,11-Not on roadway - right side,04-Freezing Rain,"08-Dark, artificial",MIDBLOCK,
9774,05-159119,20051206,ALPINE RD btwn ALPINE CRT & KINGSWOOD DR,01-Non intersection,10-Not on roadway - left side,03-Snow,"08-Dark, artificial",MIDBLOCK,
9775,05-160528,20051209,FRANKLIN ST N btwn WEBER ST E & PROSPECT AVE,01-Non intersection,02-Thru lane,03-Snow,07-Dark,MIDBLOCK,
9776,05-085292,20050713,NEWBURY DR btwn COVINGTON CRES & BURNABY CRES,04-At/near private drive,02-Thru lane,01-Clear,01-Daylight,MIDBLOCK,
9777,05-068068,20050608,STRASBURG RD btwn OTTAWA ST S & KINGSWOOD DR,01-Non intersection,02-Thru lane,01-Clear,"06-Dusk, artificial",MIDBLOCK,
9778,05-085348,20050711,WATERCRESS CRT btwn WILDERNESS DR & END,04-At/near private drive,02-Thru lane,01-Clear,01-Daylight,MIDBLOCK,
9779,05-151284,20051119,DRIFTWOOD DR btwn WESTHEIGHTS DR & ROYAL ORCHARD DR,04-At/near private drive,02-Thru lane,01-Clear,07-Dark,MIDBLOCK,
9780,05-153442,20051128,ALPINE RD btwn OTTAWA ST S & FLINT DR,04-At/near private drive,11-Not on roadway - right side,02-Rain,01-Daylight,MIDBLOCK,
9781,05-011454,20050126,THIRD AVE btwn KINGSWAY DR & CONNAUGHT ST,01-Non intersection,02-Thru lane,01-Clear,01-Daylight,MIDBLOCK,
9782,05-016660,20050214,REICHERT DR btwn NEW DUNDEE RD & END,01-Non intersection,10-Not on roadway - left side,04-Freezing Rain,07-Dark,MIDBLOCK,
9783,05-017538,20050216,SHIRLEY AVE btwn RIVERBEND DR & BINGEMANS CENTRE DR,04-At/near private drive,08-Left shoulder,01-Clear,"02-Daylight, artificial",MIDBLOCK,
9784,05-058543,20050521,BIRCHCLIFF AVE btwn CYPRUS DR & CLOVERDALE CRES,04-At/near private drive,02-Thru lane,01-Clear,01-Daylight,MIDBLOCK,
9785,05-051594,20050506,FOURTH AVE btwn CONNAUGHT ST & WILSON AVE,04-At/near private drive,02-Thru lane,01-Clear,01-Daylight,MIDBLOCK,
9786,05-023268,20050303,STIRLING AVE S btwn RUSSEL ST & HIGHLAND RD E,01-Non intersection,02-Thru lane,01-Clear,01-Daylight,MIDBLOCK,
9787,05-020588,20050224,BRIDLEWREATH ST btwn MAX BECKER DR & MOUNTAIN LAUREL CRES,04-At/near private drive,02-Thru lane,01-Clear,01-Daylight,MIDBLOCK,
9788,05-093681,20050730,QUEENS BLVD btwn BELMONT AVE E & BLUERIDGE AVE,01-Non intersection,11-Not on roadway - right side,01-Clear,,MIDBLOCK,