OBJECTID,ACCIDENTNUM,ACCIDENTDATE,LOCATION,ACCIDENT_LOCATION,IMPACT_LOCATION,ENVIRONMENT_CONDITION,LIGHT,COLLISION_TYPE,TRAFFICCOLLISIONSID
9789,05-024862,20050307,SNOWDROP CRES btwn PURPLE SAGE CRES & RED CLOVER CRES,04-At/near private drive,11-Not on roadway - right side,,,MIDBLOCK,
9790,05-028688,20050316,MOUNTAIN LAUREL CRES btwn BRIDLEWREATH ST & BERRY MOSS ST,01-Non intersection,10-Not on roadway - left side,01-Clear,01-Daylight,MIDBLOCK,
9791,05-021372,20050225,HOWE DR btwn WINDALE CRES & OTTAWA ST S,01-Non intersection,02-Thru lane,03-Snow,"08-Dark, artificial",MIDBLOCK,
9792,05-051958,20050507,BANKSIDE DR btwn OPRINGTON DR & EASTFOREST TRAIL,04-At/near private drive,02-Thru lane,01-Clear,01-Daylight,MIDBLOCK,
9793,05-053537,20050510,KEHL ST btwn SOUTHDALE AVE & HOFFMAN ST,04-At/near private drive,10-Not on roadway - left side,01-Clear,01-Daylight,MIDBLOCK,
9794,05-074809,20050622,PARK ST btwn VICTORIA ST S & CHERRY ST,05-At railway crossing,02-Thru lane,01-Clear,,MIDBLOCK,
9795,05-081564,20050706,RIVER RD E btwn NIAGARA RD & HALLIWELL DR,01-Non intersection,10-Not on roadway - left side,01-Clear,01-Daylight,MIDBLOCK,
9796,05-075005,20050623,HERITAGE DR btwn OAKHURST CRES & OTTAWA ST N,01-Non intersection,08-Left shoulder,01-Clear,01-Daylight,MIDBLOCK,
9797,05-113151,20050906,VANIER DR btwn SHELLEY DR & SIEBERT AVE,04-At/near private drive,09-Right shoulder,01-Clear,01-Daylight,MIDBLOCK,
9798,05-051470,20050506,KINGSWAY DR btwn CEDARWOODS CRES & GREENFIELD AVE,99-Other,02-Thru lane,01-Clear,01-Daylight,MIDBLOCK,
9799,05-056084,20050516,PAULANDER DR btwn LAWRENCE AVE & VICTORIA ST S,04-At/near private drive,01-Within intersection,01-Clear,01-Daylight,MIDBLOCK,
9800,05-169118,20051229,DARCY PL btwn LAURENTIAN DR & CUL DE SAC,04-At/near private drive,09-Right shoulder,01-Clear,"08-Dark, artificial",MIDBLOCK,
9801,05-049398,20050501,BRECKENRIDGE DR btwn GIBSON DR & OTTAWA ST N,04-At/near private drive,02-Thru lane,01-Clear,01-Daylight,MIDBLOCK,
9802,05-049698,20050502,OLD MILL RD btwn SYDENHAM ST & DOON VALLEY DR,04-At/near private drive,02-Thru lane,01-Clear,01-Daylight,MIDBLOCK,
9803,05-049835,20050502,KINGSWAY DR btwn ST JEROME AVE & CEDARWOODS CRES,01-Non intersection,02-Thru lane,01-Clear,01-Daylight,MIDBLOCK,
9804,05-138239,20051026,QUEENS BLVD btwn HAHN PL & WESTMOUNT RD E,01-Non intersection,02-Thru lane,01-Clear,01-Daylight,MIDBLOCK,
9805,05-168993,20051223,QUEEN ST S btwn ST GEORGE ST & COURTLAND AVE E,04-At/near private drive,02-Thru lane,02-Rain,07-Dark,MIDBLOCK,
9806,05-017818,20050217,KING ST E btwn FAIRVIEW AVE & STIRLING AVE N,04-At/near private drive,02-Thru lane,01-Clear,01-Daylight,MIDBLOCK,
9807,05-022705,20050228,KING ST E btwn QUEEN ST S & FREDERICK ST,01-Non intersection,02-Thru lane,03-Snow,01-Daylight,MIDBLOCK,
9808,05-003905,20050111,KING ST E btwn SCOTT ST & EBY ST S,04-At/near private drive,02-Thru lane,01-Clear,"08-Dark, artificial",MIDBLOCK,
9809,05-006726,20050119,WABANAKI DR btwn MANITOU DR & KEVCO PL,01-Non intersection,02-Thru lane,03-Snow,01-Daylight,MIDBLOCK,
9810,05-017514,20050216,LOUISA ST btwn KING ST W & MOORE AVE,04-At/near private drive,02-Thru lane,01-Clear,01-Daylight,MIDBLOCK,
9811,05-137975,20051025,RIDGEMERE CRT btwn PINE VALLEY DR & RIDGEMERE ST,01-Non intersection,02-Thru lane,01-Clear,"08-Dark, artificial",MIDBLOCK,
9812,05-121055,20050921,KINGSWAY DR btwn GREENFIELD AVE & WILSON AVE,04-At/near private drive,02-Thru lane,01-Clear,01-Daylight,MIDBLOCK,
9813,05-128785,20051006,TRILLIUM DR btwn HURON RD & GROFF PL,01-Non intersection,02-Thru lane,01-Clear,01-Daylight,MIDBLOCK,
9814,05-023444,20050303,DUMFRIES AVE btwn CHAPEL ST & KRUG ST,01-Non intersection,02-Thru lane,01-Clear,"08-Dark, artificial",MIDBLOCK,
9815,05-021368,20050225,SHANLEY ST btwn ANDREW ST & BRAUN ST,01-Non intersection,02-Thru lane,03-Snow,"08-Dark, artificial",MIDBLOCK,
9816,05-021715,20050226,WEXFORD CRES btwn STOKE DR & STOKE DR,01-Non intersection,02-Thru lane,05-Drifting Snow,"08-Dark, artificial",MIDBLOCK,
9817,05-001097,20050104,KINGSWAY DR btwn GREENFIELD AVE & WILSON AVE,01-Non intersection,02-Thru lane,01-Clear,07-Dark,MIDBLOCK,
9818,05-016078,20050212,PLAINS RD btwn FISCHER HALLMAN RD & TRUSSLER RD,01-Non intersection,12-Off highway,01-Clear,07-Dark,MIDBLOCK,
9819,05-012734,20050204,RIVER RD E btwn EPHRAIM ST & FREDERICK ST,98-Other,02-Thru lane,01-Clear,01-Daylight,MIDBLOCK,
9820,05-015060,20050210,FRANKLIN ST N btwn DREGER AVE & OTTAWA ST N,01-Non intersection,02-Thru lane,01-Clear,01-Daylight,MIDBLOCK,
9821,05-069764,20050612,WELLINGTON ST N btwn SPRING VALLEY RD & CIRCA DR,04-At/near private drive,02-Thru lane,01-Clear,01-Daylight,MIDBLOCK,
9822,05-081199,20050705,HIGHLAND RD E btwn SPADINA RD E & DELAWARE AVE,01-Non intersection,02-Thru lane,01-Clear,01-Daylight,MIDBLOCK,
9823,05-001982,20050106,CHARLES BEST PL btwn HEIMAN ST & CHARLES BEST PL,01-Non intersection,02-Thru lane,01-Clear,01-Daylight,MIDBLOCK,
9824,05-004195,20050112,WELLINGTON ST N btwn LANCASTER ST W & PATRICK ST,04-At/near private drive,02-Thru lane,04-Freezing Rain,"08-Dark, artificial",MIDBLOCK,
9825,05-005329,20050115,UPPER CANADA DR btwn LOWER CANADA CRES & PIONEER DR,04-At/near private drive,02-Thru lane,01-Clear,01-Daylight,MIDBLOCK,
9826,05-054292,20050512,LOUISA ST btwn MOORE AVE & WATERLOO ST,01-Non intersection,02-Thru lane,01-Clear,01-Daylight,MIDBLOCK,
9827,05-054737,20050513,WOOLWICH ST btwn SUNBRIDGE CRES & FALCONRIDGE DR,04-At/near private drive,02-Thru lane,01-Clear,01-Daylight,MIDBLOCK,
9828,05-071454,20050615,BANKSIDE DR btwn BANKSIDE CRES & WESTFOREST TRAIL,01-Non intersection,02-Thru lane,01-Clear,"08-Dark, artificial",MIDBLOCK,
9829,05-070699,20050614,QUEEN ST S btwn ST GEORGE ST & COURTLAND AVE E,01-Non intersection,02-Thru lane,01-Clear,01-Daylight,MIDBLOCK,
9830,05-153963,20051125,GLEN AVON CRES btwn FORESTWOOD DR & FORESTWOOD DR,01-Non intersection,02-Thru lane,01-Clear,01-Daylight,MIDBLOCK,
9831,05-052741,20050509,MILL PARK DR btwn HURON RD & GREEN VALLEY DR,01-Non intersection,10-Not on roadway - left side,01-Clear,07-Dark,MIDBLOCK,
9832,05-163703,20051216,KING ST W btwn QUEEN ST S & ONTARIO ST S,01-Non intersection,11-Not on roadway - right side,03-Snow,"08-Dark, artificial",MIDBLOCK,
9833,05-064587,20050602,OAKHURST CRES btwn HERITAGE DR & HERITAGE DR,04-At/near private drive,02-Thru lane,01-Clear,01-Daylight,MIDBLOCK,
9834,05-071191,20050615,BRYBECK CRES btwn KARN ST & WESTMOUNT RD W,04-At/near private drive,02-Thru lane,01-Clear,01-Daylight,MIDBLOCK,
9835,05-016516,20050214,ACTIVA AVE btwn DAVID BERGEY DR & ISAIAH DR,04-At/near private drive,02-Thru lane,04-Freezing Rain,"04-Dawn, artificial",MIDBLOCK,
9836,05-016545,20050214,OLD COUNTRY DR btwn STRASBURG RD & THE COUNTRY WAY,04-At/near private drive,02-Thru lane,04-Freezing Rain,01-Daylight,MIDBLOCK,
9837,05-137548,20051024,BLOCK LINE RD btwn WESTMOUNT RD E & LAURENTIAN DR,01-Non intersection,09-Right shoulder,01-Clear,01-Daylight,MIDBLOCK,
9838,05-126089,20051001,VERONICA DR btwn KINZIE AVE & VERONICA DR,01-Non intersection,02-Thru lane,01-Clear,01-Daylight,MIDBLOCK,
9839,05-165558,20051217,BREITHAUPT ST btwn MARGARET AVE & ST LEGER ST,04-At/near private drive,02-Thru lane,01-Clear,"08-Dark, artificial",MIDBLOCK,
9840,05-169805,20051231,BIRKSHIRE CRT btwn LORRAINE AVE & CUL DE SAC,01-Non intersection,02-Thru lane,03-Snow,01-Daylight,MIDBLOCK,
9841,05-023756,20050303,YORK ST btwn MT HOPE ST & UNION BLVD,04-At/near private drive,99-Other,01-Clear,01-Daylight,MIDBLOCK,
9842,05-026315,20050503,GUELPH ST btwn MAPLE AVE & SPRING VALLEY RD,04-At/near private drive,02-Thru lane,01-Clear,01-Daylight,MIDBLOCK,
9843,05-050080,20050503,ACTIVA AVE btwn BERRY MOSS ST & DAVID BERGEY DR,04-At/near private drive,02-Thru lane,01-Clear,03-Dawn,MIDBLOCK,
9844,05-048805,20050430,GATEWOOD RD btwn LAKESIDE DR & WESTMOUNT RD E,99-Other,12-Off highway,02-Rain,01-Daylight,MIDBLOCK,
9845,05-049332,20050501,CHURCH ST btwn BENTON ST & PETER ST,01-Non intersection,02-Thru lane,01-Clear,01-Daylight,MIDBLOCK,
9846,05-165977,20051222,MADISON AVE S btwn COURTLAND AVE E & HOPP ST,04-At/near private drive,02-Thru lane,01-Clear,01-Daylight,MIDBLOCK,
9847,05-156324,20051130,WATER ST N btwn DUKE ST W & FRANCIS ST N,04-At/near private drive,02-Thru lane,01-Clear,01-Daylight,MIDBLOCK,
9848,05-154046,20051125,SECORD AVE btwn CROSBY DR & HICKSON DR,01-Non intersection,02-Thru lane,03-Snow,01-Daylight,MIDBLOCK,
9849,05-130529,20051009,GREENBROOK DR btwn FOREST HILL DR & FARMBROOK PL,04-At/near private drive,11-Not on roadway - right side,01-Clear,07-Dark,MIDBLOCK,
9850,05-133334,20051013,DOON SOUTH DR btwn WOODSMERE DR & ROBERT FERRIE DR,04-At/near private drive,02-Thru lane,01-Clear,07-Dark,MIDBLOCK,
9851,05-135258,20051018,STEEPLERIDGE ST btwn DOON SOUTH DR & BRIDLERIDGE ST,04-At/near private drive,02-Thru lane,01-Clear,07-Dark,MIDBLOCK,
9852,05-027186,20050312,MAXWELL DR btwn CALVERT CLOSE & BIEHN DR,01-Non intersection,02-Thru lane,01-Clear,01-Daylight,MIDBLOCK,
9853,05-016547,20050214,WEBSTER RD btwn WILSON AVE & MANITOU DR,01-Non intersection,02-Thru lane,04-Freezing Rain,01-Daylight,MIDBLOCK,
9854,05-005792,20050116,MARKWOOD DR btwn ROSSFORD CRES & HAZELGLEN DR,04-At/near private drive,02-Thru lane,01-Clear,"08-Dark, artificial",MIDBLOCK,
9855,05-029799,20050313,BURBANK RD btwn DEERFIELD AVE & LYNDHURST DR,02-Intersection related,02-Thru lane,01-Clear,01-Daylight,MIDBLOCK,
9856,05-158246,20051204,LYNDHURST DR btwn WEDGEWOOD DR & KENWOOD DR,01-Non intersection,10-Not on roadway - left side,01-Clear,01-Daylight,MIDBLOCK,
9857,05-167645,20051225,AHRENS ST W btwn GUELPH ST & HARTWOOD PL,04-At/near private drive,02-Thru lane,01-Clear,01-Daylight,MIDBLOCK,
9858,05-167714,20051225,SECORD AVE btwn CROSBY DR & HICKSON DR,04-At/near private drive,02-Thru lane,02-Rain,"08-Dark, artificial",MIDBLOCK,
9859,05-066932,20050607,GILMOUR CRES btwn WESTMOUNT RD E & WESTMOUNT RD E,01-Non intersection,02-Thru lane,01-Clear,01-Daylight,MIDBLOCK,
9860,05-069537,20050612,GEHL PL btwn BLEAMS RD & END,01-Non intersection,12-Off highway,01-Clear,07-Dark,MIDBLOCK,
9861,05-033272,20050325,SUNRISE DR btwn MATTHEW ST & SMETANA DR,04-At/near private drive,02-Thru lane,01-Clear,01-Daylight,MIDBLOCK,
9862,05-029338,20050316,WOODHAVEN RD btwn CONNAUGHT ST & GREENFIELD AVE,04-At/near private drive,02-Thru lane,01-Clear,"08-Dark, artificial",MIDBLOCK,
9863,05-070670,20050614,OLD CARRIAGE DR btwn OLD CARRIAGE CRT & HOMER WATSON BLVD,10-Parking lot,12-Off highway,01-Clear,01-Daylight,MIDBLOCK,
9864,05-003728,20050111,BELMONT AVE W btwn GAGE AVE & GLASGOW ST,04-At/near private drive,02-Thru lane,01-Clear,01-Daylight,MIDBLOCK,
9865,05-001288,20050104,STRASBURG RD btwn OTTAWA ST S & KINGSWOOD DR,01-Non intersection,02-Thru lane,01-Clear,01-Daylight,MIDBLOCK,
9866,05-016513,20050714,WESTWOOD DR btwn DAYMAN CRT & GLASGOW ST,01-Non intersection,11-Not on roadway - right side,04-Freezing Rain,07-Dark,MIDBLOCK,
9867,05-053119,20050509,APPALACHIAN CRES btwn KINGSWOOD DR & KINGSWOOD DR,04-At/near private drive,02-Thru lane,01-Clear,01-Daylight,MIDBLOCK,
9868,05-081988,20050707,INDIAN RD btwn MONTCALM DR & MCGEE AVE,01-Non intersection,10-Not on roadway - left side,01-Clear,"08-Dark, artificial",MIDBLOCK,
9869,05-164417,20051211,BROCK ST btwn QUEEN ST S & WEST AVE,04-At/near private drive,10-Not on roadway - left side,03-Snow,"08-Dark, artificial",MIDBLOCK,
9870,05-130292,20051009,KING ST E btwn SCOTT ST & EBY ST S,01-Non intersection,11-Not on roadway - right side,01-Clear,01-Daylight,MIDBLOCK,
9871,05-125348,20050929,PARK ST btwn VICTORIA ST S & CHERRY ST,06-Underpass or tunnel,02-Thru lane,01-Clear,,MIDBLOCK,
9872,05-140337,20051030,THERESA ST btwn JUBILEE DR & VICTORIA ST S,04-At/near private drive,02-Thru lane,01-Clear,"08-Dark, artificial",MIDBLOCK,
9873,06-037684,20050101,CARTIER DR btwn KIMBERLY CRES & KIMBERLY CRES,04-At/near private drive,02-Thru lane,01-Clear,01-Daylight,MIDBLOCK,
9874,05-164617,20051219,BROCK ST btwn QUEEN ST S & WEST AVE,04-At/near private drive,10-Not on roadway - left side,03-Snow,"08-Dark, artificial",MIDBLOCK,
9875,05-139805,20051028,GLASGOW ST btwn PARK ST & YORK ST,04-At/near private drive,02-Thru lane,01-Clear,01-Daylight,MIDBLOCK,
9876,05-156836,20051201,WELLINGTON ST N btwn LANCASTER ST W & PATRICK ST,01-Non intersection,02-Thru lane,03-Snow,"06-Dusk, artificial",MIDBLOCK,
9877,05-016681,20050214,KINGSWOOD DR btwn GRACEFIELD CRES & SELKIRK DR,01-Non intersection,11-Not on roadway - right side,04-Freezing Rain,01-Daylight,MIDBLOCK,
9878,05-018163,20050218,WILSON AVE btwn KINGSWAY DR & FAIRWAY RD S,02-Intersection related,02-Thru lane,01-Clear,01-Daylight,MIDBLOCK,
9879,05-098143,20050807,BIEHN DR btwn OLD HURON RD & CARLYLE DR,01-Non intersection,09-Right shoulder,01-Clear,"08-Dark, artificial",MIDBLOCK,
9880,05-094731,20050801,HIGHVIEW DR btwn DRIFTWOOD DR & HIGHVIEW PL,01-Non intersection,02-Thru lane,03-Snow,03-Dawn,MIDBLOCK,
9881,05-096995,20050805,STRASBURG RD btwn OTTAWA ST S & KINGSWOOD DR,04-At/near private drive,02-Thru lane,01-Clear,01-Daylight,MIDBLOCK,
9882,05-097106,20050805,PARK ST btwn DOMINION ST & STRANGE ST,02-Intersection related,02-Thru lane,01-Clear,,MIDBLOCK,
9883,05-092886,20050728,RISTAU CRES btwn DINISON CRES & RISTAU PL,01-Non intersection,02-Thru lane,01-Clear,01-Daylight,MIDBLOCK,
9884,05-103475,20050818,ANVIL ST btwn FARMINGTON PL & BECHTEL DR,04-At/near private drive,02-Thru lane,01-Clear,01-Daylight,MIDBLOCK,
9885,05-107219,20050825,LORRAINE AVE btwn CONFEDERATION DR & HERITAGE DR,10-Parking lot,12-Off highway,01-Clear,"08-Dark, artificial",MIDBLOCK,
9886,05-110565,20050901,BLACKHORNE DR btwn BLACKHORNE CRES & MCLENNAN PARK GATE,04-At/near private drive,02-Thru lane,01-Clear,01-Daylight,MIDBLOCK,
9887,05-148589,20051115,STAUFFER DR btwn GROH DR & CARYNDALE DR,01-Non intersection,02-Thru lane,02-Rain,03-Dawn,MIDBLOCK,
9888,05-141732,20051031,VERONICA DR btwn KINZIE AVE & VERONICA DR,01-Non intersection,09-Right shoulder,99-Other,07-Dark,MIDBLOCK,
9889,05-155661,20051129,CLARK AVE btwn WILSON AVE & HARBER AVE,01-Non intersection,02-Thru lane,02-Rain,"08-Dark, artificial",MIDBLOCK,
9890,05-016808,20050214,PIONEER TOWER RD btwn BAXTER PL & MARQUETTE DR,04-At/near private drive,02-Thru lane,04-Freezing Rain,01-Daylight,MIDBLOCK,
9891,05-012482,20050203,GUELPH ST btwn ARNOLD ST & ENGLEWOOD PL,01-Non intersection,09-Right shoulder,01-Clear,01-Daylight,MIDBLOCK,
9892,05-153757,20051125,STRASBURG RD btwn BARWOOD CRES & BARWOOD CRES,01-Non intersection,02-Thru lane,03-Snow,01-Daylight,MIDBLOCK,
9893,05-126455,20051001,FOREST HILL DR btwn SUMMIT AVE & UPLANDS DR,01-Non intersection,10-Not on roadway - left side,01-Clear,"08-Dark, artificial",MIDBLOCK,
9894,05-152908,20051123,BELMONT AVE W btwn GAGE AVE & GLASGOW ST,04-At/near private drive,02-Thru lane,01-Clear,01-Daylight,MIDBLOCK,
9895,05-153855,20051125,MILL ST btwn HEIMAN ST & BORDEN PKY,04-At/near private drive,11-Not on roadway - right side,03-Snow,01-Daylight,MIDBLOCK,
9896,05-150588,20051118,SHOEMAKER ST btwn STRASBURG RD & TRILLIUM DR,04-At/near private drive,10-Not on roadway - left side,03-Snow,01-Daylight,MIDBLOCK,
9897,05-063299,20050529,LUCERNE DR btwn KINGSWOOD DR & SELKIRK DR,04-At/near private drive,02-Thru lane,01-Clear,01-Daylight,MIDBLOCK,
9898,05-063671,20050529,SIMEON ST btwn KRUG ST & CAMERON ST N,04-At/near private drive,02-Thru lane,01-Clear,99-Other,MIDBLOCK,
9899,13-197625,20130825,FEATHERSTONE ST btwn PARKVALE DR & FEATHERSTONE CRES,01-Non intersection,04-Right turn lane,01-Clear,01-Daylight,MIDBLOCK,
9900,13-202862,20130831,BRIARMEADOW DR btwn SANDWELL CRT & BRIARFIELD ST,01-Non intersection,02-Thru lane,01-Clear,"08-Dark, artificial",MIDBLOCK,
9901,13-206791,20130905,TRILLIUM DR btwn ADAM FERRIE PL & SHOEMAKER ST,04-At/near private drive,02-Thru lane,01-Clear,01-Daylight,MIDBLOCK,
9902,13-209733,20130907,YAGER AVE btwn SOUTHMOOR DR & SOUTHMOOR DR,04-At/near private drive,02-Thru lane,01-Clear,01-Daylight,MIDBLOCK,
9903,13-207043,20130906,TRAYNOR AVE btwn CONNAUGHT ST & GREENFIELD AVE,04-At/near private drive,02-Thru lane,01-Clear,01-Daylight,MIDBLOCK,
9904,13-202195,20130831,HIGHLAND CRES btwn WYCLIFFE PL & HIGHLAND RD W,01-Non intersection,02-Thru lane,01-Clear,"08-Dark, artificial",MIDBLOCK,
9905,13-153393,20130630,WELLINGTON ST N btwn DUKE ST W & WEBER ST W,04-At/near private drive,02-Thru lane,01-Clear,01-Daylight,MIDBLOCK,
9906,13-171447,20130722,BROOKSIDE CRES btwn RAMBLEWOOD WAY & RAMBLEWOOD WAY,04-At/near private drive,02-Thru lane,01-Clear,,MIDBLOCK,
9907,13-195997,20130823,WILLIAMSBURG RD btwn PINEDALE DR & LITTLEFIELD CRES,04-At/near private drive,02-Thru lane,01-Clear,01-Daylight,MIDBLOCK,
9908,13-198455,20130826,EPHRAIM ST btwn LOIS ST & RIVER RD E,04-At/near private drive,02-Thru lane,01-Clear,01-Daylight,MIDBLOCK,
9909,13-203180,20130831,ROSSFORD CRES btwn MARKWOOD DR & MARKWOOD DR,04-At/near private drive,09-Right shoulder,01-Clear,05-Dusk,MIDBLOCK,
9910,13-164321,20130716,KING ST E btwn MADISON AVE S & CAMERON ST S,01-Non intersection,02-Thru lane,01-Clear,01-Daylight,MIDBLOCK,
9911,13-165927,20130716,KILKERRAN CRES btwn BIEHN DR & KILBIRNIE CRT,04-At/near private drive,02-Thru lane,01-Clear,01-Daylight,MIDBLOCK,
9912,13-178909,20130802,BONIFACE AVE btwn MASSEY AVE & MASSEY AVE,04-At/near private drive,02-Thru lane,01-Clear,,MIDBLOCK,
9913,13-140469,20130618,DOON VILLAGE RD btwn HOMER WATSON BLVD & MILLWOOD CRES,04-At/near private drive,02-Thru lane,01-Clear,01-Daylight,MIDBLOCK,
9914,13-169751,20130722,GRAND RIVER BLVD btwn ONEIDA PL & CHANDOS DR,04-At/near private drive,02-Thru lane,01-Clear,01-Daylight,MIDBLOCK,
9915,13-204149,20130902,STRASBURG RD btwn SELKIRK DR & BLACKHORNE DR,01-Non intersection,99-Other,01-Clear,01-Daylight,MIDBLOCK,
9916,13-205061,20130903,GUERIN AVE btwn KINZIE AVE & FLORENCE AVE,04-At/near private drive,02-Thru lane,01-Clear,01-Daylight,MIDBLOCK,
9917,13-205167,20130903,ACTIVA AVE btwn MAX BECKER DR & BERRY MOSS ST,04-At/near private drive,02-Thru lane,01-Clear,01-Daylight,MIDBLOCK,
9918,13-176521,20130730,KING ST E btwn CEDAR ST S & MADISON AVE S,01-Non intersection,11-Not on roadway - right side,01-Clear,01-Daylight,MIDBLOCK,
9919,13-187558,20130812,COSTAIN CRT btwn TRUSSLER RD & CUL DE SAC,04-At/near private drive,02-Thru lane,01-Clear,01-Daylight,MIDBLOCK,
9920,13-201812,20130828,RIVER RD E btwn OTTAWA ST N & HOLBORN DR,01-Non intersection,02-Thru lane,01-Clear,01-Daylight,MIDBLOCK,
9921,13-142804,20130622,HEATHER AVE btwn BECKER ST & BRUCE ST,04-At/near private drive,02-Thru lane,01-Clear,"08-Dark, artificial",MIDBLOCK,
9922,13-168077,20130720,SHADELAND CRES btwn HAZELGLEN DR & HAZELGLEN DR,04-At/near private drive,02-Thru lane,01-Clear,01-Daylight,MIDBLOCK,
9923,13-172178,20130724,BRYBECK CRES btwn KARN ST & WESTMOUNT RD W,04-At/near private drive,02-Thru lane,01-Clear,07-Dark,MIDBLOCK,
9924,13-204010,20130902,HOLBORN DR btwn RIVER RD E & HOLBORN CRT,04-At/near private drive,02-Thru lane,01-Clear,01-Daylight,MIDBLOCK,
9925,13-205170,20130823,RALGREEN CRES btwn OVERLEA DR & EAGEN DR,01-Non intersection,11-Not on roadway - right side,01-Clear,07-Dark,MIDBLOCK,
9926,13-174728,20130728,FORFAR AVE btwn ROTHSAY AVE & FORFAR CRT,04-At/near private drive,11-Not on roadway - right side,02-Rain,07-Dark,MIDBLOCK,
9927,13-167375,20130716,RIVERBEND DR btwn GUELPH ST & BRIDGEPORT RD,99-Other,11-Not on roadway - right side,02-Rain,07-Dark,MIDBLOCK,
9928,13-241688,20131008,JULIA CRES btwn RITTENHOUSE RD & RITTENHOUSE RD,04-At/near private drive,02-Thru lane,01-Clear,01-Daylight,MIDBLOCK,
9929,13-230109,20131002,ROCKWAY DR btwn DOON RD & DIXON ST,01-Non intersection,02-Thru lane,01-Clear,01-Daylight,MIDBLOCK,
9930,13-231194,20131003,FIRST AVE btwn SECOND AVE & DIXON ST,01-Non intersection,02-Thru lane,01-Clear,03-Dawn,MIDBLOCK,
9931,13-232586,20131005,DEER RIDGE DR btwn WINIFRED ST & MASTER CRT,04-At/near private drive,02-Thru lane,01-Clear,01-Daylight,MIDBLOCK,
9932,13-267683,20131116,WINDING MEADOW CRT btwn WESTMEADOW DR & CUL DE SAC,04-At/near private drive,02-Thru lane,01-Clear,01-Daylight,MIDBLOCK,
9933,13-268495,20131118,BRIARMEADOW DR btwn SANDWELL CRT & BRIARFIELD ST,04-At/near private drive,02-Thru lane,01-Clear,01-Daylight,MIDBLOCK,
9934,13-268725,20131118,COLTON CIR btwn AMELIA ST & AMELIA ST,04-At/near private drive,02-Thru lane,03-Snow,07-Dark,MIDBLOCK,
9935,13-237618,20131211,ACTIVA AVE btwn FISCHER HALLMAN RD & GREY FOX DR,01-Non intersection,02-Thru lane,01-Clear,07-Dark,MIDBLOCK,
9936,13-240797,20131015,WILSON AVE btwn BALFOUR CRES & KINGSWAY DR,04-At/near private drive,02-Thru lane,01-Clear,01-Daylight,MIDBLOCK,
9937,13-233265,20131006,TRAYNOR AVE btwn REYBURN AVE & VANIER DR,01-Non intersection,11-Not on roadway - right side,"07-Fog, mist, smoke, dust",01-Daylight,MIDBLOCK,
9938,13-274504,20131126,THE COUNTRY WAY btwn TUERR DR & COLONY DR,04-At/near private drive,02-Thru lane,01-Clear,01-Daylight,MIDBLOCK,
9939,13-270977,20130111,GREENBROOK DR btwn BIRCHCLIFF AVE & RUSKVIEW RD,04-At/near private drive,02-Thru lane,01-Clear,"08-Dark, artificial",MIDBLOCK,
9940,13-272892,20131124,MADISON AVE S btwn CHARLES ST E & CHURCH ST,01-Non intersection,04-Right turn lane,03-Snow,07-Dark,MIDBLOCK,
9941,13-221246,20130922,BRYBECK CRES btwn KARN ST & WESTMOUNT RD W,04-At/near private drive,02-Thru lane,01-Clear,"08-Dark, artificial",MIDBLOCK,
9942,13-218992,20130919,EDWIN ST btwn HILLVIEW ST & BLUCHER BLVD,01-Non intersection,02-Thru lane,01-Clear,01-Daylight,MIDBLOCK,
9943,13-240791,20131015,STRASBURG RD btwn OTTAWA ST S & KINGSWOOD DR,04-At/near private drive,10-Not on roadway - left side,01-Clear,01-Daylight,MIDBLOCK,
9944,13-246640,20131022,BINGEMANS CENTRE DR btwn RIVERBEND DR & SHIRLEY DR,01-Non intersection,02-Thru lane,01-Clear,01-Daylight,MIDBLOCK,
9945,13-269459,20131115,PARK ST btwn DOMINION ST & STRANGE ST,04-At/near private drive,02-Thru lane,01-Clear,01-Daylight,MIDBLOCK,
9946,13-272476,20131123,AVON RD btwn FREDERICK ST & APPLEWOOD AVE,04-At/near private drive,02-Thru lane,01-Clear,"08-Dark, artificial",MIDBLOCK,
9947,13-272568,20131122,TAMVALE CRES btwn ERINBROOK DR & ERINBROOK DR,04-At/near private drive,02-Thru lane,01-Clear,"08-Dark, artificial",MIDBLOCK,
9948,13-274485,20131126,MAUSSER AVE btwn ASPEN AVE & STIRLING AVE S,04-At/near private drive,02-Thru lane,01-Clear,01-Daylight,MIDBLOCK,
9949,13-270651,20131121,QUEENS BLVD btwn HIGHLAND RD E & SPADINA RD E,01-Non intersection,02-Thru lane,01-Clear,01-Daylight,MIDBLOCK,
9950,13-229493,20131001,ERINBROOK DR btwn GOUNDRY CRES & THE COUNTRY WAY,04-At/near private drive,02-Thru lane,01-Clear,05-Dusk,MIDBLOCK,
9951,13-221418,20130921,HUNTINGTON PL btwn WESTWOOD DR & CUL DE SAC,04-At/near private drive,09-Right shoulder,01-Clear,01-Daylight,MIDBLOCK,
9952,13-222210,20130922,GREY FOX DR btwn QUEEN CHARLOTTE CRES & WILDERNESS DR,04-At/near private drive,02-Thru lane,01-Clear,05-Dusk,MIDBLOCK,
9953,13-222399,20130921,TARA CRES btwn ERINBROOK DR & ERINBROOK DR,04-At/near private drive,02-Thru lane,02-Rain,07-Dark,MIDBLOCK,
9954,13-248544,20131024,COMMONWEALTH ST btwn COMMONWEALTH CRES & MAX BECKER DR,01-Non intersection,02-Thru lane,01-Clear,01-Daylight,MIDBLOCK,
9955,13-273972,20131125,KENNETH AVE btwn FRANKLIN ST N & RENNIE DR,04-At/near private drive,02-Thru lane,01-Clear,01-Daylight,MIDBLOCK,
9956,13-275748,20131127,RIVER RD E btwn OTTAWA ST N & HOLBORN DR,01-Non intersection,02-Thru lane,01-Clear,"08-Dark, artificial",MIDBLOCK,
9957,13-271529,20131122,KING ST E btwn EBY ST S & CEDAR ST S,01-Non intersection,02-Thru lane,02-Rain,01-Daylight,MIDBLOCK,
9958,13-273888,20131125,MONTEAGLE CRES btwn BLACKWELL DR & BLACKWELL DR,04-At/near private drive,02-Thru lane,01-Clear,01-Daylight,MIDBLOCK,
9959,13-227483,20130928,COPPER LEAF CRES btwn MAX BECKER DR & MAX BECKER DR,04-At/near private drive,02-Thru lane,01-Clear,"08-Dark, artificial",MIDBLOCK,
9960,13-228673,20130927,EDINBURGH RD btwn BECKER ST & BRUCE ST,01-Non intersection,09-Right shoulder,01-Clear,01-Daylight,MIDBLOCK,
9961,13-226408,20130928,KING ST E btwn EBY ST S & CEDAR ST S,01-Non intersection,02-Thru lane,01-Clear,01-Daylight,MIDBLOCK,
9962,13-220037,20130920,DANE ST btwn CRESCENT ST & BORDEN AVE N,04-At/near private drive,02-Thru lane,01-Clear,01-Daylight,MIDBLOCK,