OBJECTID,ACCIDENTNUM,ACCIDENTDATE,LOCATION,ACCIDENT_LOCATION,IMPACT_LOCATION,ENVIRONMENT_CONDITION,LIGHT,COLLISION_TYPE,TRAFFICCOLLISIONSID
9963,13-225932,20130927,ELMSDALE DR btwn CHANDLER DR & OTTAWA ST S,04-At/near private drive,02-Thru lane,01-Clear,07-Dark,MIDBLOCK,
9964,13-233760,20131007,FALLOWFIELD DR btwn JOSHUA ST & BRISBANE DR,01-Non intersection,02-Thru lane,01-Clear,01-Daylight,MIDBLOCK,
9965,13-251163,20131026,BRISBANE CRT btwn JOSHUA ST & CUL DE SAC,04-At/near private drive,02-Thru lane,01-Clear,07-Dark,MIDBLOCK,
9966,13-271643,20131122,STIRLING AVE S btwn MILL ST & RUSSEL ST,01-Non intersection,02-Thru lane,02-Rain,01-Daylight,MIDBLOCK,
9967,13-272266,20131123,KINGSWAY DR btwn CEDARWOODS CRES & GREENFIELD AVE,04-At/near private drive,02-Thru lane,03-Snow,01-Daylight,MIDBLOCK,
9968,13-274794,20131126,BELMONT AVE W btwn GLASGOW ST & BELMONT LANE E,04-At/near private drive,02-Thru lane,02-Rain,01-Daylight,MIDBLOCK,
9969,13-274830,20131125,GREENDALE CRES btwn MORGAN AVE & MORGAN AVE,04-At/near private drive,02-Thru lane,01-Clear,"08-Dark, artificial",MIDBLOCK,
9970,13-221616,20130921,BRYBECK CRES btwn KARN ST & WESTMOUNT RD W,04-At/near private drive,09-Right shoulder,01-Clear,07-Dark,MIDBLOCK,
9971,13-225507,20130927,UNION BLVD btwn YORK ST & YORK ST,01-Non intersection,02-Thru lane,01-Clear,01-Daylight,MIDBLOCK,
9972,13-220701,20130921,GATEWAY PARK DR btwn SPORTSWORLD DR & TU LANE ST,04-At/near private drive,02-Thru lane,02-Rain,01-Daylight,MIDBLOCK,
9973,13-225552,20130922,WARREN RD btwn CYPRUS DR & RIPPLEWOOD CRES,04-At/near private drive,02-Thru lane,01-Clear,01-Daylight,MIDBLOCK,
9974,13-229045,20131001,WESTFOREST TRAIL btwn GREENGABLE WAY & GREENGABLE WAY,04-At/near private drive,02-Thru lane,"07-Fog, mist, smoke, dust",07-Dark,MIDBLOCK,
9975,13-254046,20131030,ACTIVA AVE btwn DAVID BERGEY DR & ISAIAH DR,04-At/near private drive,02-Thru lane,01-Clear,07-Dark,MIDBLOCK,
9976,13-261609,20131109,HURON RD btwn STRASBURG RD & NEWCASTLE DR,01-Non intersection,02-Thru lane,01-Clear,01-Daylight,MIDBLOCK,
9977,13-275321,20131127,GUELPH ST btwn MAPLE AVE & SPRING VALLEY RD,04-At/near private drive,02-Thru lane,01-Clear,01-Daylight,MIDBLOCK,
9978,13-271037,20131119,BELMONT AVE W btwn HIGHLAND RD W & BURN PL,04-At/near private drive,03-Left turn lane,01-Clear,"08-Dark, artificial",MIDBLOCK,
9979,13-269988,20131120,MARGARET AVE btwn FAIRFIELD AVE & HARTWOOD AVE,04-At/near private drive,02-Thru lane,01-Clear,01-Daylight,MIDBLOCK,
9980,13-222620,20130921,KING ST W btwn QUEEN ST S & ONTARIO ST S,98-Other,09-Right shoulder,02-Rain,01-Daylight,MIDBLOCK,
9981,13-223168,20130924,HAYWARD AVE btwn COURTLAND AVE E & HANSON AVE,04-At/near private drive,99-Other,01-Clear,01-Daylight,MIDBLOCK,
9982,13-223235,20130924,BRYBECK CRES btwn KARN ST & WESTMOUNT RD W,04-At/near private drive,02-Thru lane,01-Clear,01-Daylight,MIDBLOCK,
9983,13-224775,20130926,WELLINGTON ST N btwn LANCASTER ST W & PATRICK ST,01-Non intersection,02-Thru lane,01-Clear,01-Daylight,MIDBLOCK,
9984,13-265250,20131114,KEHL ST btwn HOFFMAN ST & OTTAWA ST S,04-At/near private drive,09-Right shoulder,01-Clear,01-Daylight,MIDBLOCK,
9985,13-269158,20131119,MANCHESTER RD btwn WEDGEWOOD DR & RIVER RD E,04-At/near private drive,02-Thru lane,01-Clear,01-Daylight,MIDBLOCK,
9986,13-267711,20131116,VALLEYVIEW RD btwn OTTAWA ST S & WINDALE CRES,04-At/near private drive,02-Thru lane,01-Clear,"08-Dark, artificial",MIDBLOCK,
9987,13-270946,20131121,KING ST E btwn PANDORA AVE N & FAIRVIEW AVE,01-Non intersection,02-Thru lane,01-Clear,01-Daylight,MIDBLOCK,
9988,13-273256,20131124,MANCHESTER RD btwn NOTTINGHAM AVE & WEDGEWOOD DR,01-Non intersection,12-Off highway,01-Clear,01-Daylight,MIDBLOCK,
9989,13-272544,20131123,EPHRAIM ST btwn ETHEL ST & LOIS ST,01-Non intersection,11-Not on roadway - right side,03-Snow,01-Daylight,MIDBLOCK,
9990,13-225628,20130926,BARBARA CRES btwn AVALON PL & AVALON PL,04-At/near private drive,02-Thru lane,01-Clear,01-Daylight,MIDBLOCK,
9991,13-228616,20130930,SELKIRK DR btwn SELKIRK CRT & GENEVA CRES,04-At/near private drive,02-Thru lane,01-Clear,01-Daylight,MIDBLOCK,
9992,13-219673,20130918,LYDIA ST btwn KRUG ST & CAMERON ST N,04-At/near private drive,02-Thru lane,01-Clear,01-Daylight,MIDBLOCK,
9993,13-267963,20131117,BANKSIDE DR btwn BANKSIDE CRES & WESTFOREST TRAIL,04-At/near private drive,02-Thru lane,,,MIDBLOCK,
9994,13-211419,20130910,DUKE ST E btwn FREDERICK ST & SCOTT ST,01-Non intersection,99-Other,01-Clear,01-Daylight,MIDBLOCK,
9995,13-208577,20130907,HOMER WATSON BLVD btwn STIRLING AVE S & HOFFMAN ST,01-Non intersection,02-Thru lane,02-Rain,01-Daylight,MIDBLOCK,
9996,13-215935,20130915,WESTHEIGHTS DR btwn TRAILVIEW DR & AUTUMN HILL CRES,04-At/near private drive,09-Right shoulder,02-Rain,"08-Dark, artificial",MIDBLOCK,
9997,13-208614,20130907,LOUISA ST btwn KING ST W & MOORE AVE,04-At/near private drive,09-Right shoulder,01-Clear,"08-Dark, artificial",MIDBLOCK,
9998,13-225481,20130928,BROADVIEW AVE btwn BROADVIEW CRT & SHUH AVE,04-At/near private drive,02-Thru lane,01-Clear,07-Dark,MIDBLOCK,
9999,13-222335,20131123,LORRAINE AVE btwn RIVER RD E & BIRKSHIRE CRT,01-Non intersection,02-Thru lane,04-Freezing Rain,01-Daylight,MIDBLOCK,
10000,13-229355,20131001,BATTLER RD btwn STRASBURG RD & HURON RD,01-Non intersection,09-Right shoulder,01-Clear,01-Daylight,MIDBLOCK,
10001,13-266333,20131115,LOUISA ST btwn KING ST W & MOORE AVE,04-At/near private drive,09-Right shoulder,01-Clear,07-Dark,MIDBLOCK,
10002,13-264104,20131113,CLARK AVE btwn SIEBERT AVE & SIEBERT AVE,04-At/near private drive,02-Thru lane,01-Clear,01-Daylight,MIDBLOCK,
10003,13-264952,20131014,TALBOT ST btwn BELMONT AVE W & LAWRENCE AVE,04-At/near private drive,02-Thru lane,01-Clear,01-Daylight,MIDBLOCK,
10004,13-210629,20130906,RUSHBROOK DR btwn THISTLEDOWN DR & ERINBROOK DR,04-At/near private drive,02-Thru lane,01-Clear,"08-Dark, artificial",MIDBLOCK,
10005,13-212720,20130912,HEARTHWOOD CRES btwn HEARTHWOOD DR & HEARTHWOOD DR,04-At/near private drive,02-Thru lane,01-Clear,01-Daylight,MIDBLOCK,
10006,13-242551,20131017,QUEEN ST N btwn DUKE ST W & WEBER ST W,01-Non intersection,09-Right shoulder,01-Clear,01-Daylight,MIDBLOCK,
10007,13-246943,20131022,BLOCK LINE RD btwn COUNTRY HILL DR & KINGSWOOD DR,01-Non intersection,02-Thru lane,01-Clear,05-Dusk,MIDBLOCK,
10008,13-260579,20131108,SIEBERT AVE btwn VANIER DR & COURTLAND AVE E,04-At/near private drive,02-Thru lane,01-Clear,01-Daylight,MIDBLOCK,
10009,13-255630,20131101,STRASBURG RD btwn BATTLER RD & HURON RD,01-Non intersection,02-Thru lane,01-Clear,07-Dark,MIDBLOCK,
10010,13-256025,20131102,BRECKENRIDGE DR btwn GIBSON DR & OTTAWA ST N,01-Non intersection,02-Thru lane,01-Clear,01-Daylight,MIDBLOCK,
10011,13-259899,20131106,DOON VILLAGE RD btwn HOMER WATSON BLVD & MILLWOOD CRES,01-Non intersection,02-Thru lane,,"08-Dark, artificial",MIDBLOCK,
10012,13-213852,20130912,RUSHBROOK DR btwn THISTLEDOWN DR & ERINBROOK DR,04-At/near private drive,09-Right shoulder,01-Clear,07-Dark,MIDBLOCK,
10013,13-208981,20130907,BLACKHORNE DR btwn STRASBURG RD & BLACKHORNE CRES,01-Non intersection,02-Thru lane,01-Clear,"08-Dark, artificial",MIDBLOCK,
10014,13-214200,20130913,DONNENWERTH DR btwn ACTIVA AVE & COPPER LEAF CRES,01-Non intersection,02-Thru lane,01-Clear,"08-Dark, artificial",MIDBLOCK,
10015,13-252029,20131028,CHANDOS DR btwn GRAND RIVER BLVD & CHANDOS CRT,04-At/near private drive,09-Right shoulder,01-Clear,,MIDBLOCK,
10016,13-253180,20131029,HOWE DR btwn CUL DE SAC & WINDALE CRES,04-At/near private drive,09-Right shoulder,01-Clear,"08-Dark, artificial",MIDBLOCK,
10017,13-264972,20131114,ELMSDALE DR btwn CHANDLER DR & OTTAWA ST S,04-At/near private drive,02-Thru lane,01-Clear,01-Daylight,MIDBLOCK,
10018,13-265039,20131114,KING ST E btwn FAIRVIEW AVE & STIRLING AVE N,01-Non intersection,09-Right shoulder,01-Clear,01-Daylight,MIDBLOCK,
10019,13-268634,20131118,PARK ST btwn DEVON ST & VICTORIA ST S,04-At/near private drive,02-Thru lane,03-Snow,"08-Dark, artificial",MIDBLOCK,
10020,13-258396,20131114,RALGREEN CRES btwn OVERLEA DR & EAGEN DR,01-Non intersection,02-Thru lane,01-Clear,01-Daylight,MIDBLOCK,
10021,13-217203,20130916,BANKSIDE DR btwn BENESFORT DR & OPRINGTON DR,04-At/near private drive,02-Thru lane,01-Clear,07-Dark,MIDBLOCK,
10022,13-217285,20130917,HIDDEN VALLEY CRES btwn HIDDEN VALLEY RD & RIVER BIRCH ST,04-At/near private drive,02-Thru lane,01-Clear,01-Daylight,MIDBLOCK,
10023,13-223875,20130925,RIVER RD E btwn HICKSON DR & OTTAWA ST N,01-Non intersection,02-Thru lane,01-Clear,01-Daylight,MIDBLOCK,
10024,13-246783,20131022,KINGSWOOD DR btwn SELKIRK DR & BLOCK LINE RD,04-At/near private drive,02-Thru lane,01-Clear,01-Daylight,MIDBLOCK,
10025,13-247462,20131023,DUKE ST W btwn ONTARIO ST N & YOUNG ST,01-Non intersection,02-Thru lane,01-Clear,01-Daylight,MIDBLOCK,
10026,13-251904,20131028,DUNHAM AVE btwn VICTORIA ST N & MANSION ST,01-Non intersection,02-Thru lane,01-Clear,01-Daylight,MIDBLOCK,
10027,13-246062,20131021,RIVER RD E btwn HICKSON DR & OTTAWA ST N,04-At/near private drive,02-Thru lane,02-Rain,01-Daylight,MIDBLOCK,
10028,13-260242,20131107,PROSPERITY DR btwn FOXGLOVE CRES & MAHOGANY ST,04-At/near private drive,02-Thru lane,01-Clear,01-Daylight,MIDBLOCK,
10029,13-266566,20131116,AMHERST DR btwn DRUMMOND DR & DURHAM ST,04-At/near private drive,02-Thru lane,01-Clear,07-Dark,MIDBLOCK,
10030,13-264083,20131113,BLOCK LINE RD btwn STRASBURG RD & COUNTRY HILL DR,01-Non intersection,09-Right shoulder,99-Other,01-Daylight,MIDBLOCK,
10031,13-211252,20130910,STRASBURG RD btwn BLOCK LINE RD & OLD COUNTRY DR,99-Other,02-Thru lane,01-Clear,01-Daylight,MIDBLOCK,
10032,13-218247,20130918,RIVERBANK DR btwn KING ST E & CAMBRIDGE BOUNDARY,05-At railway crossing,02-Thru lane,01-Clear,01-Daylight,MIDBLOCK,
10033,13-209661,20130908,BELMONT AVE W btwn GAGE AVE & GLASGOW ST,01-Non intersection,03-Left turn lane,01-Clear,01-Daylight,MIDBLOCK,
10034,13-247754,20131023,RAUCH CRT btwn CUL DE SAC & PENELOPE DR,01-Non intersection,09-Right shoulder,01-Clear,01-Daylight,MIDBLOCK,
10035,13-251801,20131027,PIONEER DR btwn UPPER CANADA DR & DOON VILLAGE RD,04-At/near private drive,09-Right shoulder,01-Clear,01-Daylight,MIDBLOCK,
10036,13-252285,20131029,WABANAKI DR btwn KEVCO PL & WILSON AVE,01-Non intersection,02-Thru lane,01-Clear,07-Dark,MIDBLOCK,
10037,13-282606,20131206,TRILLIUM DR btwn STECKLE PL & ADAM FERRIE PL,01-Non intersection,02-Thru lane,01-Clear,01-Daylight,MIDBLOCK,
10038,13-283478,20131207,CONFEDERATION DR btwn CHAMPLAIN CRES & AMBER DR,01-Non intersection,02-Thru lane,01-Clear,07-Dark,MIDBLOCK,
10039,13-284573,20131209,CONESTOGA COLLEGE BLVD btwn DOON VALLEY DR & HOMER WATSON BLVD,04-At/near private drive,02-Thru lane,04-Freezing Rain,01-Daylight,MIDBLOCK,
10040,14-014491,20140119,GATEWAY PARK DR btwn SPORTSWORLD DR & TU LANE ST,04-At/near private drive,02-Thru lane,01-Clear,"08-Dark, artificial",MIDBLOCK,
10041,14-027108,20140204,COUNTRYSTONE DR btwn COUNTRYSIDE CRES & IRON GATE ST,01-Non intersection,02-Thru lane,01-Clear,01-Daylight,MIDBLOCK,
10042,14-020534,20140127,COUNTRYSTONE DR btwn COUNTRYSIDE CRES & IRON GATE ST,01-Non intersection,02-Thru lane,01-Clear,01-Daylight,MIDBLOCK,
10043,13-284972,20131209,AVALON PL btwn CUL DE SAC & SOUTHMOOR DR,04-At/near private drive,02-Thru lane,03-Snow,01-Daylight,MIDBLOCK,
10044,13-284975,20131209,FIFTH AVE btwn CONNAUGHT ST & GREENFIELD AVE,01-Non intersection,11-Not on roadway - right side,01-Clear,"08-Dark, artificial",MIDBLOCK,
10045,13-277022,20131129,ALPINE RD btwn FLINT DR & ALPINE CRT,01-Non intersection,02-Thru lane,01-Clear,01-Daylight,MIDBLOCK,
10046,13-280460,20131203,SIEBERT AVE btwn VANIER DR & COURTLAND AVE E,01-Non intersection,02-Thru lane,01-Clear,"08-Dark, artificial",MIDBLOCK,
10047,13-284502,20131209,TRILLIUM DR btwn MCBRINE DR & WASHBURN DR,01-Non intersection,12-Off highway,04-Freezing Rain,01-Daylight,MIDBLOCK,
10048,13-291281,20131218,MAX BECKER DR btwn HELENA FEASBY ST & FISCHER HALLMAN RD,01-Non intersection,03-Left turn lane,01-Clear,07-Dark,MIDBLOCK,
10049,14-010494,20140114,BINGEMANS CENTRE DR btwn SHIRLEY DR & VICTORIA ST N,01-Non intersection,10-Not on roadway - left side,01-Clear,"06-Dusk, artificial",MIDBLOCK,
10050,13-276508,20131128,KING ST W btwn WATER ST S & FRANCIS ST N,01-Non intersection,02-Thru lane,03-Snow,"08-Dark, artificial",MIDBLOCK,
10051,13-279774,20131202,PIONEER DR btwn UPPER CANADA DR & DOON VILLAGE RD,04-At/near private drive,10-Not on roadway - left side,01-Clear,"08-Dark, artificial",MIDBLOCK,
10052,14-122433,20140601,BANKSIDE DR btwn BANKSIDE CRES & WESTFOREST TRAIL,04-At/near private drive,09-Right shoulder,01-Clear,07-Dark,MIDBLOCK,
10053,13-298238,20131229,DOON MILLS DR btwn SUGARMILL CRT & PINE VALLEY DR,01-Non intersection,02-Thru lane,01-Clear,"08-Dark, artificial",MIDBLOCK,
10054,14-026473,20140204,SHIRLEY AVE btwn RIVERBEND DR & BINGEMANS CENTRE DR,01-Non intersection,02-Thru lane,01-Clear,"04-Dawn, artificial",MIDBLOCK,
10055,13-297081,20131226,OAKHURST CRES btwn HERITAGE DR & HERITAGE DR,04-At/near private drive,02-Thru lane,01-Clear,01-Daylight,MIDBLOCK,
10056,14-019898,20140126,LENNOX LEWIS WAY btwn BLOCK LINE RD & ARDELT AVE,01-Non intersection,11-Not on roadway - right side,03-Snow,07-Dark,MIDBLOCK,
10057,14-005498,20140108,HOLBORN DR btwn RIVER RD E & HOLBORN CRT,01-Non intersection,02-Thru lane,01-Clear,01-Daylight,MIDBLOCK,
10058,13-291810,20131217,HERLAN AVE btwn WALNUT ST & STRANGE ST,04-At/near private drive,02-Thru lane,01-Clear,01-Daylight,MIDBLOCK,
10059,14-001609,20140103,BRECKENRIDGE DR btwn GIBSON DR & OTTAWA ST N,04-At/near private drive,09-Right shoulder,01-Clear,01-Daylight,MIDBLOCK,
10060,14-019656,20140124,WILDERNESS DR btwn PINE MARTIN CRES & PINE MARTIN CRES,04-At/near private drive,02-Thru lane,01-Clear,07-Dark,MIDBLOCK,
10061,14-023604,20140118,SWEET WILLIAM ST btwn ACTIVA AVE & PERIWINKLE ST,04-At/near private drive,02-Thru lane,01-Clear,"08-Dark, artificial",MIDBLOCK,
10062,13-295696,20131224,GREENBROOK DR btwn BIRCHCLIFF AVE & RUSKVIEW RD,01-Non intersection,02-Thru lane,01-Clear,01-Daylight,MIDBLOCK,
10063,14-004393,20140107,RIVERBEND DR btwn GUELPH ST & BRIDGEPORT RD,04-At/near private drive,02-Thru lane,01-Clear,01-Daylight,MIDBLOCK,
10064,14-015987,20140109,SAMUEL ST btwn FREDERICK ST & BINGEMAN ST,04-At/near private drive,02-Thru lane,01-Clear,01-Daylight,MIDBLOCK,
10065,13-294476,20131216,BYRON AVE btwn MAYWOOD RD & WOODHAVEN RD,04-At/near private drive,02-Thru lane,01-Clear,01-Daylight,MIDBLOCK,
10066,14-010951,20140111,DINISON CRES btwn WILLIAMSBURG RD & RISTAU CRES,04-At/near private drive,02-Thru lane,01-Clear,"08-Dark, artificial",MIDBLOCK,
10067,14-007805,20140109,DUKE ST E btwn QUEEN ST N & FREDERICK ST,04-At/near private drive,02-Thru lane,01-Clear,01-Daylight,MIDBLOCK,
10068,13-295181,20131223,DAVID ST btwn JOSEPH ST & COURTLAND AVE W,04-At/near private drive,02-Thru lane,01-Clear,05-Dusk,MIDBLOCK,
10069,13-285604,20131210,QUEENS BLVD btwn BELMONT AVE E & BLUERIDGE AVE,04-At/near private drive,02-Thru lane,01-Clear,01-Daylight,MIDBLOCK,
10070,13-294156,20131222,BLUCHER BLVD btwn EDWIN ST & ST VINCENT ST,04-At/near private drive,99-Other,02-Rain,01-Daylight,MIDBLOCK,
10071,13-294115,20131222,HACKBERRY ST btwn BUSH CLOVER CRES & ACTIVA AVE,04-At/near private drive,02-Thru lane,02-Rain,07-Dark,MIDBLOCK,
10072,13-292079,20131219,STIRLING AVE S btwn COURTLAND AVE E & MILL ST,01-Non intersection,10-Not on roadway - left side,03-Snow,"08-Dark, artificial",MIDBLOCK,
10073,14-015671,20140121,AHRENS ST W btwn GUELPH ST & HARTWOOD PL,04-At/near private drive,02-Thru lane,01-Clear,01-Daylight,MIDBLOCK,
10074,14-001151,20141229,LENNOX CRES btwn MEDFORD ST & STOKE DR,04-At/near private drive,02-Thru lane,01-Clear,01-Daylight,MIDBLOCK,
10075,14-023722,20140131,SHIRLEY AVE btwn RIVERBEND DR & BINGEMANS CENTRE DR,04-At/near private drive,02-Thru lane,01-Clear,01-Daylight,MIDBLOCK,
10076,14-021971,20140129,LOUISA ST btwn KING ST W & MOORE AVE,01-Non intersection,02-Thru lane,01-Clear,01-Daylight,MIDBLOCK,
10077,14-007672,20140111,KING ST E btwn BETZNER AVE S & PANDORA AVE N,04-At/near private drive,02-Thru lane,02-Rain,01-Daylight,MIDBLOCK,
10078,14-008037,20140111,DAVID BERGEY DR btwn PEACH BLOSSOM CRES & OTTAWA ST S,01-Non intersection,02-Thru lane,02-Rain,01-Daylight,MIDBLOCK,
10079,14-007614,20140111,GREENBROOK DR btwn STONYBROOK DR & BIRCHCLIFF AVE,04-At/near private drive,02-Thru lane,02-Rain,07-Dark,MIDBLOCK,
10080,14-016694,20140118,ERINBROOK DR btwn BONNYBANK CRT & HEDGESTONE CRT,04-At/near private drive,02-Thru lane,01-Clear,"08-Dark, artificial",MIDBLOCK,
10081,14-009442,20140113,FOURTH AVE btwn KINGSWAY DR & CONNAUGHT ST,04-At/near private drive,02-Thru lane,01-Clear,01-Daylight,MIDBLOCK,
10082,14-027124,20140204,BIEHN DR btwn OLD HURON RD & CARLYLE DR,04-At/near private drive,02-Thru lane,01-Clear,07-Dark,MIDBLOCK,
10083,14-028067,20140206,HIDDEN CREEK DR btwn HOLLYRIDGE CRES & WESTFOREST TRAIL,04-At/near private drive,02-Thru lane,01-Clear,07-Dark,MIDBLOCK,
10084,13-287806,20131213,BLOCK LINE RD btwn RITTENHOUSE RD & STRASBURG RD,01-Non intersection,02-Thru lane,01-Clear,"08-Dark, artificial",MIDBLOCK,
10085,14-003748,20140106,GUELPH ST btwn WATERLOO ST & WEBER ST W,01-Non intersection,02-Thru lane,01-Clear,07-Dark,MIDBLOCK,
10086,14-022816,20140129,ROSS AVE btwn WILFRED AVE & FRANKLIN ST N,04-At/near private drive,02-Thru lane,01-Clear,07-Dark,MIDBLOCK,
10087,14-006422,20140109,SHEA CRES btwn BANFF PL & LAURENTIAN DR,04-At/near private drive,09-Right shoulder,01-Clear,01-Daylight,MIDBLOCK,
10088,13-211197 ,20130910,CONESTOGA COLLEGE BLVD btwn DOON VALLEY DR & HOMER WATSON BLVD,04-At/near private drive,12-Off highway,01-Clear,01-Daylight,MIDBLOCK,
10089,13-275279,20131127,GATEWOOD RD btwn LAKESIDE DR & WESTMOUNT RD E,01-Non intersection,11-Not on roadway - right side,01-Clear,01-Daylight,MIDBLOCK,
10090,13-272343,20131123,LORRAINE AVE btwn RIVER RD E & BIRKSHIRE CRT,01-Non intersection,12-Off highway,03-Snow,01-Daylight,MIDBLOCK,
10091,14-005222,20140108,PARK ST btwn VICTORIA ST S & CHERRY ST,01-Non intersection,02-Thru lane,01-Clear,01-Daylight,MIDBLOCK,
10092,14-017239,20140123,PLAINS RD btwn FISCHER HALLMAN RD & TRUSSLER RD,01-Non intersection,11-Not on roadway - right side,01-Clear,01-Daylight,MIDBLOCK,
10093,13-287634,20131212,SOUTHILL DR btwn THALER AVE & MORGAN AVE,04-At/near private drive,09-Right shoulder,01-Clear,01-Daylight,MIDBLOCK,
10094,13-288040,20131213,BRUBACHER ST btwn LANCASTER ST E & SAMUEL ST,01-Non intersection,09-Right shoulder,03-Snow,07-Dark,MIDBLOCK,
10095,13-287965,20131213,THE COUNTRY WAY btwn TUERR DR & COLONY DR,04-At/near private drive,02-Thru lane,01-Clear,"08-Dark, artificial",MIDBLOCK,
10096,14-019339,20140126,HIGHLAND RD E btwn DELAWARE AVE & STIRLING AVE S,01-Non intersection,99-Other,01-Clear,"08-Dark, artificial",MIDBLOCK,
10097,14-002299,20140103,SECOND AVE btwn KINGSWAY DR & CONNAUGHT ST,04-At/near private drive,02-Thru lane,01-Clear,"08-Dark, artificial",MIDBLOCK,
10098,14-011033,20140111,PINE MARTIN CRES btwn WILDERNESS DR & WILDERNESS DR,04-At/near private drive,02-Thru lane,01-Clear,01-Daylight,MIDBLOCK,
10099,14-009025,20140112,PINEDALE DR btwn WILLIAMSBURG RD & PINEDALE CRT,01-Non intersection,02-Thru lane,01-Clear,07-Dark,MIDBLOCK,
10100,13-290801,20131218,FIRST AVE btwn SECOND AVE & DIXON ST,04-At/near private drive,11-Not on roadway - right side,03-Snow,01-Daylight,MIDBLOCK,
10101,13-289628,20131216,LUCERNE DR btwn KINGSWOOD DR & SELKIRK DR,04-At/near private drive,02-Thru lane,01-Clear,01-Daylight,MIDBLOCK,
10102,14-022367,20140130,WILDERNESS DR btwn WATERWILLOW CRT & MOUNTAIN MINT CRES,04-At/near private drive,02-Thru lane,01-Clear,01-Daylight,MIDBLOCK,
10103,14-005328,20140108,COMMONWEALTH CRES btwn ISABELLA ST & COMMONWEALTH ST,04-At/near private drive,09-Right shoulder,01-Clear,01-Daylight,MIDBLOCK,
10104,13-273032,20131124,DEER RIDGE DR btwn TERRACE WOOD CRES & SPRING MIST DR,01-Non intersection,02-Thru lane,01-Clear,07-Dark,MIDBLOCK,
10105,13-286437,20131211,WOODHAVEN RD btwn MAYWOOD RD & REYBURN AVE,01-Non intersection,11-Not on roadway - right side,03-Snow,"08-Dark, artificial",MIDBLOCK,
10106,13-286849,20131212,FORESTWOOD DR btwn GLEN AVON CRES & GLEN AVON CRES,04-At/near private drive,12-Off highway,01-Clear,01-Daylight,MIDBLOCK,
10107,13-296719,20131226,GATEWAY PARK DR btwn SPORTSWORLD DR & TU LANE ST,04-At/near private drive,03-Left turn lane,01-Clear,07-Dark,MIDBLOCK,
10108,14-010096,20140114,STIRLING AVE N btwn KING ST E & WEBER ST E,01-Non intersection,02-Thru lane,01-Clear,01-Daylight,MIDBLOCK,
10109,13-289557,20131213,LAWRENCE AVE btwn PAULANDER DR & VICTORIA ST S,04-At/near private drive,02-Thru lane,01-Clear,"08-Dark, artificial",MIDBLOCK,
10110,13-297175,20131226,GLEN LAKE CRES btwn FORESTWOOD DR & FORESTWOOD DR,04-At/near private drive,02-Thru lane,01-Clear,07-Dark,MIDBLOCK,
10111,14-010029,20140114,ZELLER DR btwn ZELLER CRT & JANET CRT,01-Non intersection,12-Off highway,01-Clear,01-Daylight,MIDBLOCK,
10112,14-002108,20140104,WINIFRED ST btwn DEER RIDGE DR & LANTERN ST,01-Non intersection,10-Not on roadway - left side,01-Clear,07-Dark,MIDBLOCK,
10113,13-275948,20131128,PERTH RD btwn PLEASANT AVE & BURNSIDE AVE,04-At/near private drive,10-Not on roadway - left side,01-Clear,01-Daylight,MIDBLOCK,
10114,13-282049,20131205,STRASBURG RD btwn BLOCK LINE RD & OLD COUNTRY DR,04-At/near private drive,03-Left turn lane,01-Clear,07-Dark,MIDBLOCK,
10115,13-276290,20131128,SHIRLEY AVE btwn RIVERBEND DR & BINGEMANS CENTRE DR,01-Non intersection,02-Thru lane,01-Clear,01-Daylight,MIDBLOCK,
10116,13-276638,20131129,STIRLING AVE S btwn CHARLES ST E & FORK IN ROAD,01-Non intersection,02-Thru lane,01-Clear,07-Dark,MIDBLOCK,
10117,14-016639,20140122,CHANTILLY ST btwn ROCHEFORT ST & MAITLAND ST,01-Non intersection,02-Thru lane,01-Clear,01-Daylight,MIDBLOCK,
10118,13-277038,20131128,HIGHBROOK ST btwn BLOCK LINE RD & HIGHBROOK CRT,04-At/near private drive,02-Thru lane,01-Clear,"08-Dark, artificial",MIDBLOCK,
10119,13-277927,20131130,KING ST E btwn SCOTT ST & EBY ST S,01-Non intersection,02-Thru lane,01-Clear,01-Daylight,MIDBLOCK,
10120,13-278254,20131130,WELLINGTON ST N btwn LANCASTER ST W & PATRICK ST,01-Non intersection,02-Thru lane,01-Clear,07-Dark,MIDBLOCK,
10121,14-027051,20140204,HACKBERRY ST btwn BUSH CLOVER CRES & ACTIVA AVE,01-Non intersection,02-Thru lane,01-Clear,01-Daylight,MIDBLOCK,
10122,14-025827,20140203,LAWRENCE AVE btwn HIGHLAND RD W & PAULANDER DR,04-At/near private drive,02-Thru lane,01-Clear,01-Daylight,MIDBLOCK,
10123,14-016701,20140122,LOUISA ST btwn DUKE ST W & WEBER ST W,04-At/near private drive,02-Thru lane,01-Clear,01-Daylight,MIDBLOCK,
10124,14-017571,20140123,GATEWOOD RD btwn LAKESIDE DR & WESTMOUNT RD E,04-At/near private drive,02-Thru lane,01-Clear,01-Daylight,MIDBLOCK,
10125,13-296663,20131217,KEEWATIN AVE btwn DINEEN CRT & KEEWATIN PL,01-Non intersection,02-Thru lane,01-Clear,01-Daylight,MIDBLOCK,
10126,14-028389,20140202,ROCHEFORT ST btwn CANNES ST & TOTTENHAM ST,04-At/near private drive,02-Thru lane,03-Snow,03-Dawn,MIDBLOCK,
10127,14-010027,20140114,ZELLER DR btwn ZELLER CRT & JANET CRT,01-Non intersection,02-Thru lane,03-Snow,03-Dawn,MIDBLOCK,
10128,14-022466,20140125,INGLESIDE DR btwn DALEGROVE DR & INGLESIDE PL,04-At/near private drive,02-Thru lane,03-Snow,01-Daylight,MIDBLOCK,
10129,14-006694,20140110,MILL PARK DR btwn GREEN VALLEY DR & GREEN VALLEY DR,01-Non intersection,02-Thru lane,03-Snow,03-Dawn,MIDBLOCK,
10130,14-000957,20140102,KINGSWAY DR btwn CEDARWOODS CRES & GREENFIELD AVE,98-Other,02-Thru lane,03-Snow,01-Daylight,MIDBLOCK,
10131,14-018902,20140122,PLAINS RD btwn FISCHER HALLMAN RD & TRUSSLER RD,01-Non intersection,11-Not on roadway - right side,03-Snow,07-Dark,MIDBLOCK,
10132,14-003497,20140105,BORDEN AVE S btwn CHARLES ST E & NYBERG ST,01-Non intersection,11-Not on roadway - right side,03-Snow,"08-Dark, artificial",MIDBLOCK,
10133,13-288382,20131214,DAVID ELSEY ST btwn WILLIAM LEWIS ST & WILLIAM LEWIS ST,01-Non intersection,12-Off highway,03-Snow,01-Daylight,MIDBLOCK,