OBJECTID,ACCIDENTNUM,ACCIDENTDATE,LOCATION,ACCIDENT_LOCATION,IMPACT_LOCATION,ENVIRONMENT_CONDITION,LIGHT,COLLISION_TYPE,TRAFFICCOLLISIONSID
10134,14-001108,20140101,STEEPLERIDGE ST btwn DOON SOUTH DR & BRIDLERIDGE ST,04-At/near private drive,02-Thru lane,03-Snow,01-Daylight,MIDBLOCK,
10135,13-294703,20131223,HOFFMAN ST btwn OLYMPIC DR & MEINZINGER AVE,01-Non intersection,12-Off highway,04-Freezing Rain,"08-Dark, artificial",MIDBLOCK,
10136,13-293670,20131222,HIDDEN VALLEY CRES btwn HIDDEN VALLEY RD & RIVER BIRCH ST,04-At/near private drive,11-Not on roadway - right side,04-Freezing Rain,07-Dark,MIDBLOCK,
10137,13-290770,20131217,BRAMBLEWOOD ST btwn WESTMEADOW DR & VICTORIA ST S,04-At/near private drive,02-Thru lane,03-Snow,07-Dark,MIDBLOCK,
10138,14-003451,20140106,WILSON AVE btwn GOODRICH DR & WABANAKI DR,04-At/near private drive,02-Thru lane,03-Snow,07-Dark,MIDBLOCK,
10139,13-285988,20131211,WILHELM ST btwn HETT AVE & AHRENS ST W,04-At/near private drive,09-Right shoulder,03-Snow,01-Daylight,MIDBLOCK,
10140,14-004540,20140107,PLAINS RD btwn HURON RD & FISCHER HALLMAN RD,01-Non intersection,02-Thru lane,05-Drifting Snow,01-Daylight,MIDBLOCK,
10141,14-007149,20140110,KEHL ST btwn SOUTHDALE AVE & HOFFMAN ST,04-At/near private drive,02-Thru lane,"07-Fog, mist, smoke, dust",01-Daylight,MIDBLOCK,
10142,14-016543,20140122,MOORE AVE btwn LOUISA ST & SHANLEY ST,04-At/near private drive,02-Thru lane,99-Other,01-Daylight,MIDBLOCK,
10143,14-028527,20140203,INDIAN RD btwn MONTCALM DR & MCGEE AVE,04-At/near private drive,02-Thru lane,99-Other,"08-Dark, artificial",MIDBLOCK,
10144,14-018881,20140124,ROSENEATH CRES btwn BLACKHORNE DR & LAURENTIAN DR,04-At/near private drive,09-Right shoulder,05-Drifting Snow,07-Dark,MIDBLOCK,
10145,14-003113,20140105,STRASBURG RD btwn SELKIRK DR & BLACKHORNE DR,04-At/near private drive,02-Thru lane,03-Snow,01-Daylight,MIDBLOCK,
10146,14-007133,20140110,HIGHLAND RD W btwn FISCHER HALLMAN RD & WESTHEIGHTS DR,04-At/near private drive,02-Thru lane,"07-Fog, mist, smoke, dust",01-Daylight,MIDBLOCK,
10147,13-293952,20131222,ROXBOROUGH AVE btwn MARLBOROUGH AVE & HIGHLAND RD W,04-At/near private drive,02-Thru lane,04-Freezing Rain,07-Dark,MIDBLOCK,
10148,13-299863,20131231,BRYBECK CRES btwn KARN ST & WESTMOUNT RD W,04-At/near private drive,02-Thru lane,03-Snow,01-Daylight,MIDBLOCK,
10149,13-297133,20131226,KING ST W btwn ONTARIO ST S & YOUNG ST,01-Non intersection,02-Thru lane,03-Snow,01-Daylight,MIDBLOCK,
10150,14-024907,20140201,ROSE ST btwn KRUG ST & CAMERON ST N,01-Non intersection,01-Within intersection,03-Snow,07-Dark,MIDBLOCK,
10151,13-295156,20131223,ROSEMOUNT DR btwn SHERWOOD AVE & RIVER RD E,01-Non intersection,02-Thru lane,03-Snow,"08-Dark, artificial",MIDBLOCK,
10152,14-004368,20140107,REIDEL DR btwn STAUFFER DR & NEW DUNDEE RD,01-Non intersection,02-Thru lane,05-Drifting Snow,01-Daylight,MIDBLOCK,
10153,14-004479,20140107,DONNENWERTH DR btwn ACTIVA AVE & COPPER LEAF CRES,04-At/near private drive,02-Thru lane,06-Strong wind,01-Daylight,MIDBLOCK,
10154,13-292566,20131220,ERINBROOK DR btwn HEDGESTONE CRT & RUSHBROOK DR,01-Non intersection,02-Thru lane,04-Freezing Rain,05-Dusk,MIDBLOCK,
10155,13-296702,20131226,UNION ST btwn MARGARET AVE & SUNSET PL,01-Non intersection,02-Thru lane,04-Freezing Rain,07-Dark,MIDBLOCK,
10156,13-297224,20131225,FOURTH AVE btwn KINGSWAY DR & CONNAUGHT ST,04-At/near private drive,02-Thru lane,03-Snow,07-Dark,MIDBLOCK,
10157,14-018962,20140125,ELLIS AVE btwn RAITAR AVE & HARTWOOD AVE,04-At/near private drive,02-Thru lane,03-Snow,01-Daylight,MIDBLOCK,
10158,14-027609,20140205,VICMOUNT DR btwn WESTMOUNT RD W & VICTORIA ST S,01-Non intersection,02-Thru lane,03-Snow,01-Daylight,MIDBLOCK,
10159,13-288294,20131214,KINGSWAY DR btwn CEDARWOODS CRES & GREENFIELD AVE,01-Non intersection,02-Thru lane,03-Snow,01-Daylight,MIDBLOCK,
10160,13-149130,20130629,ACTIVA AVE btwn GREY FOX DR & BUSH CLOVER CRES,01-Non intersection,02-Thru lane,01-Clear,01-Daylight,MIDBLOCK,
10161,13-157014,20130708,WILSON AVE btwn KINGSWAY DR & FAIRWAY RD S,04-At/near private drive,04-Right turn lane,02-Rain,01-Daylight,MIDBLOCK,
10162,13-155149,20130706,JANSEN AVE btwn HUBER ST & WALKER ST,04-At/near private drive,02-Thru lane,01-Clear,01-Daylight,MIDBLOCK,
10163,13-156098,20130707,UPPER CANADA DR btwn LOWER CANADA CRES & UPPER CANADA PL,04-At/near private drive,02-Thru lane,01-Clear,01-Daylight,MIDBLOCK,
10164,13-192690,20130819,DOON VILLAGE RD btwn PIONEER DR & HARVEST CRT,04-At/near private drive,11-Not on roadway - right side,01-Clear,01-Daylight,MIDBLOCK,
10165,13-149266,20130629,DOON VILLAGE RD btwn HOMER WATSON BLVD & MILLWOOD CRES,04-At/near private drive,03-Left turn lane,01-Clear,01-Daylight,MIDBLOCK,
10166,13-159331,20130711,STRASBURG RD btwn OTTAWA ST S & KINGSWOOD DR,04-At/near private drive,02-Thru lane,01-Clear,01-Daylight,MIDBLOCK,
10167,13-166926,20130719,FIRST AVE btwn SECOND AVE & DIXON ST,01-Non intersection,02-Thru lane,02-Rain,01-Daylight,MIDBLOCK,
10168,13-161371,20130713,GATEWAY PARK DR btwn SPORTSWORLD DR & TU LANE ST,04-At/near private drive,02-Thru lane,01-Clear,01-Daylight,MIDBLOCK,
10169,13-148019,20130628,SHIRLEY AVE btwn RIVERBEND DR & BINGEMANS CENTRE DR,04-At/near private drive,02-Thru lane,02-Rain,01-Daylight,MIDBLOCK,
10170,13-160377,20130711,KING ST E btwn CAMERON ST S & BETZNER AVE S,01-Non intersection,11-Not on roadway - right side,01-Clear,01-Daylight,MIDBLOCK,
10171,13-158507,20130710,WESTHEIGHTS DR btwn AUTUMN HILL CRES & AUTUMN HILL CRES,04-At/near private drive,02-Thru lane,01-Clear,01-Daylight,MIDBLOCK,
10172,13-169249,20130722,GREENFIELD AVE btwn TRAYNOR AVE & KINGSWAY DR,04-At/near private drive,02-Thru lane,01-Clear,01-Daylight,MIDBLOCK,
10173,13-159645,20130711,RIVER RD E btwn ROSEMOUNT DR & ISLINGTON AVE,04-At/near private drive,09-Right shoulder,01-Clear,01-Daylight,MIDBLOCK,
10174,13-161978,20130714,THE COUNTRY WAY btwn TUERR DR & COLONY DR,01-Non intersection,02-Thru lane,01-Clear,"08-Dark, artificial",MIDBLOCK,
10175,13-149755,20130630,CARYNDALE DR btwn EVENSTONE AVE & STAUFFER DR,01-Non intersection,02-Thru lane,01-Clear,07-Dark,MIDBLOCK,
10176,13-153816,20130704,DAVID BERGEY DR btwn PEACH BLOSSOM CRES & OTTAWA ST S,04-At/near private drive,08-Left shoulder,01-Clear,"08-Dark, artificial",MIDBLOCK,
10177,13-194471,20130821,ISAIAH CRES btwn ISAIAH DR & ISAIAH DR,04-At/near private drive,02-Thru lane,01-Clear,01-Daylight,MIDBLOCK,
10178,13-158618,20130702,DAHLIA ST btwn PROSPERITY DR & PROSPERITY DR,04-At/near private drive,08-Left shoulder,01-Clear,01-Daylight,MIDBLOCK,
10179,13-156191,20130707,CHANTILLY ST btwn ROCHEFORT ST & MAITLAND ST,04-At/near private drive,02-Thru lane,01-Clear,01-Daylight,MIDBLOCK,
10180,13-141587,20130621,LAWRENCE AVE btwn HIGHLAND RD W & PAULANDER DR,04-At/near private drive,02-Thru lane,01-Clear,01-Daylight,MIDBLOCK,
10181,13-139715,20130619,TRAYNOR AVE btwn CONNAUGHT ST & GREENFIELD AVE,04-At/near private drive,09-Right shoulder,01-Clear,01-Daylight,MIDBLOCK,
10182,13-145653,20130623,WOODHAVEN RD btwn MAYWOOD RD & REYBURN AVE,04-At/near private drive,02-Thru lane,01-Clear,01-Daylight,MIDBLOCK,
10183,13-005718,20130108,LOUISA ST btwn WATERLOO ST & DUKE ST W,04-At/near private drive,02-Thru lane,01-Clear,01-Daylight,MIDBLOCK,
10184,13-179471,20130619,BUSH CLOVER CRES btwn ACTIVA AVE & HACKBERRY ST,04-At/near private drive,02-Thru lane,01-Clear,01-Daylight,MIDBLOCK,
10185,13-143650,20130623,OVERLEA DR btwn WESTMOUNT RD W & CECILE DR,04-At/near private drive,02-Thru lane,01-Clear,01-Daylight,MIDBLOCK,
10186,13-076364,20130406,BENESFORT DR btwn BENESFORT CRT & OPRINGTON DR,01-Non intersection,02-Thru lane,01-Clear,01-Daylight,MIDBLOCK,
10187,13-130447,20130608,KING ST W btwn WATER ST S & FRANCIS ST N,04-At/near private drive,09-Right shoulder,01-Clear,01-Daylight,MIDBLOCK,
10188,13-140034,20130619,ANVIL ST btwn FARMINGTON PL & BECHTEL DR,04-At/near private drive,09-Right shoulder,01-Clear,01-Daylight,MIDBLOCK,
10189,13-108929,20130509,RESURRECTION DR btwn BEECHMANOR CRES & GLASGOW ST,04-At/near private drive,02-Thru lane,01-Clear,01-Daylight,MIDBLOCK,
10190,13-137521,20130616,FOREST HILL DR btwn WESTMOUNT RD E & SPRINGBANK CRES,04-At/near private drive,02-Thru lane,01-Clear,07-Dark,MIDBLOCK,
10191,13-116774,20130524,QUEENS BLVD btwn WESTMOUNT RD E & CECILE DR,04-At/near private drive,02-Thru lane,01-Clear,01-Daylight,MIDBLOCK,
10192,13-129253,20130526,CHOPIN DR btwn WESTMOUNT RD W & MARKWOOD DR,01-Non intersection,02-Thru lane,01-Clear,01-Daylight,MIDBLOCK,
10193,13-143447,20130622,OAK ST btwn LINDEN AVE & VICTORIA ST S,04-At/near private drive,02-Thru lane,01-Clear,01-Daylight,MIDBLOCK,
10194,13-018329,20130123,DALEWOOD DR btwn EASTWOOD DR & FRANKLIN ST N,01-Non intersection,02-Thru lane,01-Clear,01-Daylight,MIDBLOCK,
10195,13-143311,20130623,DAYTONA ST btwn MONTE CARLO ST & CAPRICE CRT,99-Other,12-Off highway,01-Clear,"08-Dark, artificial",MIDBLOCK,
10196,13-142555,20130622,QUEENSTON CRES btwn QUEENSTON DR & QUEENSTON DR,04-At/near private drive,11-Not on roadway - right side,01-Clear,01-Daylight,MIDBLOCK,
10197,13-190420,20130725,KING ST E btwn QUEEN ST S & FREDERICK ST,01-Non intersection,09-Right shoulder,01-Clear,01-Daylight,MIDBLOCK,
10198,13-172173,20130724,BRYBECK CRES btwn KARN ST & WESTMOUNT RD W,04-At/near private drive,02-Thru lane,01-Clear,07-Dark,MIDBLOCK,
10199,13-173678,20130727,BLACKWELL DR btwn MONTANA CRES & CLAYCROFT CRES,01-Non intersection,10-Not on roadway - left side,01-Clear,01-Daylight,MIDBLOCK,
10200,13-141864,20130621,BLACKHORNE DR btwn BRIAR KNOLL DR & ROSENEATH CRES,04-At/near private drive,12-Off highway,01-Clear,01-Daylight,MIDBLOCK,
10201,13-142735,20130622,UPPER CANADA DR btwn DOON VILLAGE RD & FARRIER DR,04-At/near private drive,12-Off highway,01-Clear,01-Daylight,MIDBLOCK,
10202,13-147730,20130627,PIONEER DR btwn HOMER WATSON BLVD & OLD CARRIAGE DR,04-At/near private drive,11-Not on roadway - right side,01-Clear,07-Dark,MIDBLOCK,
10203,13-173434,20130727,BELMONT AVE W btwn FARNHAM AVE & MARLBOROUGH AVE,04-At/near private drive,02-Thru lane,01-Clear,07-Dark,MIDBLOCK,
10204,13-177053,20130728,ACTIVA AVE btwn DONNENWERTH DR & MAX BECKER DR,04-At/near private drive,09-Right shoulder,01-Clear,01-Daylight,MIDBLOCK,
10205,13-180861,20130730,ELLIS AVE btwn GUELPH ST & RAITAR AVE,04-At/near private drive,02-Thru lane,01-Clear,01-Daylight,MIDBLOCK,
10206,13-178723,20130801,DIXON ST btwn PLYMOUTH RD & CARLIN AVE,04-At/near private drive,02-Thru lane,01-Clear,01-Daylight,MIDBLOCK,
10207,13-137037,20130616,UDVARI CRES btwn HIGHBARRY CRES & HIGHBARRY CRES,04-At/near private drive,10-Not on roadway - left side,02-Rain,01-Daylight,MIDBLOCK,
10208,13-182717,20130803,ACTIVA AVE btwn SNOWDROP CRES & BRIDLEWREATH ST,04-At/near private drive,02-Thru lane,01-Clear,01-Daylight,MIDBLOCK,
10209,13-181697,20130806,CHERRY ST btwn PARK ST & WALNUT ST,04-At/near private drive,02-Thru lane,01-Clear,01-Daylight,MIDBLOCK,
10210,13-187750,20130807,EDENBRIDGE DR btwn OLD CHICOPEE DR & CHARTWELL CRT,04-At/near private drive,02-Thru lane,01-Clear,01-Daylight,MIDBLOCK,
10211,13-182515,20130807,KING ST E btwn FAIRVIEW AVE & STIRLING AVE N,04-At/near private drive,02-Thru lane,01-Clear,01-Daylight,MIDBLOCK,
10212,13-142679,20130622,FRANKFURT ST btwn SIENNA CRES & SIENNA CRES,04-At/near private drive,02-Thru lane,01-Clear,01-Daylight,MIDBLOCK,
10213,13-190185,20130816,CAMROSE CRT btwn HIGHLAND CRES & CUL DE SAC,04-At/near private drive,09-Right shoulder,01-Clear,01-Daylight,MIDBLOCK,
10214,13-192645,20130819,THALER AVE btwn KINZIE AVE & FAIRWAY RD N,04-At/near private drive,02-Thru lane,01-Clear,01-Daylight,MIDBLOCK,
10215,13-194380,20130821,DAVID ST btwn HILDA PL & ROLAND ST,04-At/near private drive,09-Right shoulder,01-Clear,03-Dawn,MIDBLOCK,
10216,13-198370,20130823,STRASBURG RD btwn OTTAWA ST S & KINGSWOOD DR,04-At/near private drive,02-Thru lane,01-Clear,01-Daylight,MIDBLOCK,
10217,13-158068,20130708,SADDLEWOOD DR btwn TIMBER RIDGE CRT & THOMAS SLEE DR,04-At/near private drive,02-Thru lane,01-Clear,01-Daylight,MIDBLOCK,
10218,13-157091,20130708,BELMONT AVE W btwn HIGHLAND RD W & BURN PL,04-At/near private drive,04-Right turn lane,01-Clear,01-Daylight,MIDBLOCK,
10219,13-196830,20130824,MOOREGATE CRES btwn HAZELGLEN DR & HAZELGLEN DR,04-At/near private drive,02-Thru lane,01-Clear,01-Daylight,MIDBLOCK,
10220,13-199785,20130827,WESTVIEW CRES btwn WESTVIEW CRT & ROLLING MEADOWS DR,04-At/near private drive,09-Right shoulder,02-Rain,07-Dark,MIDBLOCK,
10221,13-200799,20130829,GREENDALE CRES btwn MORGAN AVE & MORGAN AVE,04-At/near private drive,02-Thru lane,01-Clear,01-Daylight,MIDBLOCK,
10222,13-155486,20130706,PIONEER DR btwn UPPER CANADA DR & DOON VILLAGE RD,01-Non intersection,02-Thru lane,01-Clear,01-Daylight,MIDBLOCK,
10223,13-152790,20130630,HIGHLAND RD E btwn DELAWARE AVE & STIRLING AVE S,04-At/near private drive,02-Thru lane,01-Clear,07-Dark,MIDBLOCK,
10224,13-153535,20130704,KING ST E btwn CEDAR ST S & MADISON AVE S,01-Non intersection,02-Thru lane,01-Clear,01-Daylight,MIDBLOCK,
10225,13-174459,20130728,RADCLIFFE DR btwn BRIARGATE DR & GRAYWOOD CRT,01-Non intersection,10-Not on roadway - left side,01-Clear,"08-Dark, artificial",MIDBLOCK,
10226,13-193919,20130821,DONNENWERTH DR btwn ACTIVA AVE & COPPER LEAF CRES,04-At/near private drive,10-Not on roadway - left side,01-Clear,01-Daylight,MIDBLOCK,
10227,13-196019,20130823,TRILLIUM DR btwn MCBRINE DR & WASHBURN DR,01-Non intersection,11-Not on roadway - right side,01-Clear,01-Daylight,MIDBLOCK,
10228,13-173338,20130726,WALTER ST btwn AGNES ST & GLASGOW ST,04-At/near private drive,02-Thru lane,01-Clear,01-Daylight,MIDBLOCK,
10229,13-190178,20130807,TRAYNOR AVE btwn REYBURN AVE & VANIER DR,01-Non intersection,02-Thru lane,01-Clear,"08-Dark, artificial",MIDBLOCK,
10230,14-026899,20140204,DUNBAR RD btwn GLASGOW ST & CLAREMONT AVE,01-Non intersection,02-Thru lane,01-Clear,01-Daylight,MIDBLOCK,
10231,14-018831,20140125,DOON VILLAGE RD btwn HOMER WATSON BLVD & MILLWOOD CRES,04-At/near private drive,02-Thru lane,03-Snow,01-Daylight,MIDBLOCK,
10232,14-021065,20140128,CHESTNUT ST btwn MANSION ST & FREDERICK ST,04-At/near private drive,02-Thru lane,01-Clear,01-Daylight,MIDBLOCK,
10233,14-029970,20140208,WILLIAMSBURG RD btwn PINEDALE DR & LITTLEFIELD CRES,04-At/near private drive,07-Passing lane,01-Clear,07-Dark,MIDBLOCK,
10234,14-032116,20140206,DUMFRIES AVE btwn CHAPEL ST & KRUG ST,04-At/near private drive,02-Thru lane,01-Clear,07-Dark,MIDBLOCK,
10235,14-027469,20140205,DRIFTWOOD DR btwn PARKLAND CRES & YELLOW BIRCH DR,04-At/near private drive,12-Off highway,03-Snow,01-Daylight,MIDBLOCK,
10236,14-029348,20140207,WESTFOREST TRAIL btwn GREENGABLE WAY & GREENGABLE WAY,01-Non intersection,02-Thru lane,01-Clear,"08-Dark, artificial",MIDBLOCK,
10237,14-028940,20140206,ERINBROOK DR btwn HEDGESTONE CRT & RUSHBROOK DR,04-At/near private drive,02-Thru lane,01-Clear,"08-Dark, artificial",MIDBLOCK,
10238,14-029259,20140207,HIGHLAND RD E btwn MAUSSER AVE & HEIMAN ST,04-At/near private drive,02-Thru lane,01-Clear,01-Daylight,MIDBLOCK,
10239,14-029066,20140207,MILL ST btwn BORDEN PKY & MILL ST,04-At/near private drive,02-Thru lane,01-Clear,01-Daylight,MIDBLOCK,
10240,14-029862,20140208,HIGHLAND RD E btwn MAUSSER AVE & HEIMAN ST,04-At/near private drive,02-Thru lane,01-Clear,01-Daylight,MIDBLOCK,
10241,14-019732,20140126,TU LANE ST btwn KING ST E & GATEWAY PARK DR,01-Non intersection,02-Thru lane,03-Snow,01-Daylight,MIDBLOCK,
10242,13-294121,20131222,SHELLEY DR btwn SHELLEY PL & VANIER DR,04-At/near private drive,11-Not on roadway - right side,01-Clear,01-Daylight,MIDBLOCK,
10243,14-038962,20140220,ROSE ST btwn KRUG ST & CAMERON ST N,01-Non intersection,02-Thru lane,01-Clear,01-Daylight,MIDBLOCK,
10244,14-045728,20140225,SUSAN CRES btwn SUSAN CRT & JANET CRT,04-At/near private drive,02-Thru lane,01-Clear,01-Daylight,MIDBLOCK,
10245,14-038863,20140219,KING ST W btwn ONTARIO ST S & YOUNG ST,01-Non intersection,02-Thru lane,01-Clear,01-Daylight,MIDBLOCK,
10246,14-039940,20140221,GREENBROOK DR btwn FOREST HILL DR & FARMBROOK PL,04-At/near private drive,02-Thru lane,01-Clear,"08-Dark, artificial",MIDBLOCK,
10247,14-066716,20140328,LUCERNE DR btwn KINGSWOOD DR & SELKIRK DR,04-At/near private drive,09-Right shoulder,02-Rain,01-Daylight,MIDBLOCK,
10248,14-067645,20140328,HOMEWOOD AVE btwn QUEEN ST S & WEST AVE,04-At/near private drive,09-Right shoulder,01-Clear,01-Daylight,MIDBLOCK,
10249,14-058363,20140317,MOOREGATE CRES btwn HAZELGLEN DR & HAZELGLEN DR,04-At/near private drive,02-Thru lane,01-Clear,01-Daylight,MIDBLOCK,
10250,14-038210,20140218,STOKE DR btwn LENNOX CRES & FISCHER HALLMAN RD,04-At/near private drive,02-Thru lane,01-Clear,07-Dark,MIDBLOCK,
10251,14-039380,20140221,PINNACLE DR btwn CONESTOGA COLLEGE BLVD & PINE HILL PL,01-Non intersection,02-Thru lane,04-Freezing Rain,03-Dawn,MIDBLOCK,
10252,14-036289,20140216,BELTON DR btwn WEICHEL ST & CUL DE SAC,04-At/near private drive,02-Thru lane,01-Clear,"08-Dark, artificial",MIDBLOCK,
10253,14-043476,20140225,HOWE DR btwn CUL DE SAC & WINDALE CRES,04-At/near private drive,02-Thru lane,03-Snow,"08-Dark, artificial",MIDBLOCK,
10254,14-063049,20140322,CANNES ST btwn ROCHEFORT ST & MAITLAND ST,04-At/near private drive,02-Thru lane,01-Clear,01-Daylight,MIDBLOCK,
10255,14-060261,20140319,OLD COUNTRY DR btwn CENTURY HILL DR & STRASBURG RD,04-At/near private drive,02-Thru lane,01-Clear,01-Daylight,MIDBLOCK,
10256,14-069397,20140328,WILDERNESS DR btwn WATERWILLOW CRT & MOUNTAIN MINT CRES,04-At/near private drive,09-Right shoulder,01-Clear,07-Dark,MIDBLOCK,
10257,14-031427,20140207,DOON SOUTH DR btwn WOODSMERE DR & ROBERT FERRIE DR,04-At/near private drive,02-Thru lane,03-Snow,07-Dark,MIDBLOCK,
10258,14-041414,20140223,CARTIER DR btwn KIMBERLY CRES & KIMBERLY CRES,04-At/near private drive,02-Thru lane,01-Clear,01-Daylight,MIDBLOCK,
10259,14-038894,20140220,NICHOLE CRES btwn THE COUNTRY WAY & THE COUNTRY WAY,01-Non intersection,09-Right shoulder,03-Snow,01-Daylight,MIDBLOCK,
10260,14-042832,20140224,WENDY CRES btwn BRIERDALE DR & WENDY CRT,04-At/near private drive,02-Thru lane,01-Clear,"08-Dark, artificial",MIDBLOCK,
10261,14-036105,20140216,QUEENS BLVD btwn KELLY DR & SILVERSPRING CRES,04-At/near private drive,11-Not on roadway - right side,01-Clear,"08-Dark, artificial",MIDBLOCK,
10262,14-058256,20140317,DAVID ST btwn HILDA PL & ROLAND ST,01-Non intersection,11-Not on roadway - right side,01-Clear,01-Daylight,MIDBLOCK,
10263,14-121170,20140531,BANKSIDE DR btwn BANKSIDE CRES & WESTFOREST TRAIL,04-At/near private drive,09-Right shoulder,01-Clear,01-Daylight,MIDBLOCK,
10264,14-101697,20140510,BOUND BROOK CRT btwn OLD CHICOPEE DR & CUL DE SAC,04-At/near private drive,11-Not on roadway - right side,01-Clear,01-Daylight,MIDBLOCK,
10265,14-119410,20140530,BIRCHCLIFF AVE btwn CYPRUS DR & CLOVERDALE CRES,04-At/near private drive,02-Thru lane,01-Clear,01-Daylight,MIDBLOCK,
10266,14-032360,20140211,BRECKENRIDGE DR btwn GIBSON DR & OTTAWA ST N,04-At/near private drive,02-Thru lane,01-Clear,01-Daylight,MIDBLOCK,
10267,14-032772,20140211,STOKE DR btwn LENNOX CRES & MEDFORD ST,04-At/near private drive,02-Thru lane,01-Clear,01-Daylight,MIDBLOCK,
10268,14-034155,20140211,GREY FOX DR btwn ORCHID CRES & QUEEN CHARLOTTE CRES,04-At/near private drive,02-Thru lane,01-Clear,01-Daylight,MIDBLOCK,
10269,14-033642,20140212,WEICHEL ST btwn BELTON DR & VICTORIA ST S,04-At/near private drive,09-Right shoulder,01-Clear,05-Dusk,MIDBLOCK,
10270,14-039608,20140221,KING ST E btwn BORDEN AVE N & ONWARD AVE,04-At/near private drive,11-Not on roadway - right side,01-Clear,01-Daylight,MIDBLOCK,
10271,14-052183,20140309,HAZELGLEN DR btwn DALEGROVE DR & MARKWOOD DR,04-At/near private drive,02-Thru lane,01-Clear,07-Dark,MIDBLOCK,
10272,14-050484,20140306,ROLLING MEADOWS DR btwn WESTVIEW CRES & WESTHEIGHTS DR,04-At/near private drive,99-Other,01-Clear,07-Dark,MIDBLOCK,
10273,14-069847,20140401,RIVERBEND DR btwn SHIRLEY AVE & GUELPH ST,04-At/near private drive,02-Thru lane,01-Clear,01-Daylight,MIDBLOCK,
10274,14-072138,20140404,ROY ST btwn QUEEN ST N & YOUNG ST,04-At/near private drive,09-Right shoulder,02-Rain,01-Daylight,MIDBLOCK,
10275,14-069319,20140329,FOURTH AVE btwn CONNAUGHT ST & WILSON AVE,04-At/near private drive,09-Right shoulder,01-Clear,01-Daylight,MIDBLOCK,
10276,14-060288,20140319,DOON VILLAGE RD btwn HOMER WATSON BLVD & MILLWOOD CRES,01-Non intersection,02-Thru lane,02-Rain,01-Daylight,MIDBLOCK,
10277,14-034527,20140214,CEDAR ST S btwn ST GEORGE ST & COURTLAND AVE E,01-Non intersection,02-Thru lane,01-Clear,03-Dawn,MIDBLOCK,
10278,14-032111,20140210,BYRON AVE btwn MAYWOOD RD & WOODHAVEN RD,04-At/near private drive,02-Thru lane,01-Clear,01-Daylight,MIDBLOCK,
10279,14-035062,20140214,LAWRENCE AVE btwn PAULANDER DR & VICTORIA ST S,01-Non intersection,02-Thru lane,01-Clear,"08-Dark, artificial",MIDBLOCK,
10280,14-037111,20140218,ZELLER DR btwn BROOKMEAD ST & OLD ZELLER DR,04-At/near private drive,02-Thru lane,01-Clear,01-Daylight,MIDBLOCK,
10281,14-057812,20140316,BRIDLEWREATH ST btwn ACTIVA AVE & BRIDLEWREATH CRT,04-At/near private drive,09-Right shoulder,01-Clear,01-Daylight,MIDBLOCK,
10282,14-051483,20140308,ELM RIDGE DR btwn MCGARRY DR & HICKORY HEIGHTS CRES,04-At/near private drive,02-Thru lane,01-Clear,01-Daylight,MIDBLOCK,
10283,14-066891,20140328,ALPINE RD btwn OTTAWA ST S & FLINT DR,04-At/near private drive,02-Thru lane,01-Clear,01-Daylight,MIDBLOCK,
10284,14-069394,20140331,WELLINGTON ST N btwn AHRENS ST W & MARGARET AVE,04-At/near private drive,02-Thru lane,01-Clear,01-Daylight,MIDBLOCK,
10285,14-032627,20140212,HIGHBROOK ST btwn HIGHBROOK CRT & HIGHBROOK CRES,01-Non intersection,02-Thru lane,01-Clear,01-Daylight,MIDBLOCK,
10286,14-032966,20140212,LILAC ST btwn OTTAWA ST S & SYDNEY ST S,04-At/near private drive,02-Thru lane,01-Clear,01-Daylight,MIDBLOCK,
10287,14-033881,20140213,BLOCK LINE RD btwn RITTENHOUSE RD & STRASBURG RD,04-At/near private drive,02-Thru lane,01-Clear,05-Dusk,MIDBLOCK,
10288,14-054588,20140312,AUTUMN RIDGE TRAIL btwn WINDRUSH TRAIL & WOODCREST CRT,04-At/near private drive,02-Thru lane,03-Snow,01-Daylight,MIDBLOCK,
10289,14-059362,20140318,CHOPIN DR btwn WESTMOUNT RD W & MARKWOOD DR,01-Non intersection,09-Right shoulder,01-Clear,01-Daylight,MIDBLOCK,
10290,14-031002,20140209,KING ST W btwn QUEEN ST S & ONTARIO ST S,01-Non intersection,02-Thru lane,01-Clear,"08-Dark, artificial",MIDBLOCK,
10291,14-032561,20140212,VERONICA DR btwn BANCROFT ST & VERONICA DR,04-At/near private drive,02-Thru lane,01-Clear,07-Dark,MIDBLOCK,
10292,14-032556,20140210,BRIDGEPORT RD btwn LANCASTER ST W & RIVERBEND DR,04-At/near private drive,02-Thru lane,01-Clear,01-Daylight,MIDBLOCK,
10293,14-031676,20140210,GATEWAY PARK DR btwn SPORTSWORLD DR & TU LANE ST,04-At/near private drive,02-Thru lane,01-Clear,"08-Dark, artificial",MIDBLOCK,
10294,14-055339,20140313,FRANKLIN ST N btwn PINECREST DR & SHUH AVE,04-At/near private drive,02-Thru lane,01-Clear,01-Daylight,MIDBLOCK,
10295,14-053788,20140311,FRANKLIN ST S btwn KINGSWAY DR & CONNAUGHT ST,04-At/near private drive,02-Thru lane,01-Clear,01-Daylight,MIDBLOCK,
10296,14-053852,20140311,LOUISA ST btwn KING ST W & MOORE AVE,04-At/near private drive,02-Thru lane,01-Clear,01-Daylight,MIDBLOCK,
10297,14-059997,20140318,WESTMEADOW DR btwn WINDING MEADOW CRT & SUNNY MEADOW CRT,04-At/near private drive,02-Thru lane,01-Clear,"08-Dark, artificial",MIDBLOCK,
10298,14-033421,20140213,HAZELGLEN DR btwn DALEGROVE DR & MARKWOOD DR,04-At/near private drive,02-Thru lane,01-Clear,01-Daylight,MIDBLOCK,
10299,14-035790,20140216,WELLINGTON ST N btwn LANCASTER ST W & PATRICK ST,01-Non intersection,02-Thru lane,03-Snow,01-Daylight,MIDBLOCK,
10300,14-030794,20140209,ROLLING MEADOWS DR btwn TIMBERLANE CRES & TRAILWOOD CRES,04-At/near private drive,02-Thru lane,01-Clear,01-Daylight,MIDBLOCK,
10301,14-030621,20140209,GATEWAY PARK DR btwn SPORTSWORLD DR & TU LANE ST,04-At/near private drive,02-Thru lane,03-Snow,01-Daylight,MIDBLOCK,
10302,14-048087,20140304,HILLBROOK CRES btwn ELM RIDGE DR & ELM RIDGE DR,04-At/near private drive,02-Thru lane,01-Clear,01-Daylight,MIDBLOCK,
10303,14-054922,20140313,WOOLWICH ST btwn SUNBRIDGE CRES & FALCONRIDGE DR,04-At/near private drive,02-Thru lane,01-Clear,01-Daylight,MIDBLOCK,