OBJECTID,ACCIDENTNUM,ACCIDENTDATE,LOCATION,ACCIDENT_LOCATION,IMPACT_LOCATION,ENVIRONMENT_CONDITION,LIGHT,COLLISION_TYPE,TRAFFICCOLLISIONSID
10304,14-055400,20140313,WELLINGTON ST N btwn MAJOR ST & LANCASTER ST W,04-At/near private drive,02-Thru lane,01-Clear,01-Daylight,MIDBLOCK,
10305,14-052005,20140309,STIRLING AVE S btwn CHARLES ST E & FORK IN ROAD,04-At/near private drive,09-Right shoulder,01-Clear,01-Daylight,MIDBLOCK,
10306,14-056733,20140315,BANKSIDE DR btwn BANKSIDE CRES & WESTFOREST TRAIL,04-At/near private drive,02-Thru lane,01-Clear,01-Daylight,MIDBLOCK,
10307,15-066568,20150326,PARKLAND CRES btwn DRIFTWOOD DR & DRIFTWOOD DR,04-At/near private drive,09-Right shoulder,01-Clear,01-Daylight,MIDBLOCK,
10308,14-211764,20140915,PARKVALE DR btwn FEATHERSTONE ST & HURON RD,04-At/near private drive,02-Thru lane,01-Clear,01-Daylight,MIDBLOCK,
10309,14-279790,20141209,PATRICIA AVE btwn SPADINA RD W & HIGHLAND RD W,01-Non intersection,02-Thru lane,01-Clear,01-Daylight,MIDBLOCK,
10310,15-002821,20150105,QUEENS BLVD btwn WESTMOUNT RD E & CECILE DR,04-At/near private drive,02-Thru lane,05-Drifting Snow,01-Daylight,MIDBLOCK,
10311,15-080611,20150417,QUEENS BLVD btwn BELMONT AVE E & BLUERIDGE AVE,01-Non intersection,02-Thru lane,01-Clear,01-Daylight,MIDBLOCK,
10312,15-060835,20150321,ROCHEFORT ST btwn CANNES ST & TOTTENHAM ST,04-At/near private drive,02-Thru lane,01-Clear,"08-Dark, artificial",MIDBLOCK,
10313,15-042688,20150226,PEACH BLOSSOM CRES btwn PEACH BLOSSOM CRT & DAVID BERGEY DR,04-At/near private drive,02-Thru lane,01-Clear,01-Daylight,MIDBLOCK,
10314,15-039851,20150221,PEPPERWOOD CRES btwn MORGAN AVE & MORGAN AVE,04-At/near private drive,02-Thru lane,01-Clear,01-Daylight,MIDBLOCK,
10315,15-123910,20150611,REX DR btwn QUEENS BLVD & GLEN RD,04-At/near private drive,02-Thru lane,01-Clear,01-Daylight,MIDBLOCK,
10316,15-088597,20150428,ROSEMOUNT DR btwn BURLINGTON DR & ELKINGTON DR,04-At/near private drive,02-Thru lane,01-Clear,"08-Dark, artificial",MIDBLOCK,
10317,14-277579,20141207,ROSS AVE btwn WILFRED AVE & FRANKLIN ST N,04-At/near private drive,02-Thru lane,01-Clear,01-Daylight,MIDBLOCK,
10318,15-033042,20150213,ROYAL ORCHARD DR btwn WINDY WOOD CRT & RED MAPLE PL,01-Non intersection,02-Thru lane,01-Clear,01-Daylight,MIDBLOCK,
10319,15-025227,20150203,PIONEER DR btwn UPPER CANADA DR & DOON VILLAGE RD,04-At/near private drive,02-Thru lane,01-Clear,01-Daylight,MIDBLOCK,
10320,14-270644,20141127,PIONEER DR btwn UPPER CANADA DR & DOON VILLAGE RD,04-At/near private drive,02-Thru lane,01-Clear,07-Dark,MIDBLOCK,
10321,15-065236,20150328,PIONEER DR btwn GREEN VALLEY DR & HOMER WATSON BLVD,04-At/near private drive,02-Thru lane,01-Clear,01-Daylight,MIDBLOCK,
10322,14-176041,20140805,PIONEER DR btwn GREEN VALLEY DR & HOMER WATSON BLVD,01-Non intersection,02-Thru lane,01-Clear,01-Daylight,MIDBLOCK,
10323,15-078439,20150413,PIONEER DR btwn OLD CARRIAGE DR & BECHTEL DR,04-At/near private drive,11-Not on roadway - right side,01-Clear,01-Daylight,MIDBLOCK,
10324,15-087815,20150426,SAMUEL ST btwn FREDERICK ST & BINGEMAN ST,04-At/near private drive,02-Thru lane,01-Clear,01-Daylight,MIDBLOCK,
10325,15-026085,20150202,SCENIC WOOD CRES btwn THALER AVE & THALER AVE,04-At/near private drive,02-Thru lane,03-Snow,01-Daylight,MIDBLOCK,
10326,15-028565,20150207,QUINTE CRES btwn MORRISON RD & QUINTE CRT,04-At/near private drive,02-Thru lane,01-Clear,"08-Dark, artificial",MIDBLOCK,
10327,15-085618,20150424,SOUTHWOOD DR btwn DEVONGLEN DR & SOUTHWOOD CRT,04-At/near private drive,09-Right shoulder,01-Clear,01-Daylight,MIDBLOCK,
10328,14-210799,20140915,PROSPECT AVE btwn KENNETH AVE & WILFRED AVE,01-Non intersection,02-Thru lane,01-Clear,"08-Dark, artificial",MIDBLOCK,
10329,15-086932,20150426,RAITAR AVE btwn WEBER ST W & ELLIS AVE,04-At/near private drive,02-Thru lane,01-Clear,01-Daylight,MIDBLOCK,
10330,15-029542,20150208,REISTVIEW ST btwn ACTIVA AVE & HENHOEFFER CRES,04-At/near private drive,02-Thru lane,03-Snow,01-Daylight,MIDBLOCK,
10331,15-032460,20150212,GREENBROOK DR btwn WARREN RD & STONYBROOK DR,01-Non intersection,02-Thru lane,01-Clear,"08-Dark, artificial",MIDBLOCK,
10332,14-253828,20141026,SHADELAND CRES btwn HAZELGLEN DR & HAZELGLEN DR,04-At/near private drive,02-Thru lane,01-Clear,01-Daylight,MIDBLOCK,
10333,15-116241,20150602,SHADELAND CRES btwn HAZELGLEN DR & HAZELGLEN DR,04-At/near private drive,02-Thru lane,01-Clear,01-Daylight,MIDBLOCK,
10334,15-079996,20150417,SHIRLEY AVE btwn RIVERBEND DR & BINGEMANS CENTRE DR,01-Non intersection,02-Thru lane,01-Clear,01-Daylight,MIDBLOCK,
10335,15-040163,20150223,QUEEN CHARLOTTE CRES btwn GREY FOX DR & GREY FOX DR,04-At/near private drive,02-Thru lane,01-Clear,01-Daylight,MIDBLOCK,
10336,15-097459,20150509,RIVER RD E btwn HALLIWELL DR & LORRAINE AVE,01-Non intersection,02-Thru lane,01-Clear,01-Daylight,MIDBLOCK,
10337,15-011639,20150115,QUEEN ST S btwn ST GEORGE ST & COURTLAND AVE E,01-Non intersection,02-Thru lane,01-Clear,07-Dark,MIDBLOCK,
10338,15-037758,20150220,RIVER RD E btwn HICKSON DR & OTTAWA ST N,04-At/near private drive,02-Thru lane,01-Clear,01-Daylight,MIDBLOCK,
10339,14-233123,20141011,RIVER RD E btwn ROSEMOUNT DR & ISLINGTON AVE,99-Other,12-Off highway,01-Clear,01-Daylight,MIDBLOCK,
10340,15-077976,20150415,SHIRLEY AVE btwn RIVERBEND DR & BINGEMANS CENTRE DR,01-Non intersection,12-Off highway,01-Clear,03-Dawn,MIDBLOCK,
10341,14-061981,20140321,HOLLYRIDGE CRES btwn HEATHERWOOD PL & HIDDEN CREEK DR,04-At/near private drive,02-Thru lane,01-Clear,"08-Dark, artificial",MIDBLOCK,
10342,14-036032,20140216,SETTLERS DR btwn SETTLERS CRT & THE COUNTRY WAY,04-At/near private drive,09-Right shoulder,03-Snow,03-Dawn,MIDBLOCK,
10343,14-044865,20140228,STRASBURG RD btwn BLOCK LINE RD & OLD COUNTRY DR,04-At/near private drive,02-Thru lane,01-Clear,01-Daylight,MIDBLOCK,
10344,14-0575513,20140312,OLD CARRIAGE DR btwn OLD CARRIAGE CRT & HOMER WATSON BLVD,01-Non intersection,02-Thru lane,03-Snow,01-Daylight,MIDBLOCK,
10345,14-48636,20140305,SPRING VALLEY RD btwn GUELPH ST & WELLINGTON ST N,01-Non intersection,11-Not on roadway - right side,03-Snow,"08-Dark, artificial",MIDBLOCK,
10346,14-055149,20140313,GLASGOW ST btwn YORK ST & EDEN AVE,01-Non intersection,10-Not on roadway - left side,01-Clear,01-Daylight,MIDBLOCK,
10347,14-031923,20140211,MADELEINE ST btwn ROCHEFORT ST & MAITLAND ST,04-At/near private drive,02-Thru lane,01-Clear,01-Daylight,MIDBLOCK,
10348,14-044986,20140228,GATEWAY PARK DR btwn TU LANE ST & KING ST E,04-At/near private drive,02-Thru lane,01-Clear,01-Daylight,MIDBLOCK,
10349,14-043541,20140226,BETZNER AVE N btwn KING ST E & DUKE ST E,04-At/near private drive,02-Thru lane,01-Clear,01-Daylight,MIDBLOCK,
10350,14-046545,20140301,QUEEN ST N btwn AHRENS ST E & MARGARET AVE,04-At/near private drive,02-Thru lane,04-Freezing Rain,"08-Dark, artificial",MIDBLOCK,
10351,14-046835,20140302,BLUE LACE CRES btwn MOUNTAIN LAUREL CRES & MOUNTAIN LAUREL CRES,04-At/near private drive,02-Thru lane,01-Clear,01-Daylight,MIDBLOCK,
10352,14-033094,20140212,APPLE RIDGE DR btwn RIDGEMERE ST & WOODFIELD ST,01-Non intersection,02-Thru lane,01-Clear,01-Daylight,MIDBLOCK,
10353,14-048316,20140303,KEEWATIN AVE btwn NIPIGON ST & GEORGIAN ST,04-At/near private drive,02-Thru lane,01-Clear,01-Daylight,MIDBLOCK,
10354,14-043335,20140226,CONESTOGA COLLEGE BLVD btwn DOON VALLEY DR & HOMER WATSON BLVD,01-Non intersection,04-Right turn lane,01-Clear,01-Daylight,MIDBLOCK,
10355,14-046625,20140302,PLAINS RD btwn FISCHER HALLMAN RD & TRUSSLER RD,01-Non intersection,10-Not on roadway - left side,01-Clear,01-Daylight,MIDBLOCK,
10356,14-047129,20140303,JULIA CRES btwn RITTENHOUSE RD & RITTENHOUSE RD,04-At/near private drive,02-Thru lane,01-Clear,01-Daylight,MIDBLOCK,
10357,14-044581,20140227,WATER ST S btwn JOSEPH ST & FORK IN ROAD,01-Non intersection,02-Thru lane,01-Clear,"08-Dark, artificial",MIDBLOCK,
10358,14-074477,20140405,SWARTZ ST btwn DUBRICK CRES & COMMONWEALTH ST,04-At/near private drive,02-Thru lane,01-Clear,01-Daylight,MIDBLOCK,
10359,14-0286168,20141211,KING ST E btwn ONWARD AVE & OTTAWA ST S,04-At/near private drive,02-Thru lane,03-Snow,01-Daylight,MIDBLOCK,
10360,14-045062,20140228,BRUBACHER ST btwn LANCASTER ST E & SAMUEL ST,04-At/near private drive,02-Thru lane,01-Clear,01-Daylight,MIDBLOCK,
10361,14-047226,20140303,CARROL ST btwn CONNAUGHT ST & GREENFIELD AVE,04-At/near private drive,02-Thru lane,01-Clear,01-Daylight,MIDBLOCK,
10362,14-048736,20140304,VANIER DR btwn SHELLEY DR & SIEBERT AVE,04-At/near private drive,02-Thru lane,01-Clear,01-Daylight,MIDBLOCK,
10363,14-046549,20140302,WABANAKI DR btwn MANITOU DR & KEVCO PL,04-At/near private drive,02-Thru lane,01-Clear,07-Dark,MIDBLOCK,
10364,14-044859,20140228,WESTHEIGHTS DR btwn DRIFTWOOD DR & WINDING WAY,01-Non intersection,02-Thru lane,01-Clear,01-Daylight,MIDBLOCK,
10365,14-045283,20141224,WATERBEND CRES btwn GRASSWOOD ST & SIMS ESTATE DR,04-At/near private drive,02-Thru lane,01-Clear,07-Dark,MIDBLOCK,
10366,14-075573,20140407,ADELAIDE ST btwn BELMONT AVE W & LAWRENCE AVE,04-At/near private drive,02-Thru lane,02-Rain,01-Daylight,MIDBLOCK,
10367,14-044459,20140227,PARK ST btwn DOMINION ST & STRANGE ST,04-At/near private drive,02-Thru lane,01-Clear,01-Daylight,MIDBLOCK,
10368,14-047982,20140303,BONNYLYN DR btwn KELLY DR & EAGEN DR,04-At/near private drive,02-Thru lane,01-Clear,01-Daylight,MIDBLOCK,
10369,14-047413,20140303,WILSON AVE btwn EIGHTH AVE & NINTH AVE,01-Non intersection,02-Thru lane,01-Clear,01-Daylight,MIDBLOCK,
10370,14-105174,20140513,BANKSIDE DR btwn BANKSIDE CRES & WESTFOREST TRAIL,04-At/near private drive,02-Thru lane,02-Rain,01-Daylight,MIDBLOCK,
10371,14-081673,20140416,BELMONT AVE W btwn GAGE AVE & GLASGOW ST,01-Non intersection,02-Thru lane,01-Clear,01-Daylight,MIDBLOCK,
10372,14-090100,20140426,BELMONT AVE W btwn MARLBOROUGH AVE & HIGHLAND RD W,04-At/near private drive,02-Thru lane,01-Clear,01-Daylight,MIDBLOCK,
10373,14-044095,20140227,WEST AVE btwn HOMEWOOD AVE & STRANGE ST,01-Non intersection,09-Right shoulder,03-Snow,01-Daylight,MIDBLOCK,
10374,14-046365,20140302,GLASGOW ST btwn NORTHFOREST TRAIL & WATERLOO BOUNDARY,01-Non intersection,11-Not on roadway - right side,03-Snow,"08-Dark, artificial",MIDBLOCK,
10375,14-046422,20140302,WILDERNESS DR btwn PINE MARTIN CRES & ACTIVA AVE,01-Non intersection,02-Thru lane,03-Snow,07-Dark,MIDBLOCK,
10376,14-077401,20140411,BLACKHORNE DR btwn STRASBURG RD & BLACKHORNE CRES,04-At/near private drive,02-Thru lane,01-Clear,01-Daylight,MIDBLOCK,
10377,14-035832,20140216,HANSON AVE btwn ARDELT AVE & HAYWARD AVE,04-At/near private drive,02-Thru lane,03-Snow,01-Daylight,MIDBLOCK,
10378,14-051233,20140225,FRANCIS ST N btwn END & WATER ST N,04-At/near private drive,02-Thru lane,01-Clear,01-Daylight,MIDBLOCK,
10379,14-037447,20140218,KEHL ST btwn HOFFMAN ST & OTTAWA ST S,04-At/near private drive,02-Thru lane,01-Clear,01-Daylight,MIDBLOCK,
10380,14-039656,20140221,STRASBURG RD btwn BLOCK LINE RD & OLD COUNTRY DR,04-At/near private drive,12-Off highway,01-Clear,01-Daylight,MIDBLOCK,
10381,14-039978,20140221,HOLBORN DR btwn HOLBORN CRT & OLD CHICOPEE DR,04-At/near private drive,09-Right shoulder,01-Clear,07-Dark,MIDBLOCK,
10382,14-038289,20140219,SABRINA CRES btwn BECHTEL DR & BECHTEL DR,04-At/near private drive,02-Thru lane,01-Clear,01-Daylight,MIDBLOCK,
10383,14-042170,20140223,GREGG CRT btwn QUAISER ST & CUL DE SAC,04-At/near private drive,02-Thru lane,01-Clear,01-Daylight,MIDBLOCK,
10384,14-067755,20140329,HILLBROOK CRES btwn ELM RIDGE DR & ELM RIDGE DR,04-At/near private drive,02-Thru lane,01-Clear,01-Daylight,MIDBLOCK,
10385,14-074472,20140407,PINEDALE DR btwn HILLSBOROUGH CRES & HILLSBOROUGH CRES,04-At/near private drive,09-Right shoulder,01-Clear,01-Daylight,MIDBLOCK,
10386,14-064414,20140324,BELMONT AVE W btwn GAGE AVE & GLASGOW ST,04-At/near private drive,02-Thru lane,01-Clear,01-Daylight,MIDBLOCK,
10387,14-064344,20140324,WENDY CRES btwn WENDY CRT & OLDFIELD DR,04-At/near private drive,02-Thru lane,01-Clear,01-Daylight,MIDBLOCK,
10388,14-066354,20140327,DUNHAM AVE btwn MANSION ST & FREDERICK ST,04-At/near private drive,09-Right shoulder,03-Snow,07-Dark,MIDBLOCK,
10389,14-029835,20140204,THOMAS SLEE DR btwn DOON SOUTH DR & SOUTHRIDGE DR,04-At/near private drive,02-Thru lane,01-Clear,07-Dark,MIDBLOCK,
10390,14-027822,20140204,APPLE RIDGE DR btwn OAKDALE CRT & RIDGEMERE ST,04-At/near private drive,02-Thru lane,01-Clear,"08-Dark, artificial",MIDBLOCK,
10391,14-037426,20140218,WABANAKI DR btwn MANITOU DR & KEVCO PL,01-Non intersection,02-Thru lane,01-Clear,01-Daylight,MIDBLOCK,
10392,14-038180,20140219,GRACEFIELD CRES btwn KINGSWOOD DR & KINGSWOOD DR,04-At/near private drive,02-Thru lane,01-Clear,01-Daylight,MIDBLOCK,
10393,14-037209,20140217,PINE VALLEY DR btwn FISCHER CRT & KNOX CRT,04-At/near private drive,02-Thru lane,01-Clear,01-Daylight,MIDBLOCK,
10394,14-037261,20140218,BALFOUR CRES btwn WILSON AVE & TRAYNOR AVE,04-At/near private drive,02-Thru lane,01-Clear,01-Daylight,MIDBLOCK,
10395,14-038913,20140220,CHERRY HILL DR btwn COACH HILL DR & COACH HILL DR,04-At/near private drive,02-Thru lane,01-Clear,01-Daylight,MIDBLOCK,
10396,14-077838,20140411,FAIRWAY RD S btwn WABANAKI DR & WILSON AVE,01-Non intersection,04-Right turn lane,01-Clear,01-Daylight,MIDBLOCK,
10397,14-080565,20140414,QUEEN ST S btwn KING ST E & HALLS LANE E,01-Non intersection,02-Thru lane,02-Rain,01-Daylight,MIDBLOCK,
10398,14-087156,20140423,GAGE AVE btwn BELMONT AVE W & WESTMOUNT RD W,01-Non intersection,02-Thru lane,01-Clear,01-Daylight,MIDBLOCK,
10399,14-074876,20140407,GATEWAY PARK DR btwn SPORTSWORLD DR & TU LANE ST,04-At/near private drive,02-Thru lane,02-Rain,05-Dusk,MIDBLOCK,
10400,14-116774,20140527,WELLINGTON ST N btwn WEBER ST W & AHRENS ST W,04-At/near private drive,02-Thru lane,01-Clear,07-Dark,MIDBLOCK,
10401,14-119646,20140529,ROCKWAY DR btwn DOON RD & DIXON ST,04-At/near private drive,02-Thru lane,01-Clear,07-Dark,MIDBLOCK,
10402,14-080787,20140415,GREENDALE CRES btwn MORGAN AVE & MORGAN AVE,04-At/near private drive,12-Off highway,03-Snow,"02-Daylight, artificial",MIDBLOCK,
10403,14-092449,20140429,GRULKE ST btwn KINZIE AVE & FAIRWAY RD N,04-At/near private drive,02-Thru lane,02-Rain,01-Daylight,MIDBLOCK,
10404,14-106244,20140515,STIRLING AVE S btwn CHARLES ST E & FORK IN ROAD,04-At/near private drive,02-Thru lane,02-Rain,01-Daylight,MIDBLOCK,
10405,14-117543,20140528,WELLINGTON ST N btwn WEBER ST W & AHRENS ST W,05-At railway crossing,02-Thru lane,01-Clear,01-Daylight,MIDBLOCK,
10406,14-113659,20140524,SHIRLEY AVE btwn RIVERBEND DR & BINGEMANS CENTRE DR,98-Other,02-Thru lane,01-Clear,01-Daylight,MIDBLOCK,
10407,14-069852,20140401,RIVERBEND DR btwn GUELPH ST & BRIDGEPORT RD,01-Non intersection,11-Not on roadway - right side,01-Clear,01-Daylight,MIDBLOCK,
10408,14-079778,20140414,HIGHLAND RD E btwn DELAWARE AVE & STIRLING AVE S,04-At/near private drive,02-Thru lane,01-Clear,01-Daylight,MIDBLOCK,
10409,14-096127,20140504,HIGHLAND RD E btwn MAUSSER AVE & HEIMAN ST,01-Non intersection,02-Thru lane,01-Clear,"08-Dark, artificial",MIDBLOCK,
10410,14-096198,20140504,HIGHLAND RD E btwn MAUSSER AVE & HEIMAN ST,01-Non intersection,02-Thru lane,01-Clear,01-Daylight,MIDBLOCK,
10411,14-100968,20140509,HIGHLAND RD E btwn RUBY ST & SPADINA RD E,04-At/near private drive,02-Thru lane,01-Clear,01-Daylight,MIDBLOCK,
10412,14-092109,20140428,SABRINA CRES btwn BECHTEL DR & BECHTEL DR,04-At/near private drive,02-Thru lane,01-Clear,01-Daylight,MIDBLOCK,
10413,14-082964,20140417,SCHNEIDER AVE btwn DAVID ST & END,01-Non intersection,02-Thru lane,01-Clear,01-Daylight,MIDBLOCK,
10414,14-083615,20140418,HOMEWOOD AVE btwn QUEEN ST S & WEST AVE,04-At/near private drive,11-Not on roadway - right side,01-Clear,01-Daylight,MIDBLOCK,
10415,14-092676,20140429,SETTLERS DR btwn SETTLERS CRT & THE COUNTRY WAY,01-Non intersection,02-Thru lane,01-Clear,01-Daylight,MIDBLOCK,
10416,14-031109,20140210,SHIRLEY AVE btwn RIVERBEND DR & BINGEMANS CENTRE DR,01-Non intersection,02-Thru lane,01-Clear,07-Dark,MIDBLOCK,
10417,14-025196,20140202,IRON GATE ST btwn LEMON GRASS ST & LEMON GRASS ST,01-Non intersection,02-Thru lane,01-Clear,01-Daylight,MIDBLOCK,
10418,14-080645,20140414,BRADLEY DR btwn MIDLAND DR & BRADLEY PL,01-Non intersection,10-Not on roadway - left side,01-Clear,"08-Dark, artificial",MIDBLOCK,
10419,14-095666,20140503,BRIARFIELD ST btwn BRIARMEADOW DR & IDLE CREEK DR,01-Non intersection,02-Thru lane,,,MIDBLOCK,
10420,14-082582,20140416,BROKEN OAK CRES btwn WESTHEIGHTS DR & WESTHEIGHTS DR,01-Non intersection,02-Thru lane,01-Clear,01-Daylight,MIDBLOCK,
10421,14-097404,20140504,BROOKSIDE CRES btwn RAMBLEWOOD WAY & RAMBLEWOOD WAY,04-At/near private drive,02-Thru lane,01-Clear,01-Daylight,MIDBLOCK,
10422,14-122489,20140601,LOUISA ST btwn KING ST W & MOORE AVE,04-At/near private drive,09-Right shoulder,01-Clear,01-Daylight,MIDBLOCK,
10423,14-117301,20140528,PIONEER DR btwn DOON VILLAGE RD & VINTAGE CRES,04-At/near private drive,09-Right shoulder,01-Clear,07-Dark,MIDBLOCK,
10424,14-090091,20140426,SPRINGMOUNT DR btwn OLDFIELD DR & SPRINGMOUNT PL,04-At/near private drive,02-Thru lane,01-Clear,01-Daylight,MIDBLOCK,
10425,14-073618,20140406,STEEPLERIDGE ST btwn DOON SOUTH DR & BRIDLERIDGE ST,01-Non intersection,02-Thru lane,01-Clear,01-Daylight,MIDBLOCK,
10426,14-088415,20140424,STRANGE ST btwn DOMINION ST & ELM ST,01-Non intersection,02-Thru lane,01-Clear,01-Daylight,MIDBLOCK,
10427,14-103365,20140510,CEDARHILL CRES btwn COUNTRY HILL DR & HILLSIDE DR,04-At/near private drive,02-Thru lane,01-Clear,01-Daylight,MIDBLOCK,
10428,14-043337,20140226,CONESTOGA COLLEGE BLVD btwn DOON VALLEY DR & HOMER WATSON BLVD,01-Non intersection,04-Right turn lane,01-Clear,01-Daylight,MIDBLOCK,
10429,14-107038,20140515,RIVER RD E btwn KRUG ST & MANCHESTER RD,04-At/near private drive,02-Thru lane,01-Clear,01-Daylight,MIDBLOCK,
10430,14-119490,20140530,QUEENS BLVD btwn BELMONT AVE E & BLUERIDGE AVE,01-Non intersection,02-Thru lane,01-Clear,01-Daylight,MIDBLOCK,
10431,14-100948,20140509,STRASBURG RD btwn BARWOOD CRES & SELKIRK DR,01-Non intersection,02-Thru lane,02-Rain,01-Daylight,MIDBLOCK,
10432,14-043281,20140226,CONESTOGA COLLEGE BLVD btwn DOON VALLEY DR & HOMER WATSON BLVD,01-Non intersection,04-Right turn lane,01-Clear,01-Daylight,MIDBLOCK,
10433,14-103647,20140512,COUNTRY CLAIR ST btwn COUNTRY CLAIR PL & LANDGREN CRT,04-At/near private drive,02-Thru lane,01-Clear,01-Daylight,MIDBLOCK,
10434,14-078286,20140412,KING ST W btwn ONTARIO ST S & YOUNG ST,01-Non intersection,11-Not on roadway - right side,01-Clear,"08-Dark, artificial",MIDBLOCK,
10435,14-109725,20140519,KIPLING AVE btwn HIGHPARK AVE & VANIER DR,04-At/near private drive,12-Off highway,01-Clear,01-Daylight,MIDBLOCK,
10436,14-089211,20140425,KING ST E btwn SCOTT ST & EBY ST S,04-At/near private drive,02-Thru lane,02-Rain,01-Daylight,MIDBLOCK,
10437,14-094687,20140501,KING ST W btwn COLLEGE ST & WATER ST S,01-Non intersection,02-Thru lane,01-Clear,01-Daylight,MIDBLOCK,
10438,14-080313,20140414,THOMAS SLEE DR btwn DOON SOUTH DR & SOUTHRIDGE DR,04-At/near private drive,02-Thru lane,02-Rain,01-Daylight,MIDBLOCK,
10439,14-094201,20140501,TRILLIUM DR btwn MCBRINE DR & WASHBURN DR,04-At/near private drive,02-Thru lane,01-Clear,01-Daylight,MIDBLOCK,
10440,14-104581,20140508,COVINGTON CRES btwn NEWBURY DR & NEWBURY DR,04-At/near private drive,02-Thru lane,01-Clear,01-Daylight,MIDBLOCK,
10441,14-087300,20140423,DALEGROVE DR btwn HAZELGLEN DR & INGLESIDE DR,01-Non intersection,11-Not on roadway - right side,01-Clear,01-Daylight,MIDBLOCK,
10442,14-099317,20140507,DALEGROVE DR btwn INGLESIDE DR & INGLESIDE DR,04-At/near private drive,11-Not on roadway - right side,01-Clear,05-Dusk,MIDBLOCK,
10443,14-095368,20140503,KINGSWAY DR btwn ST JEROME AVE & CEDARWOODS CRES,01-Non intersection,12-Off highway,01-Clear,07-Dark,MIDBLOCK,
10444,14-079542,20140413,LAKESIDE DR btwn BROADLEAF PL & GREENBROOK DR,04-At/near private drive,02-Thru lane,01-Clear,01-Daylight,MIDBLOCK,
10445,14-051280,20140308,WABANAKI DR btwn MANITOU DR & KEVCO PL,01-Non intersection,02-Thru lane,01-Clear,01-Daylight,MIDBLOCK,
10446,14-068504,20140330,DAVID BERGEY DR btwn ACTIVA AVE & PEACH BLOSSOM CRES,04-At/near private drive,02-Thru lane,01-Clear,01-Daylight,MIDBLOCK,
10447,14-095685,20140503,DIXON ST btwn ECKERT ST & PLYMOUTH RD,01-Non intersection,02-Thru lane,01-Clear,01-Daylight,MIDBLOCK,
10448,14-077534,20140411,RIVER RD E btwn KRUG ST & MANCHESTER RD,01-Non intersection,02-Thru lane,01-Clear,01-Daylight,MIDBLOCK,
10449,14-102495,20140511,RIVER RD E btwn OTTAWA ST N & HOLBORN DR,01-Non intersection,02-Thru lane,01-Clear,01-Daylight,MIDBLOCK,
10450,14-082808,20140416,WILSON AVE btwn FAIRWAY RD S & WEBSTER RD,04-At/near private drive,02-Thru lane,01-Clear,01-Daylight,MIDBLOCK,
10451,14-082715,20140417,DOON VILLAGE RD btwn HOMER WATSON BLVD & MILLWOOD CRES,04-At/near private drive,03-Left turn lane,01-Clear,01-Daylight,MIDBLOCK,
10452,14-106606,20140515,GATEWAY PARK DR btwn TU LANE ST & KING ST E,04-At/near private drive,02-Thru lane,01-Clear,07-Dark,MIDBLOCK,
10453,14-090114,20140426,MICHELLE CRT btwn WESTMEADOW DR & CUL DE SAC,01-Non intersection,02-Thru lane,01-Clear,01-Daylight,MIDBLOCK,
10454,14-099814,20140508,GOUNDRY CRES btwn RITTENHOUSE RD & ERINBROOK DR,01-Non intersection,02-Thru lane,01-Clear,03-Dawn,MIDBLOCK,
10455,14-120317,20140531,HOLBORN DR btwn MAYFAIR CRT & LAMBERT PL,04-At/near private drive,09-Right shoulder,01-Clear,01-Daylight,MIDBLOCK,
10456,14-081691,20140416,KING ST E btwn CEDAR ST S & MADISON AVE S,04-At/near private drive,02-Thru lane,01-Clear,01-Daylight,MIDBLOCK,
10457,14-066987,20140328,MILL ST btwn STIRLING AVE S & HEIMAN ST,04-At/near private drive,11-Not on roadway - right side,01-Clear,01-Daylight,MIDBLOCK,
10458,14-082006,20140416,MILL ST btwn WOODLAND AVE & STIRLING AVE S,01-Non intersection,02-Thru lane,01-Clear,01-Daylight,MIDBLOCK,
10459,14-094738,20140501,MONTEAGLE CRES btwn BLACKWELL DR & BLACKWELL DR,04-At/near private drive,02-Thru lane,01-Clear,01-Daylight,MIDBLOCK,
10460,14-001632,20140102,MOUNTAIN LAUREL CRES btwn BLUE LACE CRES & BRIDLEWREATH ST,04-At/near private drive,02-Thru lane,03-Snow,05-Dusk,MIDBLOCK,
10461,14-106479,20140515,KING ST E btwn BETZNER AVE S & PANDORA AVE N,04-At/near private drive,09-Right shoulder,02-Rain,01-Daylight,MIDBLOCK,
10462,14-105121,20140513,FREDERICK ST btwn LOIS ST & RIVER RD E,01-Non intersection,02-Thru lane,01-Clear,01-Daylight,MIDBLOCK,
10463,14-076604,20140409,DUKE ST W btwn QUEEN ST N & ONTARIO ST N,04-At/near private drive,02-Thru lane,01-Clear,01-Daylight,MIDBLOCK,
10464,14-077928,20140404,OLD CHICOPEE TRAIL btwn DAIMLER DR & FAIRWAY RD N,04-At/near private drive,02-Thru lane,01-Clear,01-Daylight,MIDBLOCK,
10465,14-090924,20140427,EDWIN ST btwn ELIZABETH ST & UNION ST,01-Non intersection,02-Thru lane,01-Clear,01-Daylight,MIDBLOCK,
10466,14-095962,20140503,OTTAWA ST N btwn CROSBY DR & RIVER RD E,01-Non intersection,02-Thru lane,01-Clear,"08-Dark, artificial",MIDBLOCK,
10467,14-263249,20141114,APPLE RIDGE DR btwn DOON MILLS DR & OAKDALE CRT,03-At intersection,02-Thru lane,01-Clear,01-Daylight,MIDBLOCK,
10468,14-263198,20141118,REIDEL DR btwn STAUFFER DR & NEW DUNDEE RD,01-Non intersection,11-Not on roadway - right side,05-Drifting Snow,01-Daylight,MIDBLOCK,
10469,14-158190,20140114,REX DR btwn QUEENS BLVD & GLEN RD,04-At/near private drive,09-Right shoulder,01-Clear,01-Daylight,MIDBLOCK,
10470,12-253639,20121026,UPPER CANADA DR btwn DOON VILLAGE RD & FARRIER DR,01-Non intersection,09-Right shoulder,02-Rain,01-Daylight,MIDBLOCK,
10471,14-27822,20140214,APPLE RIDGE DR btwn OAKDALE CRT & RIDGEMERE ST,04-At/near private drive,02-Thru lane,01-Clear,"08-Dark, artificial",MIDBLOCK,
10472,14-261187,20141114,DONNENWERTH DR btwn ACTIVA AVE & COPPER LEAF CRES,04-At/near private drive,02-Thru lane,03-Snow,01-Daylight,MIDBLOCK,
10473,14-260199,20141114,MILL PARK DR btwn MORNINGVIEW PL & OLD MILL RD,04-At/near private drive,02-Thru lane,03-Snow,01-Daylight,MIDBLOCK,
10474,14-260026,20141114,MOOREGATE CRES btwn HAZELGLEN DR & HAZELGLEN DR,01-Non intersection,02-Thru lane,03-Snow,01-Daylight,MIDBLOCK,