OBJECTID,ACCIDENTNUM,ACCIDENTDATE,LOCATION,ACCIDENT_LOCATION,IMPACT_LOCATION,ENVIRONMENT_CONDITION,LIGHT,COLLISION_TYPE,TRAFFICCOLLISIONSID
10475,14-259997,20141114,FOREST EDGE TRAIL btwn AUTUMN RIDGE TRAIL & CHESTNUT HILL CRES,04-At/near private drive,09-Right shoulder,03-Snow,01-Daylight,MIDBLOCK,
10476,14-260975,20141114,RIVERBEND DR btwn SHIRLEY AVE & GUELPH ST,01-Non intersection,02-Thru lane,01-Clear,07-Dark,MIDBLOCK,
10477,14-247759,20141030,PARKLAND CRES btwn DRIFTWOOD DR & DRIFTWOOD DR,01-Non intersection,02-Thru lane,01-Clear,01-Daylight,MIDBLOCK,
10478,14-148479,20140702,WELLINGTON ST N btwn SPRING VALLEY RD & CIRCA DR,01-Non intersection,02-Thru lane,01-Clear,01-Daylight,MIDBLOCK,
10479,14-262304,20141117,SPRING VALLEY RD btwn GUELPH ST & WELLINGTON ST N,01-Non intersection,02-Thru lane,03-Snow,01-Daylight,MIDBLOCK,
10480,14-259992,20141114,ALPINE RD btwn ALPINE CRT & KINGSWOOD DR,04-At/near private drive,02-Thru lane,99-Other,01-Daylight,MIDBLOCK,
10481,14-260061,20141114,ELMSDALE DR btwn CHANDLER DR & OTTAWA ST S,01-Non intersection,02-Thru lane,01-Clear,01-Daylight,MIDBLOCK,
10482,14-260110,20141104,ZELLER DR btwn ZELLER CRT & JANET CRT,04-At/near private drive,11-Not on roadway - right side,03-Snow,01-Daylight,MIDBLOCK,
10483,14-256316,20141109,CAMERON ST N btwn DUKE ST E & WEBER ST E,04-At/near private drive,02-Thru lane,02-Rain,"08-Dark, artificial",MIDBLOCK,
10484,14-247342,20141018,ALICE AVE btwn VICTORIA ST S & KARN ST,01-Non intersection,02-Thru lane,99-Other,99-Other,MIDBLOCK,
10485,14-262644,20141112,AUTUMN HILL CRES btwn BLUE SPRUCE CRT & WESTHEIGHTS DR,04-At/near private drive,02-Thru lane,01-Clear,01-Daylight,MIDBLOCK,
10486,14-257236,20141109,OAKHURST CRES btwn HERITAGE DR & HERITAGE DR,04-At/near private drive,02-Thru lane,01-Clear,07-Dark,MIDBLOCK,
10487,14-220326,20140926,MAX BECKER DR btwn COPPER LEAF CRES & ISABELLA ST,04-At/near private drive,99-Other,01-Clear,01-Daylight,MIDBLOCK,
10488,14-257842,20141111,THE COUNTRY WAY btwn TUERR DR & COLONY DR,04-At/near private drive,02-Thru lane,01-Clear,01-Daylight,MIDBLOCK,
10489,14-259998,20141114,ROLLING MEADOWS DR btwn WESTVIEW CRES & WESTHEIGHTS DR,01-Non intersection,02-Thru lane,03-Snow,01-Daylight,MIDBLOCK,
10490,14-260210,20141114,MOOREGATE CRES btwn HAZELGLEN DR & HAZELGLEN DR,01-Non intersection,02-Thru lane,03-Snow,01-Daylight,MIDBLOCK,
10491,14-260401,20141114,UPPER CANADA DR btwn DOON VILLAGE RD & FARRIER DR,04-At/near private drive,02-Thru lane,01-Clear,01-Daylight,MIDBLOCK,
10492,14-251633,20141030,COACH HILL DR btwn CHERRY HILL DR & CHERRY HILL DR,01-Non intersection,02-Thru lane,01-Clear,01-Daylight,MIDBLOCK,
10493,14-262332,20141117,BLOCK LINE RD btwn RITTENHOUSE RD & STRASBURG RD,04-At/near private drive,02-Thru lane,03-Snow,01-Daylight,MIDBLOCK,
10494,14-260059,20141114,ROYAL ORCHARD DR btwn ROYAL ORCHARD PL & DEERWOOD CRES,01-Non intersection,02-Thru lane,03-Snow,01-Daylight,MIDBLOCK,
10495,14-260119,20141114,ROYAL ORCHARD DR btwn ROYAL ORCHARD PL & DEERWOOD CRES,01-Non intersection,02-Thru lane,03-Snow,01-Daylight,MIDBLOCK,
10496,14-261053,20141114,STONYBROOK DR btwn JUNIPER CRES & WESTMOUNT RD E,04-At/near private drive,02-Thru lane,01-Clear,07-Dark,MIDBLOCK,
10497,14-261047,20141114,BELMONT AVE W btwn HIGHLAND RD W & BURN PL,01-Non intersection,02-Thru lane,01-Clear,01-Daylight,MIDBLOCK,
10498,14-207137,20140909,FREY CRES btwn HELENA FEASBY ST & HELENA FEASBY ST,04-At/near private drive,02-Thru lane,01-Clear,01-Daylight,MIDBLOCK,
10499,14-260182,20141114,YELLOW BIRCH DR btwn FRAN ELLEN CRES & HODDLE CRES,01-Non intersection,10-Not on roadway - left side,01-Clear,01-Daylight,MIDBLOCK,
10500,14-260168,20141114,SIEBERT AVE btwn WOODHAVEN RD & CLARK AVE,04-At/near private drive,11-Not on roadway - right side,03-Snow,01-Daylight,MIDBLOCK,
10501,14-259947,20141114,OLD CARRIAGE DR btwn OLD CARRIAGE CRT & HOMER WATSON BLVD,04-At/near private drive,02-Thru lane,01-Clear,01-Daylight,MIDBLOCK,
10502,14-260038,20141114,OLD CARRIAGE DR btwn OLD CARRIAGE CRT & HOMER WATSON BLVD,04-At/near private drive,02-Thru lane,03-Snow,01-Daylight,MIDBLOCK,
10503,14-261100,20141115,GREENFIELD AVE btwn TRAYNOR AVE & KINGSWAY DR,04-At/near private drive,02-Thru lane,01-Clear,01-Daylight,MIDBLOCK,
10504,15-077391,20150414,KINGSWOOD DR btwn ALPINE RD & GRACEFIELD CRES,04-At/near private drive,02-Thru lane,01-Clear,01-Daylight,MIDBLOCK,
10505,14-271304,20141129,MILL PARK DR btwn GREEN VALLEY DR & GREEN VALLEY DR,01-Non intersection,11-Not on roadway - right side,03-Snow,07-Dark,MIDBLOCK,
10506,15-061917,20150324,MILL PARK DR btwn GREEN VALLEY DR & GREEN VALLEY DR,01-Non intersection,02-Thru lane,01-Clear,07-Dark,MIDBLOCK,
10507,15-090383,20150430,MILL PARK DR btwn MILL VIEW ST & MILL VIEW ST,04-At/near private drive,12-Off highway,01-Clear,01-Daylight,MIDBLOCK,
10508,14-215838,20140920,MILL ST btwn BORDEN PKY & MILL ST,04-At/near private drive,09-Right shoulder,02-Rain,07-Dark,MIDBLOCK,
10509,15-022034,20150129,KINGSWOOD DR btwn SELKIRK DR & BLOCK LINE RD,04-At/near private drive,02-Thru lane,01-Clear,01-Daylight,MIDBLOCK,
10510,15-116731,20150602,MILLWOOD CRES btwn DOON VILLAGE RD & CLUTHE CRES,01-Non intersection,02-Thru lane,01-Clear,01-Daylight,MIDBLOCK,
10511,14-081926,20140416,HOLBORN DR btwn RIVER RD E & HOLBORN CRT,01-Non intersection,02-Thru lane,01-Clear,01-Daylight,MIDBLOCK,
10512,14-142341,20140625,DUKE ST E btwn CEDAR ST N & MADISON AVE N,04-At/near private drive,02-Thru lane,01-Clear,01-Daylight,MIDBLOCK,
10513,14-170006,20140728,MOUNTAIN LAUREL CRES btwn BERRY MOSS ST & BLUE LACE CRES,04-At/near private drive,02-Thru lane,01-Clear,01-Daylight,MIDBLOCK,
10514,14-167938,20140725,WILDERNESS DR btwn WATERWILLOW CRT & MOUNTAIN MINT CRES,01-Non intersection,11-Not on roadway - right side,01-Clear,01-Daylight,MIDBLOCK,
10515,14-094345,20140501,MARGARET AVE btwn QUEEN ST N & MAYNARD AVE,01-Non intersection,02-Thru lane,01-Clear,"08-Dark, artificial",MIDBLOCK,
10516,14-187713,20140819,STIRLING AVE S btwn CHARLES ST E & FORK IN ROAD,01-Non intersection,02-Thru lane,01-Clear,01-Daylight,MIDBLOCK,
10517,14-146228,20140628,FOURTH AVE btwn KINGSWAY DR & CONNAUGHT ST,04-At/near private drive,02-Thru lane,01-Clear,01-Daylight,MIDBLOCK,
10518,14-166617,20140723,RIVERBEND DR btwn SHIRLEY AVE & GUELPH ST,01-Non intersection,02-Thru lane,01-Clear,01-Daylight,MIDBLOCK,
10519,14-145073,20140627,WOODHAVEN RD btwn MAYWOOD RD & REYBURN AVE,04-At/near private drive,02-Thru lane,01-Clear,01-Daylight,MIDBLOCK,
10520,14-126064,20140606,FRANCIS ST S btwn CHARLES ST W & JOSEPH ST,04-At/near private drive,02-Thru lane,01-Clear,01-Daylight,MIDBLOCK,
10521,14-154086,20140709,MORGAN AVE btwn FAIRWAY RD N & SOUTHILL DR,04-At/near private drive,02-Thru lane,01-Clear,01-Daylight,MIDBLOCK,
10522,14-205030,20140906,FILBERT ST btwn MANSION ST & FREDERICK ST,01-Non intersection,02-Thru lane,01-Clear,"08-Dark, artificial",MIDBLOCK,
10523,14-147223,20140630,WILHELM ST btwn WEBER ST W & HETT AVE,04-At/near private drive,02-Thru lane,01-Clear,05-Dusk,MIDBLOCK,
10524,14-140379,20140623,OLD CHICOPEE DR btwn HUNTINGDALE DR & DAIMLER DR,01-Non intersection,02-Thru lane,01-Clear,01-Daylight,MIDBLOCK,
10525,14-170834,20140729,PARKVALE DR btwn FEATHERSTONE ST & HURON RD,04-At/near private drive,02-Thru lane,01-Clear,01-Daylight,MIDBLOCK,
10526,14-159966,20140716,PINEHURST CRES btwn MCGARRY DR & MCGARRY DR,04-At/near private drive,02-Thru lane,01-Clear,01-Daylight,MIDBLOCK,
10527,14-135374,20140614,CHARLES ST E btwn DELTA ST & KING ST E,04-At/near private drive,99-Other,01-Clear,01-Daylight,MIDBLOCK,
10528,14-173296,20140801,BELMONT AVE E btwn QUEENS BLVD & SOUTH DR,04-At/near private drive,02-Thru lane,02-Rain,01-Daylight,MIDBLOCK,
10529,14-201347,20140904,HOLLYRIDGE CRES btwn HEATHERWOOD PL & HIDDEN CREEK DR,04-At/near private drive,02-Thru lane,01-Clear,01-Daylight,MIDBLOCK,
10530,14-154946,20140710,CHANDLER DR btwn STRASBURG RD & WOODFERN CRT,01-Non intersection,02-Thru lane,01-Clear,01-Daylight,MIDBLOCK,
10531,14-192319,20140825,CHOPIN DR btwn WESTMOUNT RD W & MARKWOOD DR,01-Non intersection,02-Thru lane,01-Clear,01-Daylight,MIDBLOCK,
10532,14-194640,20140827,PROSPECT AVE btwn WILFRED AVE & EMERALD AVE,04-At/near private drive,11-Not on roadway - right side,01-Clear,01-Daylight,MIDBLOCK,
10533,14-122235,20140602,COTTON GRASS ST btwn ACTIVA AVE & COPPER LEAF ST,04-At/near private drive,02-Thru lane,01-Clear,01-Daylight,MIDBLOCK,
10534,14-145911,20140629,CHANDOS DR btwn GRAND RIVER BLVD & CHANDOS CRT,04-At/near private drive,09-Right shoulder,01-Clear,01-Daylight,MIDBLOCK,
10535,14-178688,20140808,PARK ST btwn VICTORIA ST S & CHERRY ST,04-At/near private drive,02-Thru lane,01-Clear,01-Daylight,MIDBLOCK,
10536,14-164509,20140721,WILSON AVE btwn BALFOUR CRES & KINGSWAY DR,01-Non intersection,99-Other,01-Clear,05-Dusk,MIDBLOCK,
10537,14-175627,20140804,GREENFIELD AVE btwn TRAYNOR AVE & KINGSWAY DR,01-Non intersection,02-Thru lane,01-Clear,01-Daylight,MIDBLOCK,
10538,14-142054,20140625,HAYWARD AVE btwn COURTLAND AVE E & HANSON AVE,01-Non intersection,02-Thru lane,01-Clear,"08-Dark, artificial",MIDBLOCK,
10539,14-123534,20140601,HICKORY HOLLOW CRES btwn HIGHVIEW DR & WILLOW GREEN CRT,04-At/near private drive,02-Thru lane,01-Clear,01-Daylight,MIDBLOCK,
10540,14-163677,20140720,BELMONT AVE E btwn QUEENS BLVD & SOUTH DR,04-At/near private drive,02-Thru lane,01-Clear,"08-Dark, artificial",MIDBLOCK,
10541,14-159517,20140715,RIVERBEND DR btwn GUELPH ST & BRIDGEPORT RD,04-At/near private drive,02-Thru lane,01-Clear,01-Daylight,MIDBLOCK,
10542,14-154141,20140709,WESTWOOD DR btwn HUNTINGTON PL & GALLARNO CRT,04-At/near private drive,09-Right shoulder,01-Clear,01-Daylight,MIDBLOCK,
10543,14-165667,20140722,MISTY CRES btwn MISTY ST & MISTY ST,04-At/near private drive,02-Thru lane,01-Clear,01-Daylight,MIDBLOCK,
10544,14-171459,20140730,STRANGE ST btwn ELM ST & PARK ST,01-Non intersection,02-Thru lane,01-Clear,01-Daylight,MIDBLOCK,
10545,14-122380,20140602,HAZELGLEN DR btwn MARKWOOD DR & SHADELAND CRES,01-Non intersection,02-Thru lane,01-Clear,01-Daylight,MIDBLOCK,
10546,14-150584,20140704,ROLLING ACRES CRT btwn ROLLING ACRES DR & CUL DE SAC,04-At/near private drive,02-Thru lane,01-Clear,07-Dark,MIDBLOCK,
10547,14-125176,20140605,PIONEER DR btwn UPPER CANADA DR & DOON VILLAGE RD,01-Non intersection,02-Thru lane,01-Clear,01-Daylight,MIDBLOCK,
10548,14-171692,20140730,GATEWAY PARK DR btwn SPORTSWORLD DR & TU LANE ST,04-At/near private drive,02-Thru lane,01-Clear,01-Daylight,MIDBLOCK,
10549,14-150565,20140704,ROLLING ACRES CRT btwn ROLLING ACRES DR & CUL DE SAC,01-Non intersection,02-Thru lane,01-Clear,"08-Dark, artificial",MIDBLOCK,
10550,14-162376,20140717,CLUTHE CRES btwn MILLWOOD CRES & MILLWOOD CRES,01-Non intersection,02-Thru lane,01-Clear,01-Daylight,MIDBLOCK,
10551,14-131717,20140613,DAVID ST btwn SCHNEIDER AVE & DILL ST,04-At/near private drive,02-Thru lane,01-Clear,"08-Dark, artificial",MIDBLOCK,
10552,14-136273,20140615,CLARK AVE btwn SIEBERT AVE & SIEBERT AVE,04-At/near private drive,02-Thru lane,01-Clear,01-Daylight,MIDBLOCK,
10553,14-143930,20140627,LAWRENCE AVE btwn HIGHLAND RD W & PAULANDER DR,04-At/near private drive,03-Left turn lane,01-Clear,01-Daylight,MIDBLOCK,
10554,14-181804,20140811,ARROWHEAD CRES btwn GREEN VALLEY DR & ARROWHEAD PL,04-At/near private drive,02-Thru lane,02-Rain,07-Dark,MIDBLOCK,
10555,14-188757,20140819,GUELPH ST btwn ARNOLD ST & ENGLEWOOD PL,04-At/near private drive,02-Thru lane,01-Clear,01-Daylight,MIDBLOCK,
10556,14-166602,20140724,WABANAKI DR btwn HIDDEN VALLEY RD & FAIRWAY RD S,01-Non intersection,10-Not on roadway - left side,01-Clear,01-Daylight,MIDBLOCK,
10557,14-154832,20140709,RIDGEMERE CRT btwn PINE VALLEY DR & RIDGEMERE ST,04-At/near private drive,02-Thru lane,01-Clear,01-Daylight,MIDBLOCK,
10558,14-155518,20140710,HIGHLAND RD E btwn STIRLING AVE S & MAUSSER AVE,01-Non intersection,02-Thru lane,01-Clear,07-Dark,MIDBLOCK,
10559,14-127853,20140608,DINISON CRES btwn DINISON PL & ALBION ST,04-At/near private drive,02-Thru lane,01-Clear,01-Daylight,MIDBLOCK,
10560,14-122054,20140602,SOPHIA CRES btwn CORSICA ST & WOODBINE AVE,04-At/near private drive,02-Thru lane,01-Clear,01-Daylight,MIDBLOCK,
10561,14-137352,20140619,PARK ST btwn VICTORIA ST S & CHERRY ST,06-Underpass or tunnel,02-Thru lane,01-Clear,01-Daylight,MIDBLOCK,
10562,14-140085,20140622,MICHAEL ST btwn LINDEN AVE & VICTORIA ST S,01-Non intersection,09-Right shoulder,01-Clear,01-Daylight,MIDBLOCK,
10563,14-140565,20140623,GLASGOW ST btwn IRA NEEDLES BLVD & HIGHLAND RD W,01-Non intersection,02-Thru lane,01-Clear,01-Daylight,MIDBLOCK,
10564,14-149651,20140703,STRASBURG RD btwn BLOCK LINE RD & OLD COUNTRY DR,04-At/near private drive,02-Thru lane,01-Clear,01-Daylight,MIDBLOCK,
10565,14-185908,20140817,FOURTH AVE btwn KINGSWAY DR & CONNAUGHT ST,04-At/near private drive,02-Thru lane,01-Clear,01-Daylight,MIDBLOCK,
10566,14-178146,20140807,MCGARRY DR btwn FISCHER HALLMAN RD & ELM RIDGE DR,04-At/near private drive,02-Thru lane,01-Clear,"08-Dark, artificial",MIDBLOCK,
10567,14-189268,20140821,YOUNG ST btwn KING ST W & DUKE ST W,04-At/near private drive,02-Thru lane,01-Clear,01-Daylight,MIDBLOCK,
10568,14-197430,20140831,TU LANE ST btwn KING ST E & GATEWAY PARK DR,04-At/near private drive,02-Thru lane,01-Clear,01-Daylight,MIDBLOCK,
10569,14-134668,20140616,GATEWAY PARK DR btwn TU LANE ST & KING ST E,01-Non intersection,11-Not on roadway - right side,01-Clear,01-Daylight,MIDBLOCK,
10570,14-168860,20140727,SHIRLEY AVE btwn RIVERBEND DR & BINGEMANS CENTRE DR,01-Non intersection,11-Not on roadway - right side,01-Clear,"08-Dark, artificial",MIDBLOCK,
10571,14-202096,20140904,PARKVALE DR btwn FEATHERSTONE ST & HURON RD,04-At/near private drive,02-Thru lane,01-Clear,01-Daylight,MIDBLOCK,
10572,14-131376,20140612,PARKVALE DR btwn FEATHERSTONE ST & HURON RD,01-Non intersection,02-Thru lane,01-Clear,01-Daylight,MIDBLOCK,
10573,14-167082,20140725,GLASGOW ST btwn PARK ST & YORK ST,04-At/near private drive,12-Off highway,01-Clear,07-Dark,MIDBLOCK,
10574,14-164094,20140718,COMMONWEALTH CRES btwn ISABELLA ST & COMMONWEALTH ST,04-At/near private drive,02-Thru lane,01-Clear,01-Daylight,MIDBLOCK,
10575,14-181900,20140811,LAWRENCE AVE btwn HIGHLAND RD W & PAULANDER DR,04-At/near private drive,02-Thru lane,01-Clear,01-Daylight,MIDBLOCK,
10576,14-150115,20140704,OTTAWA ST N btwn CROSBY DR & RIVER RD E,04-At/near private drive,02-Thru lane,01-Clear,01-Daylight,MIDBLOCK,
10577,14-150932,20140705,BRIARMEADOW DR btwn SANDWELL CRT & BRIARFIELD ST,04-At/near private drive,02-Thru lane,01-Clear,01-Daylight,MIDBLOCK,
10578,14-134872,20140616,STIRLING AVE S btwn CHARLES ST E & FORK IN ROAD,04-At/near private drive,02-Thru lane,01-Clear,01-Daylight,MIDBLOCK,
10579,14-178591,20140807,LANARK CRES btwn BLACKWELL DR & LANARK CRT,04-At/near private drive,02-Thru lane,01-Clear,"08-Dark, artificial",MIDBLOCK,
10580,14-156589,20140712,YELLOW BIRCH DR btwn CEDAR CREST ST & HODDLE CRES,04-At/near private drive,02-Thru lane,01-Clear,01-Daylight,MIDBLOCK,
10581,14-153639,20140708,CENTURY HILL DR btwn COUNTRY HILL DR & BLEAMS RD,01-Non intersection,12-Off highway,01-Clear,01-Daylight,MIDBLOCK,
10582,14-158498,20140714,RITTENHOUSE RD btwn BLOCK LINE RD & TUERR DR,01-Non intersection,09-Right shoulder,01-Clear,01-Daylight,MIDBLOCK,
10583,14-170106,20140725,ISAIAH CRES btwn ISAIAH DR & ISAIAH DR,04-At/near private drive,02-Thru lane,01-Clear,01-Daylight,MIDBLOCK,
10584,14-143476,20140626,PARK ST btwn DOMINION ST & STRANGE ST,04-At/near private drive,03-Left turn lane,01-Clear,01-Daylight,MIDBLOCK,
10585,14-160991,20140717,FRANCIS ST S btwn CHARLES ST W & JOSEPH ST,01-Non intersection,09-Right shoulder,01-Clear,01-Daylight,MIDBLOCK,
10586,14-131016,20140612,QUEEN ST S btwn HOMEWOOD AVE & WOODSIDE AVE,04-At/near private drive,02-Thru lane,01-Clear,01-Daylight,MIDBLOCK,
10587,14-178129,20140807,MARKWOOD DR btwn ROSSFORD CRES & ROSSFORD CRES,04-At/near private drive,02-Thru lane,01-Clear,01-Daylight,MIDBLOCK,
10588,13-001151,20131229,LENNOX CRES btwn MEDFORD ST & STOKE DR,04-At/near private drive,02-Thru lane,01-Clear,01-Daylight,MIDBLOCK,
10589,13-001011,20131225,SPRINGMOUNT DR btwn OLDFIELD DR & SPRINGMOUNT PL,04-At/near private drive,02-Thru lane,03-Snow,01-Daylight,MIDBLOCK,
10590,14-022456,20140130,WILSON AVE btwn FAIRLAWN RD & TRAYNOR AVE,01-Non intersection,02-Thru lane,01-Clear,01-Daylight,MIDBLOCK,
10591,13-219398,20130920,GOLDEN MEADOW DR btwn GOLDEN MEADOW CRES & GOLDEN MEADOW CRES,04-At/near private drive,11-Not on roadway - right side,01-Clear,07-Dark,MIDBLOCK,
10592,14-057513,20140312,OLD CARRIAGE DR btwn OLD CARRIAGE CRT & HOMER WATSON BLVD,01-Non intersection,02-Thru lane,03-Snow,01-Daylight,MIDBLOCK,
10593,14-048636,20140305,SPRING VALLEY RD btwn GUELPH ST & WELLINGTON ST N,01-Non intersection,11-Not on roadway - right side,03-Snow,"08-Dark, artificial",MIDBLOCK,
10594,13-0286168,20131211,KING ST E btwn ONWARD AVE & OTTAWA ST S,04-At/near private drive,02-Thru lane,03-Snow,01-Daylight,MIDBLOCK,
10595,13-045283,20131224,WATERBEND CRES btwn GRASSWOOD ST & SIMS ESTATE DR,04-At/near private drive,02-Thru lane,01-Clear,07-Dark,MIDBLOCK,
10596,14-064390,20140325,BEASLEY DR btwn HOMER WATSON BLVD & TRILLIUM DR,,02-Thru lane,01-Clear,01-Daylight,MIDBLOCK,
10597,15-031914,20150212,MORGAN AVE btwn GREENDALE CRES & GREENDALE CRES,04-At/near private drive,02-Thru lane,01-Clear,01-Daylight,MIDBLOCK,
10598,15-062282,20150325,MORGAN AVE btwn BERWICK PL & RIVER RD E,01-Non intersection,02-Thru lane,02-Rain,01-Daylight,MIDBLOCK,
10599,15-094383,20150503,MILL ST btwn QUEEN ST S & LANSDOWNE BLVD,05-At railway crossing,02-Thru lane,01-Clear,01-Daylight,MIDBLOCK,
10600,15-044673,20150228,MOUNTAIN LAUREL CRES btwn BRIDLEWREATH ST & BERRY MOSS ST,04-At/near private drive,02-Thru lane,01-Clear,01-Daylight,MIDBLOCK,
10601,15-009128,20150113,MOUNTAIN LAUREL CRES btwn BLUE LACE CRES & BLUE LACE CRES,04-At/near private drive,02-Thru lane,01-Clear,07-Dark,MIDBLOCK,
10602,15-090119,20150429,MT HOPE ST btwn KING ST W & PARK ST,04-At/near private drive,02-Thru lane,01-Clear,01-Daylight,MIDBLOCK,
10603,15-036152,20150218,OLD CHICOPEE DR btwn NOTCHWOOD CRT & EDENBRIDGE DR,04-At/near private drive,02-Thru lane,01-Clear,01-Daylight,MIDBLOCK,
10604,15-000229,20150101,MORRISON RD btwn QUINTE CRES & SIMS ESTATE DR,04-At/near private drive,02-Thru lane,01-Clear,01-Daylight,MIDBLOCK,
10605,15-053616,20150313,OLD COUNTRY DR btwn CENTURY HILL DR & STRASBURG RD,01-Non intersection,02-Thru lane,01-Clear,05-Dusk,MIDBLOCK,
10606,15-077598,20150413,OLD MAPLE LANE btwn HIGHVIEW DR & BENT WILLOW DR,04-At/near private drive,09-Right shoulder,01-Clear,07-Dark,MIDBLOCK,
10607,14-260141,20141114,OLD ZELLER DR btwn EDEN OAK TRL & VALEBROOK ST,01-Non intersection,02-Thru lane,03-Snow,01-Daylight,MIDBLOCK,
10608,15-067743,20150401,ONTARIO ST N btwn KING ST W & GOUDIES LANE,04-At/near private drive,09-Right shoulder,01-Clear,01-Daylight,MIDBLOCK,
10609,14-249877,20141101,ONTARIO ST N btwn KING ST W & GOUDIES LANE,04-At/near private drive,11-Not on roadway - right side,01-Clear,01-Daylight,MIDBLOCK,
10610,14-198789,20140902,OPRINGTON PL btwn OPRINGTON DR & OPRINGTON PL,01-Non intersection,02-Thru lane,01-Clear,01-Daylight,MIDBLOCK,
10611,15-027594,20150206,OVERLEA DR btwn OVERLEA CRES & OVERLEA CRES,04-At/near private drive,02-Thru lane,03-Snow,01-Daylight,MIDBLOCK,
10612,15-073138,20150409,PARK ST btwn CHERRY ST & STEWART ST,01-Non intersection,02-Thru lane,02-Rain,03-Dawn,MIDBLOCK,
10613,14-274457,20141127,PARK ST btwn DEVON ST & VICTORIA ST S,04-At/near private drive,02-Thru lane,03-Snow,01-Daylight,MIDBLOCK,
10614,15-044359,20150301,PARK ST btwn DOMINION ST & STRANGE ST,04-At/near private drive,09-Right shoulder,01-Clear,01-Daylight,MIDBLOCK,
10615,15-079706,20150417,PARK ST btwn DOMINION ST & STRANGE ST,01-Non intersection,02-Thru lane,01-Clear,01-Daylight,MIDBLOCK,
10616,15-024935,20150203,OLD ZELLER DR btwn EDEN OAK TRL & VALEBROOK ST,04-At/near private drive,02-Thru lane,01-Clear,01-Daylight,MIDBLOCK,
10617,15-015240,20150121,QUEEN ST S btwn ST GEORGE ST & COURTLAND AVE E,01-Non intersection,02-Thru lane,01-Clear,01-Daylight,MIDBLOCK,
10618,14-276151,20141205,QUEEN ST S btwn MILL ST & HOMEWOOD AVE,01-Non intersection,02-Thru lane,01-Clear,07-Dark,MIDBLOCK,
10619,14-203856,20140907,PARK ST btwn VICTORIA ST S & CHERRY ST,01-Non intersection,11-Not on roadway - right side,01-Clear,"08-Dark, artificial",MIDBLOCK,
10620,15-006426,20150110,PAIGE ST btwn BRIDGE ST E & PAIGE ST,04-At/near private drive,02-Thru lane,01-Clear,01-Daylight,MIDBLOCK,
10621,15-014382,20150120,QUEENS BLVD btwn SPADINA RD E & QUEENS BLVD,04-At/near private drive,02-Thru lane,01-Clear,01-Daylight,MIDBLOCK,
10622,15-034393,20150215,QUEENS BLVD btwn FISCHER HALLMAN RD & ELM RIDGE DR,04-At/near private drive,02-Thru lane,01-Clear,01-Daylight,MIDBLOCK,
10623,14-208539,20140912,QUEENS BLVD btwn FISCHER HALLMAN RD & ELM RIDGE DR,04-At/near private drive,02-Thru lane,01-Clear,01-Daylight,MIDBLOCK,
10624,15-027437,20150206,QUEENS BLVD btwn QUEENS BLVD & PLEASANT AVE,04-At/near private drive,02-Thru lane,01-Clear,01-Daylight,MIDBLOCK,
10625,15-059213,20150321,QUEENS BLVD btwn QUEENS BLVD & PLEASANT AVE,04-At/near private drive,02-Thru lane,02-Rain,"08-Dark, artificial",MIDBLOCK,
10626,15-013560,20150119,QUEENS BLVD btwn WESTMOUNT RD E & CECILE DR,04-At/near private drive,02-Thru lane,01-Clear,01-Daylight,MIDBLOCK,
10627,14-236682,20141015,ROBERTS CRES btwn KINGSWOOD DR & KINGSWOOD DR,04-At/near private drive,02-Thru lane,01-Clear,"08-Dark, artificial",MIDBLOCK,
10628,15-069037,20150403,WATER ST S btwn JOSEPH ST & FORK IN ROAD,04-At/near private drive,12-Off highway,01-Clear,01-Daylight,MIDBLOCK,
10629,15-050776,20150310,WATER ST S btwn JOSEPH ST & FORK IN ROAD,04-At/near private drive,02-Thru lane,01-Clear,01-Daylight,MIDBLOCK,
10630,15-024979,20150121,WATER ST S btwn JOSEPH ST & FORK IN ROAD,04-At/near private drive,02-Thru lane,01-Clear,01-Daylight,MIDBLOCK,
10631,14-280581,20141211,STOKE DR btwn TRELAWNEY ST & LENNOX CRES,01-Non intersection,11-Not on roadway - right side,03-Snow,01-Daylight,MIDBLOCK,
10632,14-260525,20141114,STOKE DR btwn TRELAWNEY ST & LENNOX CRES,01-Non intersection,02-Thru lane,01-Clear,01-Daylight,MIDBLOCK,
10633,15-126071,20150614,TU LANE ST btwn KING ST E & GATEWAY PARK DR,04-At/near private drive,02-Thru lane,02-Rain,01-Daylight,MIDBLOCK,
10634,15-024628,20150202,WATERCRESS CRT btwn WILDERNESS DR & END,04-At/near private drive,02-Thru lane,01-Clear,01-Daylight,MIDBLOCK,
10635,15-047708,20150306,STOKE DR btwn TRELAWNEY ST & LENNOX CRES,04-At/near private drive,02-Thru lane,01-Clear,01-Daylight,MIDBLOCK,
10636,15-033864,20150214,STRANGE ST btwn WAVERLY RD & DOMINION ST,01-Non intersection,02-Thru lane,01-Clear,07-Dark,MIDBLOCK,
10637,15-046055,20150304,THALER AVE btwn KINZIE AVE & FAIRWAY RD N,04-At/near private drive,02-Thru lane,03-Snow,01-Daylight,MIDBLOCK,
10638,15-035711,20150217,THE COUNTRY WAY btwn SETTLERS DR & TUERR DR,01-Non intersection,02-Thru lane,01-Clear,01-Daylight,MIDBLOCK,
10639,15-075755,20150412,THE COUNTRY WAY btwn SETTLERS DR & OLD COUNTRY DR,04-At/near private drive,11-Not on roadway - right side,01-Clear,01-Daylight,MIDBLOCK,
10640,15-067715,20150401,THE COUNTRY WAY btwn TUERR DR & COLONY DR,04-At/near private drive,02-Thru lane,01-Clear,01-Daylight,MIDBLOCK,
10641,15-079888,20150417,TU LANE ST btwn KING ST E & GATEWAY PARK DR,04-At/near private drive,02-Thru lane,01-Clear,01-Daylight,MIDBLOCK,
10642,15-068211,20150401,WEICHEL ST btwn BELTON DR & VICTORIA ST S,04-At/near private drive,02-Thru lane,01-Clear,01-Daylight,MIDBLOCK,
10643,15-100963,20150513,WELLINGTON ST N btwn WATERLOO ST & DUKE ST W,04-At/near private drive,02-Thru lane,01-Clear,01-Daylight,MIDBLOCK,
10644,15-039702,20150223,STRASBURG RD btwn BATTLER RD & HURON RD,04-At/near private drive,02-Thru lane,01-Clear,01-Daylight,MIDBLOCK,
10645,15-050984,20150310,STRASBURG RD btwn CHANDLER DR & OTTAWA ST S,04-At/near private drive,02-Thru lane,01-Clear,01-Daylight,MIDBLOCK,
10646,15-107193,20150521,STRASBURG RD btwn BARWOOD CRES & SELKIRK DR,01-Non intersection,02-Thru lane,01-Clear,01-Daylight,MIDBLOCK,