OBJECTID,ACCIDENTNUM,ACCIDENTDATE,LOCATION,ACCIDENT_LOCATION,IMPACT_LOCATION,ENVIRONMENT_CONDITION,LIGHT,COLLISION_TYPE,TRAFFICCOLLISIONSID
10647,15-161613,20150730,TRILLIUM DR btwn MCBRINE DR & WASHBURN DR,04-At/near private drive,02-Thru lane,01-Clear,01-Daylight,MIDBLOCK,
10648,15-182497,20150827,OAKHURST CRES btwn HERITAGE DR & HERITAGE DR,01-Non intersection,11-Not on roadway - right side,01-Clear,01-Daylight,MIDBLOCK,
10649,15-144175,20150707,MORRISON RD btwn GRAND RIVER BLVD & QUINTE CRES,04-At/near private drive,11-Not on roadway - right side,01-Clear,01-Daylight,MIDBLOCK,
10650,15-119234,20150605,MILL PARK DR btwn GREEN VALLEY DR & GREEN VALLEY DR,01-Non intersection,11-Not on roadway - right side,01-Clear,05-Dusk,MIDBLOCK,
10651,15-101288,20150513,HIGHLAND RD E btwn SPADINA RD E & DELAWARE AVE,04-At/near private drive,02-Thru lane,01-Clear,01-Daylight,MIDBLOCK,
10652,15-107557,20150522,HIGHLAND RD E btwn SPADINA RD E & DELAWARE AVE,01-Non intersection,11-Not on roadway - right side,01-Clear,01-Daylight,MIDBLOCK,
10653,15-174076,20150816,HIDDEN CREEK DR btwn END & HOLLYRIDGE CRES,01-Non intersection,09-Right shoulder,01-Clear,01-Daylight,MIDBLOCK,
10654,15-186258,20150901,BELMONT AVE W btwn FARNHAM AVE & MARLBOROUGH AVE,01-Non intersection,02-Thru lane,01-Clear,01-Daylight,MIDBLOCK,
10655,15-152820,20150718,SIMEON ST btwn KRUG ST & CAMERON ST N,04-At/near private drive,02-Thru lane,01-Clear,01-Daylight,MIDBLOCK,
10656,15-189580,20150905,APPLE RIDGE DR btwn WOODFIELD ST & PINE VALLEY DR,01-Non intersection,12-Off highway,01-Clear,01-Daylight,MIDBLOCK,
10657,15-140317,20150702,BELMONT AVE W btwn GLASGOW ST & BELMONT LANE E,04-At/near private drive,02-Thru lane,01-Clear,01-Daylight,MIDBLOCK,
10658,15-157909,20150725,RIVERBEND DR btwn BRIDGEPORT RD & CUL DE SAC,01-Non intersection,09-Right shoulder,01-Clear,01-Daylight,MIDBLOCK,
10659,15-108480,20150523,RIVER RD E btwn HICKSON DR & OTTAWA ST N,04-At/near private drive,03-Left turn lane,01-Clear,01-Daylight,MIDBLOCK,
10660,15-156369,20150723,MANOR DR btwn GRAND RIVER BLVD & LEWIS CRES,04-At/near private drive,09-Right shoulder,01-Clear,01-Daylight,MIDBLOCK,
10661,15-197472,20150915,KRUG ST btwn CAMBRIDGE AVE & ETON DR,04-At/near private drive,02-Thru lane,01-Clear,01-Daylight,MIDBLOCK,
10662,15-174224,20150816,GATEWAY PARK DR btwn SPORTSWORLD DR & TU LANE ST,04-At/near private drive,02-Thru lane,01-Clear,01-Daylight,MIDBLOCK,
10663,15-115877,20150601,FREDERICK ST btwn LOIS ST & RIVER RD E,04-At/near private drive,02-Thru lane,01-Clear,01-Daylight,MIDBLOCK,
10664,15-187194,20150902,KING ST E btwn STIRLING AVE N & DANE ST,04-At/near private drive,02-Thru lane,01-Clear,01-Daylight,MIDBLOCK,
10665,15-189817,20150905,DEVONGLEN DR btwn DEVONGLEN CRT & SOUTHWOOD DR,04-At/near private drive,02-Thru lane,01-Clear,01-Daylight,MIDBLOCK,
10666,15-178355,20150806,WYANDOTTE CRT btwn GRAND RIVER BLVD & CUL DE SAC,04-At/near private drive,02-Thru lane,01-Clear,01-Daylight,MIDBLOCK,
10667,15-180957,20150825,QUEENS BLVD btwn HIGHLAND RD E & SPADINA RD E,01-Non intersection,02-Thru lane,01-Clear,01-Daylight,MIDBLOCK,
10668,15-188165,20150903,QUEEN ST N btwn DUKE ST W & WEBER ST W,04-At/near private drive,04-Right turn lane,02-Rain,01-Daylight,MIDBLOCK,
10669,15-117829,20150603,KING ST E btwn QUEEN ST S & FREDERICK ST,04-At/near private drive,02-Thru lane,01-Clear,01-Daylight,MIDBLOCK,
10670,15-105492,20150519,KING ST E btwn MADISON AVE S & CAMERON ST S,04-At/near private drive,10-Not on roadway - left side,01-Clear,01-Daylight,MIDBLOCK,
10671,15-116612,20150602,KING ST E btwn MADISON AVE S & CAMERON ST S,04-At/near private drive,02-Thru lane,01-Clear,01-Daylight,MIDBLOCK,
10672,15-153858,20150720,CARYNDALE DR btwn EVENSTONE AVE & STAUFFER DR,01-Non intersection,08-Left shoulder,01-Clear,01-Daylight,MIDBLOCK,
10673,15-105529,20150519,QUEEN ST N btwn DUKE ST W & WEBER ST W,01-Non intersection,02-Thru lane,01-Clear,01-Daylight,MIDBLOCK,
10674,15-137584,20150629,QUAIL HOLLOW btwn WINDRUSH TRAIL & CUL DE SAC,01-Non intersection,12-Off highway,01-Clear,01-Daylight,MIDBLOCK,
10675,15-194672,20150911,MEADOWRIDGE ST btwn SOUTH CREEK DR & THOMAS SLEE DR,99-Other,12-Off highway,02-Rain,01-Daylight,MIDBLOCK,
10676,15-092869,20150503,KING ST E btwn QUEEN ST S & FREDERICK ST,01-Non intersection,11-Not on roadway - right side,01-Clear,01-Daylight,MIDBLOCK,
10677,15-130331,20150619,HOMER WATSON BLVD btwn STIRLING AVE S & HOFFMAN ST,04-At/near private drive,02-Thru lane,01-Clear,01-Daylight,MIDBLOCK,
10678,15-156858,20150724,WILSON AVE btwn FAIRWAY RD S & WEBSTER RD,04-At/near private drive,02-Thru lane,01-Clear,01-Daylight,MIDBLOCK,
10679,15-167655,20150807,WILSON AVE btwn GOODRICH DR & WABANAKI DR,04-At/near private drive,02-Thru lane,01-Clear,01-Daylight,MIDBLOCK,
10680,15-150876,20150716,WELLINGTON ST N btwn SPRING VALLEY RD & CIRCA DR,01-Non intersection,02-Thru lane,01-Clear,01-Daylight,MIDBLOCK,
10681,15-160126,20150728,WATER ST S btwn JOSEPH ST & FORK IN ROAD,04-At/near private drive,09-Right shoulder,01-Clear,01-Daylight,MIDBLOCK,
10682,15-153246,20150719,TRAYNOR AVE btwn CONNAUGHT ST & GREENFIELD AVE,04-At/near private drive,02-Thru lane,01-Clear,01-Daylight,MIDBLOCK,
10683,15-149613,20150714,HOFFMAN ST btwn HIGHLAND RD E & HOMER WATSON BLVD,04-At/near private drive,02-Thru lane,01-Clear,01-Daylight,MIDBLOCK,
10684,15-034708,20150216,HIGHLAND RD E btwn MAUSSER AVE & HEIMAN ST,04-At/near private drive,02-Thru lane,01-Clear,01-Daylight,MIDBLOCK,
10685,15-138086,20150629,WABANAKI DR btwn MANITOU DR & KEVCO PL,01-Non intersection,11-Not on roadway - right side,01-Clear,05-Dusk,MIDBLOCK,
10686,15-124186,20150612,STRASBURG RD btwn SELKIRK DR & BLACKHORNE DR,04-At/near private drive,02-Thru lane,02-Rain,07-Dark,MIDBLOCK,
10687,15-134394,20150625,GLASGOW ST btwn KNELL DR & WESTWOOD DR,01-Non intersection,02-Thru lane,01-Clear,07-Dark,MIDBLOCK,
10688,15-147376,20150711,STIRLING AVE S btwn SOUTHMOOR DR & AVALON PL,01-Non intersection,02-Thru lane,01-Clear,01-Daylight,MIDBLOCK,
10689,15-154145,20150720,KRAFT AVE btwn JEAN AVE & HAROLD AVE,04-At/near private drive,02-Thru lane,01-Clear,01-Daylight,MIDBLOCK,
10690,15-128648,20150617,GATEWAY PARK DR btwn SPORTSWORLD DR & TU LANE ST,04-At/near private drive,99-Other,01-Clear,01-Daylight,MIDBLOCK,
10691,15-032862,20150213,GATEWAY PARK DR btwn SPORTSWORLD DR & TU LANE ST,04-At/near private drive,02-Thru lane,01-Clear,01-Daylight,MIDBLOCK,
10692,15-163913,20150802,SOUTHMOOR DR btwn YAGER AVE & YAGER AVE,04-At/near private drive,02-Thru lane,01-Clear,01-Daylight,MIDBLOCK,
10693,15-024515,20150202,SIMS ESTATE DR btwn FAIRWAY RD N & BEAUMONT CRES,01-Non intersection,02-Thru lane,01-Clear,01-Daylight,MIDBLOCK,
10694,15-140490,20150702,SILVER ASPEN CRES btwn ELM RIDGE DR & ELM RIDGE DR,04-At/near private drive,02-Thru lane,01-Clear,07-Dark,MIDBLOCK,
10695,15-153784,20150719,KINGSWAY DR btwn CEDARWOODS CRES & GREENFIELD AVE,04-At/near private drive,02-Thru lane,01-Clear,01-Daylight,MIDBLOCK,
10696,15-057845,20150319,KING ST W btwn WATER ST S & FRANCIS ST N,01-Non intersection,02-Thru lane,01-Clear,01-Daylight,MIDBLOCK,
10697,15-048232,20150306,KING ST W btwn WATER ST S & FRANCIS ST N,01-Non intersection,09-Right shoulder,01-Clear,07-Dark,MIDBLOCK,
10698,15-118952,20150605,FIFTH AVE btwn CONNAUGHT ST & GREENFIELD AVE,04-At/near private drive,09-Right shoulder,01-Clear,01-Daylight,MIDBLOCK,
10699,15-110011,20150525,SHELLEY DR btwn HILLMOUNT ST & COURTLAND AVE E,04-At/near private drive,02-Thru lane,01-Clear,01-Daylight,MIDBLOCK,
10700,15-143692,20150707,RIVERBANK DR btwn KING ST E & CAMBRIDGE BOUNDARY,05-At railway crossing,99-Other,01-Clear,01-Daylight,MIDBLOCK,
10701,15-079801,20150417,KING ST E btwn MADISON AVE S & CAMERON ST S,01-Non intersection,02-Thru lane,01-Clear,01-Daylight,MIDBLOCK,
10702,15-031476,20150211,KING ST E btwn MADISON AVE S & CAMERON ST S,04-At/near private drive,11-Not on roadway - right side,03-Snow,01-Daylight,MIDBLOCK,
10703,15-035766,20150217,KING ST E btwn KINZIE AVE & END,01-Non intersection,02-Thru lane,01-Clear,01-Daylight,MIDBLOCK,
10704,15-063908,20150327,KING ST E btwn FAIRVIEW AVE & STIRLING AVE N,01-Non intersection,02-Thru lane,01-Clear,01-Daylight,MIDBLOCK,
10705,15-032136,20150212,KING ST E btwn FREDERICK ST & SCOTT ST,01-Non intersection,02-Thru lane,01-Clear,01-Daylight,MIDBLOCK,
10706,15-160260,20150728,KING ST W btwn QUEEN ST S & ONTARIO ST S,01-Non intersection,02-Thru lane,01-Clear,01-Daylight,MIDBLOCK,
10707,14-284399,20141216,BLOCK LINE RD btwn WESTMOUNT RD E & LAURENTIAN DR,04-At/near private drive,02-Thru lane,02-Rain,"08-Dark, artificial",MIDBLOCK,
10708,15-071039,20150405,SILVER ASPEN CRES btwn ELM RIDGE DR & ELM RIDGE DR,04-At/near private drive,02-Thru lane,01-Clear,07-Dark,MIDBLOCK,
10709,15-012115,20150117,SNOWDROP CRES btwn RED CLOVER CRES & ACTIVA AVE,04-At/near private drive,02-Thru lane,01-Clear,07-Dark,MIDBLOCK,
10710,15-030441,20150210,SOPHIA CRES btwn CORSICA ST & WOODBINE AVE,04-At/near private drive,02-Thru lane,01-Clear,01-Daylight,MIDBLOCK,
10711,14-236931,20141016,HOMER WATSON BLVD btwn STIRLING AVE S & HOFFMAN ST,01-Non intersection,02-Thru lane,01-Clear,01-Daylight,MIDBLOCK,
10712,15-051746,20150310,HOMEWOOD AVE btwn QUEEN ST S & WEST AVE,01-Non intersection,02-Thru lane,01-Clear,"08-Dark, artificial",MIDBLOCK,
10713,15-073828,20150410,JUBILEE DR btwn THERESA ST & PARK ST,01-Non intersection,02-Thru lane,02-Rain,"08-Dark, artificial",MIDBLOCK,
10714,15-114675,20150531,JUBILEE DR btwn THERESA ST & PARK ST,01-Non intersection,11-Not on roadway - right side,02-Rain,07-Dark,MIDBLOCK,
10715,15-046520,20150304,BELMONT AVE W btwn KARN ST & GAGE AVE,04-At/near private drive,02-Thru lane,01-Clear,01-Daylight,MIDBLOCK,
10716,15-025339,20150203,KINGSWOOD DR btwn GRACEFIELD CRES & GRACEFIELD CRES,04-At/near private drive,02-Thru lane,01-Clear,01-Daylight,MIDBLOCK,
10717,14-211250,20140915,MARKET LANE btwn SCOTT ST & MOYER PL,04-At/near private drive,11-Not on roadway - right side,01-Clear,01-Daylight,MIDBLOCK,
10718,15-110164,20150521,MARKWOOD DR btwn ROSSFORD CRES & ROSSFORD CRES,04-At/near private drive,02-Thru lane,01-Clear,01-Daylight,MIDBLOCK,
10719,15-010747,20150115,TEMPLEWOOD DR btwn STRASBURG RD & RUSH MEADOW ST,04-At/near private drive,02-Thru lane,01-Clear,01-Daylight,MIDBLOCK,
10720,15-082372,20150418,HOMEWOOD AVE btwn QUEEN ST S & WEST AVE,01-Non intersection,02-Thru lane,01-Clear,"08-Dark, artificial",MIDBLOCK,
10721,15-049234,20150307,HOWE DR btwn CUL DE SAC & WINDALE CRES,04-At/near private drive,02-Thru lane,01-Clear,"08-Dark, artificial",MIDBLOCK,
10722,15-053462,20150312,HOWE DR btwn CUL DE SAC & WINDALE CRES,04-At/near private drive,02-Thru lane,01-Clear,01-Daylight,MIDBLOCK,
10723,15-022382,20150130,KING ST E btwn QUEEN ST S & FREDERICK ST,01-Non intersection,02-Thru lane,01-Clear,01-Daylight,MIDBLOCK,
10724,15-058001,20150314,MASSEY AVE btwn BONIFACE AVE & ERIE AVE,04-At/near private drive,02-Thru lane,01-Clear,01-Daylight,MIDBLOCK,
10725,15-043547,20150228,MAX BECKER DR btwn HELENA FEASBY ST & FISCHER HALLMAN RD,01-Non intersection,02-Thru lane,01-Clear,01-Daylight,MIDBLOCK,
10726,15-045776,20150302,MAX BECKER DR btwn COMMONWEALTH ST & HELENA FEASBY ST,01-Non intersection,11-Not on roadway - right side,01-Clear,"08-Dark, artificial",MIDBLOCK,
10727,15-123859,20150611,HURON RD btwn AMAND DR & TRUSSLER RD,99-Other,12-Off highway,01-Clear,01-Daylight,MIDBLOCK,
10728,15-087782,20150424,HIGH ACRES CRES btwn BLACKWELL DR & BLACKWELL DR,99-Other,12-Off highway,01-Clear,01-Daylight,MIDBLOCK,
10729,15-026353,20150205,LAWRENCE AVE btwn HIGHLAND RD W & PAULANDER DR,01-Non intersection,02-Thru lane,01-Clear,01-Daylight,MIDBLOCK,
10730,14-271054,20141128,MAX BECKER DR btwn COPPER LEAF CRES & ISABELLA ST,01-Non intersection,10-Not on roadway - left side,03-Snow,"08-Dark, artificial",MIDBLOCK,
10731,15-038480,20150221,MAX BECKER DR btwn BRIDLEWREATH ST & LEMONBALM ST,01-Non intersection,02-Thru lane,03-Snow,01-Daylight,MIDBLOCK,
10732,15-069036,20150403,MAX BECKER DR btwn ISABELLA ST & COMMONWEALTH ST,04-At/near private drive,09-Right shoulder,01-Clear,01-Daylight,MIDBLOCK,
10733,15-013172,20150118,IDLE CREEK DR btwn ARDWOOD PL & BRIARFIELD CRT,01-Non intersection,10-Not on roadway - left side,03-Snow,01-Daylight,MIDBLOCK,
10734,15-051106,20150303,ISAIAH DR btwn GRAVEL RIDGE TRAIL & GRAVEL RIDGE TRAIL,04-At/near private drive,02-Thru lane,01-Clear,01-Daylight,MIDBLOCK,
10735,14-238165,20141017,KING ST W btwn WATER ST S & FRANCIS ST N,01-Non intersection,02-Thru lane,02-Rain,"08-Dark, artificial",MIDBLOCK,
10736,15-007514,20150111,MEADOWLANE DR btwn MEADOWBROOK DR & FORESTWOOD DR,04-At/near private drive,02-Thru lane,03-Snow,01-Daylight,MIDBLOCK,
10737,15-069180,20150403,JOSEPH ST btwn VICTORIA ST S & END,05-At railway crossing,11-Not on roadway - right side,01-Clear,01-Daylight,MIDBLOCK,
10738,15-106159,20150520,KINGSWAY DR btwn ST JEROME AVE & CEDARWOODS CRES,04-At/near private drive,02-Thru lane,01-Clear,01-Daylight,MIDBLOCK,
10739,15-114773,20150531,KINGSWAY DR btwn ST JEROME AVE & CEDARWOODS CRES,01-Non intersection,11-Not on roadway - right side,02-Rain,01-Daylight,MIDBLOCK,
10740,15-112596,20150528,KINGSWAY DR btwn ST JEROME AVE & CEDARWOODS CRES,01-Non intersection,02-Thru lane,01-Clear,01-Daylight,MIDBLOCK,
10741,15-011331,20150116,MADISON AVE S btwn CHURCH ST & COURTLAND AVE E,04-At/near private drive,02-Thru lane,01-Clear,01-Daylight,MIDBLOCK,
10742,15-026037,20150204,MADISON AVE S btwn CHARLES ST E & CHURCH ST,04-At/near private drive,12-Off highway,03-Snow,01-Daylight,MIDBLOCK,
10743,15-008644,20150113,AUTUMN HILL CRES btwn BLUE SPRUCE CRT & WESTHEIGHTS DR,01-Non intersection,02-Thru lane,01-Clear,01-Daylight,MIDBLOCK,
10744,14-263587,20141118,BLUERIDGE AVE btwn QUEENS BLVD & LAKESIDE DR,01-Non intersection,02-Thru lane,06-Strong wind,"08-Dark, artificial",MIDBLOCK,
10745,14-289370,20141223,BORDEN AVE N btwn KING ST E & CRESCENT ST,01-Non intersection,02-Thru lane,"07-Fog, mist, smoke, dust","08-Dark, artificial",MIDBLOCK,
10746,14-243324,20141022,CEDARHILL CRES btwn COUNTRY HILL DR & HILLSIDE DR,01-Non intersection,02-Thru lane,01-Clear,"08-Dark, artificial",MIDBLOCK,
10747,15-039756,20150223,CHANDLER DR btwn STRASBURG RD & WOODFERN CRT,01-Non intersection,02-Thru lane,01-Clear,01-Daylight,MIDBLOCK,
10748,14-253807,20141106,COLLEGE ST btwn DUKE ST W & WEBER ST W,01-Non intersection,02-Thru lane,01-Clear,01-Daylight,MIDBLOCK,
10749,14-257973,20141111,BREITHAUPT ST btwn DUKE ST W & WEBER ST W,04-At/near private drive,02-Thru lane,02-Rain,"08-Dark, artificial",MIDBLOCK,
10750,14-231270,20141009,COMMONWEALTH CRES btwn ISABELLA ST & ISABELLA ST,01-Non intersection,02-Thru lane,01-Clear,01-Daylight,MIDBLOCK,
10751,15-030717,20150210,COMMONWEALTH CRES btwn ISABELLA ST & COMMONWEALTH ST,01-Non intersection,02-Thru lane,01-Clear,01-Daylight,MIDBLOCK,
10752,15-111774,20150526,COLTON CIR btwn COLTON CIR & AMELIA ST,04-At/near private drive,09-Right shoulder,01-Clear,01-Daylight,MIDBLOCK,
10753,15-095113,20150506,DALEGROVE DR btwn HAZELGLEN DR & INGLESIDE DR,04-At/near private drive,02-Thru lane,01-Clear,01-Daylight,MIDBLOCK,
10754,15-032243,20150212,CONESTOGA COLLEGE BLVD btwn DOON VALLEY DR & HOMER WATSON BLVD,01-Non intersection,02-Thru lane,01-Clear,01-Daylight,MIDBLOCK,
10755,15-066854,20150327,DIXON ST btwn ECKERT ST & PLYMOUTH RD,04-At/near private drive,09-Right shoulder,01-Clear,"08-Dark, artificial",MIDBLOCK,
10756,15-071197,20150406,CRANBROOK ST btwn STEEPLERIDGE ST & DOON SOUTH DR,04-At/near private drive,09-Right shoulder,01-Clear,01-Daylight,MIDBLOCK,
10757,15-029002,20150208,DOOLEY DR btwn MIDLAND DR & SIMPSON AVE,04-At/near private drive,11-Not on roadway - right side,03-Snow,01-Daylight,MIDBLOCK,
10758,14-229307,20141006,DOON SOUTH DR btwn WOODSMERE DR & ROBERT FERRIE DR,04-At/near private drive,02-Thru lane,01-Clear,01-Daylight,MIDBLOCK,
10759,15-089624,20150429,DIXON ST btwn CARLIN AVE & CARWOOD AVE,01-Non intersection,02-Thru lane,01-Clear,01-Daylight,MIDBLOCK,
10760,15-127126,20150615,DOON VILLAGE RD btwn HARVEST CRT & BECHTEL DR,04-At/near private drive,09-Right shoulder,01-Clear,01-Daylight,MIDBLOCK,
10761,15-047840,20150305,DRIFTWOOD DR btwn PARKLAND CRES & YELLOW BIRCH DR,04-At/near private drive,02-Thru lane,01-Clear,01-Daylight,MIDBLOCK,
10762,15-079150,20150416,DRIFTWOOD DR btwn PARKLAND CRES & YELLOW BIRCH DR,01-Non intersection,02-Thru lane,02-Rain,01-Daylight,MIDBLOCK,
10763,14-293735,20141231,DOON SOUTH DR btwn WOODSMERE DR & ROBERT FERRIE DR,01-Non intersection,02-Thru lane,01-Clear,01-Daylight,MIDBLOCK,
10764,15-050413,20150309,GUELPH ST btwn CRESTWOOD AVE & FLOYD ST,04-At/near private drive,02-Thru lane,01-Clear,"08-Dark, artificial",MIDBLOCK,
10765,15-089673,20150429,GUELPH ST btwn WATERLOO ST & WEBER ST W,04-At/near private drive,02-Thru lane,01-Clear,01-Daylight,MIDBLOCK,
10766,15-092380,20150503,GUELPH ST btwn WATERLOO ST & WEBER ST W,01-Non intersection,02-Thru lane,01-Clear,07-Dark,MIDBLOCK,
10767,14-269410,20141125,DAVID BERGEY DR btwn PEACH BLOSSOM CRES & OTTAWA ST S,99-Other,99-Other,01-Clear,"08-Dark, artificial",MIDBLOCK,
10768,14-244210,20141025,OPRINGTON DR btwn VICTORIA ST S & BENESFORT DR,99-Other,12-Off highway,01-Clear,01-Daylight,MIDBLOCK,
10769,14-209369,20140913,DUKE ST E btwn QUEEN ST N & FREDERICK ST,04-At/near private drive,02-Thru lane,02-Rain,01-Daylight,MIDBLOCK,
10770,14-207789,20140911,DRIFTWOOD DR btwn WESTHEIGHTS DR & ROYAL ORCHARD DR,04-At/near private drive,02-Thru lane,01-Clear,01-Daylight,MIDBLOCK,
10771,14-274531,20141202,FRANKLIN ST N btwn DALEWOOD DR & BRADLEY DR,04-At/near private drive,02-Thru lane,01-Clear,01-Daylight,MIDBLOCK,
10772,14-292691,20141229,DUKE ST W btwn YOUNG ST & COLLEGE ST,01-Non intersection,02-Thru lane,01-Clear,01-Daylight,MIDBLOCK,
10773,15-019931,20150127,TUDOR ST btwn BANFFSHIRE ST & NEWCASTLE DR,01-Non intersection,02-Thru lane,01-Clear,01-Daylight,MIDBLOCK,
10774,15-042431,20150226,FRANKLIN ST S btwn GREENFIELD AVE & WILSON AVE,01-Non intersection,02-Thru lane,01-Clear,"08-Dark, artificial",MIDBLOCK,
10775,15-048247,20150306,KING ST W btwn WATER ST S & FRANCIS ST N,01-Non intersection,02-Thru lane,01-Clear,"08-Dark, artificial",MIDBLOCK,
10776,15-020448,20150127,GAGE AVE btwn WAVERLY RD & BELMONT AVE W,04-At/near private drive,12-Off highway,01-Clear,"06-Dusk, artificial",MIDBLOCK,
10777,15-071425,20150406,GATEWAY PARK DR btwn TU LANE ST & KING ST E,04-At/near private drive,02-Thru lane,01-Clear,01-Daylight,MIDBLOCK,
10778,15-021998,20150129,HANSON AVE btwn ARDELT AVE & HAYWARD AVE,04-At/near private drive,02-Thru lane,03-Snow,"08-Dark, artificial",MIDBLOCK,
10779,14-217389,20140922,DUMFRIES AVE btwn CHAPEL ST & KRUG ST,04-At/near private drive,09-Right shoulder,01-Clear,"08-Dark, artificial",MIDBLOCK,
10780,15-013096,20150118,GATEWAY PARK DR btwn TU LANE ST & KING ST E,04-At/near private drive,05-Right turn channel,01-Clear,01-Daylight,MIDBLOCK,
10781,14-244069,20141023,GATEWAY PARK DR btwn TU LANE ST & KING ST E,04-At/near private drive,02-Thru lane,01-Clear,07-Dark,MIDBLOCK,
10782,14-249803,20141101,GATEWAY PARK DR btwn SPORTSWORLD DR & TU LANE ST,04-At/near private drive,02-Thru lane,01-Clear,01-Daylight,MIDBLOCK,
10783,14-233103,20141011,GATEWAY PARK DR btwn SPORTSWORLD DR & TU LANE ST,04-At/near private drive,02-Thru lane,01-Clear,01-Daylight,MIDBLOCK,
10784,15-091063,20150501,HANSON AVE btwn ARDELT AVE & HAYWARD AVE,04-At/near private drive,02-Thru lane,01-Clear,01-Daylight,MIDBLOCK,
10785,14-242712,20141023,GLASGOW ST btwn KNELL DR & WESTWOOD DR,01-Non intersection,02-Thru lane,01-Clear,01-Daylight,MIDBLOCK,
10786,14-290861,20141226,GLASGOW ST btwn NORTHFOREST TRAIL & WATERLOO BOUNDARY,04-At/near private drive,09-Right shoulder,01-Clear,07-Dark,MIDBLOCK,
10787,15-031870,20150212,GLASGOW ST btwn YORK ST & EDEN AVE,04-At/near private drive,02-Thru lane,01-Clear,01-Daylight,MIDBLOCK,
10788,15-037699,20150220,GLASGOW ST btwn EDEN AVE & BELMONT AVE W,04-At/near private drive,04-Right turn lane,01-Clear,01-Daylight,MIDBLOCK,
10789,15-085329,20150424,HEINS AVE btwn JOSEPH ST & JUBILEE DR,04-At/near private drive,02-Thru lane,01-Clear,"08-Dark, artificial",MIDBLOCK,
10790,15-023716,20150131,HENHOEFFER CRES btwn ACTIVA AVE & HENHOEFFER CRT,04-At/near private drive,02-Thru lane,01-Clear,"08-Dark, artificial",MIDBLOCK,
10791,15-086959,20150414,ELIZA AVE btwn NYLES DR & GRAVEL RIDGE TRAIL,04-At/near private drive,02-Thru lane,01-Clear,01-Daylight,MIDBLOCK,
10792,15-018002,20150124,ELM RIDGE DR btwn MCGARRY DR & HICKORY HEIGHTS CRES,01-Non intersection,02-Thru lane,01-Clear,"08-Dark, artificial",MIDBLOCK,
10793,15-014628,20150120,GLASGOW ST btwn PARK ST & YORK ST,04-At/near private drive,02-Thru lane,01-Clear,01-Daylight,MIDBLOCK,
10794,15-120258,20150607,HIDDEN VALLEY RD btwn CANTERS CLOSE & PADDOCK CRT,01-Non intersection,02-Thru lane,01-Clear,"08-Dark, artificial",MIDBLOCK,
10795,15-090262,20150423,HIGHCROFT CRT btwn ERINBROOK DR & CUL DE SAC,04-At/near private drive,02-Thru lane,01-Clear,07-Dark,MIDBLOCK,
10796,14-285032,20141217,WILSON AVE btwn GOODRICH DR & WABANAKI DR,04-At/near private drive,02-Thru lane,01-Clear,01-Daylight,MIDBLOCK,
10797,15-013992,20150118,ERIKA CRT btwn PROSPERITY DR & END,04-At/near private drive,02-Thru lane,03-Snow,07-Dark,MIDBLOCK,
10798,15-092691,20150502,HOFFMAN ST btwn MEINZINGER AVE & KEHL ST,04-At/near private drive,02-Thru lane,01-Clear,01-Daylight,MIDBLOCK,
10799,14-286054,20141218,HOFFMAN ST btwn OTTAWA ST S & CUL DE SAC,01-Non intersection,10-Not on roadway - left side,01-Clear,07-Dark,MIDBLOCK,
10800,14-235191,20141013,FAIRWAY CRES btwn FAIRWAY RD N & FAIRWAY CRT,04-At/near private drive,09-Right shoulder,01-Clear,07-Dark,MIDBLOCK,
10801,14-167058,20140724,FALLOWFIELD DR btwn FALLVIEW ST & BLEAMS RD,01-Non intersection,02-Thru lane,01-Clear,"08-Dark, artificial",MIDBLOCK,
10802,15-038561,20150221,FALLOWFIELD DR btwn BRITTON PL & JOSHUA ST,01-Non intersection,02-Thru lane,03-Snow,01-Daylight,MIDBLOCK,
10803,15-095521,20150507,FIFTH AVE btwn CONNAUGHT ST & GREENFIELD AVE,04-At/near private drive,02-Thru lane,01-Clear,01-Daylight,MIDBLOCK,
10804,15-060912,20150323,GREEN ST btwn KING ST W & PARK ST,01-Non intersection,02-Thru lane,01-Clear,01-Daylight,MIDBLOCK,
10805,15-025802,20150203,GREEN ST btwn KING ST W & PARK ST,01-Non intersection,02-Thru lane,01-Clear,01-Daylight,MIDBLOCK,
10806,14-270202,20141127,GREENFIELD AVE btwn TRAYNOR AVE & KINGSWAY DR,01-Non intersection,02-Thru lane,05-Drifting Snow,"06-Dusk, artificial",MIDBLOCK,
10807,15-007985,20150112,FORESTWOOD DR btwn FOREST GLEN CRES & FOREST GLEN CRES,04-At/near private drive,11-Not on roadway - right side,01-Clear,01-Daylight,MIDBLOCK,
10808,15-083299,20150421,GREENOCK DR btwn BRIARGATE DR & BRIARGATE DR,04-At/near private drive,02-Thru lane,01-Clear,01-Daylight,MIDBLOCK,
10809,15-044002,20150301,GRENVILLE AVE btwn COURTLAND AVE E & BORDEN AVE S,01-Non intersection,10-Not on roadway - left side,01-Clear,07-Dark,MIDBLOCK,
10810,14-279646,20141210,GREY FOX DR btwn QUEEN CHARLOTTE CRES & WILDERNESS DR,04-At/near private drive,11-Not on roadway - right side,01-Clear,01-Daylight,MIDBLOCK,
10811,14-280527,20141211,GRUHN ST btwn AGNES ST & GLASGOW ST,01-Non intersection,10-Not on roadway - left side,03-Snow,01-Daylight,MIDBLOCK,
10812,14-228811,20141004,KEHL ST btwn HOFFMAN ST & OTTAWA ST S,04-At/near private drive,02-Thru lane,01-Clear,"08-Dark, artificial",MIDBLOCK,
10813,15-042572,20150227,KEHL ST btwn HOFFMAN ST & OTTAWA ST S,04-At/near private drive,02-Thru lane,01-Clear,01-Daylight,MIDBLOCK,
10814,15-078389,20150415,HOLBORN DR btwn HOLBORN CRT & OLD CHICOPEE DR,04-At/near private drive,02-Thru lane,01-Clear,01-Daylight,MIDBLOCK,
10815,15-036775,20150219,FORFAR AVE btwn ROTHSAY AVE & FORFAR CRT,04-At/near private drive,09-Right shoulder,03-Snow,07-Dark,MIDBLOCK,
10816,15-036784,20150219,FORFAR AVE btwn ROTHSAY AVE & FORFAR CRT,04-At/near private drive,09-Right shoulder,03-Snow,07-Dark,MIDBLOCK,
10817,15-063782,20150322,RUTHERFORD DR btwn KINZIE AVE & CUL DE SAC,04-At/near private drive,02-Thru lane,01-Clear,07-Dark,MIDBLOCK,