OBJECTID,ACCIDENTNUM,ACCIDENTDATE,LOCATION,ACCIDENT_LOCATION,IMPACT_LOCATION,ENVIRONMENT_CONDITION,LIGHT,COLLISION_TYPE,TRAFFICCOLLISIONSID
10818,15-088732,20150428,MANCHESTER RD btwn NOTTINGHAM AVE & WEDGEWOOD DR,01-Non intersection,09-Right shoulder,01-Clear,01-Daylight,MIDBLOCK,
10819,14-239375,20141019,QUEEN CHARLOTTE CRES btwn GREY FOX DR & GREY FOX DR,04-At/near private drive,09-Right shoulder,01-Clear,"08-Dark, artificial",MIDBLOCK,
10820,15-121670,20150608,EIGHTH AVE btwn KINGSWAY DR & CONNAUGHT ST,01-Non intersection,02-Thru lane,02-Rain,07-Dark,MIDBLOCK,
10821,15-041573,20150225,BANKSIDE DR btwn BENESFORT DR & OPRINGTON DR,04-At/near private drive,02-Thru lane,01-Clear,01-Daylight,MIDBLOCK,
10822,15-103660,20150517,BANKSIDE DR btwn BANKSIDE CRES & WESTFOREST TRAIL,01-Non intersection,10-Not on roadway - left side,01-Clear,"08-Dark, artificial",MIDBLOCK,
10823,14-269878,20141127,BATTLER RD btwn STRASBURG RD & HURON RD,04-At/near private drive,02-Thru lane,01-Clear,01-Daylight,MIDBLOCK,
10824,15-037209,20150219,BETZNER AVE N btwn KING ST E & DUKE ST E,04-At/near private drive,02-Thru lane,03-Snow,01-Daylight,MIDBLOCK,
10825,15-125997,20150614,BRISBANE CRT btwn JOSHUA ST & CUL DE SAC,04-At/near private drive,02-Thru lane,02-Rain,07-Dark,MIDBLOCK,
10826,15-035040,20150215,ACTIVA AVE btwn DAVID BERGEY DR & ISAIAH DR,01-Non intersection,02-Thru lane,01-Clear,01-Daylight,MIDBLOCK,
10827,15-065339,20150329,ACTIVA AVE btwn DAVID BERGEY DR & ISAIAH DR,04-At/near private drive,11-Not on roadway - right side,01-Clear,01-Daylight,MIDBLOCK,
10828,15-007594,20150111,ACTIVA AVE btwn DAVID BERGEY DR & ISAIAH DR,04-At/near private drive,02-Thru lane,03-Snow,07-Dark,MIDBLOCK,
10829,15-049642,20150308,ACTIVA AVE btwn GREY FOX DR & BUSH CLOVER CRES,04-At/near private drive,02-Thru lane,01-Clear,07-Dark,MIDBLOCK,
10830,14-281285,20141212,BELMONT AVE E btwn QUEENS BLVD & SOUTH DR,01-Non intersection,02-Thru lane,01-Clear,01-Daylight,MIDBLOCK,
10831,15-026515,20150204,BELMONT AVE W btwn GAGE AVE & GLASGOW ST,01-Non intersection,02-Thru lane,03-Snow,"08-Dark, artificial",MIDBLOCK,
10832,14-270125,20141127,BINGEMANS CENTRE DR btwn RIVERBEND DR & SHIRLEY DR,04-At/near private drive,02-Thru lane,01-Clear,05-Dusk,MIDBLOCK,
10833,15-035485,20150217,BINGEMANS CENTRE DR btwn RIVERBEND DR & SHIRLEY DR,04-At/near private drive,02-Thru lane,01-Clear,07-Dark,MIDBLOCK,
10834,14-273683,20141201,BROCK ST btwn QUEEN ST S & WEST AVE,01-Non intersection,02-Thru lane,01-Clear,01-Daylight,MIDBLOCK,
10835,15-004080,20150106,BRYBECK CRES btwn KARN ST & WESTMOUNT RD W,01-Non intersection,11-Not on roadway - right side,03-Snow,"08-Dark, artificial",MIDBLOCK,
10836,15-036173,20150218,ACTIVA AVE btwn MAX BECKER DR & BERRY MOSS ST,01-Non intersection,09-Right shoulder,01-Clear,01-Daylight,MIDBLOCK,
10837,14-228081,20141003,BLACKWELL DR btwn MONTEAGLE CRES & TRAILVIEW DR,04-At/near private drive,02-Thru lane,01-Clear,01-Daylight,MIDBLOCK,
10838,15-032162,20150212,BRYBECK CRES btwn KARN ST & WESTMOUNT RD W,04-At/near private drive,02-Thru lane,01-Clear,01-Daylight,MIDBLOCK,
10839,15-108435,20150523,AHRENS ST W btwn WILHELM ST & BLUCHER ST,04-At/near private drive,02-Thru lane,01-Clear,01-Daylight,MIDBLOCK,
10840,15-030241,20150210,BELMONT AVE E btwn QUEENS BLVD & SOUTH DR,04-At/near private drive,02-Thru lane,01-Clear,01-Daylight,MIDBLOCK,
10841,15-089603,20150429,BELMONT AVE W btwn GLASGOW ST & BELMONT LANE E,04-At/near private drive,03-Left turn lane,01-Clear,01-Daylight,MIDBLOCK,
10842,15-084896,20150423,BELMONT AVE W btwn GAGE AVE & GLASGOW ST,01-Non intersection,02-Thru lane,01-Clear,01-Daylight,MIDBLOCK,
10843,15-029747,20150205,CANDLE CRES btwn DEER RIDGE DR & DEER RIDGE DR,01-Non intersection,09-Right shoulder,01-Clear,01-Daylight,MIDBLOCK,
10844,14-290055,20141225,CARNABY CRES btwn HOLBORN DR & CARNABY PL,04-At/near private drive,02-Thru lane,01-Clear,"08-Dark, artificial",MIDBLOCK,
10845,14-252560,20141104,CARSON DR btwn STRATHCONA CRES & LORRAINE AVE,01-Non intersection,02-Thru lane,02-Rain,07-Dark,MIDBLOCK,
10846,15-105182,20150519,ALPINE RD btwn ALPINE CRT & KINGSWOOD DR,04-At/near private drive,12-Off highway,01-Clear,"08-Dark, artificial",MIDBLOCK,
10847,15-034105,20141128,ALPINE RD btwn ALPINE CRT & KINGSWOOD DR,01-Non intersection,11-Not on roadway - right side,03-Snow,"08-Dark, artificial",MIDBLOCK,
10848,14-270432,20141128,ALPINE RD btwn ALPINE CRT & KINGSWOOD DR,01-Non intersection,02-Thru lane,03-Snow,"08-Dark, artificial",MIDBLOCK,
10849,15-058172,20150318,AMHERST DR btwn DRUMMOND DR & DURHAM ST,04-At/near private drive,02-Thru lane,01-Clear,01-Daylight,MIDBLOCK,
10850,15-001955,20150103,CARYNDALE DR btwn EVENSTONE AVE & STAUFFER DR,01-Non intersection,11-Not on roadway - right side,02-Rain,07-Dark,MIDBLOCK,
10851,15-070704,20150405,CEDAR CREST ST btwn SUGAR MAPLE ST & YELLOW BIRCH DR,99-Other,12-Off highway,01-Clear,07-Dark,MIDBLOCK,
10852,15-024300,20150202,ARDELT AVE btwn ARDELT PL & HANSON AVE,04-At/near private drive,02-Thru lane,01-Clear,01-Daylight,MIDBLOCK,
10853,15-005781,20150108,ARNOLD ST btwn CLIFTON RD & BIRCH AVE,04-At/near private drive,02-Thru lane,01-Clear,01-Daylight,MIDBLOCK,
10854,15-063790,20150327,STRASBURG RD btwn BLOCK LINE RD & OLD COUNTRY DR,04-At/near private drive,02-Thru lane,01-Clear,01-Daylight,MIDBLOCK,
10855,15-026050,20150204,STRASBURG RD btwn BLOCK LINE RD & OLD COUNTRY DR,04-At/near private drive,02-Thru lane,03-Snow,01-Daylight,MIDBLOCK,
10856,15-055732,20150316,WELLINGTON ST N btwn MARGARET AVE & ST LEGER ST,04-At/near private drive,02-Thru lane,02-Rain,05-Dusk,MIDBLOCK,
10857,15-089647,20150429,WESTHEIGHTS DR btwn DRIFTWOOD DR & WINDING WAY,01-Non intersection,02-Thru lane,01-Clear,01-Daylight,MIDBLOCK,
10858,15-107208,20150521,WESTHEIGHTS DR btwn WINDING WAY & WINDING WAY,01-Non intersection,02-Thru lane,01-Clear,01-Daylight,MIDBLOCK,
10859,15-021374,20150117,VICTORIA ST N btwn LACKNER BLVD & FORWELL RD,99-Other,12-Off highway,01-Clear,01-Daylight,MIDBLOCK,
10860,15-029324,20150208,WESTMEADOW DR btwn WINDING MEADOW CRT & SUNNY MEADOW CRT,01-Non intersection,02-Thru lane,03-Snow,"08-Dark, artificial",MIDBLOCK,
10861,15-030551,20150210,WELLINGTON ST N btwn SPRING VALLEY RD & CIRCA DR,04-At/near private drive,02-Thru lane,01-Clear,01-Daylight,MIDBLOCK,
10862,14-270819,20141127,WESTWOOD DR btwn DAYMAN CRT & GLASGOW ST,01-Non intersection,02-Thru lane,03-Snow,"08-Dark, artificial",MIDBLOCK,
10863,15-112769,20150528,WILKINS DR btwn WILLIAMSBURG RD & PINEDALE DR,04-At/near private drive,09-Right shoulder,01-Clear,07-Dark,MIDBLOCK,
10864,14-279228,20141209,WILSON AVE btwn FAIRWAY RD S & WEBSTER RD,04-At/near private drive,02-Thru lane,"07-Fog, mist, smoke, dust",07-Dark,MIDBLOCK,
10865,15-051016,20150310,WILSON AVE btwn FAIRWAY RD S & WEBSTER RD,04-At/near private drive,02-Thru lane,01-Clear,01-Daylight,MIDBLOCK,
10866,15-035762,20150217,WILSON AVE btwn BALFOUR CRES & KINGSWAY DR,04-At/near private drive,02-Thru lane,01-Clear,01-Daylight,MIDBLOCK,
10867,15-034980,20150215,FAIRWAY RD S btwn WABANAKI DR & WILSON AVE,04-At/near private drive,03-Left turn lane,01-Clear,01-Daylight,MIDBLOCK,
10868,14-243300,20141016,WESTWOOD DR btwn DAYMAN CRT & GLASGOW ST,04-At/near private drive,02-Thru lane,01-Clear,"08-Dark, artificial",MIDBLOCK,
10869,14-271508,20141128,WILSON AVE btwn FAIRWAY RD S & WEBSTER RD,04-At/near private drive,02-Thru lane,01-Clear,01-Daylight,MIDBLOCK,
10870,14-267989,20141124,WILSON AVE btwn GOODRICH DR & WABANAKI DR,04-At/near private drive,02-Thru lane,01-Clear,"08-Dark, artificial",MIDBLOCK,
10871,15-050409,20150309,WOODBINE AVE btwn POMPEII ST & BRITTANIA CRES,04-At/near private drive,02-Thru lane,01-Clear,01-Daylight,MIDBLOCK,
10872,15-116599,20150602,WILSON AVE btwn FAIRWAY RD S & WEBSTER RD,04-At/near private drive,02-Thru lane,01-Clear,01-Daylight,MIDBLOCK,
10873,14-245767,20141026,WOODWARD AVE btwn GUELPH ST & FAIRFIELD AVE,04-At/near private drive,09-Right shoulder,01-Clear,01-Daylight,MIDBLOCK,
10874,14-285539,20141217,ZELLER DR btwn JANET CRT & WILD MEADOW ST,04-At/near private drive,09-Right shoulder,03-Snow,"08-Dark, artificial",MIDBLOCK,
10875,15-112529,20150528,ZELLER DR btwn ZELLER CRES & ZELLER CRES,01-Non intersection,02-Thru lane,01-Clear,01-Daylight,MIDBLOCK,
10876,15-032653,20150213,SPRINGMOUNT DR btwn OLDFIELD DR & SPRINGMOUNT PL,01-Non intersection,02-Thru lane,01-Clear,01-Daylight,MIDBLOCK,
10877,15-068345,20150401,TRAYNOR AVE btwn BALFOUR CRES & BELWOOD CRES,04-At/near private drive,09-Right shoulder,01-Clear,07-Dark,MIDBLOCK,
10878,15-011304,20150116,TRAYNOR AVE btwn REYBURN AVE & VANIER DR,04-At/near private drive,02-Thru lane,01-Clear,01-Daylight,MIDBLOCK,
10879,15-098936,20150511,TRAYNOR AVE btwn FAIRLAWN RD & WILSON AVE,04-At/near private drive,02-Thru lane,01-Clear,01-Daylight,MIDBLOCK,
10880,14-271026,20141128,VILLAGE RD btwn STONYBROOK DR & WESTMOUNT RD E,04-At/near private drive,09-Right shoulder,03-Snow,01-Daylight,MIDBLOCK,
10881,15-040774,20150224,WABANAKI DR btwn MANITOU DR & KEVCO PL,04-At/near private drive,12-Off highway,03-Snow,07-Dark,MIDBLOCK,
10882,15-066886,20150331,WABANAKI DR btwn WILSON AVE & GOODRICH DR,01-Non intersection,10-Not on roadway - left side,01-Clear,01-Daylight,MIDBLOCK,
10883,15-021578,20150129,REIDEL DR btwn STAUFFER DR & NEW DUNDEE RD,01-Non intersection,09-Right shoulder,03-Snow,07-Dark,MIDBLOCK,
10884,15-111591,20150527,WABANAKI DR btwn WILSON AVE & GOODRICH DR,01-Non intersection,02-Thru lane,01-Clear,01-Daylight,MIDBLOCK,
10885,15-069926,20150404,WABANAKI DR btwn MANITOU DR & KEVCO PL,04-At/near private drive,02-Thru lane,01-Clear,01-Daylight,MIDBLOCK,
10886,15-047699,20150305,WAKE ROBIN CRES btwn WAKE ROBIN DR & WAKE ROBIN DR,04-At/near private drive,02-Thru lane,01-Clear,01-Daylight,MIDBLOCK,
10887,14-237466,20141016,STIRLING AVE S btwn MILL ST & RUSSEL ST,04-At/near private drive,02-Thru lane,01-Clear,01-Daylight,MIDBLOCK,
10888,14-290463,20141226,STIRLING AVE S btwn MILL ST & RUSSEL ST,01-Non intersection,02-Thru lane,01-Clear,"08-Dark, artificial",MIDBLOCK,
10889,15-092696,20150503,SUNRISE DR btwn MATTHEW ST & SMETANA DR,04-At/near private drive,02-Thru lane,01-Clear,01-Daylight,MIDBLOCK,
10890,14-280979,20141212,TRILLIUM DR btwn GROFF PL & TRILLIUM PARK PL,01-Non intersection,02-Thru lane,01-Clear,01-Daylight,MIDBLOCK,
10891,14-280740,20141211,TRILLIUM DR btwn BEASLEY DR & STECKLE PL,04-At/near private drive,02-Thru lane,01-Clear,07-Dark,MIDBLOCK,
10892,15-114094,20150530,TRILLIUM DR btwn STRASBURG RD & MCBRINE DR,01-Non intersection,02-Thru lane,02-Rain,01-Daylight,MIDBLOCK,
10893,15-166725,20150804,KING ST W btwn ONTARIO ST S & YOUNG ST,01-Non intersection,02-Thru lane,01-Clear,01-Daylight,MIDBLOCK,
10894,15-177417,20150819,KING ST W btwn QUEEN ST S & ONTARIO ST S,01-Non intersection,09-Right shoulder,01-Clear,01-Daylight,MIDBLOCK,
10895,15-008282,20150112,NINE PINES RD btwn WILLIAMSBURG RD & OTTAWA ST S,04-At/near private drive,02-Thru lane,01-Clear,05-Dusk,MIDBLOCK,
10896,15-158477,20150726,KING ST E btwn MADISON AVE S & CAMERON ST S,04-At/near private drive,02-Thru lane,01-Clear,01-Daylight,MIDBLOCK,
10897,15-185821,20150828,MILL PARK DR btwn MORNINGVIEW PL & OLD MILL RD,04-At/near private drive,02-Thru lane,01-Clear,01-Daylight,MIDBLOCK,
10898,15-212786,20151003,WILSON AVE btwn FAIRWAY RD S & WEBSTER RD,04-At/near private drive,02-Thru lane,02-Rain,01-Daylight,MIDBLOCK,
10899,15-156444,20150723,KING ST E btwn STIRLING AVE N & DANE ST,01-Non intersection,02-Thru lane,01-Clear,01-Daylight,MIDBLOCK,
10900,15-130570,20150620,OLD MILL RD btwn SYDENHAM ST & DOON VALLEY DR,01-Non intersection,11-Not on roadway - right side,01-Clear,"08-Dark, artificial",MIDBLOCK,
10901,15-138495,20150630,HAYWARD AVE btwn COURTLAND AVE E & HANSON AVE,99-Other,11-Not on roadway - right side,01-Clear,01-Daylight,MIDBLOCK,
10902,15-139907,20150701,WINDALE CRES btwn VALLEYVIEW RD & HOWE DR,04-At/near private drive,02-Thru lane,01-Clear,01-Daylight,MIDBLOCK,
10903,15-186371,20150901,GATEWAY PARK DR btwn SPORTSWORLD DR & TU LANE ST,04-At/near private drive,02-Thru lane,01-Clear,01-Daylight,MIDBLOCK,
10904,15-187801,20150902,PIONEER TOWER RD btwn BAXTER PL & MARQUETTE DR,01-Non intersection,02-Thru lane,01-Clear,01-Daylight,MIDBLOCK,
10905,15-209092,20150929,STRASBURG RD btwn OLD COUNTRY DR & BLEAMS RD,04-At/near private drive,02-Thru lane,01-Clear,01-Daylight,MIDBLOCK,
10906,15-209195,20150929,RIVERBEND DR btwn GUELPH ST & BRIDGEPORT RD,04-At/near private drive,10-Not on roadway - left side,02-Rain,01-Daylight,MIDBLOCK,
10907,15-140213,20150702,RIVER RD E btwn ROSEMOUNT DR & ISLINGTON AVE,04-At/near private drive,12-Off highway,01-Clear,01-Daylight,MIDBLOCK,
10908,15-172761,20150814,RIVER RD E btwn HICKSON DR & OTTAWA ST N,01-Non intersection,02-Thru lane,01-Clear,01-Daylight,MIDBLOCK,
10909,15-187893,20150902,SPRUCEDALE CRES btwn CLAYCROFT CRES & BLACKWELL DR,01-Non intersection,09-Right shoulder,01-Clear,01-Daylight,MIDBLOCK,
10910,15-190317,20150906,GRAY ST btwn EBYDALE DR & CASEY DR,04-At/near private drive,09-Right shoulder,01-Clear,07-Dark,MIDBLOCK,
10911,15-209604,20150929,PIONEER DR btwn UPPER CANADA DR & DOON VILLAGE RD,04-At/near private drive,02-Thru lane,02-Rain,01-Daylight,MIDBLOCK,
10912,15-146389,20150710,ONTARIO ST S btwn CHARLES ST W & JOSEPH ST,01-Non intersection,11-Not on roadway - right side,01-Clear,01-Daylight,MIDBLOCK,
10913,15-146414,20150710,FAIRWAY RD N btwn LACKNER BLVD & PEBBLECREEK DR,01-Non intersection,02-Thru lane,01-Clear,01-Daylight,MIDBLOCK,
10914,15-146445,20150710,FAIRWAY RD N btwn LACKNER BLVD & PEBBLECREEK DR,01-Non intersection,02-Thru lane,01-Clear,01-Daylight,MIDBLOCK,
10915,15-191698,20150907,HIGHBROOK ST btwn BLOCK LINE RD & HIGHBROOK CRT,04-At/near private drive,02-Thru lane,01-Clear,07-Dark,MIDBLOCK,
10916,15-191857,20150908,MILL ST btwn STIRLING AVE S & HEIMAN ST,04-At/near private drive,09-Right shoulder,01-Clear,01-Daylight,MIDBLOCK,
10917,15-191982,20150908,STIRLING AVE S btwn LORNE CRES & LORNE AVE,04-At/near private drive,02-Thru lane,01-Clear,01-Daylight,MIDBLOCK,
10918,15-193013,20150909,CECILE DR btwn QUEENS BLVD & OVERLEA DR,01-Non intersection,11-Not on roadway - right side,01-Clear,01-Daylight,MIDBLOCK,
10919,15-212120,20151003,CEDAR ST S btwn CEDAR ST N & CHARLES ST E,04-At/near private drive,02-Thru lane,01-Clear,01-Daylight,MIDBLOCK,
10920,15-212352,20151003,BINGEMANS CENTRE DR btwn RIVERBEND DR & SHIRLEY DR,99-Other,12-Off highway,02-Rain,01-Daylight,MIDBLOCK,
10921,15-212451,20151003,RIEHM ST btwn HARDING ST & HARDING ST,04-At/near private drive,02-Thru lane,02-Rain,01-Daylight,MIDBLOCK,
10922,15-150586,20150716,WEST AVE btwn HOMEWOOD AVE & STRANGE ST,01-Non intersection,12-Off highway,01-Clear,07-Dark,MIDBLOCK,
10923,15-151538,20150717,BRECKENRIDGE DR btwn GIBSON DR & OTTAWA ST N,01-Non intersection,02-Thru lane,02-Rain,01-Daylight,MIDBLOCK,
10924,15-194563,20150911,WESTWOOD DR btwn WESTMOUNT RD W & INWOOD DR,04-At/near private drive,02-Thru lane,01-Clear,01-Daylight,MIDBLOCK,
10925,15-195254,20150912,PLAINS RD btwn FISCHER HALLMAN RD & TRUSSLER RD,04-At/near private drive,12-Off highway,01-Clear,01-Daylight,MIDBLOCK,
10926,15-196216,20150912,BLUCHER BLVD btwn EDWIN ST & ST VINCENT ST,04-At/near private drive,02-Thru lane,01-Clear,01-Daylight,MIDBLOCK,
10927,15-214369,20151005,BELMONT AVE W btwn KARN ST & GAGE AVE,04-At/near private drive,02-Thru lane,01-Clear,01-Daylight,MIDBLOCK,
10928,15-215023,20151007,WILDERNESS DR btwn PINE MARTIN CRES & PINE MARTIN CRES,99-Other,12-Off highway,01-Clear,01-Daylight,MIDBLOCK,
10929,15-153846,20150719,SCHNEIDER AVE btwn DAVID ST & END,01-Non intersection,02-Thru lane,02-Rain,05-Dusk,MIDBLOCK,
10930,15-159299,20150725,FREDERICK ST btwn LOIS ST & RIVER RD E,04-At/near private drive,02-Thru lane,01-Clear,01-Daylight,MIDBLOCK,
10931,15-196696,20150914,LANG CRES btwn LANCASTER ST W & HORIZON CRT,01-Non intersection,02-Thru lane,01-Clear,01-Daylight,MIDBLOCK,
10932,15-196726,20150914,HILLBROOK CRES btwn ELM RIDGE DR & ELM RIDGE DR,04-At/near private drive,02-Thru lane,01-Clear,01-Daylight,MIDBLOCK,
10933,15-216155,20151008,CHURCH ST btwn CEDAR ST S & MADISON AVE S,01-Non intersection,02-Thru lane,01-Clear,01-Daylight,MIDBLOCK,
10934,15-165275,20150804,QUEENS BLVD btwn FISCHER HALLMAN RD & ELM RIDGE DR,04-At/near private drive,02-Thru lane,01-Clear,01-Daylight,MIDBLOCK,
10935,15-198806,20150912,ELKINGTON DR btwn ROSEMOUNT DR & MANCHESTER RD,04-At/near private drive,02-Thru lane,01-Clear,"08-Dark, artificial",MIDBLOCK,
10936,15-216527,20151009,ALPINE RD btwn ALPINE CRT & KINGSWOOD DR,01-Non intersection,11-Not on roadway - right side,02-Rain,"08-Dark, artificial",MIDBLOCK,
10937,15-217721,20151010,STRANGE ST btwn WAVERLY RD & DOMINION ST,01-Non intersection,02-Thru lane,01-Clear,07-Dark,MIDBLOCK,
10938,15-219425,20151012,CHAPEL ST btwn LANCASTER ST E & SAMUEL ST,04-At/near private drive,09-Right shoulder,01-Clear,01-Daylight,MIDBLOCK,
10939,15-219512,20151012,EASTFOREST TRAIL btwn WILDLARK CRES & VICTORIA ST S,01-Non intersection,02-Thru lane,01-Clear,07-Dark,MIDBLOCK,
10940,15-169232,20150809,BRIDGEPORT RD btwn LANCASTER ST W & RIVERBEND DR,01-Non intersection,09-Right shoulder,01-Clear,01-Daylight,MIDBLOCK,
10941,15-169829,20150810,FAIRWAY RD S btwn WILSON AVE & MANITOU DR,04-At/near private drive,04-Right turn lane,02-Rain,01-Daylight,MIDBLOCK,
10942,15-200033,20150918,STOKE DR btwn LENNOX CRES & FISCHER HALLMAN RD,01-Non intersection,02-Thru lane,01-Clear,01-Daylight,MIDBLOCK,
10943,15-170550,20150811,HIGHLAND RD E btwn RUBY ST & SPADINA RD E,04-At/near private drive,03-Left turn lane,01-Clear,01-Daylight,MIDBLOCK,
10944,15-170702,20150811,REYBURN AVE btwn WOODHAVEN RD & TRAYNOR AVE,04-At/near private drive,02-Thru lane,01-Clear,01-Daylight,MIDBLOCK,
10945,15-176482,20150819,GREENFIELD AVE btwn TRAYNOR AVE & KINGSWAY DR,01-Non intersection,02-Thru lane,01-Clear,01-Daylight,MIDBLOCK,
10946,15-202414,20150921,KEHL ST btwn HOFFMAN ST & OTTAWA ST S,01-Non intersection,09-Right shoulder,01-Clear,"08-Dark, artificial",MIDBLOCK,
10947,15-203200,20150919,OBERMEYER DR btwn FERGUS AVE & KINZIE AVE,99-Other,12-Off highway,01-Clear,01-Daylight,MIDBLOCK,
10948,15-203224,20150916,KING ST E btwn EBY ST S & CEDAR ST S,01-Non intersection,09-Right shoulder,01-Clear,01-Daylight,MIDBLOCK,
10949,15-204307,20150923,GLASGOW ST btwn PARK ST & YORK ST,04-At/near private drive,02-Thru lane,01-Clear,01-Daylight,MIDBLOCK,
10950,15-228600,20151024,WABANAKI DR btwn MANITOU DR & KEVCO PL,01-Non intersection,02-Thru lane,02-Rain,07-Dark,MIDBLOCK,
10951,15-226242,20151021,VANCAMP AVE btwn SPADINA RD W & HIGHLAND RD W,04-At/near private drive,02-Thru lane,02-Rain,01-Daylight,MIDBLOCK,
10952,15-180019,20150824,TRAYNOR AVE btwn WILSON AVE & BELWOOD CRES,01-Non intersection,12-Off highway,02-Rain,"08-Dark, artificial",MIDBLOCK,
10953,15-204389,20150923,DODGE DR btwn GROH DR & NEW DUNDEE RD,01-Non intersection,09-Right shoulder,01-Clear,07-Dark,MIDBLOCK,
10954,15-204676,20150924,THOMAS SLEE DR btwn DOON SOUTH DR & SOUTHRIDGE DR,04-At/near private drive,09-Right shoulder,01-Clear,01-Daylight,MIDBLOCK,
10955,15-204736,20150923,PINE MARTIN CRES btwn WILDERNESS DR & WILDERNESS DR,04-At/near private drive,02-Thru lane,01-Clear,05-Dusk,MIDBLOCK,
10956,15-181137,20150825,BELMONT AVE W btwn GAGE AVE & GLASGOW ST,01-Non intersection,02-Thru lane,01-Clear,01-Daylight,MIDBLOCK,
10957,15-183976,20150828,CHURCH ST btwn PETER ST & EBY ST S,01-Non intersection,11-Not on roadway - right side,01-Clear,07-Dark,MIDBLOCK,
10958,15-184204,20150828,SHADELAND CRES btwn HAZELGLEN DR & HAZELGLEN DR,04-At/near private drive,02-Thru lane,01-Clear,07-Dark,MIDBLOCK,
10959,15-211369,20151001,FOURTH AVE btwn KINGSWAY DR & CONNAUGHT ST,04-At/near private drive,02-Thru lane,01-Clear,"08-Dark, artificial",MIDBLOCK,
10960,15-205623,20150924,QUEEN ST N btwn DUKE ST W & WEBER ST W,04-At/near private drive,09-Right shoulder,01-Clear,01-Daylight,MIDBLOCK,
10961,15-206046,20150925,WILSON AVE btwn BALFOUR CRES & KINGSWAY DR,04-At/near private drive,02-Thru lane,01-Clear,"08-Dark, artificial",MIDBLOCK,
10962,15-208587,20150928,KING ST E btwn ONWARD AVE & OTTAWA ST S,04-At/near private drive,02-Thru lane,01-Clear,01-Daylight,MIDBLOCK,
10963,15-252629,20151124,KING ST E btwn ONWARD AVE & OTTAWA ST S,04-At/near private drive,03-Left turn lane,01-Clear,"08-Dark, artificial",MIDBLOCK,
10964,15-272151,20151221,OLD COUNTRY DR btwn CENTURY HILL DR & STRASBURG RD,01-Non intersection,02-Thru lane,02-Rain,05-Dusk,MIDBLOCK,
10965,15-254813,20151127,TRILLIUM DR btwn MCBRINE DR & WASHBURN DR,01-Non intersection,02-Thru lane,02-Rain,01-Daylight,MIDBLOCK,
10966,15-260275,20151204,TRILLIUM DR btwn MCBRINE DR & WASHBURN DR,01-Non intersection,11-Not on roadway - right side,01-Clear,07-Dark,MIDBLOCK,
10967,15-271503,20151218,CONNAUGHT ST btwn FIFTH AVE & SIXTH AVE,04-At/near private drive,09-Right shoulder,01-Clear,07-Dark,MIDBLOCK,
10968,15-274528,20151224,STOKE DR btwn LENNOX CRES & MEDFORD ST,99-Other,12-Off highway,01-Clear,07-Dark,MIDBLOCK,
10969,16-000393,20160101,FOREST GLEN CRES btwn FORESTWOOD DR & FOREST GLEN CRT,01-Non intersection,09-Right shoulder,03-Snow,01-Daylight,MIDBLOCK,
10970,15-270689,20151218,GREENBROOK DR btwn BIRCHCLIFF AVE & RUSKVIEW RD,01-Non intersection,02-Thru lane,03-Snow,"08-Dark, artificial",MIDBLOCK,
10971,15-268041,20151215,EBY ST S btwn CHARLES ST E & CHURCH ST,01-Non intersection,02-Thru lane,01-Clear,01-Daylight,MIDBLOCK,
10972,15-256688,20151130,HALLS LANE E btwn BENTON ST & EBY ST S,01-Non intersection,02-Thru lane,01-Clear,01-Daylight,MIDBLOCK,
10973,15-124540,20150612,RUSSEL ST btwn SPADINA RD E & WOODLAND AVE,04-At/near private drive,02-Thru lane,01-Clear,01-Daylight,MIDBLOCK,
10974,15-233770,20151030,QUEEN ST S btwn ST GEORGE ST & COURTLAND AVE E,04-At/near private drive,11-Not on roadway - right side,01-Clear,01-Daylight,MIDBLOCK,
10975,15-220630,20151014,QUEEN ST N btwn WEBER ST W & ROY ST,01-Non intersection,02-Thru lane,01-Clear,01-Daylight,MIDBLOCK,
10976,15-221525,20151015,SPETZ ST btwn FREDERICK ST & SCOTT ST,04-At/near private drive,11-Not on roadway - right side,01-Clear,01-Daylight,MIDBLOCK,
10977,15-253048,20151125,PARK ST btwn STEWART ST & AGNES ST,05-At railway crossing,02-Thru lane,01-Clear,01-Daylight,MIDBLOCK,
10978,15-256389,20151130,PARK ST btwn VICTORIA ST S & CHERRY ST,06-Underpass or tunnel,02-Thru lane,01-Clear,03-Dawn,MIDBLOCK,
10979,15-202459,20150921,CLAREMONT AVE btwn DUNBAR RD & CLAREMONT BLVD,04-At/near private drive,02-Thru lane,01-Clear,01-Daylight,MIDBLOCK,
10980,15-246246,20151116,FRANCIS ST S btwn CHARLES ST W & JOSEPH ST,01-Non intersection,10-Not on roadway - left side,01-Clear,01-Daylight,MIDBLOCK,
10981,15-258348,20151202,WALTER ST btwn WELLINGTON ST S & AGNES ST,01-Non intersection,02-Thru lane,01-Clear,01-Daylight,MIDBLOCK,
10982,15-254712,20151126,FOURTH AVE btwn KINGSWAY DR & CONNAUGHT ST,04-At/near private drive,02-Thru lane,01-Clear,"08-Dark, artificial",MIDBLOCK,
10983,15-268194,20151215,HERITAGE DR btwn HALIFAX DR & KEEWATIN AVE,04-At/near private drive,02-Thru lane,01-Clear,03-Dawn,MIDBLOCK,
10984,15-221691,20151015,ROTHSAY AVE btwn FORFAR AVE & NATCHEZ RD,01-Non intersection,02-Thru lane,01-Clear,01-Daylight,MIDBLOCK,
10985,15-113879,20150529,CARSON DR btwn NATCHEZ RD & LICHTY CRES,01-Non intersection,11-Not on roadway - right side,01-Clear,01-Daylight,MIDBLOCK,
10986,15-257279,20151130,DAVID BERGEY DR btwn PEACH BLOSSOM CRES & OTTAWA ST S,01-Non intersection,02-Thru lane,01-Clear,07-Dark,MIDBLOCK,
10987,16-000330,20160101,COPPER LEAF CRES btwn MAX BECKER DR & MAX BECKER DR,04-At/near private drive,02-Thru lane,01-Clear,"08-Dark, artificial",MIDBLOCK,
10988,15-275571,20151226,PERIWINKLE ST btwn ACTIVA AVE & SWEET WILLIAM ST,01-Non intersection,02-Thru lane,01-Clear,07-Dark,MIDBLOCK,
10989,15-230674,20151027,WILSON AVE btwn KINGSWAY DR & FAIRWAY RD S,04-At/near private drive,04-Right turn lane,01-Clear,01-Daylight,MIDBLOCK,
10990,15-209878,20150930,WILSON AVE btwn GOODRICH DR & WABANAKI DR,04-At/near private drive,02-Thru lane,01-Clear,01-Daylight,MIDBLOCK,
10991,15-194636,20150911,WILSON AVE btwn FAIRWAY RD S & WEBSTER RD,04-At/near private drive,02-Thru lane,01-Clear,01-Daylight,MIDBLOCK,