OBJECTID,ACCIDENTNUM,ACCIDENTDATE,LOCATION,ACCIDENT_LOCATION,IMPACT_LOCATION,ENVIRONMENT_CONDITION,LIGHT,COLLISION_TYPE,TRAFFICCOLLISIONSID
11339,16-092660,20160502,BRYBECK CRES btwn KARN ST & WESTMOUNT RD W,04-At/near private drive,02-Thru lane,01-Clear,01-Daylight,MIDBLOCK,
11340,16-086063,20160423,KINGSWAY DR btwn EIGHTH AVE & NINTH AVE,01-Non intersection,02-Thru lane,01-Clear,01-Daylight,MIDBLOCK,
11341,16-108280,20160522,GAY CRES btwn CONWAY DR & CONWAY DR,04-At/near private drive,09-Right shoulder,01-Clear,01-Daylight,MIDBLOCK,
11342,16-088925,20160427,DAVID BERGEY DR btwn PEACH BLOSSOM CRES & OTTAWA ST S,01-Non intersection,02-Thru lane,01-Clear,01-Daylight,MIDBLOCK,
11343,16-106252,20160519,LENNOX LEWIS WAY btwn BLOCK LINE RD & ARDELT AVE,04-At/near private drive,09-Right shoulder,01-Clear,01-Daylight,MIDBLOCK,
11344,16-096643,20160506,HAYWARD AVE btwn COURTLAND AVE E & HANSON AVE,99-Other,12-Off highway,01-Clear,07-Dark,MIDBLOCK,
11345,16-107859,20160521,ROBERTS CRES btwn KINGSWOOD DR & KINGSWOOD DR,99-Other,12-Off highway,01-Clear,01-Daylight,MIDBLOCK,
11346,16-101992,20160514,MAURICE ST btwn OTTAWA ST S & SYDNEY ST S,01-Non intersection,02-Thru lane,01-Clear,01-Daylight,MIDBLOCK,
11347,16-124427,20160610,WELLINGTON ST N btwn ST LEGER ST & MAJOR ST,01-Non intersection,09-Right shoulder,01-Clear,01-Daylight,MIDBLOCK,
11348,16-099609,20160511,STIRLING AVE N btwn KING ST E & WEBER ST E,01-Non intersection,02-Thru lane,01-Clear,01-Daylight,MIDBLOCK,
11349,16-118702,20160603,BINGEMANS CENTRE DR btwn RIVERBEND DR & SHIRLEY DR,04-At/near private drive,02-Thru lane,01-Clear,01-Daylight,MIDBLOCK,
11350,16-077446,20160320,CAMERON ST N btwn WEBER ST E & ROSE ST,01-Non intersection,02-Thru lane,01-Clear,01-Daylight,MIDBLOCK,
11351,16-112305,20160526,SOUTHDALE AVE btwn KEHL ST & HOFFMAN ST,04-At/near private drive,09-Right shoulder,01-Clear,01-Daylight,MIDBLOCK,
11352,16-068058,20160329,DUKE ST W btwn VICTORIA ST N & BREITHAUPT ST,05-At railway crossing,02-Thru lane,01-Clear,01-Daylight,MIDBLOCK,
11353,16-102703,20160514,SETTLERS DR btwn SETTLERS CRT & THE COUNTRY WAY,04-At/near private drive,02-Thru lane,01-Clear,01-Daylight,MIDBLOCK,
11354,16-112664,20160527,BRECKENRIDGE DR btwn GIBSON DR & OTTAWA ST N,99-Other,12-Off highway,01-Clear,03-Dawn,MIDBLOCK,
11355,16-112728,20160527,BELMONT AVE W btwn MARLBOROUGH AVE & HIGHLAND RD W,04-At/near private drive,02-Thru lane,01-Clear,01-Daylight,MIDBLOCK,
11356,16-113362,20160526,DEER RIDGE DR btwn TERRACE WOOD CRES & SPRING MIST DR,04-At/near private drive,09-Right shoulder,01-Clear,01-Daylight,MIDBLOCK,
11357,16-099135,20160510,STRASBURG RD btwn BLOCK LINE RD & OLD COUNTRY DR,04-At/near private drive,02-Thru lane,01-Clear,07-Dark,MIDBLOCK,
11358,16-120894,20160604,FORFAR AVE btwn FORFAR CRT & ROTHSAY AVE,04-At/near private drive,02-Thru lane,01-Clear,01-Daylight,MIDBLOCK,
11359,16-110990,20160525,GLASGOW ST btwn BELMONT AVE W & EARL ST,01-Non intersection,02-Thru lane,01-Clear,01-Daylight,MIDBLOCK,
11360,16-116820,20160601,STRASBURG RD btwn BLOCK LINE RD & OLD COUNTRY DR,04-At/near private drive,02-Thru lane,01-Clear,01-Daylight,MIDBLOCK,
11361,16-097233,20160508,OWEN AVE btwn INLET AVE & HALLIWELL DR,04-At/near private drive,02-Thru lane,01-Clear,01-Daylight,MIDBLOCK,
11362,16-126269,20160601,BROADVIEW AVE btwn BROADVIEW CRT & SHUH AVE,04-At/near private drive,02-Thru lane,01-Clear,01-Daylight,MIDBLOCK,
11363,16-122109,20160607,OLD ZELLER DR btwn EDEN OAK TRL & VALEBROOK ST,04-At/near private drive,02-Thru lane,01-Clear,01-Daylight,MIDBLOCK,
11364,16-212946,20160926,TILT DR btwn DOON VILLAGE RD & DOON MILLS DR,01-Non intersection,10-Not on roadway - left side,02-Rain,01-Daylight,MIDBLOCK,
11365,16-223875,20161009,HURON RD btwn STRASBURG RD & NEWCASTLE DR,01-Non intersection,02-Thru lane,01-Clear,07-Dark,MIDBLOCK,
11366,16-207949,20160920,FALLOWFIELD DR btwn BRITTON PL & JOSHUA ST,04-At/near private drive,02-Thru lane,01-Clear,01-Daylight,MIDBLOCK,
11367,16-218373,20161003,GREENBROOK DR btwn BIRCHCLIFF AVE & RUSKVIEW RD,01-Non intersection,11-Not on roadway - right side,01-Clear,01-Daylight,MIDBLOCK,
11368,16-183463,20160821,HOWE DR btwn CUL DE SAC & WINDALE CRES,01-Non intersection,09-Right shoulder,01-Clear,01-Daylight,MIDBLOCK,
11369,16-177342,20160814,DELAWARE AVE btwn HIGHLAND RD E & LORNE CRES,01-Non intersection,02-Thru lane,01-Clear,01-Daylight,MIDBLOCK,
11370,16-198763,20160909,WELLINGTON ST N btwn SPRING VALLEY RD & CIRCA DR,04-At/near private drive,02-Thru lane,01-Clear,01-Daylight,MIDBLOCK,
11371,16-229810,20161015,KATHERINE CRES btwn DUNBAR RD & BRANDON AVE,01-Non intersection,02-Thru lane,01-Clear,"08-Dark, artificial",MIDBLOCK,
11372,16-206701,20160919,TRILLIUM DR btwn MCBRINE DR & WASHBURN DR,01-Non intersection,10-Not on roadway - left side,01-Clear,03-Dawn,MIDBLOCK,
11373,16-189307,20160829,LORRAINE AVE btwn CONFEDERATION DR & HERITAGE DR,04-At/near private drive,02-Thru lane,01-Clear,01-Daylight,MIDBLOCK,
11374,16-234058,20161022,PATRICIA AVE btwn SPADINA RD W & HIGHLAND RD W,01-Non intersection,02-Thru lane,01-Clear,07-Dark,MIDBLOCK,
11375,16-231341,20161019,BREITHAUPT ST btwn MOORE AVE & WATERLOO ST,04-At/near private drive,02-Thru lane,01-Clear,01-Daylight,MIDBLOCK,
11376,16-235284,20161024,HEARTHBRIDGE ST btwn HEARTHWOOD CRES & END,04-At/near private drive,02-Thru lane,01-Clear,01-Daylight,MIDBLOCK,
11377,16-235735,20161023,COUNTRY CLAIR ST btwn PEBBLECREEK DR & COUNTRY CLAIR PL,01-Non intersection,02-Thru lane,01-Clear,"08-Dark, artificial",MIDBLOCK,
11378,16-232690,20161021,MOORE AVE btwn LOUISA ST & SHANLEY ST,01-Non intersection,02-Thru lane,02-Rain,03-Dawn,MIDBLOCK,
11379,16-218369,20161001,STRASBURG RD btwn BLOCK LINE RD & OLD COUNTRY DR,04-At/near private drive,02-Thru lane,01-Clear,07-Dark,MIDBLOCK,
11380,16-211370,20160924,STRASBURG RD btwn BLOCK LINE RD & OLD COUNTRY DR,04-At/near private drive,02-Thru lane,01-Clear,01-Daylight,MIDBLOCK,
11381,16-177572,20160814,RIVER RD E btwn OTTAWA ST N & HOLBORN DR,04-At/near private drive,02-Thru lane,01-Clear,01-Daylight,MIDBLOCK,
11382,16-141447,20160630,RIVER RD E btwn OTTAWA ST N & HOLBORN DR,04-At/near private drive,02-Thru lane,01-Clear,01-Daylight,MIDBLOCK,
11383,16-227512,20161014,RIVER RD E btwn HICKSON DR & OTTAWA ST N,01-Non intersection,02-Thru lane,01-Clear,01-Daylight,MIDBLOCK,
11384,16-222867,20161008,RESURRECTION DR btwn BEECHMANOR CRES & GLASGOW ST,01-Non intersection,09-Right shoulder,01-Clear,01-Daylight,MIDBLOCK,
11385,16-230113,20161017,GOLDEN MEADOW CRES btwn GOLDEN MEADOW DR & GOLDEN MEADOW DR,04-At/near private drive,02-Thru lane,01-Clear,01-Daylight,MIDBLOCK,
11386,16-222113,20161007,CLUTHE CRES btwn MILLWOOD CRES & MILLWOOD CRES,04-At/near private drive,12-Off highway,01-Clear,01-Daylight,MIDBLOCK,
11387,16-211798,20160924,PIONEER DR btwn GREEN VALLEY DR & HOMER WATSON BLVD,04-At/near private drive,02-Thru lane,01-Clear,"08-Dark, artificial",MIDBLOCK,
11388,16-191489,20160901,WILSON AVE btwn GOODRICH DR & WABANAKI DR,01-Non intersection,12-Off highway,01-Clear,07-Dark,MIDBLOCK,
11389,16-230073,20161015,COLTON CIR btwn COLTON CIR & AMELIA ST,01-Non intersection,02-Thru lane,01-Clear,07-Dark,MIDBLOCK,
11390,16-167493,20160802,ZELLER DR btwn ZELLER CRES & ZELLER CRES,04-At/near private drive,12-Off highway,99-Other,99-Other,MIDBLOCK,
11391,16-095832,20160506,KING ST E btwn DANE ST & BORDEN AVE N,04-At/near private drive,02-Thru lane,01-Clear,01-Daylight,MIDBLOCK,
11392,16-141269,20160630,KING ST E btwn CRESSMAN AVE & TU LANE ST,04-At/near private drive,02-Thru lane,01-Clear,01-Daylight,MIDBLOCK,
11393,16-226890,20161013,PAULANDER DR btwn LAWRENCE AVE & VICTORIA ST S,01-Non intersection,02-Thru lane,01-Clear,"08-Dark, artificial",MIDBLOCK,
11394,16-230098,20161017,MCGEE AVE btwn INDIAN RD & OTTAWA ST N,01-Non intersection,02-Thru lane,02-Rain,01-Daylight,MIDBLOCK,
11395,16-225100,20161011,BECHTEL DR btwn WHEATFIELD CRES & PIONEER DR,04-At/near private drive,02-Thru lane,01-Clear,01-Daylight,MIDBLOCK,
11396,16-231711,20161019,PINE ST btwn KING ST W & MARY ST,01-Non intersection,02-Thru lane,01-Clear,01-Daylight,MIDBLOCK,
11397,16-214311,20160928,LOUISA ST btwn WATERLOO ST & DUKE ST W,04-At/near private drive,09-Right shoulder,01-Clear,01-Daylight,MIDBLOCK,
11398,16-221399,20161006,GLASGOW ST btwn BELMONT AVE W & EARL ST,04-At/near private drive,02-Thru lane,01-Clear,"08-Dark, artificial",MIDBLOCK,
11399,16-214998,20160929,GLASGOW ST btwn BELMONT AVE W & EARL ST,01-Non intersection,02-Thru lane,02-Rain,01-Daylight,MIDBLOCK,
11400,16-234483,20161023,WINDFLOWER DR btwn FOXGLOVE CRES & WAKE ROBIN DR,04-At/near private drive,02-Thru lane,01-Clear,01-Daylight,MIDBLOCK,
11401,16-220347,20161005,MOUNTAIN LAUREL CRES btwn BLUE LACE CRES & BLUE LACE CRES,01-Non intersection,02-Thru lane,01-Clear,01-Daylight,MIDBLOCK,
11402,16-217777,20161002,COPPER LEAF CRES btwn MAX BECKER DR & MAX BECKER DR,01-Non intersection,12-Off highway,01-Clear,01-Daylight,MIDBLOCK,
11403,16-150436,20160711,PERIWINKLE ST btwn ACTIVA AVE & SWEET WILLIAM ST,04-At/near private drive,02-Thru lane,01-Clear,01-Daylight,MIDBLOCK,
11404,16-219640,20161004,STRASBURG RD btwn BLOCK LINE RD & OLD COUNTRY DR,04-At/near private drive,02-Thru lane,01-Clear,07-Dark,MIDBLOCK,
11405,16-215040,20160928,COUNTRYSTONE DR btwn COUNTRYSIDE CRES & IRON GATE ST,04-At/near private drive,02-Thru lane,01-Clear,01-Daylight,MIDBLOCK,
11406,16-185550,20160824,HOMER WATSON BLVD btwn HOFFMAN ST & C_PKY STR OFFRAMP,01-Non intersection,02-Thru lane,01-Clear,01-Daylight,MIDBLOCK,
11407,16-240358,20161031,BRUCE ST btwn ROSEMOUNT DR & FIFE AVE,01-Non intersection,02-Thru lane,01-Clear,03-Dawn,MIDBLOCK,
11408,16-179059,20160816,KING ST W btwn QUEEN ST S & ONTARIO ST S,01-Non intersection,02-Thru lane,01-Clear,01-Daylight,MIDBLOCK,
11409,16-161058,20160725,BRUBACHER ST btwn LANCASTER ST E & SAMUEL ST,01-Non intersection,02-Thru lane,01-Clear,01-Daylight,MIDBLOCK,
11410,16-241420,20161101,BANKSIDE DR btwn BANKSIDE CRES & WESTFOREST TRAIL,01-Non intersection,09-Right shoulder,01-Clear,01-Daylight,MIDBLOCK,
11411,16-244051,20161104,PERTH RD btwn PLEASANT AVE & BURNSIDE AVE,04-At/near private drive,02-Thru lane,01-Clear,05-Dusk,MIDBLOCK,
11412,16-173628,20160809,CEDAR ST S btwn CHURCH ST & ST GEORGE ST,04-At/near private drive,02-Thru lane,01-Clear,07-Dark,MIDBLOCK,
11413,16-179012,20160816,QUEEN ST N btwn ELLEN ST W & ST LEGER ST,04-At/near private drive,12-Off highway,01-Clear,01-Daylight,MIDBLOCK,
11414,16-170875,20160806,PIONEER DR btwn UPPER CANADA DR & DOON VILLAGE RD,04-At/near private drive,02-Thru lane,01-Clear,01-Daylight,MIDBLOCK,
11415,16-046680,20160304,HANSON AVE btwn ARDELT AVE & HAYWARD AVE,01-Non intersection,08-Left shoulder,01-Clear,"08-Dark, artificial",MIDBLOCK,
11416,16-093363,20160502,BELMONT AVE W btwn HIGHLAND RD W & BURN PL,01-Non intersection,04-Right turn lane,01-Clear,01-Daylight,MIDBLOCK,
11417,16-061040,20160322,BELMONT AVE W btwn CLAREMONT AVE & ARGYLE ST,01-Non intersection,09-Right shoulder,01-Clear,01-Daylight,MIDBLOCK,
11418,16-103536,20160511,MCKENZIE AVE btwn OTTAWA ST N & RANDERSON AVE,04-At/near private drive,09-Right shoulder,01-Clear,01-Daylight,MIDBLOCK,
11419,16-098234,20160509,QUEENS BLVD btwn BELMONT AVE E & BLUERIDGE AVE,04-At/near private drive,02-Thru lane,01-Clear,01-Daylight,MIDBLOCK,
11420,16-091058,20160429,MARGARET AVE btwn QUEEN ST N & MAYNARD AVE,01-Non intersection,02-Thru lane,01-Clear,05-Dusk,MIDBLOCK,
11421,16-060976,20160322,PETER ST btwn ST GEORGE ST & COURTLAND AVE E,01-Non intersection,02-Thru lane,01-Clear,01-Daylight,MIDBLOCK,
11422,16-060199,20160321,WILSON AVE btwn WEBSTER RD & GOODRICH DR,04-At/near private drive,12-Off highway,01-Clear,01-Daylight,MIDBLOCK,
11423,16-051581,20160310,JACK AVE btwn PATRICIA AVE & BELMONT AVE W,04-At/near private drive,09-Right shoulder,02-Rain,01-Daylight,MIDBLOCK,
11424,16-095585,20160506,COUNTRYSIDE CRES btwn KESSELRING DR & KESSELRING DR,04-At/near private drive,09-Right shoulder,01-Clear,01-Daylight,MIDBLOCK,
11425,16-073038,20160407,STRASBURG RD btwn BATTLER RD & HURON RD,04-At/near private drive,02-Thru lane,02-Rain,01-Daylight,MIDBLOCK,
11426,15-248133,20151118,MAPLE AVE btwn GUELPH ST & ARNOLD ST,04-At/near private drive,02-Thru lane,01-Clear,07-Dark,MIDBLOCK,
11427,15-278126,20151231,GREENFIELD AVE btwn TRAYNOR AVE & KINGSWAY DR,04-At/near private drive,02-Thru lane,01-Clear,01-Daylight,MIDBLOCK,
11428,16-081324,20160417,COMMONWEALTH ST btwn COMMONWEALTH CRES & COMMONWEALTH CRES,01-Non intersection,11-Not on roadway - right side,01-Clear,"08-Dark, artificial",MIDBLOCK,
11429,16-093656,20160503,ADELAIDE ST btwn PATRICIA AVE & BELMONT AVE W,01-Non intersection,02-Thru lane,01-Clear,"08-Dark, artificial",MIDBLOCK,
11430,16-097129,20160508,PINNACLE DR btwn CONESTOGA COLLEGE BLVD & PINE HILL PL,01-Non intersection,11-Not on roadway - right side,01-Clear,01-Daylight,MIDBLOCK,
11431,16-076668,20160412,BINGEMANS CENTRE DR btwn RIVERBEND DR & SHIRLEY DR,01-Non intersection,11-Not on roadway - right side,01-Clear,01-Daylight,MIDBLOCK,
11432,16-091002,20160430,DOON VILLAGE RD btwn HARVEST CRT & BECHTEL DR,01-Non intersection,02-Thru lane,01-Clear,01-Daylight,MIDBLOCK,
11433,16-103307,20160516,KINGSWAY DR btwn ST JEROME AVE & CEDARWOODS CRES,04-At/near private drive,02-Thru lane,01-Clear,01-Daylight,MIDBLOCK,
11434,16-104973,20160517,PARKVALE DR btwn FEATHERSTONE ST & HURON RD,04-At/near private drive,02-Thru lane,01-Clear,01-Daylight,MIDBLOCK,
11435,16-033532,20160215,KING ST E btwn MADISON AVE S & CAMERON ST S,01-Non intersection,09-Right shoulder,03-Snow,01-Daylight,MIDBLOCK,
11436,16-091391,20160430,COLTON CIR btwn COLTON CIR & AMELIA ST,04-At/near private drive,02-Thru lane,01-Clear,01-Daylight,MIDBLOCK,
11437,16-101483,20160513,BONNYLYN DR btwn KELLY DR & EAGEN DR,04-At/near private drive,02-Thru lane,01-Clear,01-Daylight,MIDBLOCK,
11438,16-087437,20160425,GLASGOW ST btwn NORTHFOREST TRAIL & WATERLOO BOUNDARY,04-At/near private drive,11-Not on roadway - right side,01-Clear,01-Daylight,MIDBLOCK,
11439,16-072322,20160406,TRUSSLER RD btwn COSTAIN CRT & HIGHVIEW DR,01-Non intersection,02-Thru lane,03-Snow,01-Daylight,MIDBLOCK,
11440,16-086506,20160422,WAKE ROBIN DR btwn WAKE ROBIN CRES & WAKE ROBIN CRES,01-Non intersection,09-Right shoulder,01-Clear,"08-Dark, artificial",MIDBLOCK,
11441,16-092462,20160501,RIPPLEWOOD CRES btwn WARREN RD & CYPRUS DR,04-At/near private drive,02-Thru lane,01-Clear,01-Daylight,MIDBLOCK,
11442,16-092090,20160501,MORRISON RD btwn KING ST E & MANOR DR,01-Non intersection,02-Thru lane,01-Clear,07-Dark,MIDBLOCK,
11443,16-097161,20160504,KEEWATIN AVE btwn KEEWATIN PL & DUNNIGAN DR,01-Non intersection,02-Thru lane,01-Clear,01-Daylight,MIDBLOCK,
11444,16-097120,20160507,TRAYNOR AVE btwn WILSON AVE & BELWOOD CRES,04-At/near private drive,02-Thru lane,01-Clear,01-Daylight,MIDBLOCK,
11445,16-091826,20160501,WILSON AVE btwn BALFOUR CRES & KINGSWAY DR,04-At/near private drive,02-Thru lane,01-Clear,01-Daylight,MIDBLOCK,
11446,16-099020,20160510,FAIRWAY RD S btwn WABANAKI DR & WILSON AVE,01-Non intersection,02-Thru lane,01-Clear,01-Daylight,MIDBLOCK,
11447,16-078611,20160414,LOUISA ST btwn KING ST W & MOORE AVE,04-At/near private drive,02-Thru lane,01-Clear,01-Daylight,MIDBLOCK,
11448,16-046026,20160303,COMMONWEALTH CRES btwn COMMONWEALTH ST & ISABELLA ST,04-At/near private drive,02-Thru lane,01-Clear,01-Daylight,MIDBLOCK,
11449,16-017802,20160125,HIGHLAND CRES btwn WYCLIFFE PL & HIGHLAND RD W,99-Other,99-Other,01-Clear,01-Daylight,MIDBLOCK,
11450,15-271863,20151221,WABANAKI DR btwn WILSON AVE & GOODRICH DR,01-Non intersection,02-Thru lane,02-Rain,01-Daylight,MIDBLOCK,
11451,16-087971,20160422,PARK ST btwn CHERRY ST & STEWART ST,04-At/near private drive,02-Thru lane,01-Clear,01-Daylight,MIDBLOCK,
11452,16-082723,20160305,HUCK CRES btwn HIGHGATE RD & UDVARI CRES,01-Non intersection,02-Thru lane,01-Clear,01-Daylight,MIDBLOCK,
11453,16-000523,20160101,BANKSIDE DR btwn BANKSIDE CRES & BANKSIDE CRES,01-Non intersection,02-Thru lane,03-Snow,07-Dark,MIDBLOCK,
11454,15-169378,20150809,MARL MEADOW CRES btwn MARL MEADOW DR & MARL MEADOW DR,04-At/near private drive,12-Off highway,01-Clear,07-Dark,MIDBLOCK,
11455,16-014843,20160121,COUNTRY HILL DR btwn BLOCK LINE RD & CHERRY HILL DR,01-Non intersection,02-Thru lane,01-Clear,01-Daylight,MIDBLOCK,
11456,16-084881,20160422,CARYNDALE DR btwn BIEHN DR & ROBERTSON CRES,04-At/near private drive,02-Thru lane,01-Clear,01-Daylight,MIDBLOCK,
11457,16-067098,20160330,RIVER RD E btwn LORRAINE AVE & GIBSON DR,01-Non intersection,10-Not on roadway - left side,01-Clear,01-Daylight,MIDBLOCK,
11458,16-105008,20160517,CHERRYTREE CRT btwn WINDING WAY & CUL DE SAC,04-At/near private drive,02-Thru lane,01-Clear,01-Daylight,MIDBLOCK,
11459,16-082283,20160419,COMMONWEALTH ST btwn COMMONWEALTH CRES & COMMONWEALTH CRES,04-At/near private drive,02-Thru lane,01-Clear,01-Daylight,MIDBLOCK,
11460,16-100644,20160512,MILL ST btwn OTTAWA ST S & SYDNEY ST S,01-Non intersection,02-Thru lane,01-Clear,01-Daylight,MIDBLOCK,
11461,16-071734,20160405,RIVERBEND DR btwn GUELPH ST & BRIDGEPORT RD,04-At/near private drive,02-Thru lane,01-Clear,01-Daylight,MIDBLOCK,
11462,16-010611,20160115,KING ST E btwn SCOTT ST & EBY ST S,01-Non intersection,09-Right shoulder,01-Clear,01-Daylight,MIDBLOCK,
11463,16-074573,20160409,TRILLIUM DR btwn BEASLEY DR & STECKLE PL,01-Non intersection,10-Not on roadway - left side,01-Clear,07-Dark,MIDBLOCK,
11464,16-075326,20160410,BRYBECK CRES btwn KARN ST & WESTMOUNT RD W,01-Non intersection,09-Right shoulder,01-Clear,01-Daylight,MIDBLOCK,
11465,16-058104,20160318,ONTARIO ST N btwn KING ST W & GOUDIES LANE,01-Non intersection,02-Thru lane,01-Clear,01-Daylight,MIDBLOCK,
11466,16-079353,20160415,WINDFLOWER CRES btwn WINDFLOWER DR & WINDFLOWER DR,01-Non intersection,09-Right shoulder,01-Clear,07-Dark,MIDBLOCK,
11467,16-041727,20160226,LORRAINE AVE btwn RIVER RD E & BIRKSHIRE CRT,04-At/near private drive,02-Thru lane,01-Clear,01-Daylight,MIDBLOCK,
11468,16-071097,20160404,HURON RD btwn TEMPLEWOOD DR & STRASBURG RD,01-Non intersection,02-Thru lane,01-Clear,01-Daylight,MIDBLOCK,
11469,16-148546,20160709,EAST AVE btwn FREDERICK ST & BINGEMAN ST,04-At/near private drive,02-Thru lane,01-Clear,01-Daylight,MIDBLOCK,
11470,16-152694,20160714,STIRLING AVE S btwn MAUSSER AVE & HOMER WATSON BLVD,04-At/near private drive,02-Thru lane,01-Clear,01-Daylight,MIDBLOCK,
11471,16-129614,20160616,SOPHIA CRES btwn WOODBINE AVE & CORSICA ST,01-Non intersection,02-Thru lane,01-Clear,01-Daylight,MIDBLOCK,
11472,16-133967,20160621,KING ST W btwn ONTARIO ST S & YOUNG ST,01-Non intersection,02-Thru lane,01-Clear,01-Daylight,MIDBLOCK,
11473,16-129589,20160616,KING ST W btwn COLLEGE ST & WATER ST S,98-Other,11-Not on roadway - right side,01-Clear,01-Daylight,MIDBLOCK,
11474,16-155495,20160718,BELMONT AVE W btwn GAGE AVE & GLASGOW ST,04-At/near private drive,02-Thru lane,01-Clear,01-Daylight,MIDBLOCK,
11475,16-112666,20160527,MAX BECKER DR btwn ACTIVA AVE & BRIDLEWREATH ST,04-At/near private drive,02-Thru lane,01-Clear,01-Daylight,MIDBLOCK,
11476,16-085295,20160422,FALCONRIDGE DR btwn KESTREL ST & RIVERLINK WAY,01-Non intersection,09-Right shoulder,01-Clear,"08-Dark, artificial",MIDBLOCK,
11477,16-152469,20160713,MANOR DR btwn LEWIS CRES & LEWIS CRES,04-At/near private drive,02-Thru lane,01-Clear,07-Dark,MIDBLOCK,
11478,16-140703,20160629,STEEPLERIDGE ST btwn DOON SOUTH DR & BRIDLERIDGE ST,04-At/near private drive,02-Thru lane,01-Clear,01-Daylight,MIDBLOCK,
11479,16-143143,20160702,PAULANDER DR btwn LAWRENCE AVE & VICTORIA ST S,04-At/near private drive,02-Thru lane,01-Clear,01-Daylight,MIDBLOCK,
11480,16-159025,20160722,CHOPIN DR btwn WESTMOUNT RD W & MARKWOOD DR,01-Non intersection,02-Thru lane,01-Clear,01-Daylight,MIDBLOCK,
11481,16-149805,20160704,PARK ST btwn VICTORIA ST S & CHERRY ST,07-Overpass or bridge,02-Thru lane,01-Clear,07-Dark,MIDBLOCK,
11482,16-151128,20160711,OPRINGTON DR btwn BENESFORT DR & OPRINGTON CRT,01-Non intersection,02-Thru lane,01-Clear,"08-Dark, artificial",MIDBLOCK,
11483,16-131092,20160618,MAXWELL DR btwn CALVERT CLOSE & BIEHN DR,04-At/near private drive,02-Thru lane,01-Clear,01-Daylight,MIDBLOCK,
11484,16-150188,20160708,OLD ZELLER DR btwn EDEN OAK TRL & PEBBLECREEK DR,01-Non intersection,02-Thru lane,02-Rain,05-Dusk,MIDBLOCK,
11485,15-124023,20150610,RIVERBEND DR btwn GUELPH ST & BRIDGEPORT RD,04-At/near private drive,02-Thru lane,01-Clear,01-Daylight,MIDBLOCK,
11486,16-130439,20160617,MISTY ST btwn MISTY CRES & FORWELL RD,04-At/near private drive,02-Thru lane,01-Clear,01-Daylight,MIDBLOCK,
11487,16-147571,20160707,OPRINGTON CRT btwn OPRINGTON DR & CUL DE SAC,01-Non intersection,02-Thru lane,01-Clear,01-Daylight,MIDBLOCK,
11488,16-133084,20160620,COUNTRY HILL DR btwn FOUR SEASONS CRT & MARTINGLEN CRES,04-At/near private drive,02-Thru lane,01-Clear,01-Daylight,MIDBLOCK,
11489,16-094496,20160504,CARWOOD AVE btwn CARWOOD AVE & DIXON ST,01-Non intersection,11-Not on roadway - right side,01-Clear,"08-Dark, artificial",MIDBLOCK,
11490,16-127566,20160613,ERINBROOK DR btwn UXBRIDGE CRES & RITTENHOUSE RD,04-At/near private drive,02-Thru lane,01-Clear,07-Dark,MIDBLOCK,
11491,15-213640,20151005,UNION ST btwn MARGARET AVE & SUNSET PL,04-At/near private drive,02-Thru lane,01-Clear,01-Daylight,MIDBLOCK,
11492,16-122924,20160608,TRILLIUM DR btwn ADAM FERRIE PL & SHOEMAKER ST,04-At/near private drive,02-Thru lane,01-Clear,01-Daylight,MIDBLOCK,
11493,16-078625,20160414,WILSON AVE btwn FAIRWAY RD S & WEBSTER RD,04-At/near private drive,02-Thru lane,01-Clear,01-Daylight,MIDBLOCK,
11494,16-136546,20160624,RIVER RD E btwn HALLIWELL DR & LORRAINE AVE,01-Non intersection,02-Thru lane,01-Clear,01-Daylight,MIDBLOCK,
11495,16-144320,20160629,DARCY PL btwn LAURENTIAN DR & CUL DE SAC,01-Non intersection,02-Thru lane,01-Clear,01-Daylight,MIDBLOCK,
11496,16-156285,20160719,BLACK WALNUT DR btwn PIONEER DR & BLACK WALNUT PL,01-Non intersection,02-Thru lane,01-Clear,01-Daylight,MIDBLOCK,
11497,16-148481,20160709,INDIGO ST btwn PROSPERITY DR & PROSPERITY DR,99-Other,12-Off highway,01-Clear,01-Daylight,MIDBLOCK,
11498,16-098937,20160510,OTTAWA ST S btwn ALPINE RD & STRASBURG RD,04-At/near private drive,02-Thru lane,01-Clear,01-Daylight,MIDBLOCK,
11499,16-144395,20160704,BLOCK LINE RD btwn HOMER WATSON BLVD & FALLOWFIELD DR,04-At/near private drive,02-Thru lane,01-Clear,01-Daylight,MIDBLOCK,
11500,16-136302,20160624,OLD CARRIAGE DR btwn OLD CARRIAGE CRT & HOMER WATSON BLVD,04-At/near private drive,02-Thru lane,01-Clear,01-Daylight,MIDBLOCK,
11501,16-163661,20160727,GREENDALE CRES btwn MORGAN AVE & MORGAN AVE,01-Non intersection,02-Thru lane,01-Clear,"08-Dark, artificial",MIDBLOCK,
11502,16-155532,20160717,HURON RD btwn TEMPLEWOOD DR & STRASBURG RD,01-Non intersection,02-Thru lane,01-Clear,"08-Dark, artificial",MIDBLOCK,
11503,16-132098,20160617,VERONICA DR btwn KINZIE AVE & VERONICA DR,01-Non intersection,02-Thru lane,01-Clear,01-Daylight,MIDBLOCK,
11504,16-132192,20160619,HIDDEN CREEK DR btwn HOLLYRIDGE CRES & WESTFOREST TRAIL,04-At/near private drive,02-Thru lane,01-Clear,01-Daylight,MIDBLOCK,
11505,16-185374,20160824,STRASBURG RD btwn BLOCK LINE RD & OLD COUNTRY DR,01-Non intersection,02-Thru lane,01-Clear,01-Daylight,MIDBLOCK,
11506,16-147473,20160708,TRILLIUM DR btwn SHOEMAKER ST & STRASBURG RD,04-At/near private drive,04-Right turn lane,02-Rain,01-Daylight,MIDBLOCK,
11507,16-134947,20160622,HURON RD btwn HOMER WATSON BLVD & MILL PARK DR,01-Non intersection,02-Thru lane,01-Clear,01-Daylight,MIDBLOCK,
11508,16-179389,20160817,PINE VALLEY DR btwn FISCHER CRT & KNOX CRT,01-Non intersection,08-Left shoulder,01-Clear,"08-Dark, artificial",MIDBLOCK,
11509,16-146596,20160707,ARDELT AVE btwn ARDELT PL & HANSON AVE,01-Non intersection,09-Right shoulder,01-Clear,01-Daylight,MIDBLOCK,
11510,16-171820,20160807,KARN ST btwn BRYBECK CRES & LAWRENCE AVE,01-Non intersection,02-Thru lane,01-Clear,01-Daylight,MIDBLOCK,
11511,16-180243,20160817,OTONABEE DR btwn BLEAMS RD & SASAGA DR,04-At/near private drive,02-Thru lane,01-Clear,01-Daylight,MIDBLOCK,
11512,16-169982,20160804,WEST AVE btwn HOMEWOOD AVE & STRANGE ST,01-Non intersection,02-Thru lane,01-Clear,01-Daylight,MIDBLOCK,