OBJECTID,ACCIDENTNUM,ACCIDENTDATE,LOCATION,ACCIDENT_LOCATION,IMPACT_LOCATION,ENVIRONMENT_CONDITION,LIGHT,COLLISION_TYPE,TRAFFICCOLLISIONSID
11513,16-152014,20160713,PINECREST DR btwn WEBER ST E & FRANKLIN ST N,01-Non intersection,02-Thru lane,01-Clear,01-Daylight,MIDBLOCK,
11514,16-181084,20160818,TRAYNOR AVE btwn REYBURN AVE & VANIER DR,04-At/near private drive,02-Thru lane,01-Clear,01-Daylight,MIDBLOCK,
11515,16-073317,20160407,MILL ST btwn BORDEN PKY & MILL ST,01-Non intersection,02-Thru lane,01-Clear,01-Daylight,MIDBLOCK,
11516,16-175988,20160812,GREENFIELD AVE btwn TRAYNOR AVE & KINGSWAY DR,01-Non intersection,09-Right shoulder,01-Clear,01-Daylight,MIDBLOCK,
11517,16-183667,20160822,GATEWOOD RD btwn LAKESIDE DR & WESTMOUNT RD E,04-At/near private drive,02-Thru lane,01-Clear,01-Daylight,MIDBLOCK,
11518,16-116167,20160531,QUEENS BLVD btwn FISCHER HALLMAN RD & ELM RIDGE DR,04-At/near private drive,02-Thru lane,01-Clear,01-Daylight,MIDBLOCK,
11519,16-177297,20160812,WYCLIFFE PL btwn HIGHLAND CRES & CUL DE SAC,04-At/near private drive,02-Thru lane,01-Clear,05-Dusk,MIDBLOCK,
11520,16-153572,20160715,DOON SOUTH DR btwn WINDING WOOD CRES & AUTUMN RIDGE TRAIL,01-Non intersection,09-Right shoulder,01-Clear,05-Dusk,MIDBLOCK,
11521,16-149965,20160711,PINE MARTIN CRES btwn WILDERNESS DR & WILDERNESS DR,04-At/near private drive,99-Other,01-Clear,01-Daylight,MIDBLOCK,
11522,16-163849,20160728,BANKSIDE DR btwn BANKSIDE CRES & WESTFOREST TRAIL,04-At/near private drive,02-Thru lane,01-Clear,01-Daylight,MIDBLOCK,
11523,16-171575,20160807,BANKSIDE DR btwn OPRINGTON DR & EASTFOREST TRAIL,01-Non intersection,09-Right shoulder,01-Clear,01-Daylight,MIDBLOCK,
11524,16-114919,20160530,MILL ST btwn HEIMAN ST & BORDEN PKY,04-At/near private drive,02-Thru lane,01-Clear,01-Daylight,MIDBLOCK,
11525,16-183564,20160821,ROSEBANK CRES btwn ROSEBANK PL & RITTENHOUSE RD,04-At/near private drive,02-Thru lane,01-Clear,01-Daylight,MIDBLOCK,
11526,16-151084,20160712,BANKSIDE DR btwn BANKSIDE CRES & WESTFOREST TRAIL,01-Non intersection,02-Thru lane,01-Clear,01-Daylight,MIDBLOCK,
11527,16-159797,20160723,BANKSIDE DR btwn BANKSIDE CRES & WESTFOREST TRAIL,01-Non intersection,02-Thru lane,01-Clear,01-Daylight,MIDBLOCK,
11528,16-178210,20160813,STIRLING AVE S btwn CHARLES ST E & FORK IN ROAD,01-Non intersection,02-Thru lane,02-Rain,01-Daylight,MIDBLOCK,
11529,16-165124,20160730,FERGUS AVE btwn WEBER ST E & FALESY AVE,01-Non intersection,02-Thru lane,01-Clear,07-Dark,MIDBLOCK,
11530,16-185826,20160824,HEARTH CRES btwn HAHN PL & RAYLENE DR,01-Non intersection,09-Right shoulder,01-Clear,07-Dark,MIDBLOCK,
11531,16-157123,20160720,RIVERBEND DR btwn GUELPH ST & BRIDGEPORT RD,04-At/near private drive,02-Thru lane,01-Clear,01-Daylight,MIDBLOCK,
11532,16-081216,20160417,HURON RD btwn HOMER WATSON BLVD & MILL PARK DR,07-Overpass or bridge,09-Right shoulder,01-Clear,"08-Dark, artificial",MIDBLOCK,
11533,16-143701,20160702,FAIRWAY RD S btwn KING ST BYPASS OFFRAMP & WABANAKI DR,04-At/near private drive,12-Off highway,01-Clear,07-Dark,MIDBLOCK,
11534,16-168983,20160804,GREEN VALLEY DR btwn MILL PARK DR & PIONEER DR,04-At/near private drive,02-Thru lane,01-Clear,01-Daylight,MIDBLOCK,
11535,16-141196,20160630,AMHERST DR btwn DRUMMOND DR & DURHAM ST,04-At/near private drive,02-Thru lane,01-Clear,01-Daylight,MIDBLOCK,
11536,16-083582,20160420,QUEENS BLVD btwn PATRICIA AVE & NORTH DR,04-At/near private drive,02-Thru lane,01-Clear,05-Dusk,MIDBLOCK,
11537,16-185139,20160606,ROSS AVE btwn PROSPECT AVE & SHANTZ LANE,99-Other,12-Off highway,01-Clear,01-Daylight,MIDBLOCK,
11538,16-140686,20160628,GILMOUR CRES btwn WESTMOUNT RD E & WESTMOUNT RD E,04-At/near private drive,02-Thru lane,01-Clear,01-Daylight,MIDBLOCK,
11539,16-145083,20160705,CHURCH ST btwn BENTON ST & PETER ST,04-At/near private drive,02-Thru lane,01-Clear,01-Daylight,MIDBLOCK,
11540,16-147824,20160708,ONTARIO ST S btwn CHARLES ST W & JOSEPH ST,04-At/near private drive,11-Not on roadway - right side,01-Clear,01-Daylight,MIDBLOCK,
11541,16-266453,20161204,HURON RD btwn HOMER WATSON ONRAMP & HOMER WATSON OFFRAMP,01-Non intersection,12-Off highway,01-Clear,01-Daylight,MIDBLOCK,
11542,17-078696,20170411,ELLEN ST W btwn HERMIE PL & VICTORIA ST N,01-Non intersection,02-Thru lane,01-Clear,01-Daylight,MIDBLOCK,
11543,17-072918,20170330,FRANCIS ST N btwn END & WATER ST N,01-Non intersection,02-Thru lane,01-Clear,01-Daylight,MIDBLOCK,
11544,17-067873,20170330,FRANKLIN ST N btwn DREGER AVE & OTTAWA ST N,01-Non intersection,02-Thru lane,01-Clear,01-Daylight,MIDBLOCK,
11545,17-027203,20170206,OLD CHICOPEE DR btwn OTTAWA ST N & HOLBORN DR,04-At/near private drive,02-Thru lane,01-Clear,07-Dark,MIDBLOCK,
11546,17-041933,20170225,VANIER DR btwn ERIE AVE & MASSEY AVE,01-Non intersection,02-Thru lane,01-Clear,01-Daylight,MIDBLOCK,
11547,17-041937,20170225,MONTANA CRES btwn BLACKWELL DR & BLACKWELL DR,99-Other,12-Off highway,01-Clear,01-Daylight,MIDBLOCK,
11548,17-042915,20170226,PENELOPE DR btwn IRA NEEDLES BLVD & CORA DR,04-At/near private drive,09-Right shoulder,01-Clear,07-Dark,MIDBLOCK,
11549,17-043622,20170227,TRAYNOR AVE btwn REYBURN AVE & VANIER DR,01-Non intersection,02-Thru lane,01-Clear,01-Daylight,MIDBLOCK,
11550,17-000048,20170101,DOON MILLS DR btwn APPLE RIDGE DR & TILT DR,01-Non intersection,02-Thru lane,01-Clear,"08-Dark, artificial",MIDBLOCK,
11551,17-018028,20170125,PARK ST btwn VICTORIA ST S & CHERRY ST,07-Overpass or bridge,02-Thru lane,01-Clear,01-Daylight,MIDBLOCK,
11552,17-080374,20170331,MAYWOOD RD btwn GERARD AVE & WOODHAVEN RD,01-Non intersection,02-Thru lane,03-Snow,07-Dark,MIDBLOCK,
11553,17-036524,20170218,MORRISON RD btwn QUINTE CRES & GRAND RIVER BLVD,99-Other,12-Off highway,01-Clear,01-Daylight,MIDBLOCK,
11554,17-043851,20170228,RESURRECTION DR btwn BEECHMANOR CRES & GLASGOW ST,01-Non intersection,02-Thru lane,01-Clear,01-Daylight,MIDBLOCK,
11555,17-044308,20170220,SHADELAND CRES btwn HAZELGLEN DR & HAZELGLEN DR,04-At/near private drive,02-Thru lane,01-Clear,01-Daylight,MIDBLOCK,
11556,17-046315,20170303,PAULANDER DR btwn LAWRENCE AVE & VICTORIA ST S,01-Non intersection,02-Thru lane,03-Snow,01-Daylight,MIDBLOCK,
11557,17-019622,20170127,QUEEN ST N btwn DUKE ST W & WEBER ST W,01-Non intersection,02-Thru lane,03-Snow,01-Daylight,MIDBLOCK,
11558,17-020400,20170128,WESTWOOD DR btwn DAYMAN CRT & GLASGOW ST,01-Non intersection,10-Not on roadway - left side,99-Other,01-Daylight,MIDBLOCK,
11559,17-021067,20170129,BELMONT AVE W btwn MARLBOROUGH AVE & HIGHLAND RD W,04-At/near private drive,02-Thru lane,01-Clear,01-Daylight,MIDBLOCK,
11560,17-054464,20170313,OLD ZELLER DR btwn EDEN OAK TRL & VALEBROOK ST,01-Non intersection,09-Right shoulder,03-Snow,01-Daylight,MIDBLOCK,
11561,17-051165,20170309,QUEEN ST N btwn AHRENS ST E & MARGARET AVE,01-Non intersection,02-Thru lane,01-Clear,01-Daylight,MIDBLOCK,
11562,17-046495,20170303,BLUCHER ST btwn MARGARET AVE & ST LEGER ST,04-At/near private drive,02-Thru lane,03-Snow,01-Daylight,MIDBLOCK,
11563,17-046499,20170303,QUEEN CHARLOTTE CRES btwn GREY FOX DR & GREY FOX DR,01-Non intersection,02-Thru lane,01-Clear,01-Daylight,MIDBLOCK,
11564,17-022419,20170131,GREENBROOK DR btwn WARREN RD & STONYBROOK DR,04-At/near private drive,02-Thru lane,01-Clear,01-Daylight,MIDBLOCK,
11565,17-023061,20170201,VANIER DR btwn SIEBERT AVE & TRAYNOR AVE,01-Non intersection,10-Not on roadway - left side,03-Snow,01-Daylight,MIDBLOCK,
11566,17-023972,20170202,DIXON ST btwn CARLIN AVE & CARWOOD AVE,01-Non intersection,02-Thru lane,01-Clear,01-Daylight,MIDBLOCK,
11567,17-046687,20170303,WEBSTER RD btwn WILSON AVE & MANITOU DR,01-Non intersection,11-Not on roadway - right side,01-Clear,01-Daylight,MIDBLOCK,
11568,17-046692,20170303,LUCERNE DR btwn KINGSWOOD DR & SELKIRK DR,04-At/near private drive,02-Thru lane,01-Clear,01-Daylight,MIDBLOCK,
11569,17-024544,20170202,CHOPIN DR btwn WESTMOUNT RD W & MARKWOOD DR,04-At/near private drive,02-Thru lane,03-Snow,"08-Dark, artificial",MIDBLOCK,
11570,17-029249,20170209,STIRLING AVE S btwn CHARLES ST E & FORK IN ROAD,04-At/near private drive,02-Thru lane,01-Clear,01-Daylight,MIDBLOCK,
11571,17-030011,20170210,QUEENS BLVD btwn FISCHER HALLMAN RD & ELM RIDGE DR,01-Non intersection,02-Thru lane,01-Clear,01-Daylight,MIDBLOCK,
11572,17-052693,20170310,STAUFFER DR btwn CARYNDALE DR & REIDEL DR,01-Non intersection,10-Not on roadway - left side,03-Snow,07-Dark,MIDBLOCK,
11573,17-048172,20170304,SADDLEWOOD DR btwn TIMBER RIDGE CRT & THOMAS SLEE DR,01-Non intersection,09-Right shoulder,01-Clear,"08-Dark, artificial",MIDBLOCK,
11574,17-030169,20170210,MAX BECKER DR btwn ISABELLA ST & COMMONWEALTH ST,01-Non intersection,02-Thru lane,03-Snow,01-Daylight,MIDBLOCK,
11575,17-030461,20170210,MANCHESTER RD btwn WEDGEWOOD DR & RIVER RD E,01-Non intersection,02-Thru lane,01-Clear,07-Dark,MIDBLOCK,
11576,17-031351,20170212,CENTREVILLE ST btwn JANSEN AVE & MORGAN AVE,04-At/near private drive,02-Thru lane,01-Clear,07-Dark,MIDBLOCK,
11577,17-092055,20170429,INDIGO ST btwn PROSPERITY DR & PROSPERITY DR,01-Non intersection,12-Off highway,01-Clear,01-Daylight,MIDBLOCK,
11578,17-072034,20170404,IRVIN ST btwn SCOTT ST & LANCASTER ST E,01-Non intersection,02-Thru lane,02-Rain,01-Daylight,MIDBLOCK,
11579,17-087321,20170423,ROBERT FERRIE DR btwn BRIDLERIDGE ST & DOON SOUTH DR,01-Non intersection,02-Thru lane,01-Clear,01-Daylight,MIDBLOCK,
11580,17-105136,20170514,ROSENEATH CRES btwn BLACKHORNE DR & LAURENTIAN DR,04-At/near private drive,02-Thru lane,01-Clear,01-Daylight,MIDBLOCK,
11581,17-088257,20170421,SEABROOK DR btwn WOODBINE AVE & VALENCIA AVE,01-Non intersection,09-Right shoulder,01-Clear,01-Daylight,MIDBLOCK,
11582,17-097009,20170505,SHIRLEY AVE btwn RIVERBEND DR & BINGEMANS CENTRE DR,01-Non intersection,02-Thru lane,02-Rain,01-Daylight,MIDBLOCK,
11583,17-106641,20170517,MEINZINGER AVE btwn BORDEN PKY & HOFFMAN ST,04-At/near private drive,02-Thru lane,01-Clear,01-Daylight,MIDBLOCK,
11584,16-244570,20161105,BRYBECK CRES btwn KARN ST & WESTMOUNT RD W,04-At/near private drive,02-Thru lane,01-Clear,01-Daylight,MIDBLOCK,
11585,16-256625,20161121,HURST AVE btwn PALMER AVE & KENT AVE,04-At/near private drive,02-Thru lane,01-Clear,"08-Dark, artificial",MIDBLOCK,
11586,16-244760,20161105,BLACKWELL DR btwn WESTHEIGHTS DR & MONTEAGLE CRES,04-At/near private drive,02-Thru lane,01-Clear,01-Daylight,MIDBLOCK,
11587,16-230421,20161018,PARKVALE DR btwn WOODBINE AVE & PARKVALE CRT,04-At/near private drive,02-Thru lane,01-Clear,01-Daylight,MIDBLOCK,
11588,16-183405,20160821,ACTIVA AVE btwn ISAIAH DR & SNOWDROP CRES,04-At/near private drive,02-Thru lane,01-Clear,01-Daylight,MIDBLOCK,
11589,16-214539,20160928,COUNTRY HILL DR btwn BLOCK LINE RD & CHERRY HILL DR,04-At/near private drive,02-Thru lane,01-Clear,01-Daylight,MIDBLOCK,
11590,16-192661,20160902,SHOEMAKER ST btwn STRASBURG RD & TRILLIUM DR,04-At/near private drive,11-Not on roadway - right side,01-Clear,01-Daylight,MIDBLOCK,
11591,16-224723,20161011,WELLINGTON ST N btwn SPRING VALLEY RD & CIRCA DR,04-At/near private drive,02-Thru lane,01-Clear,01-Daylight,MIDBLOCK,
11592,16-242240,20161028,LOWER CANADA CRES btwn UPPER CANADA DR & UPPER CANADA DR,04-At/near private drive,02-Thru lane,01-Clear,"08-Dark, artificial",MIDBLOCK,
11593,16-249129,20161110,ALPINE RD btwn OTTAWA ST S & FLINT DR,04-At/near private drive,02-Thru lane,01-Clear,05-Dusk,MIDBLOCK,
11594,16-239719,20161029,WOODHAVEN RD btwn BYRON AVE & GERARD AVE,04-At/near private drive,02-Thru lane,01-Clear,01-Daylight,MIDBLOCK,
11595,16-227580,20161014,FRANCIS ST S btwn CHARLES ST W & JOSEPH ST,04-At/near private drive,02-Thru lane,01-Clear,01-Daylight,MIDBLOCK,
11596,16-237274,20161026,KESTREL ST btwn OLD COTTAGE PL & RIVERLINK WAY,04-At/near private drive,02-Thru lane,01-Clear,01-Daylight,MIDBLOCK,
11597,16-225984,20161012,KRUG ST btwn LANCASTER ST E & ROSE ST,04-At/near private drive,02-Thru lane,01-Clear,07-Dark,MIDBLOCK,
11598,16-242066,20161101,GREY FOX DR btwn ORCHID CRES & QUEEN CHARLOTTE CRES,04-At/near private drive,02-Thru lane,01-Clear,"08-Dark, artificial",MIDBLOCK,
11599,17-094574,20170502,SHIRLEY AVE btwn RIVERBEND DR & BINGEMANS CENTRE DR,04-At/near private drive,02-Thru lane,02-Rain,01-Daylight,MIDBLOCK,
11600,17-078721,20170412,MT HOPE ST btwn KING ST W & PARK ST,01-Non intersection,02-Thru lane,01-Clear,01-Daylight,MIDBLOCK,
11601,17-125594,20170608,LITTLEFIELD CRES btwn WILLIAMSBURG RD & WILLIAMSBURG RD,04-At/near private drive,02-Thru lane,01-Clear,01-Daylight,MIDBLOCK,
11602,17-100856,20170510,STRASBURG RD btwn BARWOOD CRES & SELKIRK DR,01-Non intersection,02-Thru lane,01-Clear,01-Daylight,MIDBLOCK,
11603,17-089782,20170426,STRASBURG RD btwn OLD COUNTRY DR & BLEAMS RD,04-At/near private drive,02-Thru lane,01-Clear,01-Daylight,MIDBLOCK,
11604,17-116188,20170528,IRVIN ST btwn SCOTT ST & LANCASTER ST E,01-Non intersection,02-Thru lane,01-Clear,01-Daylight,MIDBLOCK,
11605,17-121030,20170603,KILKERRAN CRES btwn BIEHN DR & KILBIRNIE CRT,01-Non intersection,08-Left shoulder,01-Clear,01-Daylight,MIDBLOCK,
11606,17-098923,20170508,WEBSTER RD btwn WILSON AVE & MANITOU DR,04-At/near private drive,02-Thru lane,01-Clear,01-Daylight,MIDBLOCK,
11607,17-096087,20170503,WELLINGTON ST N btwn LANCASTER ST W & PATRICK ST,01-Non intersection,02-Thru lane,01-Clear,01-Daylight,MIDBLOCK,
11608,17-087062,20170423,WESTFOREST TRAIL btwn HIDDEN CREEK DR & HIDDEN CREEK DR,01-Non intersection,09-Right shoulder,01-Clear,07-Dark,MIDBLOCK,
11609,17-153965,20170712,JANET CRT btwn ZELLER DR & CUL DE SAC,04-At/near private drive,02-Thru lane,01-Clear,01-Daylight,MIDBLOCK,
11610,17-090640,20170427,FAIRWAY RD S btwn WILSON AVE & MANITOU DR,04-At/near private drive,03-Left turn lane,01-Clear,01-Daylight,MIDBLOCK,
11611,17-101724,20170511,WINDFLOWER DR btwn WINDFLOWER CRES & FOXGLOVE CRES,04-At/near private drive,09-Right shoulder,01-Clear,01-Daylight,MIDBLOCK,
11612,17-096974,20170505,NORTHMANOR CRES btwn RESURRECTION DR & RESURRECTION DR,04-At/near private drive,02-Thru lane,02-Rain,01-Daylight,MIDBLOCK,
11613,17-096186,20170503,OLD CARRIAGE DR btwn OLD CARRIAGE CRT & HOMER WATSON BLVD,04-At/near private drive,02-Thru lane,01-Clear,01-Daylight,MIDBLOCK,
11614,17-102773,20170512,OLD HURON RD btwn MAXWELL DR & BATTLER RD,04-At/near private drive,10-Not on roadway - left side,01-Clear,07-Dark,MIDBLOCK,
11615,17-093484,20170328,PAULANDER DR btwn LAWRENCE AVE & VICTORIA ST S,01-Non intersection,02-Thru lane,01-Clear,03-Dawn,MIDBLOCK,
11616,17-107843,20170512,PEPPERWOOD CRES btwn MORGAN AVE & MORGAN AVE,04-At/near private drive,09-Right shoulder,01-Clear,"08-Dark, artificial",MIDBLOCK,
11617,17-027932,20170207,YOUNG ST btwn KING ST W & DUKE ST W,04-At/near private drive,02-Thru lane,02-Rain,07-Dark,MIDBLOCK,
11618,17-107601,20170510,ADELAIDE ST btwn BELMONT AVE W & LAWRENCE AVE,04-At/near private drive,09-Right shoulder,01-Clear,01-Daylight,MIDBLOCK,
11619,17-107029,20170517,ALBION ST btwn DINISON CRES & ALBION CRT,04-At/near private drive,02-Thru lane,01-Clear,01-Daylight,MIDBLOCK,
11620,17-088106,20170423,PIONEER DR btwn UPPER CANADA DR & DOON VILLAGE RD,01-Non intersection,02-Thru lane,01-Clear,"08-Dark, artificial",MIDBLOCK,
11621,17-101625,20170510,PLEASANT AVE btwn PERTH RD & CORAL CRES,04-At/near private drive,02-Thru lane,01-Clear,01-Daylight,MIDBLOCK,
11622,17-095469,20170503,BELMONT AVE W btwn GAGE AVE & GLASGOW ST,04-At/near private drive,02-Thru lane,01-Clear,01-Daylight,MIDBLOCK,
11623,17-097156,20170505,QUINTE CRES btwn QUINTE CRT & MORRISON RD,01-Non intersection,08-Left shoulder,01-Clear,07-Dark,MIDBLOCK,
11624,17-101717,20170511,BIEHN DR btwn OLD HURON RD & CARLYLE DR,04-At/near private drive,09-Right shoulder,01-Clear,01-Daylight,MIDBLOCK,
11625,17-108778,20170514,CAMROSE CRT btwn HIGHLAND CRES & CUL DE SAC,01-Non intersection,09-Right shoulder,01-Clear,01-Daylight,MIDBLOCK,
11626,17-081140,20170415,RIVER RD E btwn HICKSON DR & OTTAWA ST N,01-Non intersection,02-Thru lane,01-Clear,01-Daylight,MIDBLOCK,
11627,17-074993,20170407,RIVER RD E btwn LORRAINE AVE & GIBSON DR,01-Non intersection,08-Left shoulder,01-Clear,07-Dark,MIDBLOCK,
11628,17-069407,20170401,CARSON DR btwn CHAMPLAIN CRES & WOLFES CRT,01-Non intersection,02-Thru lane,01-Clear,07-Dark,MIDBLOCK,
11629,17-070049,20170401,CEDARHILL CRES btwn COUNTRY HILL DR & HILLSIDE DR,01-Non intersection,02-Thru lane,01-Clear,07-Dark,MIDBLOCK,
11630,17-105656,20170516,CENTENNIAL RD btwn FORWELL RD & CENTENNIAL CRT,01-Non intersection,02-Thru lane,01-Clear,01-Daylight,MIDBLOCK,
11631,17-096525,20170505,CHURCH ST btwn BENTON ST & PETER ST,01-Non intersection,02-Thru lane,02-Rain,"08-Dark, artificial",MIDBLOCK,
11632,17-085022,20170420,CLUTHE CRES btwn MILLWOOD CRES & MILLWOOD CRES,04-At/near private drive,02-Thru lane,01-Clear,"08-Dark, artificial",MIDBLOCK,
11633,17-033104,20170214,DOON VALLEY DR btwn OLD MILL RD & END,04-At/near private drive,02-Thru lane,01-Clear,01-Daylight,MIDBLOCK,
11634,17-104906,20170515,DAVID ST btwn JOSEPH ST & COURTLAND AVE W,04-At/near private drive,02-Thru lane,01-Clear,01-Daylight,MIDBLOCK,
11635,17-097995,20170507,CARWOOD AVE btwn DOON RD & DIXON ST,01-Non intersection,02-Thru lane,01-Clear,07-Dark,MIDBLOCK,
11636,17-054384,20170312,DOON SOUTH DR btwn WOODSMERE DR & ROBERT FERRIE DR,04-At/near private drive,02-Thru lane,01-Clear,01-Daylight,MIDBLOCK,
11637,17-105007,20170515,HERITAGE DR btwn OAKHURST CRES & OTTAWA ST N,04-At/near private drive,02-Thru lane,01-Clear,01-Daylight,MIDBLOCK,
11638,17-087959,20170424,HIDDEN CREEK DR btwn END & HOLLYRIDGE CRES,01-Non intersection,02-Thru lane,01-Clear,07-Dark,MIDBLOCK,
11639,17-080387,20170414,HIDDEN CREEK DR btwn WESTFOREST TRAIL & HOLLYRIDGE CRES,01-Non intersection,02-Thru lane,01-Clear,01-Daylight,MIDBLOCK,
11640,17-089621,20170422,HOHNER AVE btwn LANCASTER ST E & SAMUEL ST,01-Non intersection,09-Right shoulder,01-Clear,01-Daylight,MIDBLOCK,
11641,17-113581,20170526,DOMINION ST btwn PARK ST & STRANGE ST,01-Non intersection,02-Thru lane,01-Clear,07-Dark,MIDBLOCK,
11642,17-118102,20170531,STRASBURG RD btwn BLOCK LINE RD & OLD COUNTRY DR,01-Non intersection,02-Thru lane,01-Clear,01-Daylight,MIDBLOCK,
11643,17-066715,20170329,OTONABEE DR btwn BLEAMS RD & SASAGA DR,01-Non intersection,10-Not on roadway - left side,01-Clear,"08-Dark, artificial",MIDBLOCK,
11644,17-127800,20170610,PAIGE ST btwn PAIGE ST & PAIGE ST,01-Non intersection,02-Thru lane,01-Clear,01-Daylight,MIDBLOCK,
11645,17-122532,20170604,PATHFINDER CRES btwn PATHFINDER CRES & PATHFINDER CRES,04-At/near private drive,09-Right shoulder,01-Clear,01-Daylight,MIDBLOCK,
11646,17-102417,20170512,IDLE CREEK DR btwn ARDWOOD PL & BRIARFIELD CRT,01-Non intersection,09-Right shoulder,01-Clear,01-Daylight,MIDBLOCK,
11647,17-156642,20170714,VERONICA DR btwn BANCROFT ST & VERONICA DR,04-At/near private drive,02-Thru lane,01-Clear,"08-Dark, artificial",MIDBLOCK,
11648,17-120128,20170601,PATRICIA AVE btwn VICTORIA ST S & TALBOT ST,04-At/near private drive,02-Thru lane,01-Clear,01-Daylight,MIDBLOCK,
11649,17-121069,20170603,PAULANDER DR btwn LAWRENCE AVE & VICTORIA ST S,04-At/near private drive,02-Thru lane,01-Clear,01-Daylight,MIDBLOCK,
11650,17-116404,20170529,INGLESIDE DR btwn DALEGROVE DR & INGLESIDE PL,01-Non intersection,09-Right shoulder,01-Clear,01-Daylight,MIDBLOCK,
11651,17-019976,20170127,WEST AVE btwn HOMEWOOD AVE & STRANGE ST,01-Non intersection,02-Thru lane,03-Snow,07-Dark,MIDBLOCK,
11652,17-132578,20170616,WEST AVE btwn HOMEWOOD AVE & STRANGE ST,01-Non intersection,02-Thru lane,01-Clear,01-Daylight,MIDBLOCK,
11653,17-129820,20170613,SHIRLEY AVE btwn RIVERBEND DR & BINGEMANS CENTRE DR,01-Non intersection,02-Thru lane,01-Clear,01-Daylight,MIDBLOCK,
11654,17-129768,20170613,KINGSWAY DR btwn CEDARWOODS CRES & GREENFIELD AVE,04-At/near private drive,03-Left turn lane,01-Clear,01-Daylight,MIDBLOCK,
11655,17-117973,20170530,KINGSWAY DR btwn CEDARWOODS CRES & GREENFIELD AVE,01-Non intersection,02-Thru lane,01-Clear,01-Daylight,MIDBLOCK,
11656,16-200325,20160910,ACTIVA AVE btwn BERRY MOSS ST & DAVID BERGEY DR,01-Non intersection,02-Thru lane,01-Clear,07-Dark,MIDBLOCK,
11657,17-140802,20170626,ASKIN PL btwn BRADLEY DR & CUL DE SAC,04-At/near private drive,12-Off highway,01-Clear,01-Daylight,MIDBLOCK,
11658,17-093551,20160428,BANKSIDE DR btwn BANKSIDE CRES & WESTFOREST TRAIL,01-Non intersection,02-Thru lane,01-Clear,01-Daylight,MIDBLOCK,
11659,17-131340,20170615,SUGAR MAPLE ST btwn HIGHVIEW DR & CEDAR CREST ST,04-At/near private drive,09-Right shoulder,01-Clear,01-Daylight,MIDBLOCK,
11660,17-136652,20170621,SHIRLEY AVE btwn RIVERBEND DR & BINGEMANS CENTRE DR,04-At/near private drive,02-Thru lane,01-Clear,01-Daylight,MIDBLOCK,
11661,17-123060,20170604,TAMVALE CRES btwn ERINBROOK DR & ERINBROOK DR,01-Non intersection,02-Thru lane,01-Clear,01-Daylight,MIDBLOCK,
11662,17-109716,20170520,THE COUNTRY WAY btwn SETTLERS DR & OLD COUNTRY DR,04-At/near private drive,11-Not on roadway - right side,01-Clear,07-Dark,MIDBLOCK,
11663,17-119630,20170602,TRAYNOR AVE btwn BALFOUR CRES & BELWOOD CRES,04-At/near private drive,02-Thru lane,01-Clear,01-Daylight,MIDBLOCK,
11664,17-083404,20170418,FAIRWAY RD S btwn KING ST BYPASS OFFRAMP & WABANAKI DR,04-At/near private drive,02-Thru lane,01-Clear,01-Daylight,MIDBLOCK,
11665,16-114749,20160530,STIRLING AVE S btwn COURTLAND AVE E & MILL ST,01-Non intersection,02-Thru lane,01-Clear,01-Daylight,MIDBLOCK,
11666,17-150913,20170708,BLUCHER ST btwn MARGARET AVE & ST LEGER ST,04-At/near private drive,09-Right shoulder,01-Clear,01-Daylight,MIDBLOCK,
11667,17-137577,20170622,BREITHAUPT ST btwn MOORE AVE & WATERLOO ST,04-At/near private drive,02-Thru lane,01-Clear,01-Daylight,MIDBLOCK,
11668,17-147856,20170704,BROKEN OAK CRES btwn WESTHEIGHTS DR & WESTHEIGHTS DR,04-At/near private drive,09-Right shoulder,01-Clear,01-Daylight,MIDBLOCK,
11669,16-150763,20160712,TUDOR ST btwn BANFFSHIRE ST & NEWCASTLE DR,04-At/near private drive,02-Thru lane,01-Clear,01-Daylight,MIDBLOCK,
11670,16-182945,20160821,BLUCHER ST btwn END & WEBER ST W,04-At/near private drive,09-Right shoulder,01-Clear,01-Daylight,MIDBLOCK,
11671,16-258752,20161123,FRANKLIN ST N btwn WEBER ST E & PROSPECT AVE,04-At/near private drive,02-Thru lane,02-Rain,"08-Dark, artificial",MIDBLOCK,
11672,16-270236,20161209,LITTLEFIELD CRES btwn WILLIAMSBURG RD & WILLIAMSBURG RD,04-At/near private drive,11-Not on roadway - right side,03-Snow,01-Daylight,MIDBLOCK,
11673,17-002849,20170105,CONESTOGA COLLEGE BLVD btwn DOON VALLEY DR & HOMER WATSON BLVD,98-Other,12-Off highway,03-Snow,"08-Dark, artificial",MIDBLOCK,
11674,16-270658,20161210,HURON RD btwn BATTLER RD & TEMPLEWOOD DR,99-Other,12-Off highway,03-Snow,07-Dark,MIDBLOCK,
11675,16-236303,20161026,MAX BECKER DR btwn ACTIVA AVE & BRIDLEWREATH ST,04-At/near private drive,02-Thru lane,01-Clear,01-Daylight,MIDBLOCK,
11676,16-255422,20161119,HIGHLAND RD W btwn LAWRENCE AVE & BUTLER LANE,04-At/near private drive,02-Thru lane,01-Clear,"08-Dark, artificial",MIDBLOCK,
11677,16-270349,20161209,UNION ST btwn EDWIN ST & OXFORD ST,04-At/near private drive,02-Thru lane,03-Snow,"08-Dark, artificial",MIDBLOCK,
11678,16-277266,20161219,PIONEER DR btwn HOMER WATSON BLVD & OLD CARRIAGE DR,99-Other,04-Right turn lane,01-Clear,01-Daylight,MIDBLOCK,
11679,16-273495,20161213,WESTMEADOW DR btwn JACQUELINE PL & BRAMBLEWOOD ST,04-At/near private drive,02-Thru lane,01-Clear,07-Dark,MIDBLOCK,
11680,16-274612,20161214,REIDEL DR btwn STAUFFER DR & NEW DUNDEE RD,01-Non intersection,02-Thru lane,03-Snow,01-Daylight,MIDBLOCK,
11681,16-258320,20161123,MT HOPE ST btwn KING ST W & PARK ST,01-Non intersection,09-Right shoulder,01-Clear,01-Daylight,MIDBLOCK,
11682,16-182867,20160821,ACTIVA AVE btwn WILDERNESS DR & COPPER LEAF ST,01-Non intersection,02-Thru lane,01-Clear,01-Daylight,MIDBLOCK,
11683,16-259842,20161124,ALPINE RD btwn FLINT DR & ALPINE CRT,01-Non intersection,02-Thru lane,02-Rain,"08-Dark, artificial",MIDBLOCK,
11684,16-202358,20160909,KING ST E btwn STIRLING AVE N & DANE ST,01-Non intersection,02-Thru lane,01-Clear,01-Daylight,MIDBLOCK,
11685,16-262538,20161129,DAVID ST btwn JOSEPH ST & COURTLAND AVE W,01-Non intersection,09-Right shoulder,01-Clear,07-Dark,MIDBLOCK,