OBJECTID,ACCIDENTNUM,ACCIDENTDATE,LOCATION,ACCIDENT_LOCATION,IMPACT_LOCATION,ENVIRONMENT_CONDITION,LIGHT,COLLISION_TYPE,TRAFFICCOLLISIONSID
11686,16-205486,20160917,BRIDGEPORT RD btwn LANCASTER ST W & RIVERBEND DR,01-Non intersection,02-Thru lane,02-Rain,01-Daylight,MIDBLOCK,
11687,16-272449,20161212,SHANLEY ST btwn WATERLOO ST & DUKE ST W,01-Non intersection,11-Not on roadway - right side,01-Clear,07-Dark,MIDBLOCK,
11688,16-269300,20161208,MORGAN AVE btwn GREENDALE CRES & BERWICK PL,01-Non intersection,02-Thru lane,03-Snow,01-Daylight,MIDBLOCK,
11689,16-237869,20161028,WELLINGTON ST N btwn SPRING VALLEY RD & CIRCA DR,01-Non intersection,09-Right shoulder,01-Clear,03-Dawn,MIDBLOCK,
11690,16-265168,20161202,PARK ST btwn VICTORIA ST S & CHERRY ST,04-At/near private drive,02-Thru lane,01-Clear,01-Daylight,MIDBLOCK,
11691,16-262904,20161129,TEMPLEWOOD DR btwn MARL MEADOW DR & MARIANNE DORN TRAIL,04-At/near private drive,02-Thru lane,01-Clear,"08-Dark, artificial",MIDBLOCK,
11692,16-265118,20161129,MADISON AVE S btwn COURTLAND AVE E & HOPP ST,04-At/near private drive,02-Thru lane,01-Clear,01-Daylight,MIDBLOCK,
11693,16-267358,20161201,HEINS AVE btwn JOSEPH ST & JUBILEE DR,04-At/near private drive,02-Thru lane,01-Clear,"08-Dark, artificial",MIDBLOCK,
11694,16-274277,20161214,SHOEMAKER ST btwn STRASBURG RD & TRILLIUM DR,04-At/near private drive,02-Thru lane,01-Clear,05-Dusk,MIDBLOCK,
11695,16-261996,20161128,FOREST GLEN CRES btwn FORESTWOOD DR & FOREST GLEN CRT,04-At/near private drive,02-Thru lane,01-Clear,03-Dawn,MIDBLOCK,
11696,16-277673,20161219,WOOLWICH ST btwn BRIDLE TRAIL & EXMOOR ST,04-At/near private drive,99-Other,01-Clear,07-Dark,MIDBLOCK,
11697,16-279132,20161221,STRASBURG RD btwn BLOCK LINE RD & OLD COUNTRY DR,04-At/near private drive,02-Thru lane,01-Clear,07-Dark,MIDBLOCK,
11698,16-282421,20161226,NORTH DR btwn SPADINA RD W & MARLBOROUGH AVE,04-At/near private drive,02-Thru lane,01-Clear,01-Daylight,MIDBLOCK,
11699,17-003404,20170104,APPALACHIAN CRES btwn KINGSWOOD DR & KINGSWOOD DR,04-At/near private drive,09-Right shoulder,01-Clear,"08-Dark, artificial",MIDBLOCK,
11700,17-006006,20170107,WESTMEADOW DR btwn SUNNY MEADOW CRT & MICHELLE CRT,04-At/near private drive,02-Thru lane,03-Snow,07-Dark,MIDBLOCK,
11701,16-267184,20161203,SECOND AVE btwn KINGSWAY DR & CONNAUGHT ST,04-At/near private drive,02-Thru lane,02-Rain,07-Dark,MIDBLOCK,
11702,16-270773,20161209,BRYBECK CRES btwn KARN ST & WESTMOUNT RD W,04-At/near private drive,12-Off highway,03-Snow,07-Dark,MIDBLOCK,
11703,16-259036,20161119,MADELEINE ST btwn ROCHEFORT ST & MAITLAND ST,04-At/near private drive,09-Right shoulder,01-Clear,01-Daylight,MIDBLOCK,
11704,16-237093,20161027,MAPLEWOOD PL btwn UNION ST & CUL DE SAC,04-At/near private drive,09-Right shoulder,02-Rain,01-Daylight,MIDBLOCK,
11705,16-280872,20161224,PARK ST btwn CHERRY ST & STEWART ST,04-At/near private drive,02-Thru lane,01-Clear,01-Daylight,MIDBLOCK,
11706,16-277429,20161219,VERONICA DR btwn END & BANCROFT ST,04-At/near private drive,02-Thru lane,01-Clear,01-Daylight,MIDBLOCK,
11707,16-260487,20161126,KARN ST btwn WEICHEL ST & WESTMOUNT RD W,04-At/near private drive,02-Thru lane,01-Clear,99-Other,MIDBLOCK,
11708,16-248322,20161110,KING ST E btwn STIRLING AVE N & DANE ST,04-At/near private drive,02-Thru lane,01-Clear,01-Daylight,MIDBLOCK,
11709,17-004094,20170106,BLACKWELL DR btwn WESTHEIGHTS DR & MONTEAGLE CRES,04-At/near private drive,02-Thru lane,01-Clear,01-Daylight,MIDBLOCK,
11710,16-282090,20161226,CAMERON ST N btwn TROY ST & SAMUEL ST,04-At/near private drive,02-Thru lane,04-Freezing Rain,03-Dawn,MIDBLOCK,
11711,16-224192,20161009,HIGHLAND CRES btwn HIGHLAND RD W & CAMROSE CRT,04-At/near private drive,02-Thru lane,01-Clear,01-Daylight,MIDBLOCK,
11712,16-276042,20161217,PINE ST btwn KING ST W & MARY ST,04-At/near private drive,02-Thru lane,01-Clear,01-Daylight,MIDBLOCK,
11713,16-274791,20161215,BRYBECK CRES btwn KARN ST & WESTMOUNT RD W,04-At/near private drive,02-Thru lane,03-Snow,"08-Dark, artificial",MIDBLOCK,
11714,16-274098,20161214,COUNTRY CLAIR ST btwn PEBBLECREEK DR & COUNTRY CLAIR PL,04-At/near private drive,11-Not on roadway - right side,03-Snow,"08-Dark, artificial",MIDBLOCK,
11715,17-012903,20161221,HIDDEN CREEK DR btwn END & HOLLYRIDGE CRES,04-At/near private drive,09-Right shoulder,01-Clear,"08-Dark, artificial",MIDBLOCK,
11716,16-225604,20161011,DUKE ST W btwn VICTORIA ST N & BREITHAUPT ST,04-At/near private drive,02-Thru lane,01-Clear,01-Daylight,MIDBLOCK,
11717,16-279754,20161222,ELIZA AVE btwn NYLES DR & GRAVEL RIDGE TRAIL,04-At/near private drive,09-Right shoulder,01-Clear,01-Daylight,MIDBLOCK,
11718,17-006112,20170109,PARK ST btwn DOMINION ST & STRANGE ST,04-At/near private drive,02-Thru lane,01-Clear,01-Daylight,MIDBLOCK,
11719,17-006165,20170108,BRIARFIELD ST btwn BRIARMEADOW DR & IDLE CREEK DR,04-At/near private drive,02-Thru lane,01-Clear,07-Dark,MIDBLOCK,
11720,16-278931,20161221,LEWIS CRES btwn MANOR DR & MANOR DR,04-At/near private drive,02-Thru lane,01-Clear,01-Daylight,MIDBLOCK,
11721,16-281860,20161224,QUINTE CRES btwn QUINTE CRT & MORRISON RD,04-At/near private drive,02-Thru lane,01-Clear,"08-Dark, artificial",MIDBLOCK,
11722,16-281578,20161225,KARN ST btwn ALICE AVE & WEICHEL ST,04-At/near private drive,02-Thru lane,01-Clear,"08-Dark, artificial",MIDBLOCK,
11723,16-249899,20161112,ACTIVA AVE btwn WILDERNESS DR & COPPER LEAF ST,04-At/near private drive,02-Thru lane,01-Clear,01-Daylight,MIDBLOCK,
11724,16-280216,20161223,THALER AVE btwn KINZIE AVE & FAIRWAY RD N,04-At/near private drive,02-Thru lane,01-Clear,07-Dark,MIDBLOCK,
11725,16-269583,20161208,OLD ZELLER DR btwn EDEN OAK TRL & PEBBLECREEK DR,04-At/near private drive,02-Thru lane,03-Snow,"08-Dark, artificial",MIDBLOCK,
11726,17-005893,20170109,FRANKLIN ST N btwn DREGER AVE & OTTAWA ST N,04-At/near private drive,02-Thru lane,03-Snow,"08-Dark, artificial",MIDBLOCK,
11727,16-281367,20161224,LOUISA ST btwn KING ST W & MOORE AVE,04-At/near private drive,02-Thru lane,01-Clear,"08-Dark, artificial",MIDBLOCK,
11728,16-276663,20161217,SASSAFRAS ST btwn COUNTRYSTONE CRES & COUNTRYSTONE CRES,04-At/near private drive,02-Thru lane,02-Rain,01-Daylight,MIDBLOCK,
11729,16-276410,20161218,VILLAGE RD btwn WESTMOUNT RD E & VILLAGE CRES,04-At/near private drive,11-Not on roadway - right side,03-Snow,"08-Dark, artificial",MIDBLOCK,
11730,16-275766,20161216,HEARTHWOOD CRES btwn HEARTHWOOD DR & HEARTHWOOD DR,04-At/near private drive,02-Thru lane,99-Other,07-Dark,MIDBLOCK,
11731,16-274026,20161214,HOLBORN DR btwn CARNABY CRES & MAYFAIR CRT,04-At/near private drive,02-Thru lane,03-Snow,"08-Dark, artificial",MIDBLOCK,
11732,16-282388,20161224,MARLIS CRES btwn ERINBROOK DR & ERINBROOK DR,04-At/near private drive,02-Thru lane,01-Clear,01-Daylight,MIDBLOCK,
11733,16-282552,20161226,GILMOUR CRES btwn WESTMOUNT RD E & WESTMOUNT RD E,01-Non intersection,02-Thru lane,01-Clear,01-Daylight,MIDBLOCK,
11734,16-266392,20161204,HIGHLAND RD E btwn RUBY ST & SPADINA RD E,01-Non intersection,11-Not on roadway - right side,01-Clear,"08-Dark, artificial",MIDBLOCK,
11735,16-284891,20161230,SHIRLEY DR btwn CEDARVIEW PL & CRESTVIEW PL,01-Non intersection,10-Not on roadway - left side,01-Clear,"08-Dark, artificial",MIDBLOCK,
11736,17-003261,20170103,PATRICIA AVE btwn HIGHLAND RD W & METZLOFF DR,01-Non intersection,02-Thru lane,02-Rain,01-Daylight,MIDBLOCK,
11737,16-275777,20161217,KINGSWAY DR btwn GREENFIELD AVE & WILSON AVE,01-Non intersection,02-Thru lane,03-Snow,01-Daylight,MIDBLOCK,
11738,16-251570,20161114,STANLEY AVE btwn BLOOMINGDALE RD & SCHWEITZER ST,01-Non intersection,02-Thru lane,01-Clear,07-Dark,MIDBLOCK,
11739,16-276280,20161217,SHIRLEY AVE btwn RIVERBEND DR & BINGEMANS CENTRE DR,01-Non intersection,09-Right shoulder,03-Snow,07-Dark,MIDBLOCK,
11740,16-271680,20161211,CARWOOD AVE btwn DOON RD & DIXON ST,01-Non intersection,08-Left shoulder,03-Snow,07-Dark,MIDBLOCK,
11741,16-273525,20161214,BANKSIDE DR btwn BANKSIDE CRES & WESTFOREST TRAIL,01-Non intersection,02-Thru lane,01-Clear,01-Daylight,MIDBLOCK,
11742,16-270380,20161209,STRASBURG RD btwn CHANDLER DR & OTTAWA ST S,01-Non intersection,02-Thru lane,03-Snow,07-Dark,MIDBLOCK,
11743,17-000900,20170101,VANIER DR btwn SIEBERT AVE & TRAYNOR AVE,01-Non intersection,02-Thru lane,01-Clear,01-Daylight,MIDBLOCK,
11744,17-003916,20170105,MOUNTAIN LAUREL CRES btwn BRIDLEWREATH ST & BERRY MOSS ST,01-Non intersection,02-Thru lane,01-Clear,"08-Dark, artificial",MIDBLOCK,
11745,16-276555,20161218,FOREST CREEK DR btwn CREEK RIDGE ST & PONDCLIFFE DR,01-Non intersection,02-Thru lane,03-Snow,01-Daylight,MIDBLOCK,
11746,16-284842,20161230,MAX BECKER DR btwn ACTIVA AVE & BRIDLEWREATH ST,01-Non intersection,02-Thru lane,03-Snow,07-Dark,MIDBLOCK,
11747,16-269586,20161208,KING ST E btwn ONWARD AVE & OTTAWA ST S,01-Non intersection,02-Thru lane,03-Snow,07-Dark,MIDBLOCK,
11748,16-279339,20161219,FRANKLIN ST N btwn SHUH AVE & TRAFALGAR AVE,01-Non intersection,02-Thru lane,01-Clear,07-Dark,MIDBLOCK,
11749,16-268315,20161206,UNION BLVD btwn BELMONT AVE W & SEVERN AVE,01-Non intersection,09-Right shoulder,02-Rain,"08-Dark, artificial",MIDBLOCK,
11750,16-226466,20161013,STIRLING AVE S btwn CHARLES ST E & FORK IN ROAD,01-Non intersection,02-Thru lane,01-Clear,01-Daylight,MIDBLOCK,
11751,16-268212,20161206,STIRLING AVE S btwn COURTLAND AVE E & MILL ST,01-Non intersection,02-Thru lane,01-Clear,01-Daylight,MIDBLOCK,
11752,16-270837,20161210,GLASGOW ST btwn YORK ST & EDEN AVE,01-Non intersection,11-Not on roadway - right side,03-Snow,01-Daylight,MIDBLOCK,
11753,16-269950,20161209,PARK ST btwn GILDNER ST & WOOD ST,01-Non intersection,02-Thru lane,01-Clear,01-Daylight,MIDBLOCK,
11754,16-278026,20161220,DUKE ST W btwn VICTORIA ST N & BREITHAUPT ST,01-Non intersection,02-Thru lane,01-Clear,01-Daylight,MIDBLOCK,
11755,16-284068,20161229,SPRING VALLEY RD btwn GUELPH ST & WELLINGTON ST N,01-Non intersection,11-Not on roadway - right side,03-Snow,"08-Dark, artificial",MIDBLOCK,
11756,16-284726,20161229,BIEHN DR btwn MAXWELL DR & BLACK WALNUT DR,01-Non intersection,02-Thru lane,01-Clear,07-Dark,MIDBLOCK,
11757,16-277516,20161218,CAMERON ST N btwn DUKE ST E & WEBER ST E,01-Non intersection,99-Other,01-Clear,01-Daylight,MIDBLOCK,
11758,16-232366,20161020,HIGHLAND RD E btwn STIRLING AVE S & MAUSSER AVE,04-At/near private drive,02-Thru lane,02-Rain,01-Daylight,MIDBLOCK,
11759,16-222349,20161007,HOMER WATSON BLVD btwn OTTAWA ST S & HANSON AVE,01-Non intersection,02-Thru lane,01-Clear,01-Daylight,MIDBLOCK,
11760,16-240893,20161031,TRUSSLER RD btwn COSTAIN CRT & HIGHVIEW DR,01-Non intersection,10-Not on roadway - left side,01-Clear,07-Dark,MIDBLOCK,
11761,16-281971,20161226,COLTON CIR btwn AMELIA ST & AMELIA ST,01-Non intersection,02-Thru lane,02-Rain,03-Dawn,MIDBLOCK,
11762,16-283251,20161228,DRIFTWOOD DR btwn PARKLAND CRES & YELLOW BIRCH DR,04-At/near private drive,02-Thru lane,01-Clear,01-Daylight,MIDBLOCK,
11763,16-285117,20161231,SCOTT ST btwn KING ST E & MARKET LANE,01-Non intersection,09-Right shoulder,01-Clear,03-Dawn,MIDBLOCK,
11764,16-272998,20161213,MOOREGATE CRES btwn HAZELGLEN DR & HAZELGLEN DR,04-At/near private drive,02-Thru lane,01-Clear,01-Daylight,MIDBLOCK,
11765,16-255886,20161120,BRIARMEADOW DR btwn SANDWELL CRT & BRIARFIELD ST,04-At/near private drive,10-Not on roadway - left side,01-Clear,01-Daylight,MIDBLOCK,
11766,17-062476,20170323,WELLINGTON ST S btwn KING ST W & WALTER ST,04-At/near private drive,02-Thru lane,01-Clear,01-Daylight,MIDBLOCK,
11767,17-019573,20170127,QUEENS BLVD btwn BELMONT AVE E & BLUERIDGE AVE,01-Non intersection,11-Not on roadway - right side,03-Snow,01-Daylight,MIDBLOCK,
11768,17-026111,20170205,QUEENS BLVD btwn PLEASANT AVE & BARCLAY AVE,04-At/near private drive,02-Thru lane,03-Snow,01-Daylight,MIDBLOCK,
11769,17-020014,20170128,GLASGOW ST btwn IRA NEEDLES BLVD & HIGHLAND RD W,04-At/near private drive,09-Right shoulder,01-Clear,07-Dark,MIDBLOCK,
11770,17-027730,20170207,GOUDIES LANE btwn QUEEN ST N & FREDERICK ST,01-Non intersection,02-Thru lane,02-Rain,01-Daylight,MIDBLOCK,
11771,17-006218,20170109,GRAY ST btwn CASEY DR & QUAISER ST,01-Non intersection,02-Thru lane,01-Clear,01-Daylight,MIDBLOCK,
11772,17-006776,20170110,GREENFIELD AVE btwn TRAYNOR AVE & KINGSWAY DR,04-At/near private drive,02-Thru lane,03-Snow,01-Daylight,MIDBLOCK,
11773,17-062577,20170323,STOKE DR btwn LENNOX CRES & MEDFORD ST,04-At/near private drive,02-Thru lane,01-Clear,01-Daylight,MIDBLOCK,
11774,17-032883,20170214,BRYBECK CRES btwn KARN ST & WESTMOUNT RD W,01-Non intersection,12-Off highway,01-Clear,01-Daylight,MIDBLOCK,
11775,17-025404,20170202,ROSS AVE btwn SHANTZ LANE & WILFRED AVE,04-At/near private drive,02-Thru lane,01-Clear,01-Daylight,MIDBLOCK,
11776,17-008415,20170112,ROY ST btwn QUEEN ST N & YOUNG ST,04-At/near private drive,09-Right shoulder,01-Clear,01-Daylight,MIDBLOCK,
11777,16-279611,20161222,HARVEST CRT btwn DOON VILLAGE RD & CUL DE SAC,01-Non intersection,02-Thru lane,01-Clear,01-Daylight,MIDBLOCK,
11778,17-032901,20170213,CEDAR CREST ST btwn SUGAR MAPLE ST & YELLOW BIRCH DR,04-At/near private drive,02-Thru lane,01-Clear,"06-Dusk, artificial",MIDBLOCK,
11779,17-033090,20170214,BELMONT AVE W btwn GAGE AVE & GLASGOW ST,04-At/near private drive,02-Thru lane,01-Clear,01-Daylight,MIDBLOCK,
11780,17-033656,20170215,MCGARRY DR btwn BROOKSIDE CRES & ROYAL ORCHARD DR,01-Non intersection,02-Thru lane,01-Clear,01-Daylight,MIDBLOCK,
11781,17-028391,20170208,SADDLEWOOD DR btwn WOODCREST CRT & TIMBER RIDGE CRT,01-Non intersection,09-Right shoulder,01-Clear,01-Daylight,MIDBLOCK,
11782,17-002918,20170105,SHIRLEY AVE btwn RIVERBEND DR & BINGEMANS CENTRE DR,01-Non intersection,02-Thru lane,01-Clear,03-Dawn,MIDBLOCK,
11783,17-008622,20170112,SILVERSPRING CRES btwn WARREN RD & QUEENS BLVD,04-At/near private drive,02-Thru lane,01-Clear,07-Dark,MIDBLOCK,
11784,16-281759,20161226,STIRLING AVE S btwn ST CLAIR AVE & PLEASANT AVE,01-Non intersection,09-Right shoulder,04-Freezing Rain,03-Dawn,MIDBLOCK,
11785,17-005188,20170108,HIDDEN CREEK DR btwn HOLLYRIDGE CRES & WESTFOREST TRAIL,04-At/near private drive,10-Not on roadway - left side,03-Snow,07-Dark,MIDBLOCK,
11786,17-034041,20170214,TALBOT ST btwn PATRICIA AVE & BELMONT AVE W,01-Non intersection,02-Thru lane,01-Clear,01-Daylight,MIDBLOCK,
11787,17-040091,20170222,TALBOT ST btwn PATRICIA AVE & BELMONT AVE W,04-At/near private drive,02-Thru lane,01-Clear,"08-Dark, artificial",MIDBLOCK,
11788,17-124706,20170607,BECHTEL DR btwn PIONEER DR & DOON VILLAGE RD,01-Non intersection,02-Thru lane,01-Clear,01-Daylight,MIDBLOCK,
11789,17-034195,20170215,STIRLING AVE S btwn CHARLES ST E & FORK IN ROAD,01-Non intersection,04-Right turn lane,01-Clear,"08-Dark, artificial",MIDBLOCK,
11790,17-025480,20170203,STIRLING AVE S btwn MILL ST & RUSSEL ST,04-At/near private drive,02-Thru lane,01-Clear,01-Daylight,MIDBLOCK,
11791,17-013881,20170119,THE COUNTRY WAY btwn SETTLERS DR & OLD COUNTRY DR,04-At/near private drive,12-Off highway,"07-Fog, mist, smoke, dust","08-Dark, artificial",MIDBLOCK,
11792,17-021559,20170130,TRILLIUM DR btwn SHOEMAKER ST & STRASBURG RD,04-At/near private drive,04-Right turn lane,01-Clear,07-Dark,MIDBLOCK,
11793,16-283946,20161229,TUERR DR btwn THE COUNTRY WAY & COUNTRYSIDE CRES,01-Non intersection,11-Not on roadway - right side,03-Snow,01-Daylight,MIDBLOCK,
11794,17-044727,20170228,MARGARET AVE btwn QUEEN ST N & MAYNARD AVE,01-Non intersection,09-Right shoulder,01-Clear,01-Daylight,MIDBLOCK,
11795,17-037879,20170220,COTTON GRASS ST btwn DUBRICK CRES & COMMONWEALTH ST,01-Non intersection,02-Thru lane,01-Clear,01-Daylight,MIDBLOCK,
11796,17-038748,20170218,WESTMEADOW DR btwn WINDING MEADOW CRT & SUNNY MEADOW CRT,04-At/near private drive,02-Thru lane,01-Clear,07-Dark,MIDBLOCK,
11797,17-012209,20170117,UNION ST btwn MARGARET AVE & SUNSET PL,01-Non intersection,02-Thru lane,02-Rain,"06-Dusk, artificial",MIDBLOCK,
11798,17-011550,20170116,UPLANDS DR btwn CLOVERDALE CRES & CLOVERDALE CRES,04-At/near private drive,02-Thru lane,01-Clear,05-Dusk,MIDBLOCK,
11799,16-269435,20161208,LAWRENCE AVE btwn HIGHLAND RD W & PAULANDER DR,04-At/near private drive,02-Thru lane,03-Snow,01-Daylight,MIDBLOCK,
11800,17-040758,20170224,HIGHBROOK ST btwn BLOCK LINE RD & HIGHBROOK CRT,01-Non intersection,12-Off highway,01-Clear,"08-Dark, artificial",MIDBLOCK,
11801,17-045127,20170301,GLASGOW ST btwn KNELL DR & WESTWOOD DR,98-Other,09-Right shoulder,01-Clear,01-Daylight,MIDBLOCK,
11802,17-060613,20170321,KINGSWAY DR btwn GREENFIELD AVE & WILSON AVE,04-At/near private drive,03-Left turn lane,01-Clear,01-Daylight,MIDBLOCK,
11803,17-060799,20170321,GRACEFIELD CRES btwn KINGSWOOD DR & KINGSWOOD DR,04-At/near private drive,02-Thru lane,01-Clear,01-Daylight,MIDBLOCK,
11804,17-019605,20170127,WATER ST N btwn WATER ST S & BELL LANE,01-Non intersection,09-Right shoulder,03-Snow,01-Daylight,MIDBLOCK,
11805,17-039774,20170222,CARSON DR btwn STRATHCONA CRES & LORRAINE AVE,04-At/near private drive,09-Right shoulder,01-Clear,01-Daylight,MIDBLOCK,
11806,17-023963,20170131,WATER ST N btwn BELL LANE & DUKE ST W,01-Non intersection,09-Right shoulder,01-Clear,01-Daylight,MIDBLOCK,
11807,17-012588,20170118,WAVERLY RD btwn STRANGE ST & GAGE AVE,04-At/near private drive,02-Thru lane,01-Clear,01-Daylight,MIDBLOCK,
11808,16-276202,20161217,WELLINGTON ST N btwn SPRING VALLEY RD & CIRCA DR,01-Non intersection,02-Thru lane,04-Freezing Rain,07-Dark,MIDBLOCK,
11809,17-040984,20170224,BLACKWELL DR btwn MONTANA CRES & CLAYCROFT CRES,01-Non intersection,02-Thru lane,"07-Fog, mist, smoke, dust",01-Daylight,MIDBLOCK,
11810,17-041054,20170224,IRVIN ST btwn SCOTT ST & LANCASTER ST E,01-Non intersection,09-Right shoulder,01-Clear,01-Daylight,MIDBLOCK,
11811,17-041286,20170223,WATERLOO ST btwn SHANLEY ST & BISMARK AVE,01-Non intersection,09-Right shoulder,01-Clear,"08-Dark, artificial",MIDBLOCK,
11812,17-020688,20170128,WILDERNESS DR btwn PINE MARTIN CRES & ACTIVA AVE,01-Non intersection,02-Thru lane,03-Snow,07-Dark,MIDBLOCK,
11813,17-028583,20170208,WILSON AVE btwn KINGSWAY DR & FAIRWAY RD S,04-At/near private drive,02-Thru lane,01-Clear,01-Daylight,MIDBLOCK,
11814,17-036541,20170218,HUCK CRES btwn HIGHGATE RD & UDVARI CRES,01-Non intersection,09-Right shoulder,01-Clear,05-Dusk,MIDBLOCK,
11815,17-037217,20170217,CAMBRIDGE AVE btwn FIFE AVE & HEATHER AVE,01-Non intersection,02-Thru lane,01-Clear,01-Daylight,MIDBLOCK,
11816,17-037816,20170218,HUBER ST btwn KINZIE AVE & FLORENCE AVE,01-Non intersection,02-Thru lane,01-Clear,07-Dark,MIDBLOCK,
11817,17-016628,20170122,WOODPOPPY CRT btwn GREY FOX DR & CUL DE SAC,04-At/near private drive,02-Thru lane,01-Clear,01-Daylight,MIDBLOCK,
11818,17-026787,20170203,WOOLWICH ST btwn SUNBRIDGE CRES & FALCONRIDGE DR,04-At/near private drive,02-Thru lane,01-Clear,"08-Dark, artificial",MIDBLOCK,
11819,17-004390,20170107,FRANKLIN ST N btwn TRAFALGAR AVE & KENNETH AVE,01-Non intersection,10-Not on roadway - left side,01-Clear,"08-Dark, artificial",MIDBLOCK,
11820,17-021025,20170128,LENNOX LEWIS WAY btwn BLOCK LINE RD & ARDELT AVE,04-At/near private drive,02-Thru lane,03-Snow,"08-Dark, artificial",MIDBLOCK,
11821,17-007622,20170109,LYNNHAVEN CRT btwn FENWICK CRT & CUL DE SAC,04-At/near private drive,02-Thru lane,01-Clear,07-Dark,MIDBLOCK,
11822,17-018281,20170125,RIVER RD E btwn LORRAINE AVE & GIBSON DR,01-Non intersection,99-Other,02-Rain,"08-Dark, artificial",MIDBLOCK,
11823,17-024110,20170202,FRANKLIN ST N btwn WEBER ST E & PROSPECT AVE,04-At/near private drive,02-Thru lane,01-Clear,01-Daylight,MIDBLOCK,
11824,17-016445,20161223,ADELAIDE ST btwn BELMONT AVE W & LAWRENCE AVE,04-At/near private drive,02-Thru lane,01-Clear,07-Dark,MIDBLOCK,
11825,17-021694,20170129,APPLE RIDGE DR btwn DOON MILLS DR & OAKDALE CRT,01-Non intersection,02-Thru lane,01-Clear,07-Dark,MIDBLOCK,
11826,17-026238,20170205,RIVER RD E btwn HALLIWELL DR & LORRAINE AVE,01-Non intersection,03-Left turn lane,01-Clear,01-Daylight,MIDBLOCK,
11827,17-019551,20170127,DOON MILLS DR btwn SUGARMILL CRT & PINE VALLEY DR,01-Non intersection,11-Not on roadway - right side,03-Snow,01-Daylight,MIDBLOCK,
11828,16-279881,20161222,BIEHN DR btwn ROBERTSON CRES & CARYNDALE DR,01-Non intersection,08-Left shoulder,01-Clear,07-Dark,MIDBLOCK,
11829,17-005827,20170109,BLOCK LINE RD btwn RITTENHOUSE RD & STRASBURG RD,99-Other,12-Off highway,03-Snow,01-Daylight,MIDBLOCK,
11830,17-001622,20170103,MONTANA CRES btwn BLACKWELL DR & BLACKWELL DR,04-At/near private drive,02-Thru lane,02-Rain,01-Daylight,MIDBLOCK,
11831,17-011438,20170114,NINTH AVE btwn CONNAUGHT ST & GREENFIELD AVE,04-At/near private drive,02-Thru lane,01-Clear,"08-Dark, artificial",MIDBLOCK,
11832,17-016066,20170122,OLD CARRIAGE DR btwn OLD CARRIAGE CRT & HOMER WATSON BLVD,04-At/near private drive,02-Thru lane,01-Clear,07-Dark,MIDBLOCK,
11833,17-011718,20170117,OLD HURON RD btwn MAXWELL DR & BATTLER RD,01-Non intersection,02-Thru lane,04-Freezing Rain,"08-Dark, artificial",MIDBLOCK,
11834,17-016711,20170123,OLIVER CRT btwn EASTFOREST TRAIL & CUL DE SAC,04-At/near private drive,02-Thru lane,01-Clear,07-Dark,MIDBLOCK,
11835,17-000249,20170101,OVERLEA DR btwn WESTMOUNT RD W & CECILE DR,01-Non intersection,12-Off highway,01-Clear,01-Daylight,MIDBLOCK,
11836,17-005500,20170108,KINGSWAY DR btwn CEDARWOODS CRES & GREENFIELD AVE,01-Non intersection,02-Thru lane,01-Clear,01-Daylight,MIDBLOCK,
11837,17-023836,20170201,CHANDLER DR btwn STRASBURG RD & WOODFERN CRT,01-Non intersection,02-Thru lane,03-Snow,07-Dark,MIDBLOCK,
11838,16-274290,20161215,PARK ST btwn STEWART ST & AGNES ST,07-Overpass or bridge,02-Thru lane,03-Snow,01-Daylight,MIDBLOCK,
11839,17-009859,20170113,PARKVALE DR btwn PARKVALE CRT & BIANCA CRT,04-At/near private drive,02-Thru lane,01-Clear,01-Daylight,MIDBLOCK,
11840,17-018298,20170123,PINNACLE DR btwn AMHERST DR & DOON VALLEY DR,99-Other,12-Off highway,01-Clear,01-Daylight,MIDBLOCK,
11841,17-020252,20170127,COUNTRY CLAIR ST btwn COUNTRY CLAIR PL & LANDGREN CRT,01-Non intersection,02-Thru lane,99-Other,07-Dark,MIDBLOCK,
11842,17-006695,20170110,PIONEER DR btwn UPPER CANADA DR & DOON VILLAGE RD,04-At/near private drive,11-Not on roadway - right side,03-Snow,01-Daylight,MIDBLOCK,
11843,17-023803,20170201,FERGUS AVE btwn OBERMEYER DR & RUTHERFORD DR,04-At/near private drive,02-Thru lane,01-Clear,05-Dusk,MIDBLOCK,
11844,17-050432,20170308,ROCHEFORT ST btwn CANNES ST & TOTTENHAM ST,04-At/near private drive,02-Thru lane,01-Clear,01-Daylight,MIDBLOCK,
11845,17-031457,20170212,CENTURY HILL DR btwn DEVONGLEN DR & SOUTHWOOD DR,01-Non intersection,09-Right shoulder,03-Snow,01-Daylight,MIDBLOCK,
11846,17-052279,20170310,SHIRLEY AVE btwn RIVERBEND DR & BINGEMANS CENTRE DR,01-Non intersection,02-Thru lane,01-Clear,01-Daylight,MIDBLOCK,
11847,17-053666,20170312,KRUG ST btwn DUMFRIES AVE & BECKER ST,04-At/near private drive,02-Thru lane,01-Clear,01-Daylight,MIDBLOCK,
11848,17-054302,20170313,FIRST AVE btwn SECOND AVE & DIXON ST,01-Non intersection,11-Not on roadway - right side,03-Snow,01-Daylight,MIDBLOCK,
11849,17-031568,20170212,SILVER ASPEN CRES btwn ELM RIDGE DR & ELM RIDGE DR,01-Non intersection,02-Thru lane,01-Clear,01-Daylight,MIDBLOCK,
11850,17-031706,20170212,NEWCASTLE DR btwn TUDOR ST & ROCKCLIFFE DR,01-Non intersection,09-Right shoulder,03-Snow,01-Daylight,MIDBLOCK,
11851,17-032242,20170211,APPALACHIAN CRES btwn KINGSWOOD DR & KINGSWOOD DR,04-At/near private drive,02-Thru lane,01-Clear,01-Daylight,MIDBLOCK,
11852,17-054428,20170310,MADISON AVE S btwn CHARLES ST E & CHURCH ST,01-Non intersection,02-Thru lane,03-Snow,01-Daylight,MIDBLOCK,
11853,17-054431,20170313,ADELAIDE ST btwn BELMONT AVE W & LAWRENCE AVE,01-Non intersection,02-Thru lane,03-Snow,01-Daylight,MIDBLOCK,
11854,17-054463,20170313,SPRING VALLEY RD btwn GUELPH ST & WELLINGTON ST N,01-Non intersection,11-Not on roadway - right side,03-Snow,01-Daylight,MIDBLOCK,
11855,17-054469,20170313,RIVERBEND DR btwn GUELPH ST & BRIDGEPORT RD,01-Non intersection,11-Not on roadway - right side,03-Snow,01-Daylight,MIDBLOCK,
11856,17-055095,20170314,WILSON AVE btwn GOODRICH DR & WABANAKI DR,01-Non intersection,02-Thru lane,01-Clear,01-Daylight,MIDBLOCK,