OBJECTID,ACCIDENTNUM,ACCIDENTDATE,LOCATION,ACCIDENT_LOCATION,IMPACT_LOCATION,ENVIRONMENT_CONDITION,LIGHT,COLLISION_TYPE,TRAFFICCOLLISIONSID
11857,17-054547,20170313,RIVERBEND DR btwn GUELPH ST & BRIDGEPORT RD,01-Non intersection,11-Not on roadway - right side,01-Clear,07-Dark,MIDBLOCK,
11858,17-054532,20170313,BINGEMANS CENTRE DR btwn RIVERBEND DR & SHIRLEY DR,01-Non intersection,02-Thru lane,03-Snow,05-Dusk,MIDBLOCK,
11859,17-071719,20170403,WILSON AVE btwn GOODRICH DR & WABANAKI DR,01-Non intersection,02-Thru lane,02-Rain,07-Dark,MIDBLOCK,
11860,17-072362,20170404,WINDALE CRES btwn VALLEYVIEW RD & HOWE DR,01-Non intersection,02-Thru lane,01-Clear,01-Daylight,MIDBLOCK,
11861,17-037229,20170217,WINDALE CRES btwn VALLEYVIEW RD & HOWE DR,04-At/near private drive,09-Right shoulder,01-Clear,05-Dusk,MIDBLOCK,
11862,17-081680,20170415,WINDALE CRES btwn VALLEYVIEW RD & HOWE DR,01-Non intersection,02-Thru lane,01-Clear,01-Daylight,MIDBLOCK,
11863,17-055053,20170314,CYPRUS DR btwn WARREN RD & RUSSET PL,01-Non intersection,11-Not on roadway - right side,03-Snow,01-Daylight,MIDBLOCK,
11864,17-055092,20170314,MILL ST btwn BORDEN PKY & MILL ST,01-Non intersection,02-Thru lane,01-Clear,01-Daylight,MIDBLOCK,
11865,17-055788,20170315,WABANAKI DR btwn WILSON AVE & GOODRICH DR,04-At/near private drive,10-Not on roadway - left side,01-Clear,01-Daylight,MIDBLOCK,
11866,17-069103,20170331,ALPINE RD btwn FLINT DR & ALPINE CRT,04-At/near private drive,02-Thru lane,"07-Fog, mist, smoke, dust",01-Daylight,MIDBLOCK,
11867,17-076867,20170410,AUTUMN HILL CRES btwn BLUE SPRUCE CRT & WESTHEIGHTS DR,04-At/near private drive,02-Thru lane,01-Clear,01-Daylight,MIDBLOCK,
11868,17-044969,20170301,BELMONT AVE W btwn CLAREMONT AVE & ARGYLE ST,01-Non intersection,02-Thru lane,02-Rain,01-Daylight,MIDBLOCK,
11869,17-058221,20170318,BELMONT AVE W btwn ROCK AVE & CLAREMONT AVE,01-Non intersection,02-Thru lane,03-Snow,01-Daylight,MIDBLOCK,
11870,17-056346,20170315,STRASBURG RD btwn BLOCK LINE RD & OLD COUNTRY DR,04-At/near private drive,02-Thru lane,01-Clear,01-Daylight,MIDBLOCK,
11871,17-068465,20170330,COSTAIN CRT btwn TRUSSLER RD & CUL DE SAC,04-At/near private drive,12-Off highway,02-Rain,07-Dark,MIDBLOCK,
11872,17-079465,20170410,DOON VALLEY DR btwn DURHAM ST & CONESTOGA COLLEGE BLVD,01-Non intersection,02-Thru lane,02-Rain,07-Dark,MIDBLOCK,
11873,17-057655,20170317,DOON VILLAGE RD btwn HOMER WATSON BLVD & MILLWOOD CRES,04-At/near private drive,02-Thru lane,01-Clear,"08-Dark, artificial",MIDBLOCK,
11874,17-064735,20170326,WELLINGTON ST N btwn DUKE ST W & WEBER ST W,99-Other,12-Off highway,01-Clear,01-Daylight,MIDBLOCK,
11875,17-058344,20170318,WALTER ST btwn AGNES ST & GLASGOW ST,04-At/near private drive,02-Thru lane,03-Snow,01-Daylight,MIDBLOCK,
11876,17-063965,20170325,EAGLECREST ST btwn FALCONRIDGE DR & GREYHAWK ST,04-At/near private drive,02-Thru lane,01-Clear,07-Dark,MIDBLOCK,
11877,18-008908,20180112,RISTAU CRES btwn DINISON CRES & RISTAU PL,04-At/near private drive,09-Right shoulder,02-Rain,01-Daylight,MIDBLOCK,
11878,17-293704,20171229,FIRST AVE btwn SECOND AVE & DIXON ST,01-Non intersection,10-Not on roadway - left side,04-Freezing Rain,07-Dark,MIDBLOCK,
11879,18-004100,20180106,FLINT DR btwn KINGSWOOD DR & ALPINE RD,04-At/near private drive,02-Thru lane,01-Clear,01-Daylight,MIDBLOCK,
11880,18-007940,20180110,FOREST EDGE TRAIL btwn AUTUMN RIDGE TRAIL & CHESTNUT HILL CRES,01-Non intersection,02-Thru lane,02-Rain,07-Dark,MIDBLOCK,
11881,17-294818,20171231,MARGARET AVE btwn FAIRFIELD AVE & HARTWOOD AVE,01-Non intersection,11-Not on roadway - right side,01-Clear,07-Dark,MIDBLOCK,
11882,18-009042,20180112,MARGARET AVE btwn QUEEN ST N & MAYNARD AVE,01-Non intersection,02-Thru lane,02-Rain,01-Daylight,MIDBLOCK,
11883,17-295080,20171231,MARKET LANE btwn MOYER PL & EBY ST N,04-At/near private drive,02-Thru lane,01-Clear,01-Daylight,MIDBLOCK,
11884,17-259175,20171115,MARKWOOD DR btwn ROSSFORD CRES & HAZELGLEN DR,01-Non intersection,09-Right shoulder,01-Clear,01-Daylight,MIDBLOCK,
11885,18-002544,20180104,FOXGLOVE CRES btwn PROSPERITY DR & EVERGLADE CRES,04-At/near private drive,09-Right shoulder,01-Clear,01-Daylight,MIDBLOCK,
11886,18-000877,20180102,FRANKLIN ST N btwn WEBER ST E & PROSPECT AVE,04-At/near private drive,09-Right shoulder,01-Clear,01-Daylight,MIDBLOCK,
11887,17-254812,20171109,FRANKLIN ST S btwn CONNAUGHT ST & GREENFIELD AVE,01-Non intersection,02-Thru lane,02-Rain,01-Daylight,MIDBLOCK,
11888,17-269053,20171127,MAX BECKER DR btwn ISABELLA ST & COMMONWEALTH ST,04-At/near private drive,02-Thru lane,01-Clear,01-Daylight,MIDBLOCK,
11889,17-294413,20171228,MAX BECKER DR btwn ACTIVA AVE & BRIDLEWREATH ST,04-At/near private drive,12-Off highway,01-Clear,"08-Dark, artificial",MIDBLOCK,
11890,18-017280,20180122,SHIRLEY AVE btwn RIVERBEND DR & BINGEMANS CENTRE DR,01-Non intersection,02-Thru lane,01-Clear,05-Dusk,MIDBLOCK,
11891,17-292321,20171227,SHIRLEY AVE btwn RIVERBEND DR & BINGEMANS CENTRE DR,01-Non intersection,02-Thru lane,01-Clear,"08-Dark, artificial",MIDBLOCK,
11892,17-290333,20171223,KINGSWAY DR btwn GREENFIELD AVE & WILSON AVE,04-At/near private drive,02-Thru lane,01-Clear,"08-Dark, artificial",MIDBLOCK,
11893,17-286511,20171219,GAGE AVE btwn WAVERLY RD & BELMONT AVE W,04-At/near private drive,02-Thru lane,01-Clear,03-Dawn,MIDBLOCK,
11894,18-011463,20180113,MIDLAND DR btwn OTTAWA ST N & DOOLEY DR,04-At/near private drive,02-Thru lane,01-Clear,"08-Dark, artificial",MIDBLOCK,
11895,18-000918,20180101,APPLE RIDGE DR btwn OAKDALE CRT & RIDGEMERE ST,04-At/near private drive,02-Thru lane,01-Clear,01-Daylight,MIDBLOCK,
11896,18-006431,20180108,AUTUMN HILL CRES btwn CRICKET HOLLOW & BLUE SPRUCE CRT,04-At/near private drive,02-Thru lane,03-Snow,"06-Dusk, artificial",MIDBLOCK,
11897,18-007837,20180111,TU LANE ST btwn KING ST E & GATEWAY PARK DR,01-Non intersection,02-Thru lane,01-Clear,01-Daylight,MIDBLOCK,
11898,17-279407,20171209,GLASGOW ST btwn KNELL DR & WESTWOOD DR,01-Non intersection,99-Other,03-Snow,"08-Dark, artificial",MIDBLOCK,
11899,17-287296,20171220,BECHTEL DR btwn PIONEER DR & DOON VILLAGE RD,01-Non intersection,02-Thru lane,01-Clear,01-Daylight,MIDBLOCK,
11900,17-256790,20171112,BELMONT AVE W btwn UNION BLVD & WATERLOO BOUNDARY,01-Non intersection,02-Thru lane,01-Clear,07-Dark,MIDBLOCK,
11901,17-274895,20171204,BELMONT AVE W btwn GAGE AVE & GLASGOW ST,01-Non intersection,09-Right shoulder,01-Clear,01-Daylight,MIDBLOCK,
11902,17-275295,20171204,BELMONT AVE W btwn ROCK AVE & CLAREMONT AVE,01-Non intersection,99-Other,01-Clear,07-Dark,MIDBLOCK,
11903,18-012464,20180116,GREEN VALLEY DR btwn MILL PARK DR & PIONEER DR,01-Non intersection,02-Thru lane,01-Clear,01-Daylight,MIDBLOCK,
11904,18-005786,20180108,MOORLANDS CRES btwn SOUTH CREEK DR & SOUTH CREEK DR,04-At/near private drive,02-Thru lane,03-Snow,01-Daylight,MIDBLOCK,
11905,18-015555,20180119,NATCHEZ RD btwn MATTHEW ST & HALIFAX DR,04-At/near private drive,02-Thru lane,01-Clear,07-Dark,MIDBLOCK,
11906,17-254945,20171109,NEWCASTLE DR btwn TUDOR ST & ROCKCLIFFE DR,01-Non intersection,02-Thru lane,03-Snow,07-Dark,MIDBLOCK,
11907,18-009215,20180111,OBERMEYER DR btwn FERGUS AVE & KINZIE AVE,04-At/near private drive,02-Thru lane,02-Rain,"08-Dark, artificial",MIDBLOCK,
11908,18-009087,20180112,OLD CARRIAGE DR btwn OLD CARRIAGE CRT & HOMER WATSON BLVD,01-Non intersection,02-Thru lane,03-Snow,01-Daylight,MIDBLOCK,
11909,18-012187,20180116,HARBER AVE btwn BROADMOOR AVE & BYRON AVE,04-At/near private drive,02-Thru lane,01-Clear,01-Daylight,MIDBLOCK,
11910,17-282243,20171213,HAZELGLEN DR btwn DALEGROVE DR & MARKWOOD DR,01-Non intersection,11-Not on roadway - right side,01-Clear,01-Daylight,MIDBLOCK,
11911,18-003979,20180105,HIDDEN VALLEY RD btwn WABANAKI DR & HIDDEN VALLEY CRES,01-Non intersection,02-Thru lane,01-Clear,"08-Dark, artificial",MIDBLOCK,
11912,18-004745,20180106,HIGHBROOK ST btwn BLOCK LINE RD & HIGHBROOK CRT,04-At/near private drive,02-Thru lane,01-Clear,07-Dark,MIDBLOCK,
11913,17-127197,20170610,WESTHEIGHTS DR btwn HIGHLAND RD W & BLACKWELL DR,04-At/near private drive,02-Thru lane,01-Clear,01-Daylight,MIDBLOCK,
11914,17-116610,20170529,LENNOX CRES btwn STOKE DR & MEDFORD ST,04-At/near private drive,02-Thru lane,01-Clear,01-Daylight,MIDBLOCK,
11915,17-138653,20170623,RIVER RD E btwn RENNIE DR & OLD CHICOPEE DR,01-Non intersection,12-Off highway,01-Clear,"08-Dark, artificial",MIDBLOCK,
11916,17-134498,20170618,CEDARHILL CRES btwn COUNTRY HILL DR & HILLSIDE DR,04-At/near private drive,09-Right shoulder,01-Clear,05-Dusk,MIDBLOCK,
11917,17-094975,20170503,WESTMEADOW DR btwn WINDING MEADOW CRT & SUNNY MEADOW CRT,01-Non intersection,02-Thru lane,01-Clear,01-Daylight,MIDBLOCK,
11918,17-147895,20170704,MADISON AVE N btwn MADISON AVE S & DUKE ST E,04-At/near private drive,11-Not on roadway - right side,01-Clear,01-Daylight,MIDBLOCK,
11919,16-034235,20160216,MANCHESTER RD btwn NOTTINGHAM AVE & WEDGEWOOD DR,01-Non intersection,10-Not on roadway - left side,03-Snow,01-Daylight,MIDBLOCK,
11920,17-155956,20170712,MAPLE AVE btwn GUELPH ST & ARNOLD ST,04-At/near private drive,02-Thru lane,01-Clear,01-Daylight,MIDBLOCK,
11921,17-096573,20170505,DOON MILLS DR btwn BUERKLE CRT & WATERFORD CRT,01-Non intersection,11-Not on roadway - right side,02-Rain,01-Daylight,MIDBLOCK,
11922,17-123867,20170606,ACTIVA AVE btwn SNOWDROP CRES & BRIDLEWREATH ST,01-Non intersection,11-Not on roadway - right side,01-Clear,01-Daylight,MIDBLOCK,
11923,17-128787,20170611,APPALACHIAN CRES btwn KINGSWOOD DR & KINGSWOOD DR,04-At/near private drive,02-Thru lane,01-Clear,01-Daylight,MIDBLOCK,
11924,17-121252,20170603,BANKSIDE DR btwn BENESFORT DR & OPRINGTON DR,01-Non intersection,11-Not on roadway - right side,01-Clear,05-Dusk,MIDBLOCK,
11925,17-083901,20170218,KING ST E btwn CAMERON ST S & BETZNER AVE S,04-At/near private drive,02-Thru lane,01-Clear,01-Daylight,MIDBLOCK,
11926,17-145596,20170701,BONIFACE AVE btwn MASSEY AVE & MASSEY AVE,99-Other,12-Off highway,01-Clear,01-Daylight,MIDBLOCK,
11927,17-120343,20170602,MCGARRY DR btwn MEADOWBROOK DR & FORESTWOOD DR,01-Non intersection,02-Thru lane,01-Clear,"08-Dark, artificial",MIDBLOCK,
11928,17-160844,20170720,MEADOWLANE DR btwn MEADOWBROOK DR & FORESTWOOD DR,04-At/near private drive,02-Thru lane,01-Clear,01-Daylight,MIDBLOCK,
11929,17-147044,20170704,ELM RIDGE DR btwn MCGARRY DR & HICKORY HEIGHTS CRES,01-Non intersection,09-Right shoulder,01-Clear,01-Daylight,MIDBLOCK,
11930,17-160814,20170720,ELM RIDGE DR btwn HILLBROOK CRES & QUEENS BLVD,01-Non intersection,02-Thru lane,01-Clear,03-Dawn,MIDBLOCK,
11931,17-096660,20170505,SHIRLEY AVE btwn RIVERBEND DR & BINGEMANS CENTRE DR,01-Non intersection,02-Thru lane,02-Rain,01-Daylight,MIDBLOCK,
11932,17-121366,20170603,BINGEMANS CENTRE DR btwn RIVERBEND DR & SHIRLEY DR,01-Non intersection,12-Off highway,01-Clear,"08-Dark, artificial",MIDBLOCK,
11933,17-118749,20170601,MILL PARK DR btwn GREEN VALLEY DR & MORNINGVIEW PL,01-Non intersection,12-Off highway,01-Clear,01-Daylight,MIDBLOCK,
11934,17-148939,20170706,MILL PARK DR btwn GREEN VALLEY DR & MORNINGVIEW PL,01-Non intersection,02-Thru lane,01-Clear,01-Daylight,MIDBLOCK,
11935,17-151637,20170708,ERINBROOK DR btwn RIDGEWAY CRES & RITTENHOUSE RD,01-Non intersection,09-Right shoulder,01-Clear,01-Daylight,MIDBLOCK,
11936,17-144022,20170630,FIFTH AVE btwn KINGSWAY DR & CONNAUGHT ST,01-Non intersection,02-Thru lane,01-Clear,01-Daylight,MIDBLOCK,
11937,17-091208,20170427,MOWAT BLVD btwn CHANDLER DR & OTTAWA ST S,01-Non intersection,02-Thru lane,01-Clear,01-Daylight,MIDBLOCK,
11938,17-149614,20170707,GATEWAY PARK DR btwn TU LANE ST & KING ST E,04-At/near private drive,02-Thru lane,01-Clear,01-Daylight,MIDBLOCK,
11939,17-163343,20170722,GLASGOW ST btwn NORTHFOREST TRAIL & WATERLOO BOUNDARY,01-Non intersection,09-Right shoulder,01-Clear,01-Daylight,MIDBLOCK,
11940,17-134561,20170619,GREENBROOK DR btwn BIRCHCLIFF AVE & RUSKVIEW RD,01-Non intersection,11-Not on roadway - right side,01-Clear,01-Daylight,MIDBLOCK,
11941,17-092024,20170429,CEDAR CREST ST btwn SUGAR MAPLE ST & YELLOW BIRCH DR,04-At/near private drive,99-Other,01-Clear,01-Daylight,MIDBLOCK,
11942,17-122664,20170604,OVERLEA DR btwn OVERLEA CRES & OVERLEA CRES,04-At/near private drive,09-Right shoulder,01-Clear,"08-Dark, artificial",MIDBLOCK,
11943,17-138199,20170623,PARK ST btwn DEVON ST & VICTORIA ST S,04-At/near private drive,02-Thru lane,01-Clear,01-Daylight,MIDBLOCK,
11944,17-144308,20170630,PARK ST btwn VICTORIA ST S & CHERRY ST,04-At/near private drive,11-Not on roadway - right side,01-Clear,01-Daylight,MIDBLOCK,
11945,17-148145,20170705,PARK ST btwn VICTORIA ST S & CHERRY ST,01-Non intersection,02-Thru lane,01-Clear,01-Daylight,MIDBLOCK,
11946,17-148089,20170704,GREY FOX DR btwn ORCHID CRES & QUEEN CHARLOTTE CRES,01-Non intersection,02-Thru lane,01-Clear,01-Daylight,MIDBLOCK,
11947,17-034849,20170216,CONESTOGA COLLEGE BLVD btwn DOON VALLEY DR & HOMER WATSON BLVD,01-Non intersection,02-Thru lane,01-Clear,"02-Daylight, artificial",MIDBLOCK,
11948,17-009939,20170113,CONESTOGA COLLEGE BLVD btwn DOON VALLEY DR & HOMER WATSON BLVD,01-Non intersection,02-Thru lane,01-Clear,01-Daylight,MIDBLOCK,
11949,17-099330,20170508,COPPER LEAF CRES btwn MAX BECKER DR & MAX BECKER DR,01-Non intersection,02-Thru lane,01-Clear,"08-Dark, artificial",MIDBLOCK,
11950,17-156902,20170715,HODDLE CRES btwn YELLOW BIRCH DR & YELLOW BIRCH DR,01-Non intersection,02-Thru lane,01-Clear,01-Daylight,MIDBLOCK,
11951,17-141709,20170627,HURON RD btwn HOMER WATSON BLVD & MILL PARK DR,01-Non intersection,02-Thru lane,01-Clear,01-Daylight,MIDBLOCK,
11952,17-112475,20170524,DOON MILLS DR btwn WATERFORD CRT & APPLE RIDGE DR,04-At/near private drive,02-Thru lane,01-Clear,01-Daylight,MIDBLOCK,
11953,17-175164,20170807,HAZELGLEN DR btwn DALEGROVE DR & MARKWOOD DR,04-At/near private drive,11-Not on roadway - right side,01-Clear,07-Dark,MIDBLOCK,
11954,17-226144,20171005,HEARTHWOOD DR btwn HEARTHWAY ST & HEARTHWOOD CRES,01-Non intersection,02-Thru lane,01-Clear,05-Dusk,MIDBLOCK,
11955,17-074544,20170406,KING ST E btwn BORDEN AVE N & ONWARD AVE,01-Non intersection,02-Thru lane,02-Rain,01-Daylight,MIDBLOCK,
11956,17-213388,20170921,LUCERNE DR btwn KINGSWOOD DR & SELKIRK DR,04-At/near private drive,02-Thru lane,01-Clear,01-Daylight,MIDBLOCK,
11957,17-123235,20170605,MAITLAND ST btwn ROCHEFORT ST & PARKVALE DR,04-At/near private drive,08-Left shoulder,01-Clear,"08-Dark, artificial",MIDBLOCK,
11958,17-222169,20171001,MAX BECKER DR btwn ACTIVA AVE & BRIDLEWREATH ST,04-At/near private drive,02-Thru lane,01-Clear,01-Daylight,MIDBLOCK,
11959,17-223012,20170929,MCGEE AVE btwn INDIAN RD & OTTAWA ST N,04-At/near private drive,02-Thru lane,01-Clear,01-Daylight,MIDBLOCK,
11960,17-210073,20170918,NORTHMANOR CRES btwn RESURRECTION DR & RESURRECTION DR,01-Non intersection,02-Thru lane,01-Clear,01-Daylight,MIDBLOCK,
11961,17-229456,20171010,OLD CARRIAGE DR btwn OLD CARRIAGE CRT & HOMER WATSON BLVD,04-At/near private drive,02-Thru lane,01-Clear,01-Daylight,MIDBLOCK,
11962,17-224055,20171003,ONTARIO ST N btwn DUKE ST W & WEBER ST W,01-Non intersection,02-Thru lane,01-Clear,01-Daylight,MIDBLOCK,
11963,17-226157,20171006,PEBBLECREEK DR btwn APPLEROCK CRT & ZELLER DR,01-Non intersection,02-Thru lane,01-Clear,01-Daylight,MIDBLOCK,
11964,17-220327,20170929,PINECREST DR btwn WEBER ST E & FRANKLIN ST N,01-Non intersection,09-Right shoulder,01-Clear,01-Daylight,MIDBLOCK,
11965,17-227374,20171007,HUCK CRES btwn HIGHGATE RD & UDVARI CRES,04-At/near private drive,09-Right shoulder,01-Clear,01-Daylight,MIDBLOCK,
11966,17-079617,20170413,QUEEN ST N btwn DUKE ST W & WEBER ST W,01-Non intersection,12-Off highway,01-Clear,01-Daylight,MIDBLOCK,
11967,17-193398,20170829,QUEENS BLVD btwn FISCHER HALLMAN RD & ELM RIDGE DR,01-Non intersection,02-Thru lane,01-Clear,01-Daylight,MIDBLOCK,
11968,17-230538,20171011,SHELLEY DR btwn SHELLEY PL & VANIER DR,04-At/near private drive,11-Not on roadway - right side,02-Rain,01-Daylight,MIDBLOCK,
11969,17-229645,20171007,RIPPLEWOOD CRES btwn WARREN RD & CYPRUS DR,04-At/near private drive,02-Thru lane,01-Clear,07-Dark,MIDBLOCK,
11970,17-217699,20170926,RIVERBEND DR btwn SHIRLEY AVE & GUELPH ST,04-At/near private drive,02-Thru lane,01-Clear,01-Daylight,MIDBLOCK,
11971,17-192442,20170828,ROBERT FERRIE DR btwn BRIDLERIDGE ST & DOON SOUTH DR,01-Non intersection,02-Thru lane,01-Clear,01-Daylight,MIDBLOCK,
11972,17-125268,20170607,ROLLING MEADOWS DR btwn NEWBURY DR & WINDERMERE CRT,04-At/near private drive,11-Not on roadway - right side,01-Clear,01-Daylight,MIDBLOCK,
11973,17-224665,20170930,RUSH MEADOW CRES btwn RUSH MEADOW ST & RUSH MEADOW ST,04-At/near private drive,09-Right shoulder,01-Clear,"08-Dark, artificial",MIDBLOCK,
11974,17-198773,20170905,STRASBURG RD btwn BLOCK LINE RD & OLD COUNTRY DR,04-At/near private drive,02-Thru lane,01-Clear,01-Daylight,MIDBLOCK,
11975,17-221046,20170930,STRASBURG RD btwn BLOCK LINE RD & OLD COUNTRY DR,01-Non intersection,02-Thru lane,01-Clear,01-Daylight,MIDBLOCK,
11976,17-214974,20170923,SUMMERHILL CRES btwn WEST ACRES CRES & WESTHEIGHTS DR,04-At/near private drive,02-Thru lane,01-Clear,01-Daylight,MIDBLOCK,
11977,17-214991,20170923,WATERCRESS CRT btwn WILDERNESS DR & END,04-At/near private drive,02-Thru lane,01-Clear,01-Daylight,MIDBLOCK,
11978,17-229671,20171010,WELLINGTON ST N btwn MAJOR ST & LANCASTER ST W,04-At/near private drive,02-Thru lane,01-Clear,01-Daylight,MIDBLOCK,
11979,17-203383,20170910,WEST AVE btwn HOMEWOOD AVE & STRANGE ST,01-Non intersection,02-Thru lane,01-Clear,01-Daylight,MIDBLOCK,
11980,17-223866,20171003,WILSON AVE btwn FAIRWAY RD S & WEBSTER RD,04-At/near private drive,02-Thru lane,01-Clear,01-Daylight,MIDBLOCK,
11981,17-216445,20170925,WINDALE CRES btwn VALLEYVIEW RD & HOWE DR,01-Non intersection,02-Thru lane,01-Clear,01-Daylight,MIDBLOCK,
11982,17-190894,20170826,BRIDLEWREATH ST btwn ACTIVA AVE & BRIDLEWREATH CRT,04-At/near private drive,09-Right shoulder,01-Clear,01-Daylight,MIDBLOCK,
11983,17-190876,20170826,BECHTEL DR btwn COBBLESTONE ST & PATHFINDER CRES,01-Non intersection,02-Thru lane,01-Clear,01-Daylight,MIDBLOCK,
11984,17-201366,20170908,BLUCHER ST btwn END & WEBER ST W,01-Non intersection,02-Thru lane,01-Clear,01-Daylight,MIDBLOCK,
11985,17-033443,20170214,BRYBECK CRES btwn KARN ST & WESTMOUNT RD W,01-Non intersection,02-Thru lane,01-Clear,07-Dark,MIDBLOCK,
11986,17-212323,20170920,CARNABY CRES btwn HOLBORN DR & CARNABY PL,01-Non intersection,02-Thru lane,01-Clear,01-Daylight,MIDBLOCK,
11987,17-216890,20170925,CENTENNIAL RD btwn FORWELL RD & CENTENNIAL CRT,04-At/near private drive,02-Thru lane,01-Clear,01-Daylight,MIDBLOCK,
11988,17-227133,20171007,COLTON CIR btwn COLTON CIR & AMELIA ST,01-Non intersection,09-Right shoulder,99-Other,99-Other,MIDBLOCK,
11989,17-154906,20170713,COURTLAND AVE W btwn COURTLAND AVE E & DAVID ST,01-Non intersection,02-Thru lane,01-Clear,01-Daylight,MIDBLOCK,
11990,17-104453,20170514,DAVID BERGEY DR btwn PEACH BLOSSOM CRES & OTTAWA ST S,01-Non intersection,02-Thru lane,01-Clear,01-Daylight,MIDBLOCK,
11991,17-207319,20170915,DEER CREEK ST btwn DEER CREEK PL & BROOKMEAD ST,01-Non intersection,02-Thru lane,01-Clear,01-Daylight,MIDBLOCK,
11992,17-227345,20171007,UPPER CANADA DR btwn DOON VILLAGE RD & FARRIER DR,01-Non intersection,02-Thru lane,01-Clear,01-Daylight,MIDBLOCK,
11993,17-225791,20171005,FRANCIS ST N btwn END & WATER ST N,04-At/near private drive,02-Thru lane,01-Clear,01-Daylight,MIDBLOCK,
11994,17-277559,20171207,LEMON GRASS CRES btwn LEMON GRASS ST & LEMON GRASS ST,01-Non intersection,09-Right shoulder,02-Rain,01-Daylight,MIDBLOCK,
11995,18-006079,20180109,LORNE CRES btwn DELAWARE AVE & SENECA DR,01-Non intersection,11-Not on roadway - right side,03-Snow,07-Dark,MIDBLOCK,
11996,17-293734,20171229,ACTIVA AVE btwn PERIWINKLE ST & YARROW CRT,04-At/near private drive,09-Right shoulder,03-Snow,03-Dawn,MIDBLOCK,
11997,18-023744,20180130,ALPINE RD btwn OTTAWA ST S & FLINT DR,01-Non intersection,02-Thru lane,01-Clear,05-Dusk,MIDBLOCK,
11998,18-042164,20180221,AVON RD btwn FREDERICK ST & APPLEWOOD AVE,04-At/near private drive,02-Thru lane,01-Clear,01-Daylight,MIDBLOCK,
11999,17-295166,20171231,MARGARET AVE btwn WILHELM ST & BLUCHER ST,01-Non intersection,09-Right shoulder,01-Clear,"08-Dark, artificial",MIDBLOCK,
12000,18-007504,20180110,LYNDHURST DR btwn NOTTINGHAM AVE & DEERFIELD AVE,04-At/near private drive,11-Not on roadway - right side,04-Freezing Rain,07-Dark,MIDBLOCK,
12001,17-294786,20171231,BANKSIDE DR btwn BENESFORT DR & OPRINGTON DR,04-At/near private drive,10-Not on roadway - left side,01-Clear,"08-Dark, artificial",MIDBLOCK,
12002,17-292082,20171227,BELMONT AVE E btwn QUEENS BLVD & SOUTH DR,01-Non intersection,02-Thru lane,01-Clear,01-Daylight,MIDBLOCK,
12003,18-023776,20180130,BELMONT AVE W btwn GAGE AVE & GLASGOW ST,04-At/near private drive,02-Thru lane,03-Snow,01-Daylight,MIDBLOCK,
12004,17-281564,20171212,MADISON AVE S btwn HOPP ST & MILL ST,05-At railway crossing,09-Right shoulder,03-Snow,07-Dark,MIDBLOCK,
12005,18-035692,20180213,MAITLAND ST btwn ROCHEFORT ST & PARKVALE DR,04-At/near private drive,02-Thru lane,01-Clear,"08-Dark, artificial",MIDBLOCK,
12006,17-253704,20171108,MARGARET AVE btwn QUEEN ST N & MAYNARD AVE,01-Non intersection,02-Thru lane,01-Clear,01-Daylight,MIDBLOCK,
12007,18-028076,20180204,BELWOOD CRES btwn TRAYNOR AVE & TRAYNOR AVE,01-Non intersection,09-Right shoulder,01-Clear,"08-Dark, artificial",MIDBLOCK,
12008,18-023337,20180130,BINGEMANS CENTRE DR btwn RIVERBEND DR & SHIRLEY DR,01-Non intersection,02-Thru lane,01-Clear,01-Daylight,MIDBLOCK,
12009,17-281423,20171212,BLACKHORNE CRES btwn BLACKHORNE DR & BLACKHORNE DR,01-Non intersection,12-Off highway,05-Drifting Snow,01-Daylight,MIDBLOCK,
12010,18-020367,20180125,BLACKHORNE DR btwn BRIAR KNOLL DR & ROSENEATH CRES,01-Non intersection,02-Thru lane,01-Clear,07-Dark,MIDBLOCK,
12011,18-003159,20180105,MCGEE AVE btwn INDIAN RD & OTTAWA ST N,04-At/near private drive,02-Thru lane,01-Clear,01-Daylight,MIDBLOCK,
12012,17-280926,20171211,MCINTYRE DR btwn MCBRINE DR & TRILLIUM DR,04-At/near private drive,09-Right shoulder,04-Freezing Rain,07-Dark,MIDBLOCK,
12013,18-027994,20180204,STIRLING AVE S btwn CHARLES ST E & FORK IN ROAD,04-At/near private drive,02-Thru lane,03-Snow,01-Daylight,MIDBLOCK,
12014,18-030898,20180208,MISTY CRES btwn MISTY ST & MISTY ST,04-At/near private drive,02-Thru lane,01-Clear,"08-Dark, artificial",MIDBLOCK,
12015,18-037960,20180217,MORGAN AVE btwn SOUTHILL DR & PEPPERWOOD CRES,04-At/near private drive,02-Thru lane,01-Clear,01-Daylight,MIDBLOCK,
12016,17-291575,20171226,MORGAN AVE btwn FAIRWAY RD N & SOUTHILL DR,01-Non intersection,11-Not on roadway - right side,01-Clear,01-Daylight,MIDBLOCK,
12017,18-023516,20180130,MORRISON RD btwn KING ST E & MANOR DR,01-Non intersection,10-Not on roadway - left side,01-Clear,01-Daylight,MIDBLOCK,
12018,18-022906,20180129,BRYBECK CRES btwn KARN ST & WESTMOUNT RD W,01-Non intersection,02-Thru lane,05-Drifting Snow,01-Daylight,MIDBLOCK,
12019,17-275453,20171205,CARSON DR btwn LICHTY CRES & CHAMPLAIN CRES,01-Non intersection,12-Off highway,02-Rain,07-Dark,MIDBLOCK,
12020,18-032454,20180209,CHURCH ST btwn EBY ST S & CEDAR ST S,04-At/near private drive,12-Off highway,03-Snow,"08-Dark, artificial",MIDBLOCK,
12021,18-042256,20180221,CHESTNUT ST btwn LUELLA ST & MANSION ST,01-Non intersection,09-Right shoulder,01-Clear,07-Dark,MIDBLOCK,
12022,18-033987,20180212,CONNAUGHT ST btwn WOODHAVEN RD & MUNROE ST,04-At/near private drive,02-Thru lane,01-Clear,01-Daylight,MIDBLOCK,
12023,18-032413,20180210,GLASGOW ST btwn PARK ST & YORK ST,01-Non intersection,02-Thru lane,03-Snow,01-Daylight,MIDBLOCK,
12024,18-010309,20180113,CONNELLY DR btwn WESTHEIGHTS DR & ROLLING MEADOWS DR,01-Non intersection,02-Thru lane,01-Clear,"08-Dark, artificial",MIDBLOCK,
12025,18-027987,20180204,DEER RIDGE DR btwn TERRACE WOOD CRES & SPRING MIST DR,01-Non intersection,02-Thru lane,03-Snow,01-Daylight,MIDBLOCK,
12026,18-023590,20180129,DINISON CRES btwn DINISON PL & ALBION ST,01-Non intersection,02-Thru lane,03-Snow,"08-Dark, artificial",MIDBLOCK,
12027,18-026742,20180203,DONNENWERTH DR btwn COPPER LEAF CRES & END,04-At/near private drive,02-Thru lane,01-Clear,01-Daylight,MIDBLOCK,