OBJECTID,ACCIDENTNUM,ACCIDENTDATE,LOCATION,ACCIDENT_LOCATION,IMPACT_LOCATION,ENVIRONMENT_CONDITION,LIGHT,COLLISION_TYPE,TRAFFICCOLLISIONSID
12028,17-264853,20171122,DOON SOUTH DR btwn WOODSMERE DR & ROBERT FERRIE DR,04-At/near private drive,02-Thru lane,01-Clear,01-Daylight,MIDBLOCK,
12029,18-000427,20180101,PEACH BLOSSOM CRES btwn PEACH BLOSSOM CRT & DAVID BERGEY DR,01-Non intersection,02-Thru lane,01-Clear,01-Daylight,MIDBLOCK,
12030,17-291052,20171225,PLAINS RD btwn FISCHER HALLMAN RD & TRUSSLER RD,01-Non intersection,08-Left shoulder,03-Snow,01-Daylight,MIDBLOCK,
12031,18-023781,20180130,COLLEGE ST btwn WEBER ST W & AHRENS ST W,99-Other,12-Off highway,03-Snow,01-Daylight,MIDBLOCK,
12032,18-023607,20180129,PRUETER AVE btwn ST LEGER ST & BOEHMER ST,01-Non intersection,02-Thru lane,01-Clear,01-Daylight,MIDBLOCK,
12033,18-037155,20180216,QUEENS BLVD btwn SPADINA RD E & QUEENS BLVD,04-At/near private drive,02-Thru lane,01-Clear,01-Daylight,MIDBLOCK,
12034,18-031499,20180206,DUBRICK CRES btwn SWARTZ ST & COMMONWEALTH ST,01-Non intersection,02-Thru lane,01-Clear,01-Daylight,MIDBLOCK,
12035,17-287015,20171219,DUMFRIES AVE btwn KRUG ST & STIRLING AVE N,01-Non intersection,02-Thru lane,01-Clear,"08-Dark, artificial",MIDBLOCK,
12036,18-009141,20180112,GREENBROOK DR btwn BIRCHCLIFF AVE & RUSKVIEW RD,01-Non intersection,02-Thru lane,04-Freezing Rain,01-Daylight,MIDBLOCK,
12037,18-031477,20180209,GREENFIELD AVE btwn TRAYNOR AVE & KINGSWAY DR,04-At/near private drive,02-Thru lane,03-Snow,01-Daylight,MIDBLOCK,
12038,18-025065,20180201,GREGG CRT btwn QUAISER ST & CUL DE SAC,01-Non intersection,02-Thru lane,01-Clear,01-Daylight,MIDBLOCK,
12039,18-007497,20180110,RIVER VALLEY DR btwn RIVER BIRCH ST & RIVER BIRCH ST,04-At/near private drive,12-Off highway,01-Clear,07-Dark,MIDBLOCK,
12040,18-031633,20180209,RIVERBEND DR btwn SHIRLEY AVE & GUELPH ST,04-At/near private drive,02-Thru lane,03-Snow,01-Daylight,MIDBLOCK,
12041,18-037889,20180217,EBY ST N btwn MARKET LANE & DUKE ST E,01-Non intersection,02-Thru lane,01-Clear,01-Daylight,MIDBLOCK,
12042,17-286515,20171219,EDNA ST btwn FREDERICK ST & DUMFRIES AVE,04-At/near private drive,03-Left turn lane,01-Clear,01-Daylight,MIDBLOCK,
12043,18-003387,20180105,GUELPH ST btwn MAPLE AVE & SPRING VALLEY RD,04-At/near private drive,02-Thru lane,01-Clear,01-Daylight,MIDBLOCK,
12044,18-038440,20180217,HARVEST CRT btwn HARVEST CRT & HARVEST CRT,01-Non intersection,02-Thru lane,01-Clear,"08-Dark, artificial",MIDBLOCK,
12045,17-278557,20171208,HIDDEN VALLEY RD btwn WABANAKI DR & HIDDEN VALLEY CRES,01-Non intersection,02-Thru lane,01-Clear,07-Dark,MIDBLOCK,
12046,18-039138,20180209,HIGHVIEW DR btwn HICKORY HOLLOW CRES & WILLOW GREEN CRT,01-Non intersection,02-Thru lane,01-Clear,01-Daylight,MIDBLOCK,
12047,17-284997,20171217,SIEBERT AVE btwn CLARK AVE & HARBER AVE,01-Non intersection,08-Left shoulder,01-Clear,"08-Dark, artificial",MIDBLOCK,
12048,17-282800,20171214,HOMER WATSON BLVD btwn C_PKY STR ONRAMP & C_PKY WAT ONRAMP,01-Non intersection,02-Thru lane,01-Clear,01-Daylight,MIDBLOCK,
12049,18-034028,20180210,HURON RD btwn BATTLER RD & TEMPLEWOOD DR,01-Non intersection,02-Thru lane,03-Snow,01-Daylight,MIDBLOCK,
12050,18-038573,20180104,STRASBURG RD btwn BLOCK LINE RD & OLD COUNTRY DR,01-Non intersection,02-Thru lane,01-Clear,07-Dark,MIDBLOCK,
12051,17-260204,20171116,KING ST W btwn ONTARIO ST S & YOUNG ST,01-Non intersection,11-Not on roadway - right side,02-Rain,01-Daylight,MIDBLOCK,
12052,18-028103,20180205,KING ST W btwn WATER ST S & FRANCIS ST N,04-At/near private drive,02-Thru lane,01-Clear,01-Daylight,MIDBLOCK,
12053,17-279860,20171210,KIPLING AVE btwn HIGHPARK AVE & VANIER DR,01-Non intersection,11-Not on roadway - right side,03-Snow,01-Daylight,MIDBLOCK,
12054,18-012600,20180116,KIPLING AVE btwn HIGHPARK AVE & VANIER DR,01-Non intersection,02-Thru lane,01-Clear,07-Dark,MIDBLOCK,
12055,18-032285,20180209,WYCLIFFE PL btwn HIGHLAND CRES & CUL DE SAC,04-At/near private drive,02-Thru lane,03-Snow,"08-Dark, artificial",MIDBLOCK,
12056,18-032140,20180209,YAGER AVE btwn SOUTHMOOR DR & SOUTHMOOR DR,04-At/near private drive,12-Off highway,03-Snow,07-Dark,MIDBLOCK,
12057,18-021789,20180128,WESTFOREST TRAIL btwn HIDDEN CREEK DR & HIDDEN CREEK DR,01-Non intersection,11-Not on roadway - right side,01-Clear,"08-Dark, artificial",MIDBLOCK,
12058,17-277793,20171205,FAIRFIELD AVE btwn CRESTWOOD AVE & FLOYD ST,04-At/near private drive,02-Thru lane,01-Clear,07-Dark,MIDBLOCK,
12059,18-044016,20180223,FORFAR AVE btwn FORFAR CRT & ROTHSAY AVE,01-Non intersection,02-Thru lane,01-Clear,07-Dark,MIDBLOCK,
12060,18-032339,20180210,FRANKLIN ST N btwn KENNETH AVE & ROSS AVE,01-Non intersection,02-Thru lane,03-Snow,01-Daylight,MIDBLOCK,
12061,17-289766,20171223,WILDERNESS DR btwn PINE MARTIN CRES & ACTIVA AVE,01-Non intersection,02-Thru lane,01-Clear,01-Daylight,MIDBLOCK,
12062,17-248504,20171102,GATEWAY PARK DR btwn TU LANE ST & KING ST E,04-At/near private drive,02-Thru lane,01-Clear,01-Daylight,MIDBLOCK,
12063,18-033917,20180210,GEORGIAN CRES btwn GEORGIAN ST & GEORGIAN PL,01-Non intersection,02-Thru lane,01-Clear,07-Dark,MIDBLOCK,
12064,18-029675,20180207,GLASGOW ST btwn KNELL DR & WESTWOOD DR,01-Non intersection,11-Not on roadway - right side,03-Snow,01-Daylight,MIDBLOCK,
12065,18-016828,20180122,WILSON AVE btwn GRAND CREST PL & END,01-Non intersection,11-Not on roadway - right side,"07-Fog, mist, smoke, dust","08-Dark, artificial",MIDBLOCK,
12066,18-031552,20180208,WILSON AVE btwn GOODRICH DR & WABANAKI DR,04-At/near private drive,12-Off highway,01-Clear,01-Daylight,MIDBLOCK,
12067,18-036866,20180216,WELLINGTON ST N btwn WEBER ST W & AHRENS ST W,04-At/near private drive,02-Thru lane,01-Clear,01-Daylight,MIDBLOCK,
12068,17-256081,20171111,WIMBLETON CRES btwn LORRAINE AVE & WORDSWORTH PL,04-At/near private drive,02-Thru lane,01-Clear,01-Daylight,MIDBLOCK,
12069,17-189258,20170824,GREEN ST btwn KING ST W & PARK ST,01-Non intersection,11-Not on roadway - right side,01-Clear,01-Daylight,MIDBLOCK,
12070,17-198749,20170905,QUEEN ST S btwn CHARLES ST W & CHURCH ST,01-Non intersection,02-Thru lane,01-Clear,01-Daylight,MIDBLOCK,
12071,17-178113,20170810,ALICE AVE btwn VICTORIA ST S & KARN ST,01-Non intersection,02-Thru lane,01-Clear,01-Daylight,MIDBLOCK,
12072,17-180980,20170814,GAGE AVE btwn WAVERLY RD & BELMONT AVE W,01-Non intersection,09-Right shoulder,01-Clear,01-Daylight,MIDBLOCK,
12073,17-210570,20170918,CHURCH ST btwn BENTON ST & PETER ST,04-At/near private drive,02-Thru lane,01-Clear,01-Daylight,MIDBLOCK,
12074,17-185163,20170818,CHURCH ST btwn CEDAR ST S & MADISON AVE S,01-Non intersection,09-Right shoulder,01-Clear,07-Dark,MIDBLOCK,
12075,17-192704,20170828,COUNTRY HILL DR btwn BLOCK LINE RD & CHERRY HILL DR,04-At/near private drive,02-Thru lane,01-Clear,01-Daylight,MIDBLOCK,
12076,17-180797,20170814,DIXON ST btwn PLYMOUTH RD & CARLIN AVE,01-Non intersection,02-Thru lane,01-Clear,01-Daylight,MIDBLOCK,
12077,17-165193,20170725,DOON SOUTH DR btwn WINDING WOOD CRES & AUTUMN RIDGE TRAIL,04-At/near private drive,02-Thru lane,01-Clear,01-Daylight,MIDBLOCK,
12078,17-039596,20170219,MARKET LANE btwn SCOTT ST & MOYER PL,99-Other,12-Off highway,01-Clear,07-Dark,MIDBLOCK,
12079,17-208619,20170916,FALLOWFIELD DR btwn BRITTON PL & JOSHUA ST,04-At/near private drive,02-Thru lane,01-Clear,01-Daylight,MIDBLOCK,
12080,17-173090,20170804,SHIRLEY AVE btwn RIVERBEND DR & BINGEMANS CENTRE DR,01-Non intersection,02-Thru lane,01-Clear,01-Daylight,MIDBLOCK,
12081,17-186624,20170820,SCHNEIDER AVE btwn DAVID ST & END,01-Non intersection,02-Thru lane,01-Clear,01-Daylight,MIDBLOCK,
12082,17-113945,20170526,FRANKLIN ST S btwn GREENFIELD AVE & WILSON AVE,04-At/near private drive,02-Thru lane,01-Clear,01-Daylight,MIDBLOCK,
12083,17-177930,20170810,FRANKLIN ST S btwn CONNAUGHT ST & GREENFIELD AVE,04-At/near private drive,02-Thru lane,01-Clear,01-Daylight,MIDBLOCK,
12084,17-210049,20170917,SOPHIA CRES btwn CORSICA ST & WOODBINE AVE,04-At/near private drive,02-Thru lane,01-Clear,01-Daylight,MIDBLOCK,
12085,17-209491,20170915,HUNTINGDALE DR btwn HUNTINGDALE PL & ROEHAMPTON CRT,01-Non intersection,02-Thru lane,01-Clear,01-Daylight,MIDBLOCK,
12086,17-074432,20170407,HURON RD btwn AMAND DR & TRUSSLER RD,01-Non intersection,10-Not on roadway - left side,05-Drifting Snow,01-Daylight,MIDBLOCK,
12087,17-169918,20170731,STRASBURG RD btwn BLOCK LINE RD & OLD COUNTRY DR,04-At/near private drive,02-Thru lane,01-Clear,01-Daylight,MIDBLOCK,
12088,17-205087,20170912,STRASBURG RD btwn OLD COUNTRY DR & BLEAMS RD,01-Non intersection,02-Thru lane,01-Clear,01-Daylight,MIDBLOCK,
12089,17-189515,20170824,STRASBURG RD btwn OTTAWA ST S & KINGSWOOD DR,04-At/near private drive,02-Thru lane,01-Clear,01-Daylight,MIDBLOCK,
12090,17-170892,20170801,HURON RD btwn TEMPLEWOOD DR & STRASBURG RD,01-Non intersection,11-Not on roadway - right side,01-Clear,01-Daylight,MIDBLOCK,
12091,17-172915,20170804,HURON RD btwn HURON RD ONRAMP & TRILLIUM DR,01-Non intersection,02-Thru lane,01-Clear,01-Daylight,MIDBLOCK,
12092,17-194025,20170830,JACKSON AVE btwn KING ST E & WEBER ST E,01-Non intersection,02-Thru lane,01-Clear,01-Daylight,MIDBLOCK,
12093,17-172517,20170803,TRILLIUM DR btwn ADAM FERRIE PL & SHOEMAKER ST,01-Non intersection,02-Thru lane,02-Rain,01-Daylight,MIDBLOCK,
12094,17-194422,20170830,VALEBROOK ST btwn VALEBROOK CRT & OLD ZELLER DR,01-Non intersection,02-Thru lane,01-Clear,01-Daylight,MIDBLOCK,
12095,17-166851,20170727,WATERLOO ST btwn GUELPH ST & PELTZ AVE,01-Non intersection,09-Right shoulder,01-Clear,01-Daylight,MIDBLOCK,
12096,17-210457,20170918,WEICHEL ST btwn BELTON DR & VICTORIA ST S,01-Non intersection,02-Thru lane,01-Clear,"08-Dark, artificial",MIDBLOCK,
12097,17-194337,20170830,WELLINGTON ST N btwn MOORE AVE & WATERLOO ST,01-Non intersection,02-Thru lane,01-Clear,01-Daylight,MIDBLOCK,
12098,17-169973,20170731,WHEATFIELD CRES btwn BECHTEL DR & BECHTEL DR,04-At/near private drive,11-Not on roadway - right side,01-Clear,01-Daylight,MIDBLOCK,
12099,17-186452,20170820,WILLIAMSBURG RD btwn WILKINS DR & PINEDALE DR,04-At/near private drive,02-Thru lane,01-Clear,07-Dark,MIDBLOCK,
12100,17-183220,20170816,WILSON AVE btwn GOODRICH DR & WABANAKI DR,01-Non intersection,11-Not on roadway - right side,01-Clear,07-Dark,MIDBLOCK,
12101,17-212004,20170920,WILSON AVE btwn FIFTH AVE & FRANKLIN ST S,01-Non intersection,02-Thru lane,01-Clear,01-Daylight,MIDBLOCK,
12102,17-214940,20170922,FAIRWAY RD S btwn WILSON AVE & MANITOU DR,04-At/near private drive,02-Thru lane,01-Clear,01-Daylight,MIDBLOCK,
12103,17-174153,20170805,ACTIVA AVE btwn GREY FOX DR & BUSH CLOVER CRES,04-At/near private drive,09-Right shoulder,01-Clear,01-Daylight,MIDBLOCK,
12104,17-211964,20170920,AUTUMN HILL CRES btwn BLUE SPRUCE CRT & WESTHEIGHTS DR,04-At/near private drive,02-Thru lane,01-Clear,01-Daylight,MIDBLOCK,
12105,17-177188,20170809,FREDERICK ST btwn ETHEL ST & LOIS ST,01-Non intersection,02-Thru lane,01-Clear,01-Daylight,MIDBLOCK,
12106,17-185607,20170819,BANKSIDE DR btwn BANKSIDE CRES & WESTFOREST TRAIL,04-At/near private drive,09-Right shoulder,01-Clear,01-Daylight,MIDBLOCK,
12107,17-188444,20170823,BECHTEL DR btwn SABRINA CRES & SABRINA CRES,01-Non intersection,02-Thru lane,01-Clear,01-Daylight,MIDBLOCK,
12108,17-205145,20170912,SHIRLEY AVE btwn RIVERBEND DR & BINGEMANS CENTRE DR,01-Non intersection,02-Thru lane,01-Clear,01-Daylight,MIDBLOCK,
12109,18-004899,20180106,HOLLYRIDGE CRES btwn HEATHERWOOD PL & HIDDEN CREEK DR,04-At/near private drive,02-Thru lane,01-Clear,"08-Dark, artificial",MIDBLOCK,
12110,17-253956,20171108,HURON RD btwn FISCHER HALLMAN RD & AMAND DR,04-At/near private drive,02-Thru lane,01-Clear,05-Dusk,MIDBLOCK,
12111,17-261402,20171117,HURON RD btwn AMAND DR & TRUSSLER RD,01-Non intersection,10-Not on roadway - left side,01-Clear,07-Dark,MIDBLOCK,
12112,17-263482,20171120,OLD CHICOPEE TRAIL btwn DAIMLER DR & FAIRWAY RD N,01-Non intersection,08-Left shoulder,01-Clear,01-Daylight,MIDBLOCK,
12113,18-020525,20180124,ORCHID CRES btwn GREY FOX DR & GREY FOX DR,01-Non intersection,02-Thru lane,01-Clear,"08-Dark, artificial",MIDBLOCK,
12114,17-254803,20171109,BINGEMANS CENTRE DR btwn RIVERBEND DR & SHIRLEY DR,04-At/near private drive,02-Thru lane,01-Clear,01-Daylight,MIDBLOCK,
12115,17-258111,20171113,BOSWORTH CRES btwn RADCLIFFE DR & DUNSMERE DR,04-At/near private drive,02-Thru lane,01-Clear,07-Dark,MIDBLOCK,
12116,17-282939,20171213,BROCK ST btwn QUEEN ST S & WEST AVE,01-Non intersection,11-Not on roadway - right side,01-Clear,01-Daylight,MIDBLOCK,
12117,18-009344,20180110,OVERLEA DR btwn WESTMOUNT RD W & CECILE DR,04-At/near private drive,12-Off highway,01-Clear,07-Dark,MIDBLOCK,
12118,18-017291,20180120,CATALINA CRT btwn CATALINA CRT & CATALINA CRT,01-Non intersection,02-Thru lane,01-Clear,07-Dark,MIDBLOCK,
12119,17-294334,20171230,CEDAR ST N btwn CEDAR ST S & DUKE ST E,04-At/near private drive,02-Thru lane,01-Clear,01-Daylight,MIDBLOCK,
12120,18-004861,20180106,CHAMPLAIN CRES btwn CHAMPLAIN CRT & CARSON DR,04-At/near private drive,02-Thru lane,01-Clear,01-Daylight,MIDBLOCK,
12121,18-009118,20180112,BLOOMINGDALE RD btwn PRINCE ST & COLYER PL,04-At/near private drive,02-Thru lane,03-Snow,01-Daylight,MIDBLOCK,
12122,17-281169,20171212,COUNTRY HILL DR btwn BLOCK LINE RD & CHERRY HILL DR,04-At/near private drive,02-Thru lane,03-Snow,01-Daylight,MIDBLOCK,
12123,17-265404,20171122,CARSON DR btwn LICHTY CRES & CHAMPLAIN CRES,04-At/near private drive,12-Off highway,01-Clear,07-Dark,MIDBLOCK,
12124,17-245975,20171030,DOON SOUTH DR btwn WOODSMERE DR & ROBERT FERRIE DR,01-Non intersection,02-Thru lane,01-Clear,01-Daylight,MIDBLOCK,
12125,17-256184,20171111,PETER ST btwn CHURCH ST & ST GEORGE ST,01-Non intersection,09-Right shoulder,01-Clear,07-Dark,MIDBLOCK,
12126,18-012599,20180116,DRIFTWOOD DR btwn PARKLAND CRES & YELLOW BIRCH DR,04-At/near private drive,02-Thru lane,01-Clear,01-Daylight,MIDBLOCK,
12127,17-245767,20171029,DIXON ST btwn ECKERT ST & PLYMOUTH RD,01-Non intersection,02-Thru lane,01-Clear,07-Dark,MIDBLOCK,
12128,17-292516,20171227,DUKE ST W btwn COLLEGE ST & WATER ST N,01-Non intersection,02-Thru lane,03-Snow,05-Dusk,MIDBLOCK,
12129,17-244795,20171028,DUMFRIES AVE btwn CHAPEL ST & KRUG ST,04-At/near private drive,02-Thru lane,01-Clear,07-Dark,MIDBLOCK,
12130,17-295058,20171230,EBY ST S btwn CHARLES ST E & CHURCH ST,01-Non intersection,02-Thru lane,01-Clear,"08-Dark, artificial",MIDBLOCK,
12131,17-292443,20171227,DUKE ST E btwn CEDAR ST N & MADISON AVE N,01-Non intersection,02-Thru lane,01-Clear,05-Dusk,MIDBLOCK,
12132,18-013079,20180116,FIFTH AVE btwn KINGSWAY DR & CONNAUGHT ST,04-At/near private drive,02-Thru lane,01-Clear,01-Daylight,MIDBLOCK,
12133,18-013288,20180116,FERGUS AVE btwn FALESY AVE & CLOVER PL,01-Non intersection,02-Thru lane,01-Clear,01-Daylight,MIDBLOCK,
12134,18-013358,20180117,SOUTHDALE AVE btwn KEHL ST & HOFFMAN ST,04-At/near private drive,02-Thru lane,01-Clear,01-Daylight,MIDBLOCK,
12135,17-290443,20171223,STIRLING AVE N btwn KING ST E & WEBER ST E,01-Non intersection,02-Thru lane,01-Clear,07-Dark,MIDBLOCK,
12136,17-279108,20171208,KING ST E btwn SCOTT ST & EBY ST S,01-Non intersection,09-Right shoulder,01-Clear,07-Dark,MIDBLOCK,
12137,18-001967,20180103,PARK ST btwn STEWART ST & AGNES ST,05-At railway crossing,02-Thru lane,01-Clear,01-Daylight,MIDBLOCK,
12138,17-293708,20171228,PERIWINKLE ST btwn SWEET WILLIAM ST & DONNENWERTH DR,01-Non intersection,02-Thru lane,03-Snow,"08-Dark, artificial",MIDBLOCK,
12139,17-257026,20171112,PIONEER DR btwn DOON VILLAGE RD & VINTAGE CRES,01-Non intersection,02-Thru lane,01-Clear,01-Daylight,MIDBLOCK,
12140,17-264974,20171122,THALER AVE btwn KINZIE AVE & FAIRWAY RD N,01-Non intersection,02-Thru lane,01-Clear,01-Daylight,MIDBLOCK,
12141,17-292067,20171226,REYBURN AVE btwn WOODHAVEN RD & TRAYNOR AVE,01-Non intersection,02-Thru lane,01-Clear,01-Daylight,MIDBLOCK,
12142,17-265186,20171122,TU LANE ST btwn KING ST E & GATEWAY PARK DR,04-At/near private drive,06-Two-way left turn lane,01-Clear,"08-Dark, artificial",MIDBLOCK,
12143,17-292402,20171227,KING ST W btwn ONTARIO ST S & YOUNG ST,01-Non intersection,02-Thru lane,01-Clear,01-Daylight,MIDBLOCK,
12144,17-232834,20171013,ROY ST btwn QUEEN ST N & YOUNG ST,04-At/near private drive,12-Off highway,02-Rain,01-Daylight,MIDBLOCK,
12145,17-253108,20171107,QUEEN ST S btwn ST GEORGE ST & COURTLAND AVE E,01-Non intersection,02-Thru lane,01-Clear,01-Daylight,MIDBLOCK,
12146,17-290355,20171224,WESTFOREST TRAIL btwn BEECHROYAL PL & GREENGABLE WAY,01-Non intersection,09-Right shoulder,01-Clear,01-Daylight,MIDBLOCK,
12147,17-259817,20171116,KRUG ST btwn EAST AVE & MELROSE AVE,01-Non intersection,02-Thru lane,02-Rain,07-Dark,MIDBLOCK,
12148,17-280401,20171211,HIGHLAND RD W btwn LAWRENCE AVE & BUTLER LANE,04-At/near private drive,04-Right turn lane,03-Snow,01-Daylight,MIDBLOCK,
12149,17-291671,20171224,QUEENS BLVD btwn SPADINA RD E & QUEENS BLVD,04-At/near private drive,02-Thru lane,01-Clear,01-Daylight,MIDBLOCK,
12150,18-016936,20180122,PATRICIA AVE btwn SPADINA RD W & HIGHLAND RD W,01-Non intersection,02-Thru lane,02-Rain,01-Daylight,MIDBLOCK,
12151,17-257810,20171113,WESTWOOD DR btwn DAYMAN CRT & GLASGOW ST,04-At/near private drive,02-Thru lane,01-Clear,01-Daylight,MIDBLOCK,
12152,18-018500,20180123,WILLIAMSBURG RD btwn PINEDALE DR & LITTLEFIELD CRES,04-At/near private drive,02-Thru lane,01-Clear,"08-Dark, artificial",MIDBLOCK,
12153,17-265154,20171120,YELLOW BIRCH DR btwn DRIFTWOOD DR & CEDAR CREST ST,01-Non intersection,09-Right shoulder,01-Clear,01-Daylight,MIDBLOCK,
12154,18-020237,20180125,ZELLER DR btwn BROOKMEAD ST & OLD ZELLER DR,04-At/near private drive,02-Thru lane,01-Clear,01-Daylight,MIDBLOCK,
12155,17-292770,20171227,LAYTON ST btwn BECKER ST & SMITHSON ST,04-At/near private drive,02-Thru lane,01-Clear,01-Daylight,MIDBLOCK,
12156,18-007378,20180109,MADISON AVE N btwn DUKE ST E & WEBER ST E,01-Non intersection,02-Thru lane,02-Rain,"08-Dark, artificial",MIDBLOCK,
12157,17-263075,20171120,RESURRECTION DR btwn NORTHMANOR CRES & NORTHMANOR CRES,01-Non intersection,10-Not on roadway - left side,03-Snow,01-Daylight,MIDBLOCK,
12158,17-103172,20170513,QUEENS BLVD btwn HIGHLAND RD E & SPADINA RD E,01-Non intersection,02-Thru lane,01-Clear,01-Daylight,MIDBLOCK,
12159,17-147278,20170703,ROBERT FERRIE DR btwn MOSSGROVE DR & SOUTHRIDGE DR,01-Non intersection,02-Thru lane,01-Clear,01-Daylight,MIDBLOCK,
12160,17-128136,20170611,ROLLING MEADOWS DR btwn TRADEWINDS PL & NEWBURY DR,01-Non intersection,09-Right shoulder,01-Clear,01-Daylight,MIDBLOCK,
12161,17-111358,20170523,LOUISA ST btwn ST VINCENT ST & LANCASTER ST W,01-Non intersection,02-Thru lane,01-Clear,01-Daylight,MIDBLOCK,
12162,17-116438,20170524,MAPLEWOOD PL btwn UNION ST & CUL DE SAC,04-At/near private drive,02-Thru lane,01-Clear,01-Daylight,MIDBLOCK,
12163,17-123518,20170602,FOREST CREEK DR btwn ROBERT FERRIE DR & DOON CREEK ST,04-At/near private drive,02-Thru lane,01-Clear,01-Daylight,MIDBLOCK,
12164,17-137123,20170622,FRANKLIN ST N btwn DREGER AVE & OTTAWA ST N,04-At/near private drive,02-Thru lane,01-Clear,01-Daylight,MIDBLOCK,
12165,17-157692,20170716,SCHNEIDER AVE btwn DAVID ST & END,01-Non intersection,02-Thru lane,01-Clear,01-Daylight,MIDBLOCK,
12166,17-158209,20170717,WELLINGTON ST N btwn C_PKY WAT ONRAMP & SHIRLEY AVE,01-Non intersection,02-Thru lane,01-Clear,01-Daylight,MIDBLOCK,
12167,17-140625,20170626,STIRLING AVE S btwn CHARLES ST E & FORK IN ROAD,01-Non intersection,02-Thru lane,01-Clear,01-Daylight,MIDBLOCK,
12168,17-123737,20170528,WELLINGTON ST N btwn KING ST W & MOORE AVE,04-At/near private drive,02-Thru lane,01-Clear,07-Dark,MIDBLOCK,
12169,17-117318,20170530,OLD ZELLER DR btwn ZELLER DR & VALEBROOK ST,04-At/near private drive,02-Thru lane,02-Rain,07-Dark,MIDBLOCK,
12170,17-111766,20170523,GATEWAY PARK DR btwn SPORTSWORLD DR & TU LANE ST,04-At/near private drive,02-Thru lane,01-Clear,01-Daylight,MIDBLOCK,
12171,17-096303,20170504,GREY FOX DR btwn QUEEN CHARLOTTE CRES & WILDERNESS DR,04-At/near private drive,02-Thru lane,02-Rain,01-Daylight,MIDBLOCK,
12172,17-191468,20170827,LAKESIDE DR btwn BROADLEAF PL & GREENBROOK DR,01-Non intersection,02-Thru lane,01-Clear,07-Dark,MIDBLOCK,
12173,17-202123,20170908,MILL PARK DR btwn GREEN VALLEY DR & GREEN VALLEY DR,01-Non intersection,10-Not on roadway - left side,01-Clear,07-Dark,MIDBLOCK,
12174,17-197690,20170904,MOUNTAIN LAUREL CRES btwn BRIDLEWREATH ST & BERRY MOSS ST,01-Non intersection,02-Thru lane,01-Clear,01-Daylight,MIDBLOCK,
12175,17-212031,20170919,OLD CHICOPEE TRAIL btwn DAIMLER DR & FAIRWAY RD N,04-At/near private drive,09-Right shoulder,02-Rain,01-Daylight,MIDBLOCK,
12176,17-199015,20170905,PIONEER DR btwn GREEN VALLEY DR & HOMER WATSON BLVD,99-Other,12-Off highway,01-Clear,01-Daylight,MIDBLOCK,
12177,17-031950,20170212,ALPINE RD btwn FLINT DR & ALPINE CRT,01-Non intersection,02-Thru lane,06-Strong wind,07-Dark,MIDBLOCK,
12178,17-166074,20170726,BELMONT AVE W btwn GAGE AVE & GLASGOW ST,01-Non intersection,02-Thru lane,02-Rain,01-Daylight,MIDBLOCK,
12179,17-176586,20170808,OTTAWA ST N btwn CROSBY DR & RIVER RD E,04-At/near private drive,02-Thru lane,01-Clear,"08-Dark, artificial",MIDBLOCK,
12180,17-189625,20170824,SHIRLEY AVE btwn RIVERBEND DR & BINGEMANS CENTRE DR,01-Non intersection,02-Thru lane,99-Other,05-Dusk,MIDBLOCK,
12181,17-147491,20170704,CONESTOGA COLLEGE BLVD btwn DOON VALLEY DR & HOMER WATSON BLVD,01-Non intersection,02-Thru lane,01-Clear,01-Daylight,MIDBLOCK,
12182,17-150047,20170707,COPPER LEAF CRES btwn MAX BECKER DR & MAX BECKER DR,04-At/near private drive,09-Right shoulder,01-Clear,07-Dark,MIDBLOCK,
12183,17-029509,20170209,FRANKLIN ST N btwn KENNETH AVE & ROSS AVE,04-At/near private drive,02-Thru lane,01-Clear,01-Daylight,MIDBLOCK,
12184,17-052767,20170310,RIVER RD E btwn EPHRAIM ST & FREDERICK ST,01-Non intersection,02-Thru lane,03-Snow,01-Daylight,MIDBLOCK,
12185,17-045700,20170302,RIVER RD E btwn ROSEMOUNT DR & ISLINGTON AVE,01-Non intersection,02-Thru lane,01-Clear,01-Daylight,MIDBLOCK,
12186,17-160744,20170720,GREEN ST btwn KING ST W & PARK ST,04-At/near private drive,02-Thru lane,01-Clear,01-Daylight,MIDBLOCK,
12187,17-180956,20170807,GUELPH ST btwn BRUNSWICK AVE & MARGARET AVE,04-At/near private drive,02-Thru lane,01-Clear,01-Daylight,MIDBLOCK,
12188,17-053647,20170311,HIGHLAND RD E btwn HEIMAN ST & HOFFMAN ST,04-At/near private drive,02-Thru lane,01-Clear,01-Daylight,MIDBLOCK,
12189,17-054226,20170313,HOMER WATSON BLVD btwn STIRLING AVE S & HOFFMAN ST,01-Non intersection,02-Thru lane,03-Snow,01-Daylight,MIDBLOCK,
12190,17-167396,20170728,STRASBURG RD btwn BLOCK LINE RD & OLD COUNTRY DR,04-At/near private drive,02-Thru lane,01-Clear,01-Daylight,MIDBLOCK,
12191,17-055166,20170314,HURON RD btwn AMAND DR & TRUSSLER RD,01-Non intersection,11-Not on roadway - right side,05-Drifting Snow,01-Daylight,MIDBLOCK,
12192,17-057319,20170317,KING ST E btwn CAMERON ST S & BETZNER AVE S,04-At/near private drive,02-Thru lane,01-Clear,01-Daylight,MIDBLOCK,
12193,17-056338,20170316,KING ST E btwn QUEEN ST S & FREDERICK ST,01-Non intersection,02-Thru lane,01-Clear,01-Daylight,MIDBLOCK,
12194,17-161725,20170721,LAWRENCE AVE btwn HIGHLAND RD W & PAULANDER DR,01-Non intersection,02-Thru lane,01-Clear,01-Daylight,MIDBLOCK,
12195,17-173351,20170801,LAWRENCE AVE btwn HIGHLAND RD W & PAULANDER DR,01-Non intersection,11-Not on roadway - right side,01-Clear,01-Daylight,MIDBLOCK,
12196,17-167356,20170728,MADISON AVE S btwn COURTLAND AVE E & HOPP ST,04-At/near private drive,02-Thru lane,01-Clear,01-Daylight,MIDBLOCK,
12197,17-170078,20170731,MCBRINE DR btwn MCINTYRE DR & MCBRINE PL,01-Non intersection,02-Thru lane,01-Clear,01-Daylight,MIDBLOCK,
12198,17-160025,20170719,MANOR DR btwn LEWIS CRES & LEWIS CRES,04-At/near private drive,02-Thru lane,01-Clear,01-Daylight,MIDBLOCK,
12199,17-119913,20170602,QUEENS BLVD btwn PATRICIA AVE & NORTH DR,04-At/near private drive,12-Off highway,01-Clear,01-Daylight,MIDBLOCK,
12200,17-164929,20170725,VANIER DR btwn SIEBERT AVE & TRAYNOR AVE,04-At/near private drive,02-Thru lane,01-Clear,01-Daylight,MIDBLOCK,
12201,17-170792,20170801,WINDING WAY btwn CHERRYTREE CRT & WESTHEIGHTS DR,01-Non intersection,02-Thru lane,01-Clear,01-Daylight,MIDBLOCK,